ISO-10303-21;
HEADER;
/* Generated by software containing ST-Developer
 * from STEP Tools, Inc. (www.steptools.com) 
 */
/* OPTION: using custom renumber hook */

FILE_DESCRIPTION(
/* description */ ('STEP AP242 Edition 2',
'CAx-IF Rec.Pracs.---Representation and Presentation of Product Manufa
cturing Information (PMI)---4.0---2014-10-13',
'CAx-IF Rec.Pracs.---3D Tessellated Geometry---0.4---2014-09-14','2;1',
'CAx-IF Rec.Pracs.---User Defined Attributes---1.5---2016-08-15'),
/* implementation_level */ '2;1');

FILE_NAME(
/* name */ 'iWand - Enclosure Middle',
/* time_stamp */ '2026-10-08T16:48:40Z',
/* author */ (''),
/* organization */ (''),
/* preprocessor_version */ 'ST-DEVELOPER v20',
/* originating_system */ 'ONSHAPE BY PTC INC, 1.221',
/* authorisation */ '  ');

FILE_SCHEMA (('AP242_MANAGED_MODEL_BASED_3D_ENGINEERING_MIM_LF { 1 0 10303 442 3 1 4 }'));
ENDSEC;

DATA;
#10=SHAPE_REPRESENTATION_RELATIONSHIP('','',#1521,#11);
#11=ADVANCED_BREP_SHAPE_REPRESENTATION('',(#1519),#5591);
#12=CIRCLE('',#1543,0.013);
#13=CIRCLE('',#1545,0.013);
#14=CYLINDRICAL_SURFACE('',#1531,0.0015);
#15=CYLINDRICAL_SURFACE('',#1533,0.0015);
#16=CYLINDRICAL_SURFACE('',#1535,0.0015);
#17=CYLINDRICAL_SURFACE('',#1537,0.0015);
#18=CYLINDRICAL_SURFACE('',#1546,0.013);
#19=LINE('',#3376,#151);
#20=LINE('',#3379,#152);
#21=LINE('',#3381,#153);
#22=LINE('',#3383,#154);
#23=LINE('',#3384,#155);
#24=LINE('',#3387,#156);
#25=LINE('',#3389,#157);
#26=LINE('',#3391,#158);
#27=LINE('',#3392,#159);
#28=LINE('',#3393,#160);
#29=LINE('',#3396,#161);
#30=LINE('',#3398,#162);
#31=LINE('',#3400,#163);
#32=LINE('',#3401,#164);
#33=LINE('',#3404,#165);
#34=LINE('',#3406,#166);
#35=LINE('',#3408,#167);
#36=LINE('',#3410,#168);
#37=LINE('',#3411,#169);
#38=LINE('',#3414,#170);
#39=LINE('',#3416,#171);
#40=LINE('',#3418,#172);
#41=LINE('',#3419,#173);
#42=LINE('',#3422,#174);
#43=LINE('',#3424,#175);
#44=LINE('',#3426,#176);
#45=LINE('',#3427,#177);
#46=LINE('',#3430,#178);
#47=LINE('',#3432,#179);
#48=LINE('',#3434,#180);
#49=LINE('',#3435,#181);
#50=LINE('',#3438,#182);
#51=LINE('',#3440,#183);
#52=LINE('',#3442,#184);
#53=LINE('',#3625,#185);
#54=LINE('',#3716,#186);
#55=LINE('',#3762,#187);
#56=LINE('',#3764,#188);
#57=LINE('',#3776,#189);
#58=LINE('',#3778,#190);
#59=LINE('',#4067,#191);
#60=LINE('',#4069,#192);
#61=LINE('',#4076,#193);
#62=LINE('',#4084,#194);
#63=LINE('',#4091,#195);
#64=LINE('',#4099,#196);
#65=LINE('',#4106,#197);
#66=LINE('',#4114,#198);
#67=LINE('',#4127,#199);
#68=LINE('',#4129,#200);
#69=LINE('',#4136,#201);
#70=LINE('',#4148,#202);
#71=LINE('',#5423,#203);
#72=LINE('',#5424,#204);
#73=LINE('',#5426,#205);
#74=LINE('',#5428,#206);
#75=LINE('',#5431,#207);
#76=LINE('',#5432,#208);
#77=LINE('',#5434,#209);
#78=LINE('',#5436,#210);
#79=LINE('',#5439,#211);
#80=LINE('',#5440,#212);
#81=LINE('',#5442,#213);
#82=LINE('',#5444,#214);
#83=LINE('',#5447,#215);
#84=LINE('',#5448,#216);
#85=LINE('',#5450,#217);
#86=LINE('',#5452,#218);
#87=LINE('',#5455,#219);
#88=LINE('',#5457,#220);
#89=LINE('',#5459,#221);
#90=LINE('',#5461,#222);
#91=LINE('',#5463,#223);
#92=LINE('',#5465,#224);
#93=LINE('',#5467,#225);
#94=LINE('',#5469,#226);
#95=LINE('',#5472,#227);
#96=LINE('',#5474,#228);
#97=LINE('',#5476,#229);
#98=LINE('',#5478,#230);
#99=LINE('',#5480,#231);
#100=LINE('',#5482,#232);
#101=LINE('',#5484,#233);
#102=LINE('',#5486,#234);
#103=LINE('',#5489,#235);
#104=LINE('',#5491,#236);
#105=LINE('',#5493,#237);
#106=LINE('',#5495,#238);
#107=LINE('',#5497,#239);
#108=LINE('',#5499,#240);
#109=LINE('',#5501,#241);
#110=LINE('',#5503,#242);
#111=LINE('',#5506,#243);
#112=LINE('',#5508,#244);
#113=LINE('',#5510,#245);
#114=LINE('',#5512,#246);
#115=LINE('',#5514,#247);
#116=LINE('',#5516,#248);
#117=LINE('',#5518,#249);
#118=LINE('',#5520,#250);
#119=LINE('',#5523,#251);
#120=LINE('',#5525,#252);
#121=LINE('',#5527,#253);
#122=LINE('',#5529,#254);
#123=LINE('',#5531,#255);
#124=LINE('',#5533,#256);
#125=LINE('',#5535,#257);
#126=LINE('',#5537,#258);
#127=LINE('',#5540,#259);
#128=LINE('',#5542,#260);
#129=LINE('',#5544,#261);
#130=LINE('',#5546,#262);
#131=LINE('',#5548,#263);
#132=LINE('',#5550,#264);
#133=LINE('',#5552,#265);
#134=LINE('',#5554,#266);
#135=LINE('',#5557,#267);
#136=LINE('',#5559,#268);
#137=LINE('',#5561,#269);
#138=LINE('',#5563,#270);
#139=LINE('',#5565,#271);
#140=LINE('',#5567,#272);
#141=LINE('',#5569,#273);
#142=LINE('',#5571,#274);
#143=LINE('',#5574,#275);
#144=LINE('',#5576,#276);
#145=LINE('',#5578,#277);
#146=LINE('',#5580,#278);
#147=LINE('',#5582,#279);
#148=LINE('',#5584,#280);
#149=LINE('',#5586,#281);
#150=LINE('',#5588,#282);
#151=VECTOR('',#1607,1.);
#152=VECTOR('',#1608,1.);
#153=VECTOR('',#1609,1.);
#154=VECTOR('',#1610,1.);
#155=VECTOR('',#1611,1.);
#156=VECTOR('',#1612,1.);
#157=VECTOR('',#1613,1.);
#158=VECTOR('',#1614,1.);
#159=VECTOR('',#1615,1.);
#160=VECTOR('',#1616,1.);
#161=VECTOR('',#1617,1.);
#162=VECTOR('',#1618,1.);
#163=VECTOR('',#1619,1.);
#164=VECTOR('',#1620,1.);
#165=VECTOR('',#1621,1.);
#166=VECTOR('',#1622,1.);
#167=VECTOR('',#1623,1.);
#168=VECTOR('',#1626,1.);
#169=VECTOR('',#1627,1.);
#170=VECTOR('',#1628,1.);
#171=VECTOR('',#1629,1.);
#172=VECTOR('',#1630,1.);
#173=VECTOR('',#1631,1.);
#174=VECTOR('',#1632,1.);
#175=VECTOR('',#1633,1.);
#176=VECTOR('',#1634,1.);
#177=VECTOR('',#1635,1.);
#178=VECTOR('',#1636,1.);
#179=VECTOR('',#1637,1.);
#180=VECTOR('',#1638,1.);
#181=VECTOR('',#1639,1.);
#182=VECTOR('',#1640,1.);
#183=VECTOR('',#1641,1.);
#184=VECTOR('',#1642,1.);
#185=VECTOR('',#1645,1.);
#186=VECTOR('',#1646,1.);
#187=VECTOR('',#1649,1.);
#188=VECTOR('',#1650,1.);
#189=VECTOR('',#1651,1.);
#190=VECTOR('',#1652,1.);
#191=VECTOR('',#1661,1.);
#192=VECTOR('',#1662,1.);
#193=VECTOR('',#1665,1.);
#194=VECTOR('',#1668,1.);
#195=VECTOR('',#1671,1.);
#196=VECTOR('',#1674,1.);
#197=VECTOR('',#1677,1.);
#198=VECTOR('',#1680,1.);
#199=VECTOR('',#1685,1.);
#200=VECTOR('',#1686,1.);
#201=VECTOR('',#1689,1.);
#202=VECTOR('',#1692,1.);
#203=VECTOR('',#1707,1.);
#204=VECTOR('',#1708,1.);
#205=VECTOR('',#1711,1.);
#206=VECTOR('',#1714,1.);
#207=VECTOR('',#1719,1.);
#208=VECTOR('',#1720,1.);
#209=VECTOR('',#1723,1.);
#210=VECTOR('',#1726,1.);
#211=VECTOR('',#1731,1.);
#212=VECTOR('',#1732,1.);
#213=VECTOR('',#1735,1.);
#214=VECTOR('',#1738,1.);
#215=VECTOR('',#1743,1.);
#216=VECTOR('',#1744,1.);
#217=VECTOR('',#1747,1.);
#218=VECTOR('',#1750,1.);
#219=VECTOR('',#1755,1.);
#220=VECTOR('',#1756,1.);
#221=VECTOR('',#1757,1.);
#222=VECTOR('',#1760,1.);
#223=VECTOR('',#1761,1.);
#224=VECTOR('',#1762,1.);
#225=VECTOR('',#1765,1.);
#226=VECTOR('',#1768,1.);
#227=VECTOR('',#1773,1.);
#228=VECTOR('',#1774,1.);
#229=VECTOR('',#1775,1.);
#230=VECTOR('',#1778,1.);
#231=VECTOR('',#1779,1.);
#232=VECTOR('',#1780,1.);
#233=VECTOR('',#1783,1.);
#234=VECTOR('',#1786,1.);
#235=VECTOR('',#1791,1.);
#236=VECTOR('',#1792,1.);
#237=VECTOR('',#1793,1.);
#238=VECTOR('',#1796,1.);
#239=VECTOR('',#1797,1.);
#240=VECTOR('',#1798,1.);
#241=VECTOR('',#1801,1.);
#242=VECTOR('',#1804,1.);
#243=VECTOR('',#1809,1.);
#244=VECTOR('',#1810,1.);
#245=VECTOR('',#1811,1.);
#246=VECTOR('',#1814,1.);
#247=VECTOR('',#1815,1.);
#248=VECTOR('',#1816,1.);
#249=VECTOR('',#1819,1.);
#250=VECTOR('',#1822,1.);
#251=VECTOR('',#1827,1.);
#252=VECTOR('',#1828,1.);
#253=VECTOR('',#1829,1.);
#254=VECTOR('',#1832,1.);
#255=VECTOR('',#1833,1.);
#256=VECTOR('',#1834,1.);
#257=VECTOR('',#1837,1.);
#258=VECTOR('',#1840,1.);
#259=VECTOR('',#1845,1.);
#260=VECTOR('',#1846,1.);
#261=VECTOR('',#1847,1.);
#262=VECTOR('',#1850,1.);
#263=VECTOR('',#1851,1.);
#264=VECTOR('',#1852,1.);
#265=VECTOR('',#1855,1.);
#266=VECTOR('',#1858,1.);
#267=VECTOR('',#1863,1.);
#268=VECTOR('',#1864,1.);
#269=VECTOR('',#1865,1.);
#270=VECTOR('',#1868,1.);
#271=VECTOR('',#1869,1.);
#272=VECTOR('',#1870,1.);
#273=VECTOR('',#1873,1.);
#274=VECTOR('',#1876,1.);
#275=VECTOR('',#1881,1.);
#276=VECTOR('',#1882,1.);
#277=VECTOR('',#1883,1.);
#278=VECTOR('',#1886,1.);
#279=VECTOR('',#1887,1.);
#280=VECTOR('',#1888,1.);
#281=VECTOR('',#1891,1.);
#282=VECTOR('',#1894,1.);
#283=PLANE('',#1523);
#284=PLANE('',#1524);
#285=PLANE('',#1525);
#286=PLANE('',#1526);
#287=PLANE('',#1527);
#288=PLANE('',#1528);
#289=PLANE('',#1529);
#290=PLANE('',#1530);
#291=PLANE('',#1532);
#292=PLANE('',#1534);
#293=PLANE('',#1536);
#294=PLANE('',#1538);
#295=PLANE('',#1539);
#296=PLANE('',#1540);
#297=PLANE('',#1541);
#298=PLANE('',#1542);
#299=PLANE('',#1544);
#300=PLANE('',#1547);
#301=PLANE('',#1548);
#302=PLANE('',#1549);
#303=PLANE('',#1550);
#304=PLANE('',#1551);
#305=PLANE('',#1552);
#306=PLANE('',#1553);
#307=PLANE('',#1554);
#308=PLANE('',#1555);
#309=PLANE('',#1556);
#310=PLANE('',#1557);
#311=PLANE('',#1558);
#312=PLANE('',#1559);
#313=PLANE('',#1560);
#314=PLANE('',#1561);
#315=PLANE('',#1562);
#316=PLANE('',#1563);
#317=PLANE('',#1564);
#318=PLANE('',#1565);
#319=PLANE('',#1566);
#320=PLANE('',#1567);
#321=PLANE('',#1568);
#322=PLANE('',#1569);
#323=PLANE('',#1570);
#324=PLANE('',#1571);
#325=PLANE('',#1572);
#326=PLANE('',#1573);
#327=PLANE('',#1574);
#328=PLANE('',#1575);
#329=PLANE('',#1576);
#330=PLANE('',#1577);
#331=PLANE('',#1578);
#332=PLANE('',#1579);
#333=PLANE('',#1580);
#334=PLANE('',#1581);
#335=PLANE('',#1582);
#336=PLANE('',#1583);
#337=PLANE('',#1584);
#338=PLANE('',#1585);
#339=PLANE('',#1586);
#340=PLANE('',#1587);
#341=PLANE('',#1588);
#342=PLANE('',#1589);
#343=PLANE('',#1590);
#344=PLANE('',#1591);
#345=PLANE('',#1592);
#346=PLANE('',#1593);
#347=PLANE('',#1594);
#348=PLANE('',#1595);
#349=PLANE('',#1596);
#350=PLANE('',#1597);
#351=PLANE('',#1598);
#352=PLANE('',#1599);
#353=PLANE('',#1600);
#354=PLANE('',#1601);
#355=PLANE('',#1602);
#356=ORIENTED_EDGE('',*,*,#774,.F.);
#357=ORIENTED_EDGE('',*,*,#775,.T.);
#358=ORIENTED_EDGE('',*,*,#776,.T.);
#359=ORIENTED_EDGE('',*,*,#777,.F.);
#360=ORIENTED_EDGE('',*,*,#778,.F.);
#361=ORIENTED_EDGE('',*,*,#779,.T.);
#362=ORIENTED_EDGE('',*,*,#780,.T.);
#363=ORIENTED_EDGE('',*,*,#781,.F.);
#364=ORIENTED_EDGE('',*,*,#782,.T.);
#365=ORIENTED_EDGE('',*,*,#783,.T.);
#366=ORIENTED_EDGE('',*,*,#784,.F.);
#367=ORIENTED_EDGE('',*,*,#785,.F.);
#368=ORIENTED_EDGE('',*,*,#786,.F.);
#369=ORIENTED_EDGE('',*,*,#787,.T.);
#370=ORIENTED_EDGE('',*,*,#788,.T.);
#371=ORIENTED_EDGE('',*,*,#789,.F.);
#372=ORIENTED_EDGE('',*,*,#790,.T.);
#373=ORIENTED_EDGE('',*,*,#791,.T.);
#374=ORIENTED_EDGE('',*,*,#792,.F.);
#375=ORIENTED_EDGE('',*,*,#793,.F.);
#376=ORIENTED_EDGE('',*,*,#794,.F.);
#377=ORIENTED_EDGE('',*,*,#795,.T.);
#378=ORIENTED_EDGE('',*,*,#796,.T.);
#379=ORIENTED_EDGE('',*,*,#797,.F.);
#380=ORIENTED_EDGE('',*,*,#798,.T.);
#381=ORIENTED_EDGE('',*,*,#799,.T.);
#382=ORIENTED_EDGE('',*,*,#800,.T.);
#383=ORIENTED_EDGE('',*,*,#801,.F.);
#384=ORIENTED_EDGE('',*,*,#802,.F.);
#385=ORIENTED_EDGE('',*,*,#803,.F.);
#386=ORIENTED_EDGE('',*,*,#804,.F.);
#387=ORIENTED_EDGE('',*,*,#805,.F.);
#388=ORIENTED_EDGE('',*,*,#806,.F.);
#389=ORIENTED_EDGE('',*,*,#807,.F.);
#390=ORIENTED_EDGE('',*,*,#808,.F.);
#391=ORIENTED_EDGE('',*,*,#809,.F.);
#392=ORIENTED_EDGE('',*,*,#810,.F.);
#393=ORIENTED_EDGE('',*,*,#811,.F.);
#394=ORIENTED_EDGE('',*,*,#812,.F.);
#395=ORIENTED_EDGE('',*,*,#813,.F.);
#396=ORIENTED_EDGE('',*,*,#814,.T.);
#397=ORIENTED_EDGE('',*,*,#815,.F.);
#398=ORIENTED_EDGE('',*,*,#816,.T.);
#399=ORIENTED_EDGE('',*,*,#817,.F.);
#400=ORIENTED_EDGE('',*,*,#818,.T.);
#401=ORIENTED_EDGE('',*,*,#819,.F.);
#402=ORIENTED_EDGE('',*,*,#820,.T.);
#403=ORIENTED_EDGE('',*,*,#821,.F.);
#404=ORIENTED_EDGE('',*,*,#822,.F.);
#405=ORIENTED_EDGE('',*,*,#823,.T.);
#406=ORIENTED_EDGE('',*,*,#824,.T.);
#407=ORIENTED_EDGE('',*,*,#825,.F.);
#408=ORIENTED_EDGE('',*,*,#826,.F.);
#409=ORIENTED_EDGE('',*,*,#827,.T.);
#410=ORIENTED_EDGE('',*,*,#828,.T.);
#411=ORIENTED_EDGE('',*,*,#829,.F.);
#412=ORIENTED_EDGE('',*,*,#830,.F.);
#413=ORIENTED_EDGE('',*,*,#831,.F.);
#414=ORIENTED_EDGE('',*,*,#832,.F.);
#415=ORIENTED_EDGE('',*,*,#833,.F.);
#416=ORIENTED_EDGE('',*,*,#834,.F.);
#417=ORIENTED_EDGE('',*,*,#835,.F.);
#418=ORIENTED_EDGE('',*,*,#836,.F.);
#419=ORIENTED_EDGE('',*,*,#814,.F.);
#420=ORIENTED_EDGE('',*,*,#837,.F.);
#421=ORIENTED_EDGE('',*,*,#838,.F.);
#422=ORIENTED_EDGE('',*,*,#839,.F.);
#423=ORIENTED_EDGE('',*,*,#840,.F.);
#424=ORIENTED_EDGE('',*,*,#841,.F.);
#425=ORIENTED_EDGE('',*,*,#842,.F.);
#426=ORIENTED_EDGE('',*,*,#843,.F.);
#427=ORIENTED_EDGE('',*,*,#844,.F.);
#428=ORIENTED_EDGE('',*,*,#845,.F.);
#429=ORIENTED_EDGE('',*,*,#846,.T.);
#430=ORIENTED_EDGE('',*,*,#812,.T.);
#431=ORIENTED_EDGE('',*,*,#847,.T.);
#432=ORIENTED_EDGE('',*,*,#848,.T.);
#433=ORIENTED_EDGE('',*,*,#849,.T.);
#434=ORIENTED_EDGE('',*,*,#850,.T.);
#435=ORIENTED_EDGE('',*,*,#851,.T.);
#436=ORIENTED_EDGE('',*,*,#852,.T.);
#437=ORIENTED_EDGE('',*,*,#853,.T.);
#438=ORIENTED_EDGE('',*,*,#854,.T.);
#439=ORIENTED_EDGE('',*,*,#855,.T.);
#440=ORIENTED_EDGE('',*,*,#856,.T.);
#441=ORIENTED_EDGE('',*,*,#857,.T.);
#442=ORIENTED_EDGE('',*,*,#858,.T.);
#443=ORIENTED_EDGE('',*,*,#859,.T.);
#444=ORIENTED_EDGE('',*,*,#860,.T.);
#445=ORIENTED_EDGE('',*,*,#861,.T.);
#446=ORIENTED_EDGE('',*,*,#862,.T.);
#447=ORIENTED_EDGE('',*,*,#863,.F.);
#448=ORIENTED_EDGE('',*,*,#864,.F.);
#449=ORIENTED_EDGE('',*,*,#865,.T.);
#450=ORIENTED_EDGE('',*,*,#866,.T.);
#451=ORIENTED_EDGE('',*,*,#867,.T.);
#452=ORIENTED_EDGE('',*,*,#868,.F.);
#453=ORIENTED_EDGE('',*,*,#869,.F.);
#454=ORIENTED_EDGE('',*,*,#870,.T.);
#455=ORIENTED_EDGE('',*,*,#865,.F.);
#456=ORIENTED_EDGE('',*,*,#871,.T.);
#457=ORIENTED_EDGE('',*,*,#867,.F.);
#458=ORIENTED_EDGE('',*,*,#872,.F.);
#459=ORIENTED_EDGE('',*,*,#873,.F.);
#460=ORIENTED_EDGE('',*,*,#820,.F.);
#461=ORIENTED_EDGE('',*,*,#874,.F.);
#462=ORIENTED_EDGE('',*,*,#869,.T.);
#463=ORIENTED_EDGE('',*,*,#819,.T.);
#464=ORIENTED_EDGE('',*,*,#818,.F.);
#465=ORIENTED_EDGE('',*,*,#817,.T.);
#466=ORIENTED_EDGE('',*,*,#875,.T.);
#467=ORIENTED_EDGE('',*,*,#872,.T.);
#468=ORIENTED_EDGE('',*,*,#866,.F.);
#469=ORIENTED_EDGE('',*,*,#870,.F.);
#470=ORIENTED_EDGE('',*,*,#874,.T.);
#471=ORIENTED_EDGE('',*,*,#815,.T.);
#472=ORIENTED_EDGE('',*,*,#873,.T.);
#473=ORIENTED_EDGE('',*,*,#875,.F.);
#474=ORIENTED_EDGE('',*,*,#816,.F.);
#475=ORIENTED_EDGE('',*,*,#837,.T.);
#476=ORIENTED_EDGE('',*,*,#813,.T.);
#477=ORIENTED_EDGE('',*,*,#846,.F.);
#478=ORIENTED_EDGE('',*,*,#811,.T.);
#479=ORIENTED_EDGE('',*,*,#876,.T.);
#480=ORIENTED_EDGE('',*,*,#810,.T.);
#481=ORIENTED_EDGE('',*,*,#877,.F.);
#482=ORIENTED_EDGE('',*,*,#878,.F.);
#483=ORIENTED_EDGE('',*,*,#877,.T.);
#484=ORIENTED_EDGE('',*,*,#809,.T.);
#485=ORIENTED_EDGE('',*,*,#879,.F.);
#486=ORIENTED_EDGE('',*,*,#880,.F.);
#487=ORIENTED_EDGE('',*,*,#879,.T.);
#488=ORIENTED_EDGE('',*,*,#808,.T.);
#489=ORIENTED_EDGE('',*,*,#881,.F.);
#490=ORIENTED_EDGE('',*,*,#882,.F.);
#491=ORIENTED_EDGE('',*,*,#881,.T.);
#492=ORIENTED_EDGE('',*,*,#807,.T.);
#493=ORIENTED_EDGE('',*,*,#883,.F.);
#494=ORIENTED_EDGE('',*,*,#884,.F.);
#495=ORIENTED_EDGE('',*,*,#883,.T.);
#496=ORIENTED_EDGE('',*,*,#806,.T.);
#497=ORIENTED_EDGE('',*,*,#885,.F.);
#498=ORIENTED_EDGE('',*,*,#886,.F.);
#499=ORIENTED_EDGE('',*,*,#885,.T.);
#500=ORIENTED_EDGE('',*,*,#805,.T.);
#501=ORIENTED_EDGE('',*,*,#887,.F.);
#502=ORIENTED_EDGE('',*,*,#888,.F.);
#503=ORIENTED_EDGE('',*,*,#887,.T.);
#504=ORIENTED_EDGE('',*,*,#804,.T.);
#505=ORIENTED_EDGE('',*,*,#889,.F.);
#506=ORIENTED_EDGE('',*,*,#890,.F.);
#507=ORIENTED_EDGE('',*,*,#889,.T.);
#508=ORIENTED_EDGE('',*,*,#803,.T.);
#509=ORIENTED_EDGE('',*,*,#876,.F.);
#510=ORIENTED_EDGE('',*,*,#891,.F.);
#511=ORIENTED_EDGE('',*,*,#892,.T.);
#512=ORIENTED_EDGE('',*,*,#802,.T.);
#513=ORIENTED_EDGE('',*,*,#893,.F.);
#514=ORIENTED_EDGE('',*,*,#894,.F.);
#515=ORIENTED_EDGE('',*,*,#893,.T.);
#516=ORIENTED_EDGE('',*,*,#801,.T.);
#517=ORIENTED_EDGE('',*,*,#895,.F.);
#518=ORIENTED_EDGE('',*,*,#896,.F.);
#519=ORIENTED_EDGE('',*,*,#897,.T.);
#520=ORIENTED_EDGE('',*,*,#895,.T.);
#521=ORIENTED_EDGE('',*,*,#800,.F.);
#522=ORIENTED_EDGE('',*,*,#898,.F.);
#523=ORIENTED_EDGE('',*,*,#897,.F.);
#524=ORIENTED_EDGE('',*,*,#899,.F.);
#525=ORIENTED_EDGE('',*,*,#894,.T.);
#526=ORIENTED_EDGE('',*,*,#896,.T.);
#527=ORIENTED_EDGE('',*,*,#900,.T.);
#528=ORIENTED_EDGE('',*,*,#890,.T.);
#529=ORIENTED_EDGE('',*,*,#891,.T.);
#530=ORIENTED_EDGE('',*,*,#878,.T.);
#531=ORIENTED_EDGE('',*,*,#880,.T.);
#532=ORIENTED_EDGE('',*,*,#882,.T.);
#533=ORIENTED_EDGE('',*,*,#884,.T.);
#534=ORIENTED_EDGE('',*,*,#886,.T.);
#535=ORIENTED_EDGE('',*,*,#888,.T.);
#536=ORIENTED_EDGE('',*,*,#871,.F.);
#537=ORIENTED_EDGE('',*,*,#868,.T.);
#538=ORIENTED_EDGE('',*,*,#899,.T.);
#539=ORIENTED_EDGE('',*,*,#898,.T.);
#540=ORIENTED_EDGE('',*,*,#799,.F.);
#541=ORIENTED_EDGE('',*,*,#892,.F.);
#542=ORIENTED_EDGE('',*,*,#863,.T.);
#543=ORIENTED_EDGE('',*,*,#900,.F.);
#544=ORIENTED_EDGE('',*,*,#901,.T.);
#545=ORIENTED_EDGE('',*,*,#864,.T.);
#546=ORIENTED_EDGE('',*,*,#902,.F.);
#547=ORIENTED_EDGE('',*,*,#798,.F.);
#548=ORIENTED_EDGE('',*,*,#901,.F.);
#549=ORIENTED_EDGE('',*,*,#902,.T.);
#550=ORIENTED_EDGE('',*,*,#833,.T.);
#551=ORIENTED_EDGE('',*,*,#903,.T.);
#552=ORIENTED_EDGE('',*,*,#848,.F.);
#553=ORIENTED_EDGE('',*,*,#904,.F.);
#554=ORIENTED_EDGE('',*,*,#836,.T.);
#555=ORIENTED_EDGE('',*,*,#905,.T.);
#556=ORIENTED_EDGE('',*,*,#849,.F.);
#557=ORIENTED_EDGE('',*,*,#903,.F.);
#558=ORIENTED_EDGE('',*,*,#834,.T.);
#559=ORIENTED_EDGE('',*,*,#904,.T.);
#560=ORIENTED_EDGE('',*,*,#847,.F.);
#561=ORIENTED_EDGE('',*,*,#906,.F.);
#562=ORIENTED_EDGE('',*,*,#835,.T.);
#563=ORIENTED_EDGE('',*,*,#906,.T.);
#564=ORIENTED_EDGE('',*,*,#850,.F.);
#565=ORIENTED_EDGE('',*,*,#905,.F.);
#566=ORIENTED_EDGE('',*,*,#838,.T.);
#567=ORIENTED_EDGE('',*,*,#907,.T.);
#568=ORIENTED_EDGE('',*,*,#852,.F.);
#569=ORIENTED_EDGE('',*,*,#908,.F.);
#570=ORIENTED_EDGE('',*,*,#841,.T.);
#571=ORIENTED_EDGE('',*,*,#909,.T.);
#572=ORIENTED_EDGE('',*,*,#853,.F.);
#573=ORIENTED_EDGE('',*,*,#907,.F.);
#574=ORIENTED_EDGE('',*,*,#839,.T.);
#575=ORIENTED_EDGE('',*,*,#908,.T.);
#576=ORIENTED_EDGE('',*,*,#851,.F.);
#577=ORIENTED_EDGE('',*,*,#910,.F.);
#578=ORIENTED_EDGE('',*,*,#840,.T.);
#579=ORIENTED_EDGE('',*,*,#910,.T.);
#580=ORIENTED_EDGE('',*,*,#854,.F.);
#581=ORIENTED_EDGE('',*,*,#909,.F.);
#582=ORIENTED_EDGE('',*,*,#829,.T.);
#583=ORIENTED_EDGE('',*,*,#911,.T.);
#584=ORIENTED_EDGE('',*,*,#856,.F.);
#585=ORIENTED_EDGE('',*,*,#912,.F.);
#586=ORIENTED_EDGE('',*,*,#832,.T.);
#587=ORIENTED_EDGE('',*,*,#913,.T.);
#588=ORIENTED_EDGE('',*,*,#857,.F.);
#589=ORIENTED_EDGE('',*,*,#911,.F.);
#590=ORIENTED_EDGE('',*,*,#830,.T.);
#591=ORIENTED_EDGE('',*,*,#912,.T.);
#592=ORIENTED_EDGE('',*,*,#855,.F.);
#593=ORIENTED_EDGE('',*,*,#914,.F.);
#594=ORIENTED_EDGE('',*,*,#831,.T.);
#595=ORIENTED_EDGE('',*,*,#914,.T.);
#596=ORIENTED_EDGE('',*,*,#858,.F.);
#597=ORIENTED_EDGE('',*,*,#913,.F.);
#598=ORIENTED_EDGE('',*,*,#842,.T.);
#599=ORIENTED_EDGE('',*,*,#915,.T.);
#600=ORIENTED_EDGE('',*,*,#860,.F.);
#601=ORIENTED_EDGE('',*,*,#916,.F.);
#602=ORIENTED_EDGE('',*,*,#845,.T.);
#603=ORIENTED_EDGE('',*,*,#917,.T.);
#604=ORIENTED_EDGE('',*,*,#861,.F.);
#605=ORIENTED_EDGE('',*,*,#915,.F.);
#606=ORIENTED_EDGE('',*,*,#843,.T.);
#607=ORIENTED_EDGE('',*,*,#916,.T.);
#608=ORIENTED_EDGE('',*,*,#859,.F.);
#609=ORIENTED_EDGE('',*,*,#918,.F.);
#610=ORIENTED_EDGE('',*,*,#844,.T.);
#611=ORIENTED_EDGE('',*,*,#918,.T.);
#612=ORIENTED_EDGE('',*,*,#862,.F.);
#613=ORIENTED_EDGE('',*,*,#917,.F.);
#614=ORIENTED_EDGE('',*,*,#796,.F.);
#615=ORIENTED_EDGE('',*,*,#919,.T.);
#616=ORIENTED_EDGE('',*,*,#920,.T.);
#617=ORIENTED_EDGE('',*,*,#921,.F.);
#618=ORIENTED_EDGE('',*,*,#922,.F.);
#619=ORIENTED_EDGE('',*,*,#794,.T.);
#620=ORIENTED_EDGE('',*,*,#923,.T.);
#621=ORIENTED_EDGE('',*,*,#924,.F.);
#622=ORIENTED_EDGE('',*,*,#795,.F.);
#623=ORIENTED_EDGE('',*,*,#922,.T.);
#624=ORIENTED_EDGE('',*,*,#925,.T.);
#625=ORIENTED_EDGE('',*,*,#919,.F.);
#626=ORIENTED_EDGE('',*,*,#923,.F.);
#627=ORIENTED_EDGE('',*,*,#797,.T.);
#628=ORIENTED_EDGE('',*,*,#921,.T.);
#629=ORIENTED_EDGE('',*,*,#926,.F.);
#630=ORIENTED_EDGE('',*,*,#926,.T.);
#631=ORIENTED_EDGE('',*,*,#920,.F.);
#632=ORIENTED_EDGE('',*,*,#925,.F.);
#633=ORIENTED_EDGE('',*,*,#924,.T.);
#634=ORIENTED_EDGE('',*,*,#927,.T.);
#635=ORIENTED_EDGE('',*,*,#792,.T.);
#636=ORIENTED_EDGE('',*,*,#928,.F.);
#637=ORIENTED_EDGE('',*,*,#929,.T.);
#638=ORIENTED_EDGE('',*,*,#790,.F.);
#639=ORIENTED_EDGE('',*,*,#930,.F.);
#640=ORIENTED_EDGE('',*,*,#931,.F.);
#641=ORIENTED_EDGE('',*,*,#932,.T.);
#642=ORIENTED_EDGE('',*,*,#791,.F.);
#643=ORIENTED_EDGE('',*,*,#932,.F.);
#644=ORIENTED_EDGE('',*,*,#933,.F.);
#645=ORIENTED_EDGE('',*,*,#928,.T.);
#646=ORIENTED_EDGE('',*,*,#930,.T.);
#647=ORIENTED_EDGE('',*,*,#793,.T.);
#648=ORIENTED_EDGE('',*,*,#927,.F.);
#649=ORIENTED_EDGE('',*,*,#934,.T.);
#650=ORIENTED_EDGE('',*,*,#934,.F.);
#651=ORIENTED_EDGE('',*,*,#929,.F.);
#652=ORIENTED_EDGE('',*,*,#933,.T.);
#653=ORIENTED_EDGE('',*,*,#931,.T.);
#654=ORIENTED_EDGE('',*,*,#935,.F.);
#655=ORIENTED_EDGE('',*,*,#786,.T.);
#656=ORIENTED_EDGE('',*,*,#936,.T.);
#657=ORIENTED_EDGE('',*,*,#937,.F.);
#658=ORIENTED_EDGE('',*,*,#788,.F.);
#659=ORIENTED_EDGE('',*,*,#938,.T.);
#660=ORIENTED_EDGE('',*,*,#939,.T.);
#661=ORIENTED_EDGE('',*,*,#940,.F.);
#662=ORIENTED_EDGE('',*,*,#787,.F.);
#663=ORIENTED_EDGE('',*,*,#935,.T.);
#664=ORIENTED_EDGE('',*,*,#941,.T.);
#665=ORIENTED_EDGE('',*,*,#938,.F.);
#666=ORIENTED_EDGE('',*,*,#936,.F.);
#667=ORIENTED_EDGE('',*,*,#789,.T.);
#668=ORIENTED_EDGE('',*,*,#940,.T.);
#669=ORIENTED_EDGE('',*,*,#942,.F.);
#670=ORIENTED_EDGE('',*,*,#942,.T.);
#671=ORIENTED_EDGE('',*,*,#939,.F.);
#672=ORIENTED_EDGE('',*,*,#941,.F.);
#673=ORIENTED_EDGE('',*,*,#937,.T.);
#674=ORIENTED_EDGE('',*,*,#943,.T.);
#675=ORIENTED_EDGE('',*,*,#784,.T.);
#676=ORIENTED_EDGE('',*,*,#944,.F.);
#677=ORIENTED_EDGE('',*,*,#945,.T.);
#678=ORIENTED_EDGE('',*,*,#782,.F.);
#679=ORIENTED_EDGE('',*,*,#946,.F.);
#680=ORIENTED_EDGE('',*,*,#947,.F.);
#681=ORIENTED_EDGE('',*,*,#948,.T.);
#682=ORIENTED_EDGE('',*,*,#783,.F.);
#683=ORIENTED_EDGE('',*,*,#948,.F.);
#684=ORIENTED_EDGE('',*,*,#949,.F.);
#685=ORIENTED_EDGE('',*,*,#944,.T.);
#686=ORIENTED_EDGE('',*,*,#946,.T.);
#687=ORIENTED_EDGE('',*,*,#785,.T.);
#688=ORIENTED_EDGE('',*,*,#943,.F.);
#689=ORIENTED_EDGE('',*,*,#950,.T.);
#690=ORIENTED_EDGE('',*,*,#950,.F.);
#691=ORIENTED_EDGE('',*,*,#945,.F.);
#692=ORIENTED_EDGE('',*,*,#949,.T.);
#693=ORIENTED_EDGE('',*,*,#947,.T.);
#694=ORIENTED_EDGE('',*,*,#951,.F.);
#695=ORIENTED_EDGE('',*,*,#781,.T.);
#696=ORIENTED_EDGE('',*,*,#952,.T.);
#697=ORIENTED_EDGE('',*,*,#953,.F.);
#698=ORIENTED_EDGE('',*,*,#779,.F.);
#699=ORIENTED_EDGE('',*,*,#954,.T.);
#700=ORIENTED_EDGE('',*,*,#955,.T.);
#701=ORIENTED_EDGE('',*,*,#956,.F.);
#702=ORIENTED_EDGE('',*,*,#954,.F.);
#703=ORIENTED_EDGE('',*,*,#778,.T.);
#704=ORIENTED_EDGE('',*,*,#951,.T.);
#705=ORIENTED_EDGE('',*,*,#957,.F.);
#706=ORIENTED_EDGE('',*,*,#780,.F.);
#707=ORIENTED_EDGE('',*,*,#956,.T.);
#708=ORIENTED_EDGE('',*,*,#958,.T.);
#709=ORIENTED_EDGE('',*,*,#952,.F.);
#710=ORIENTED_EDGE('',*,*,#958,.F.);
#711=ORIENTED_EDGE('',*,*,#955,.F.);
#712=ORIENTED_EDGE('',*,*,#957,.T.);
#713=ORIENTED_EDGE('',*,*,#953,.T.);
#714=ORIENTED_EDGE('',*,*,#959,.T.);
#715=ORIENTED_EDGE('',*,*,#822,.T.);
#716=ORIENTED_EDGE('',*,*,#960,.F.);
#717=ORIENTED_EDGE('',*,*,#961,.T.);
#718=ORIENTED_EDGE('',*,*,#824,.F.);
#719=ORIENTED_EDGE('',*,*,#962,.F.);
#720=ORIENTED_EDGE('',*,*,#963,.F.);
#721=ORIENTED_EDGE('',*,*,#964,.T.);
#722=ORIENTED_EDGE('',*,*,#960,.T.);
#723=ORIENTED_EDGE('',*,*,#821,.T.);
#724=ORIENTED_EDGE('',*,*,#964,.F.);
#725=ORIENTED_EDGE('',*,*,#965,.T.);
#726=ORIENTED_EDGE('',*,*,#823,.F.);
#727=ORIENTED_EDGE('',*,*,#959,.F.);
#728=ORIENTED_EDGE('',*,*,#966,.F.);
#729=ORIENTED_EDGE('',*,*,#962,.T.);
#730=ORIENTED_EDGE('',*,*,#966,.T.);
#731=ORIENTED_EDGE('',*,*,#961,.F.);
#732=ORIENTED_EDGE('',*,*,#965,.F.);
#733=ORIENTED_EDGE('',*,*,#963,.T.);
#734=ORIENTED_EDGE('',*,*,#967,.F.);
#735=ORIENTED_EDGE('',*,*,#777,.T.);
#736=ORIENTED_EDGE('',*,*,#968,.T.);
#737=ORIENTED_EDGE('',*,*,#969,.F.);
#738=ORIENTED_EDGE('',*,*,#775,.F.);
#739=ORIENTED_EDGE('',*,*,#970,.T.);
#740=ORIENTED_EDGE('',*,*,#971,.T.);
#741=ORIENTED_EDGE('',*,*,#972,.F.);
#742=ORIENTED_EDGE('',*,*,#970,.F.);
#743=ORIENTED_EDGE('',*,*,#774,.T.);
#744=ORIENTED_EDGE('',*,*,#967,.T.);
#745=ORIENTED_EDGE('',*,*,#973,.F.);
#746=ORIENTED_EDGE('',*,*,#776,.F.);
#747=ORIENTED_EDGE('',*,*,#972,.T.);
#748=ORIENTED_EDGE('',*,*,#974,.T.);
#749=ORIENTED_EDGE('',*,*,#968,.F.);
#750=ORIENTED_EDGE('',*,*,#974,.F.);
#751=ORIENTED_EDGE('',*,*,#971,.F.);
#752=ORIENTED_EDGE('',*,*,#973,.T.);
#753=ORIENTED_EDGE('',*,*,#969,.T.);
#754=ORIENTED_EDGE('',*,*,#975,.T.);
#755=ORIENTED_EDGE('',*,*,#826,.T.);
#756=ORIENTED_EDGE('',*,*,#976,.F.);
#757=ORIENTED_EDGE('',*,*,#977,.T.);
#758=ORIENTED_EDGE('',*,*,#828,.F.);
#759=ORIENTED_EDGE('',*,*,#978,.F.);
#760=ORIENTED_EDGE('',*,*,#979,.F.);
#761=ORIENTED_EDGE('',*,*,#980,.T.);
#762=ORIENTED_EDGE('',*,*,#976,.T.);
#763=ORIENTED_EDGE('',*,*,#825,.T.);
#764=ORIENTED_EDGE('',*,*,#980,.F.);
#765=ORIENTED_EDGE('',*,*,#981,.T.);
#766=ORIENTED_EDGE('',*,*,#827,.F.);
#767=ORIENTED_EDGE('',*,*,#975,.F.);
#768=ORIENTED_EDGE('',*,*,#982,.F.);
#769=ORIENTED_EDGE('',*,*,#978,.T.);
#770=ORIENTED_EDGE('',*,*,#982,.T.);
#771=ORIENTED_EDGE('',*,*,#977,.F.);
#772=ORIENTED_EDGE('',*,*,#981,.F.);
#773=ORIENTED_EDGE('',*,*,#979,.T.);
#774=EDGE_CURVE('',#983,#984,#1125,.T.);
#775=EDGE_CURVE('',#983,#985,#1126,.T.);
#776=EDGE_CURVE('',#985,#986,#1127,.T.);
#777=EDGE_CURVE('',#984,#986,#1128,.T.);
#778=EDGE_CURVE('',#987,#988,#1129,.T.);
#779=EDGE_CURVE('',#987,#989,#1130,.T.);
#780=EDGE_CURVE('',#989,#990,#1131,.T.);
#781=EDGE_CURVE('',#988,#990,#1132,.T.);
#782=EDGE_CURVE('',#991,#992,#1133,.T.);
#783=EDGE_CURVE('',#992,#993,#1134,.T.);
#784=EDGE_CURVE('',#994,#993,#1135,.T.);
#785=EDGE_CURVE('',#991,#994,#1136,.T.);
#786=EDGE_CURVE('',#995,#996,#1137,.T.);
#787=EDGE_CURVE('',#995,#997,#1138,.T.);
#788=EDGE_CURVE('',#997,#998,#1139,.T.);
#789=EDGE_CURVE('',#996,#998,#1140,.T.);
#790=EDGE_CURVE('',#999,#1000,#1141,.T.);
#791=EDGE_CURVE('',#1000,#1001,#1142,.T.);
#792=EDGE_CURVE('',#1002,#1001,#1143,.T.);
#793=EDGE_CURVE('',#999,#1002,#1144,.T.);
#794=EDGE_CURVE('',#1003,#1004,#1145,.T.);
#795=EDGE_CURVE('',#1003,#1005,#1146,.T.);
#796=EDGE_CURVE('',#1005,#1006,#1147,.T.);
#797=EDGE_CURVE('',#1004,#1006,#1148,.T.);
#798=EDGE_CURVE('',#1007,#1007,#1149,.T.);
#799=EDGE_CURVE('',#1008,#1009,#1150,.T.);
#800=EDGE_CURVE('',#1009,#1010,#1151,.T.);
#801=EDGE_CURVE('',#1011,#1010,#1152,.T.);
#802=EDGE_CURVE('',#1008,#1011,#1153,.T.);
#803=EDGE_CURVE('',#1012,#1013,#1154,.T.);
#804=EDGE_CURVE('',#1014,#1012,#1155,.T.);
#805=EDGE_CURVE('',#1015,#1014,#1156,.T.);
#806=EDGE_CURVE('',#1016,#1015,#1157,.T.);
#807=EDGE_CURVE('',#1017,#1016,#1158,.T.);
#808=EDGE_CURVE('',#1018,#1017,#1159,.T.);
#809=EDGE_CURVE('',#1019,#1018,#1160,.T.);
#810=EDGE_CURVE('',#1013,#1019,#1161,.T.);
#811=EDGE_CURVE('',#1020,#1021,#1162,.T.);
#812=EDGE_CURVE('',#1022,#1020,#1163,.T.);
#813=EDGE_CURVE('',#1023,#1022,#1164,.T.);
#814=EDGE_CURVE('',#1023,#1021,#1165,.T.);
#815=EDGE_CURVE('',#1024,#1025,#1166,.T.);
#816=EDGE_CURVE('',#1024,#1026,#1167,.T.);
#817=EDGE_CURVE('',#1027,#1026,#1168,.T.);
#818=EDGE_CURVE('',#1027,#1028,#1169,.T.);
#819=EDGE_CURVE('',#1029,#1028,#1170,.T.);
#820=EDGE_CURVE('',#1029,#1025,#1171,.T.);
#821=EDGE_CURVE('',#1030,#1031,#1172,.T.);
#822=EDGE_CURVE('',#1032,#1030,#1173,.T.);
#823=EDGE_CURVE('',#1032,#1033,#1174,.T.);
#824=EDGE_CURVE('',#1033,#1031,#1175,.T.);
#825=EDGE_CURVE('',#1034,#1035,#1176,.T.);
#826=EDGE_CURVE('',#1036,#1034,#1177,.T.);
#827=EDGE_CURVE('',#1036,#1037,#1178,.T.);
#828=EDGE_CURVE('',#1037,#1035,#1179,.T.);
#829=EDGE_CURVE('',#1038,#1039,#19,.T.);
#830=EDGE_CURVE('',#1040,#1038,#20,.T.);
#831=EDGE_CURVE('',#1041,#1040,#21,.T.);
#832=EDGE_CURVE('',#1039,#1041,#22,.T.);
#833=EDGE_CURVE('',#1042,#1043,#23,.T.);
#834=EDGE_CURVE('',#1044,#1042,#24,.T.);
#835=EDGE_CURVE('',#1045,#1044,#25,.T.);
#836=EDGE_CURVE('',#1043,#1045,#26,.T.);
#837=EDGE_CURVE('',#1021,#1023,#27,.F.);
#838=EDGE_CURVE('',#1046,#1047,#28,.T.);
#839=EDGE_CURVE('',#1048,#1046,#29,.T.);
#840=EDGE_CURVE('',#1049,#1048,#30,.T.);
#841=EDGE_CURVE('',#1047,#1049,#31,.T.);
#842=EDGE_CURVE('',#1050,#1051,#32,.T.);
#843=EDGE_CURVE('',#1052,#1050,#33,.T.);
#844=EDGE_CURVE('',#1053,#1052,#34,.T.);
#845=EDGE_CURVE('',#1051,#1053,#35,.T.);
#846=EDGE_CURVE('',#1020,#1022,#36,.F.);
#847=EDGE_CURVE('',#1054,#1055,#37,.T.);
#848=EDGE_CURVE('',#1055,#1056,#38,.T.);
#849=EDGE_CURVE('',#1056,#1057,#39,.T.);
#850=EDGE_CURVE('',#1057,#1054,#40,.T.);
#851=EDGE_CURVE('',#1058,#1059,#41,.T.);
#852=EDGE_CURVE('',#1059,#1060,#42,.T.);
#853=EDGE_CURVE('',#1060,#1061,#43,.T.);
#854=EDGE_CURVE('',#1061,#1058,#44,.T.);
#855=EDGE_CURVE('',#1062,#1063,#45,.T.);
#856=EDGE_CURVE('',#1063,#1064,#46,.T.);
#857=EDGE_CURVE('',#1064,#1065,#47,.T.);
#858=EDGE_CURVE('',#1065,#1062,#48,.T.);
#859=EDGE_CURVE('',#1066,#1067,#49,.T.);
#860=EDGE_CURVE('',#1067,#1068,#50,.T.);
#861=EDGE_CURVE('',#1068,#1069,#51,.T.);
#862=EDGE_CURVE('',#1069,#1066,#52,.T.);
#863=EDGE_CURVE('',#1070,#1070,#1180,.T.);
#864=EDGE_CURVE('',#1071,#1071,#1181,.T.);
#865=EDGE_CURVE('',#1072,#1073,#53,.T.);
#866=EDGE_CURVE('',#1073,#1074,#1182,.T.);
#867=EDGE_CURVE('',#1074,#1075,#54,.T.);
#868=EDGE_CURVE('',#1072,#1075,#1183,.T.);
#869=EDGE_CURVE('',#1076,#1029,#55,.T.);
#870=EDGE_CURVE('',#1076,#1073,#56,.T.);
#871=EDGE_CURVE('',#1072,#1075,#1184,.F.);
#872=EDGE_CURVE('',#1077,#1074,#57,.T.);
#873=EDGE_CURVE('',#1025,#1077,#58,.T.);
#874=EDGE_CURVE('',#1076,#1027,#1185,.T.);
#875=EDGE_CURVE('',#1026,#1077,#1186,.T.);
#876=EDGE_CURVE('',#1078,#1013,#59,.T.);
#877=EDGE_CURVE('',#1079,#1019,#60,.T.);
#878=EDGE_CURVE('',#1078,#1079,#1187,.T.);
#879=EDGE_CURVE('',#1080,#1018,#61,.T.);
#880=EDGE_CURVE('',#1079,#1080,#1188,.T.);
#881=EDGE_CURVE('',#1081,#1017,#62,.T.);
#882=EDGE_CURVE('',#1080,#1081,#1189,.T.);
#883=EDGE_CURVE('',#1082,#1016,#63,.T.);
#884=EDGE_CURVE('',#1081,#1082,#1190,.T.);
#885=EDGE_CURVE('',#1083,#1015,#64,.T.);
#886=EDGE_CURVE('',#1082,#1083,#1191,.T.);
#887=EDGE_CURVE('',#1084,#1014,#65,.T.);
#888=EDGE_CURVE('',#1083,#1084,#1192,.T.);
#889=EDGE_CURVE('',#1085,#1012,#66,.T.);
#890=EDGE_CURVE('',#1084,#1085,#1193,.T.);
#891=EDGE_CURVE('',#1085,#1078,#1194,.T.);
#892=EDGE_CURVE('',#1086,#1008,#67,.T.);
#893=EDGE_CURVE('',#1087,#1011,#68,.T.);
#894=EDGE_CURVE('',#1086,#1087,#1195,.T.);
#895=EDGE_CURVE('',#1088,#1010,#69,.T.);
#896=EDGE_CURVE('',#1087,#1088,#1196,.T.);
#897=EDGE_CURVE('',#1089,#1088,#1197,.T.);
#898=EDGE_CURVE('',#1089,#1009,#70,.T.);
#899=EDGE_CURVE('',#1086,#1089,#1198,.T.);
#900=EDGE_CURVE('',#1090,#1090,#1199,.T.);
#901=EDGE_CURVE('',#1091,#1091,#12,.T.);
#902=EDGE_CURVE('',#1092,#1092,#13,.T.);
#903=EDGE_CURVE('',#1043,#1056,#71,.F.);
#904=EDGE_CURVE('',#1042,#1055,#72,.F.);
#905=EDGE_CURVE('',#1045,#1057,#73,.F.);
#906=EDGE_CURVE('',#1044,#1054,#74,.F.);
#907=EDGE_CURVE('',#1047,#1060,#75,.F.);
#908=EDGE_CURVE('',#1046,#1059,#76,.F.);
#909=EDGE_CURVE('',#1049,#1061,#77,.F.);
#910=EDGE_CURVE('',#1048,#1058,#78,.F.);
#911=EDGE_CURVE('',#1039,#1064,#79,.F.);
#912=EDGE_CURVE('',#1038,#1063,#80,.F.);
#913=EDGE_CURVE('',#1041,#1065,#81,.F.);
#914=EDGE_CURVE('',#1040,#1062,#82,.F.);
#915=EDGE_CURVE('',#1051,#1068,#83,.F.);
#916=EDGE_CURVE('',#1050,#1067,#84,.F.);
#917=EDGE_CURVE('',#1053,#1069,#85,.F.);
#918=EDGE_CURVE('',#1052,#1066,#86,.F.);
#919=EDGE_CURVE('',#1005,#1093,#87,.T.);
#920=EDGE_CURVE('',#1093,#1094,#88,.T.);
#921=EDGE_CURVE('',#1006,#1094,#89,.T.);
#922=EDGE_CURVE('',#1003,#1095,#90,.T.);
#923=EDGE_CURVE('',#1004,#1096,#91,.T.);
#924=EDGE_CURVE('',#1095,#1096,#92,.T.);
#925=EDGE_CURVE('',#1095,#1093,#93,.T.);
#926=EDGE_CURVE('',#1096,#1094,#94,.T.);
#927=EDGE_CURVE('',#1097,#1002,#95,.T.);
#928=EDGE_CURVE('',#1098,#1001,#96,.T.);
#929=EDGE_CURVE('',#1098,#1097,#97,.T.);
#930=EDGE_CURVE('',#1099,#999,#98,.T.);
#931=EDGE_CURVE('',#1100,#1099,#99,.T.);
#932=EDGE_CURVE('',#1100,#1000,#100,.T.);
#933=EDGE_CURVE('',#1098,#1100,#101,.T.);
#934=EDGE_CURVE('',#1097,#1099,#102,.T.);
#935=EDGE_CURVE('',#995,#1101,#103,.T.);
#936=EDGE_CURVE('',#996,#1102,#104,.T.);
#937=EDGE_CURVE('',#1101,#1102,#105,.T.);
#938=EDGE_CURVE('',#997,#1103,#106,.T.);
#939=EDGE_CURVE('',#1103,#1104,#107,.T.);
#940=EDGE_CURVE('',#998,#1104,#108,.T.);
#941=EDGE_CURVE('',#1101,#1103,#109,.T.);
#942=EDGE_CURVE('',#1102,#1104,#110,.T.);
#943=EDGE_CURVE('',#1105,#994,#111,.T.);
#944=EDGE_CURVE('',#1106,#993,#112,.T.);
#945=EDGE_CURVE('',#1106,#1105,#113,.T.);
#946=EDGE_CURVE('',#1107,#991,#114,.T.);
#947=EDGE_CURVE('',#1108,#1107,#115,.T.);
#948=EDGE_CURVE('',#1108,#992,#116,.T.);
#949=EDGE_CURVE('',#1106,#1108,#117,.T.);
#950=EDGE_CURVE('',#1105,#1107,#118,.T.);
#951=EDGE_CURVE('',#988,#1109,#119,.T.);
#952=EDGE_CURVE('',#990,#1110,#120,.T.);
#953=EDGE_CURVE('',#1109,#1110,#121,.T.);
#954=EDGE_CURVE('',#987,#1111,#122,.T.);
#955=EDGE_CURVE('',#1111,#1112,#123,.T.);
#956=EDGE_CURVE('',#989,#1112,#124,.T.);
#957=EDGE_CURVE('',#1111,#1109,#125,.T.);
#958=EDGE_CURVE('',#1112,#1110,#126,.T.);
#959=EDGE_CURVE('',#1113,#1032,#127,.T.);
#960=EDGE_CURVE('',#1114,#1030,#128,.T.);
#961=EDGE_CURVE('',#1114,#1113,#129,.T.);
#962=EDGE_CURVE('',#1115,#1033,#130,.T.);
#963=EDGE_CURVE('',#1116,#1115,#131,.T.);
#964=EDGE_CURVE('',#1116,#1031,#132,.T.);
#965=EDGE_CURVE('',#1116,#1114,#133,.T.);
#966=EDGE_CURVE('',#1115,#1113,#134,.T.);
#967=EDGE_CURVE('',#984,#1117,#135,.T.);
#968=EDGE_CURVE('',#986,#1118,#136,.T.);
#969=EDGE_CURVE('',#1117,#1118,#137,.T.);
#970=EDGE_CURVE('',#983,#1119,#138,.T.);
#971=EDGE_CURVE('',#1119,#1120,#139,.T.);
#972=EDGE_CURVE('',#985,#1120,#140,.T.);
#973=EDGE_CURVE('',#1119,#1117,#141,.T.);
#974=EDGE_CURVE('',#1120,#1118,#142,.T.);
#975=EDGE_CURVE('',#1121,#1036,#143,.T.);
#976=EDGE_CURVE('',#1122,#1034,#144,.T.);
#977=EDGE_CURVE('',#1122,#1121,#145,.T.);
#978=EDGE_CURVE('',#1123,#1037,#146,.T.);
#979=EDGE_CURVE('',#1124,#1123,#147,.T.);
#980=EDGE_CURVE('',#1124,#1035,#148,.T.);
#981=EDGE_CURVE('',#1124,#1122,#149,.T.);
#982=EDGE_CURVE('',#1123,#1121,#150,.T.);
#983=VERTEX_POINT('',#2964);
#984=VERTEX_POINT('',#2965);
#985=VERTEX_POINT('',#2970);
#986=VERTEX_POINT('',#2975);
#987=VERTEX_POINT('',#2985);
#988=VERTEX_POINT('',#2986);
#989=VERTEX_POINT('',#2991);
#990=VERTEX_POINT('',#2996);
#991=VERTEX_POINT('',#3005);
#992=VERTEX_POINT('',#3006);
#993=VERTEX_POINT('',#3011);
#994=VERTEX_POINT('',#3016);
#995=VERTEX_POINT('',#3025);
#996=VERTEX_POINT('',#3026);
#997=VERTEX_POINT('',#3031);
#998=VERTEX_POINT('',#3036);
#999=VERTEX_POINT('',#3045);
#1000=VERTEX_POINT('',#3046);
#1001=VERTEX_POINT('',#3051);
#1002=VERTEX_POINT('',#3056);
#1003=VERTEX_POINT('',#3065);
#1004=VERTEX_POINT('',#3066);
#1005=VERTEX_POINT('',#3071);
#1006=VERTEX_POINT('',#3076);
#1007=VERTEX_POINT('',#3108);
#1008=VERTEX_POINT('',#3113);
#1009=VERTEX_POINT('',#3114);
#1010=VERTEX_POINT('',#3119);
#1011=VERTEX_POINT('',#3124);
#1012=VERTEX_POINT('',#3134);
#1013=VERTEX_POINT('',#3135);
#1014=VERTEX_POINT('',#3140);
#1015=VERTEX_POINT('',#3146);
#1016=VERTEX_POINT('',#3151);
#1017=VERTEX_POINT('',#3157);
#1018=VERTEX_POINT('',#3162);
#1019=VERTEX_POINT('',#3168);
#1020=VERTEX_POINT('',#3177);
#1021=VERTEX_POINT('',#3178);
#1022=VERTEX_POINT('',#3208);
#1023=VERTEX_POINT('',#3213);
#1024=VERTEX_POINT('',#3249);
#1025=VERTEX_POINT('',#3250);
#1026=VERTEX_POINT('',#3264);
#1027=VERTEX_POINT('',#3278);
#1028=VERTEX_POINT('',#3292);
#1029=VERTEX_POINT('',#3297);
#1030=VERTEX_POINT('',#3338);
#1031=VERTEX_POINT('',#3339);
#1032=VERTEX_POINT('',#3345);
#1033=VERTEX_POINT('',#3350);
#1034=VERTEX_POINT('',#3359);
#1035=VERTEX_POINT('',#3360);
#1036=VERTEX_POINT('',#3365);
#1037=VERTEX_POINT('',#3370);
#1038=VERTEX_POINT('',#3377);
#1039=VERTEX_POINT('',#3378);
#1040=VERTEX_POINT('',#3380);
#1041=VERTEX_POINT('',#3382);
#1042=VERTEX_POINT('',#3385);
#1043=VERTEX_POINT('',#3386);
#1044=VERTEX_POINT('',#3388);
#1045=VERTEX_POINT('',#3390);
#1046=VERTEX_POINT('',#3394);
#1047=VERTEX_POINT('',#3395);
#1048=VERTEX_POINT('',#3397);
#1049=VERTEX_POINT('',#3399);
#1050=VERTEX_POINT('',#3402);
#1051=VERTEX_POINT('',#3403);
#1052=VERTEX_POINT('',#3405);
#1053=VERTEX_POINT('',#3407);
#1054=VERTEX_POINT('',#3412);
#1055=VERTEX_POINT('',#3413);
#1056=VERTEX_POINT('',#3415);
#1057=VERTEX_POINT('',#3417);
#1058=VERTEX_POINT('',#3420);
#1059=VERTEX_POINT('',#3421);
#1060=VERTEX_POINT('',#3423);
#1061=VERTEX_POINT('',#3425);
#1062=VERTEX_POINT('',#3428);
#1063=VERTEX_POINT('',#3429);
#1064=VERTEX_POINT('',#3431);
#1065=VERTEX_POINT('',#3433);
#1066=VERTEX_POINT('',#3436);
#1067=VERTEX_POINT('',#3437);
#1068=VERTEX_POINT('',#3439);
#1069=VERTEX_POINT('',#3441);
#1070=VERTEX_POINT('',#3595);
#1071=VERTEX_POINT('',#3623);
#1072=VERTEX_POINT('',#3626);
#1073=VERTEX_POINT('',#3627);
#1074=VERTEX_POINT('',#3715);
#1075=VERTEX_POINT('',#3717);
#1076=VERTEX_POINT('',#3763);
#1077=VERTEX_POINT('',#3777);
#1078=VERTEX_POINT('',#4068);
#1079=VERTEX_POINT('',#4070);
#1080=VERTEX_POINT('',#4077);
#1081=VERTEX_POINT('',#4085);
#1082=VERTEX_POINT('',#4092);
#1083=VERTEX_POINT('',#4100);
#1084=VERTEX_POINT('',#4107);
#1085=VERTEX_POINT('',#4115);
#1086=VERTEX_POINT('',#4128);
#1087=VERTEX_POINT('',#4130);
#1088=VERTEX_POINT('',#4137);
#1089=VERTEX_POINT('',#4147);
#1090=VERTEX_POINT('',#5403);
#1091=VERTEX_POINT('',#5417);
#1092=VERTEX_POINT('',#5420);
#1093=VERTEX_POINT('',#5456);
#1094=VERTEX_POINT('',#5458);
#1095=VERTEX_POINT('',#5462);
#1096=VERTEX_POINT('',#5464);
#1097=VERTEX_POINT('',#5473);
#1098=VERTEX_POINT('',#5475);
#1099=VERTEX_POINT('',#5479);
#1100=VERTEX_POINT('',#5481);
#1101=VERTEX_POINT('',#5490);
#1102=VERTEX_POINT('',#5492);
#1103=VERTEX_POINT('',#5496);
#1104=VERTEX_POINT('',#5498);
#1105=VERTEX_POINT('',#5507);
#1106=VERTEX_POINT('',#5509);
#1107=VERTEX_POINT('',#5513);
#1108=VERTEX_POINT('',#5515);
#1109=VERTEX_POINT('',#5524);
#1110=VERTEX_POINT('',#5526);
#1111=VERTEX_POINT('',#5530);
#1112=VERTEX_POINT('',#5532);
#1113=VERTEX_POINT('',#5541);
#1114=VERTEX_POINT('',#5543);
#1115=VERTEX_POINT('',#5547);
#1116=VERTEX_POINT('',#5549);
#1117=VERTEX_POINT('',#5558);
#1118=VERTEX_POINT('',#5560);
#1119=VERTEX_POINT('',#5564);
#1120=VERTEX_POINT('',#5566);
#1121=VERTEX_POINT('',#5575);
#1122=VERTEX_POINT('',#5577);
#1123=VERTEX_POINT('',#5581);
#1124=VERTEX_POINT('',#5583);
#1125=B_SPLINE_CURVE_WITH_KNOTS('',3,(#2960,#2961,#2962,#2963),
 .UNSPECIFIED.,.F.,.F.,(4,4),(0.,0.00700027280312378),.UNSPECIFIED.);
#1126=B_SPLINE_CURVE_WITH_KNOTS('',3,(#2966,#2967,#2968,#2969),
 .UNSPECIFIED.,.F.,.F.,(4,4),(0.,0.003086018243954),.UNSPECIFIED.);
#1127=B_SPLINE_CURVE_WITH_KNOTS('',3,(#2971,#2972,#2973,#2974),
 .UNSPECIFIED.,.F.,.F.,(4,4),(0.,0.00700015318755686),.UNSPECIFIED.);
#1128=B_SPLINE_CURVE_WITH_KNOTS('',3,(#2976,#2977,#2978,#2979,#2980),
 .UNSPECIFIED.,.F.,.F.,(4,1,4),(5.07610442859724E-18,0.00155639143213673,
0.00311278286427345),.UNSPECIFIED.);
#1129=B_SPLINE_CURVE_WITH_KNOTS('',3,(#2981,#2982,#2983,#2984),
 .UNSPECIFIED.,.F.,.F.,(4,4),(0.,0.00700315619225343),.UNSPECIFIED.);
#1130=B_SPLINE_CURVE_WITH_KNOTS('',3,(#2987,#2988,#2989,#2990),
 .UNSPECIFIED.,.F.,.F.,(4,4),(0.,0.00300812181072422),.UNSPECIFIED.);
#1131=B_SPLINE_CURVE_WITH_KNOTS('',3,(#2992,#2993,#2994,#2995),
 .UNSPECIFIED.,.F.,.F.,(4,4),(0.,0.00700244199178794),.UNSPECIFIED.);
#1132=B_SPLINE_CURVE_WITH_KNOTS('',3,(#2997,#2998,#2999,#3000),
 .UNSPECIFIED.,.F.,.F.,(4,4),(4.25556520804871E-16,0.00301008661985909),
 .UNSPECIFIED.);
#1133=B_SPLINE_CURVE_WITH_KNOTS('',3,(#3001,#3002,#3003,#3004),
 .UNSPECIFIED.,.F.,.F.,(4,4),(0.,0.00100022374959774),.UNSPECIFIED.);
#1134=B_SPLINE_CURVE_WITH_KNOTS('',3,(#3007,#3008,#3009,#3010),
 .UNSPECIFIED.,.F.,.F.,(4,4),(0.,0.00700199802791432),.UNSPECIFIED.);
#1135=B_SPLINE_CURVE_WITH_KNOTS('',3,(#3012,#3013,#3014,#3015),
 .UNSPECIFIED.,.F.,.F.,(4,4),(0.,0.00100008295932474),.UNSPECIFIED.);
#1136=B_SPLINE_CURVE_WITH_KNOTS('',3,(#3017,#3018,#3019,#3020),
 .UNSPECIFIED.,.F.,.F.,(4,4),(0.,0.00700210262151314),.UNSPECIFIED.);
#1137=B_SPLINE_CURVE_WITH_KNOTS('',3,(#3021,#3022,#3023,#3024),
 .UNSPECIFIED.,.F.,.F.,(4,4),(0.,0.00100398036452989),.UNSPECIFIED.);
#1138=B_SPLINE_CURVE_WITH_KNOTS('',3,(#3027,#3028,#3029,#3030),
 .UNSPECIFIED.,.F.,.F.,(4,4),(0.,0.00700049349249533),.UNSPECIFIED.);
#1139=B_SPLINE_CURVE_WITH_KNOTS('',3,(#3032,#3033,#3034,#3035),
 .UNSPECIFIED.,.F.,.F.,(4,4),(0.,0.00100506465842222),.UNSPECIFIED.);
#1140=B_SPLINE_CURVE_WITH_KNOTS('',3,(#3037,#3038,#3039,#3040),
 .UNSPECIFIED.,.F.,.F.,(4,4),(0.,0.00700036809644105),.UNSPECIFIED.);
#1141=B_SPLINE_CURVE_WITH_KNOTS('',3,(#3041,#3042,#3043,#3044),
 .UNSPECIFIED.,.F.,.F.,(4,4),(0.,0.00100506465842219),.UNSPECIFIED.);
#1142=B_SPLINE_CURVE_WITH_KNOTS('',3,(#3047,#3048,#3049,#3050),
 .UNSPECIFIED.,.F.,.F.,(4,4),(0.,0.0070004934924938),.UNSPECIFIED.);
#1143=B_SPLINE_CURVE_WITH_KNOTS('',3,(#3052,#3053,#3054,#3055),
 .UNSPECIFIED.,.F.,.F.,(4,4),(0.,0.00100398036452873),.UNSPECIFIED.);
#1144=B_SPLINE_CURVE_WITH_KNOTS('',3,(#3057,#3058,#3059,#3060),
 .UNSPECIFIED.,.F.,.F.,(4,4),(0.,0.00700036679773004),.UNSPECIFIED.);
#1145=B_SPLINE_CURVE_WITH_KNOTS('',3,(#3061,#3062,#3063,#3064),
 .UNSPECIFIED.,.F.,.F.,(4,4),(0.,0.00100008295932602),.UNSPECIFIED.);
#1146=B_SPLINE_CURVE_WITH_KNOTS('',3,(#3067,#3068,#3069,#3070),
 .UNSPECIFIED.,.F.,.F.,(4,4),(0.,0.00700193233323634),.UNSPECIFIED.);
#1147=B_SPLINE_CURVE_WITH_KNOTS('',3,(#3072,#3073,#3074,#3075),
 .UNSPECIFIED.,.F.,.F.,(4,4),(0.,0.0010002237496004),.UNSPECIFIED.);
#1148=B_SPLINE_CURVE_WITH_KNOTS('',3,(#3077,#3078,#3079,#3080),
 .UNSPECIFIED.,.F.,.F.,(4,4),(0.,0.00700210262151807),.UNSPECIFIED.);
#1149=B_SPLINE_CURVE_WITH_KNOTS('',3,(#3081,#3082,#3083,#3084,#3085,#3086,
#3087,#3088,#3089,#3090,#3091,#3092,#3093,#3094,#3095,#3096,#3097,#3098,
#3099,#3100,#3101,#3102,#3103,#3104,#3105,#3106,#3107),.UNSPECIFIED.,.T.,
 .F.,(1,1,1,1,1,1,1,1,1,1,1,1,1,1,1,1,1,1,1,1,1,1,1,1,1,1,1,1,1,1,1),(-0.011713998346276,
-0.00585699917313798,-0.00292849958656898,1.02852524492816E-17,0.005856999173138,
0.011713998346276,0.014642497932845,0.017570997519414,0.023427996692552,
0.0292849958656899,0.0351419950388279,0.0409989942119659,0.0439274937985349,
0.0468559933851039,0.0497844929716729,0.0527129925582419,0.0556414921448109,
0.0585699917313799,0.0614984913179489,0.0644269909045179,0.0702839900776559,
0.0732124896642249,0.0761409892507939,0.0790694888373628,0.0819979884239318,
0.0878549875970698,0.0907834871836388,0.0937119867702078,0.0995689859433458,
0.105425985116484,0.108354484703053),.UNSPECIFIED.);
#1150=B_SPLINE_CURVE_WITH_KNOTS('',3,(#3109,#3110,#3111,#3112),
 .UNSPECIFIED.,.F.,.F.,(4,4),(0.,0.00770005504776494),.UNSPECIFIED.);
#1151=B_SPLINE_CURVE_WITH_KNOTS('',3,(#3115,#3116,#3117,#3118),
 .UNSPECIFIED.,.F.,.F.,(4,4),(0.,0.00290025243413176),.UNSPECIFIED.);
#1152=B_SPLINE_CURVE_WITH_KNOTS('',3,(#3120,#3121,#3122,#3123),
 .UNSPECIFIED.,.F.,.F.,(4,4),(0.,0.00770007036688436),.UNSPECIFIED.);
#1153=B_SPLINE_CURVE_WITH_KNOTS('',3,(#3125,#3126,#3127,#3128),
 .UNSPECIFIED.,.F.,.F.,(4,4),(0.,0.00290015656319021),.UNSPECIFIED.);
#1154=B_SPLINE_CURVE_WITH_KNOTS('',3,(#3129,#3130,#3131,#3132,#3133),
 .UNSPECIFIED.,.F.,.F.,(4,1,4),(5.4856772946511E-18,0.0011740055292418,
0.0023480110584836),.UNSPECIFIED.);
#1155=B_SPLINE_CURVE_WITH_KNOTS('',3,(#3136,#3137,#3138,#3139),
 .UNSPECIFIED.,.F.,.F.,(4,4),(0.,0.00644055785842195),.UNSPECIFIED.);
#1156=B_SPLINE_CURVE_WITH_KNOTS('',3,(#3141,#3142,#3143,#3144,#3145),
 .UNSPECIFIED.,.F.,.F.,(4,1,4),(0.,0.00117316499720147,0.00234632999440294),
 .UNSPECIFIED.);
#1157=B_SPLINE_CURVE_WITH_KNOTS('',3,(#3147,#3148,#3149,#3150),
 .UNSPECIFIED.,.F.,.F.,(4,4),(0.,0.000712441561191637),.UNSPECIFIED.);
#1158=B_SPLINE_CURVE_WITH_KNOTS('',3,(#3152,#3153,#3154,#3155,#3156),
 .UNSPECIFIED.,.F.,.F.,(4,1,4),(0.,0.00117471107628121,0.00234942215256241),
 .UNSPECIFIED.);
#1159=B_SPLINE_CURVE_WITH_KNOTS('',3,(#3158,#3159,#3160,#3161),
 .UNSPECIFIED.,.F.,.F.,(4,4),(0.,0.00644001128898123),.UNSPECIFIED.);
#1160=B_SPLINE_CURVE_WITH_KNOTS('',3,(#3163,#3164,#3165,#3166,#3167),
 .UNSPECIFIED.,.F.,.F.,(4,1,4),(0.,0.00117788953182889,0.00235577906365778),
 .UNSPECIFIED.);
#1161=B_SPLINE_CURVE_WITH_KNOTS('',3,(#3169,#3170,#3171,#3172),
 .UNSPECIFIED.,.F.,.F.,(4,4),(0.,0.000715119192968891),.UNSPECIFIED.);
#1162=B_SPLINE_CURVE_WITH_KNOTS('',3,(#3173,#3174,#3175,#3176),
 .UNSPECIFIED.,.F.,.F.,(4,4),(0.,0.00250401100275478),.UNSPECIFIED.);
#1163=B_SPLINE_CURVE_WITH_KNOTS('',3,(#3179,#3180,#3181,#3182,#3183,#3184,
#3185,#3186,#3187,#3188,#3189,#3190,#3191,#3192,#3193,#3194,#3195,#3196,
#3197,#3198,#3199,#3200,#3201,#3202,#3203,#3204,#3205,#3206,#3207),
 .UNSPECIFIED.,.F.,.F.,(4,1,1,1,1,1,1,1,1,1,1,1,1,1,1,1,1,1,1,1,1,1,1,1,
1,1,4),(1.05519109601004E-17,0.00142221771539858,0.00284443543079715,0.00426665314619572,
0.004977762003895,0.00533331643274464,0.00568887086159429,0.00604442529044393,
0.00639997971929357,0.00711108857699286,0.00782219743469214,0.00853330629239142,
0.00995552400778999,0.0113777417231886,0.0127999594385871,0.0142221771539857,
0.014933286011685,0.0156443948693843,0.0163555037270836,0.0167110581559332,
0.0170666125847828,0.0174221670136325,0.0177777214424821,0.0184888303001814,
0.01991104801558,0.0213332657309785,0.0227554834463771),.UNSPECIFIED.);
#1164=B_SPLINE_CURVE_WITH_KNOTS('',3,(#3209,#3210,#3211,#3212),
 .UNSPECIFIED.,.F.,.F.,(4,4),(0.,0.00250401100276848),.UNSPECIFIED.);
#1165=B_SPLINE_CURVE_WITH_KNOTS('',3,(#3214,#3215,#3216,#3217,#3218,#3219,
#3220,#3221,#3222,#3223,#3224,#3225,#3226,#3227,#3228,#3229,#3230,#3231,
#3232,#3233,#3234,#3235,#3236,#3237,#3238,#3239,#3240,#3241,#3242,#3243,
#3244),.UNSPECIFIED.,.F.,.F.,(4,1,1,1,1,1,1,1,1,1,1,1,1,1,1,1,1,1,1,1,1,
1,1,1,1,1,1,1,4),(6.9928938926747E-18,0.00143641907747193,0.00287283815494385,
0.00359104769367981,0.00430925723241577,0.00502746677115173,0.00538657154051971,
0.00574567630988769,0.00610478107925567,0.00646388584862365,0.00718209538735961,
0.00790030492609557,0.00861851446483153,0.0100549335423035,0.0114913526197754,
0.0129277716972473,0.0143641907747192,0.0150824003134552,0.0158006098521911,
0.0165188193909271,0.0168779241602951,0.0172370289296631,0.017596133699031,
0.017955238468399,0.018673448007135,0.0193916575458709,0.0201098670846069,
0.0215462861620788,0.0229827052395507),.UNSPECIFIED.);
#1166=B_SPLINE_CURVE_WITH_KNOTS('',3,(#3245,#3246,#3247,#3248),
 .UNSPECIFIED.,.F.,.F.,(4,4),(0.378458387714829,0.4138132967021),
 .UNSPECIFIED.);
#1167=B_SPLINE_CURVE_WITH_KNOTS('',3,(#3251,#3252,#3253,#3254,#3255,#3256,
#3257,#3258,#3259,#3260,#3261,#3262,#3263),.UNSPECIFIED.,.F.,.F.,(4,1,1,
1,1,1,1,1,1,1,4),(0.0353323611758879,0.0753981328006264,0.0954310186129956,
0.115463904425365,0.135496790237734,0.155529676050103,0.165546118956288,
0.175562561862473,0.185579004768657,0.19058722622175,0.195595447674842),
 .UNSPECIFIED.);
#1168=B_SPLINE_CURVE_WITH_KNOTS('',3,(#3265,#3266,#3267,#3268,#3269,#3270,
#3271,#3272,#3273,#3274,#3275,#3276,#3277),.UNSPECIFIED.,.F.,.F.,(4,1,1,
1,1,1,1,1,1,1,4),(1.38342487489931E-14,0.00149565493997956,0.00299130987994528,
0.00598261975987673,0.00897392963980818,0.0119652395197396,0.0149565493996711,
0.0179478592796025,0.020939169159534,0.0224348240994997,0.0239304790394654),
 .UNSPECIFIED.);
#1169=B_SPLINE_CURVE_WITH_KNOTS('',3,(#3279,#3280,#3281,#3282,#3283,#3284,
#3285,#3286,#3287,#3288,#3289,#3290,#3291),.UNSPECIFIED.,.F.,.F.,(4,1,1,
1,1,1,1,1,1,1,4),(0.00752208136721765,0.01251242607464,0.0175027707820623,
0.0274834601969069,0.0374641496117516,0.0474448390265962,0.0674062178562855,
0.0873675966859748,0.107328975515664,0.127290354345353,0.167213112004732),
 .UNSPECIFIED.);
#1170=B_SPLINE_CURVE_WITH_KNOTS('',3,(#3293,#3294,#3295,#3296),
 .UNSPECIFIED.,.F.,.F.,(4,4),(0.00160101046897595,0.0369323980898198),
 .UNSPECIFIED.);
#1171=B_SPLINE_CURVE_WITH_KNOTS('',3,(#3298,#3299,#3300,#3301,#3302,#3303,
#3304,#3305,#3306,#3307,#3308,#3309,#3310,#3311,#3312,#3313,#3314,#3315,
#3316,#3317,#3318,#3319,#3320,#3321,#3322,#3323,#3324,#3325,#3326,#3327,
#3328,#3329,#3330,#3331,#3332,#3333),.UNSPECIFIED.,.F.,.F.,(4,1,1,1,1,1,
1,1,1,1,1,1,1,1,1,1,1,1,1,1,1,1,1,1,1,1,1,1,1,1,1,1,1,4),(0.0536537180971568,
0.0557251706758132,0.0577966232544696,0.059868075833126,0.0609038021224542,
0.0619395284117824,0.0629752547011106,0.0640109809904388,0.0645288441351029,
0.065046707279767,0.0655645704244311,0.0660824335690952,0.0671181598584234,
0.0681538861477516,0.0691896124370798,0.070225338726408,0.0712610650157362,
0.0722967913050644,0.0733325175943925,0.0738503807390566,0.0743682438837207,
0.0748861070283849,0.0751450386007169,0.075403970173049,0.075662901745381,
0.075921833317713,0.0764396964623771,0.0774754227517053,0.0785111490410335,
0.0795468753303617,0.0805826016196899,0.0826540541983463,0.0847255067770027,
0.0867969593556591),.UNSPECIFIED.);
#1172=B_SPLINE_CURVE_WITH_KNOTS('',3,(#3334,#3335,#3336,#3337),
 .UNSPECIFIED.,.F.,.F.,(4,4),(0.,0.0070002728031239),.UNSPECIFIED.);
#1173=B_SPLINE_CURVE_WITH_KNOTS('',3,(#3340,#3341,#3342,#3343,#3344),
 .UNSPECIFIED.,.F.,.F.,(4,1,4),(2.26588386379753E-19,0.00155639143214117,
0.00311278286428234),.UNSPECIFIED.);
#1174=B_SPLINE_CURVE_WITH_KNOTS('',3,(#3346,#3347,#3348,#3349),
 .UNSPECIFIED.,.F.,.F.,(4,4),(0.,0.00700014446083361),.UNSPECIFIED.);
#1175=B_SPLINE_CURVE_WITH_KNOTS('',3,(#3351,#3352,#3353,#3354),
 .UNSPECIFIED.,.F.,.F.,(4,4),(2.34945455943378E-19,0.00309092785864494),
 .UNSPECIFIED.);
#1176=B_SPLINE_CURVE_WITH_KNOTS('',3,(#3355,#3356,#3357,#3358),
 .UNSPECIFIED.,.F.,.F.,(4,4),(0.,0.00700316692938173),.UNSPECIFIED.);
#1177=B_SPLINE_CURVE_WITH_KNOTS('',3,(#3361,#3362,#3363,#3364),
 .UNSPECIFIED.,.F.,.F.,(4,4),(1.98562315855643E-18,0.0030100866198314),
 .UNSPECIFIED.);
#1178=B_SPLINE_CURVE_WITH_KNOTS('',3,(#3366,#3367,#3368,#3369),
 .UNSPECIFIED.,.F.,.F.,(4,4),(0.,0.00700244199178149),.UNSPECIFIED.);
#1179=B_SPLINE_CURVE_WITH_KNOTS('',3,(#3371,#3372,#3373,#3374),
 .UNSPECIFIED.,.F.,.F.,(4,4),(0.,0.00300812181070403),.UNSPECIFIED.);
#1180=B_SPLINE_CURVE_WITH_KNOTS('',3,(#3567,#3568,#3569,#3570,#3571,#3572,
#3573,#3574,#3575,#3576,#3577,#3578,#3579,#3580,#3581,#3582,#3583,#3584,
#3585,#3586,#3587,#3588,#3589,#3590,#3591,#3592,#3593,#3594),
 .UNSPECIFIED.,.T.,.F.,(1,1,1,1,1,1,1,1,1,1,1,1,1,1,1,1,1,1,1,1,1,1,1,1,
1,1,1,1,1,1,1,1),(0.0849375793172607,0.0878664614902561,0.0907953436632514,
0.0937242258362467,0.096653108009242,0.0995819901822373,0.102510872355233,
0.105439754528228,0.108368636701223,0.111297518874219,0.114226401047214,
0.117155283220209,0.1230130475662,0.12887081191219,0.131799694085186,0.134728576258181,
0.140586340604172,0.143515222777167,0.146444104950162,0.149372987123157,
0.152301869296153,0.158159633642143,0.164017397988134,0.169875162334125,
0.175732926680115,0.178661808853111,0.181590691026106,0.184519573199101,
0.187448455372096,0.190377337545092,0.193306219718087,0.196235101891082),
 .UNSPECIFIED.);
#1181=B_SPLINE_CURVE_WITH_KNOTS('',3,(#3596,#3597,#3598,#3599,#3600,#3601,
#3602,#3603,#3604,#3605,#3606,#3607,#3608,#3609,#3610,#3611,#3612,#3613,
#3614,#3615,#3616,#3617,#3618,#3619,#3620,#3621,#3622),.UNSPECIFIED.,.T.,
 .F.,(1,1,1,1,1,1,1,1,1,1,1,1,1,1,1,1,1,1,1,1,1,1,1,1,1,1,1,1,1,1,1),(-0.011724869604897,
-0.00586243480244848,-0.00293121740122425,4.17952633812985E-19,0.00586243480244848,
0.011724869604897,0.0146560870061212,0.0175873044073454,0.0234497392097939,
0.0293121740122424,0.0351746088146909,0.0410370436171394,0.0439682610183636,
0.0468994784195878,0.0498306958208121,0.0527619132220363,0.0556931306232606,
0.0586243480244848,0.061555565425709,0.0644867828269333,0.0703492176293818,
0.073280435030606,0.0762116524318302,0.0791428698330545,0.0820740872342787,
0.0879365220367272,0.0908677394379514,0.0937989568391757,0.0996613916416242,
0.105523826444073,0.108455043845297),.UNSPECIFIED.);
#1182=B_SPLINE_CURVE_WITH_KNOTS('',3,(#3628,#3629,#3630,#3631,#3632,#3633,
#3634,#3635,#3636,#3637,#3638,#3639,#3640,#3641,#3642,#3643,#3644,#3645,
#3646,#3647,#3648,#3649,#3650,#3651,#3652,#3653,#3654,#3655,#3656,#3657,
#3658,#3659,#3660,#3661,#3662,#3663,#3664,#3665,#3666,#3667,#3668,#3669,
#3670,#3671,#3672,#3673,#3674,#3675,#3676,#3677,#3678,#3679,#3680,#3681,
#3682,#3683,#3684,#3685,#3686,#3687,#3688,#3689,#3690,#3691,#3692,#3693,
#3694,#3695,#3696,#3697,#3698,#3699,#3700,#3701,#3702,#3703,#3704,#3705,
#3706,#3707,#3708,#3709,#3710,#3711,#3712,#3713,#3714),.UNSPECIFIED.,.F.,
 .F.,(4,1,1,1,1,1,1,1,1,1,1,1,1,1,1,1,1,1,1,1,1,1,1,1,1,1,1,1,1,1,1,1,1,
1,1,1,1,1,1,1,1,1,1,1,1,1,1,1,1,1,1,1,1,1,1,1,1,1,1,1,1,1,1,1,1,1,1,1,1,
1,1,1,1,1,1,1,1,1,1,1,1,1,1,1,4),(0.00165925942958037,0.0273644827763103,
0.040246102109822,0.0531277214433338,0.0660093407768456,0.0788909601103573,
0.0917725794438691,0.104654198777381,0.117535818110893,0.130417437444404,
0.13685824711116,0.143299056777916,0.149739866444672,0.156180676111428,
0.162621485778184,0.16906229544494,0.172282700278317,0.175503105111696,
0.178723509945073,0.181943914778451,0.185164319611829,0.186774522028518,
0.188384724445208,0.189994926861896,0.191605129278586,0.193215331695275,
0.194020432903619,0.194825534111964,0.195630635320308,0.196435736528653,
0.197240837736997,0.198045938945341,0.198851040153685,0.199253590757858,
0.19965614136203,0.200461242570375,0.201266343778719,0.202071444987064,
0.202876546195408,0.203681647403752,0.204486748612097,0.205291849820442,
0.206096951028786,0.207707153445475,0.20851225465382,0.209317355862164,
0.210927558278853,0.211732659487197,0.212537760695542,0.213342861903887,
0.214147963112231,0.214953064320576,0.21575816552892,0.216563266737265,
0.217368367945609,0.218173469153953,0.218978570362298,0.220588772778987,
0.221393873987331,0.222198975195676,0.223809177612365,0.225419380029054,
0.227029582445743,0.228639784862431,0.23024998727912,0.233470392112499,
0.236690796945876,0.239911201779254,0.243131606612633,0.246352011446011,
0.252792821112767,0.259233630779522,0.265674440446278,0.272115250113034,
0.27855605977979,0.284996869446546,0.297878488780058,0.310760108113569,
0.323641727447081,0.336523346780593,0.349404966114104,0.362286585447616,
0.375168204781128,0.38804982411464,0.41375500976367),.UNSPECIFIED.);
#1183=B_SPLINE_CURVE_WITH_KNOTS('',3,(#3718,#3719,#3720,#3721,#3722,#3723,
#3724,#3725,#3726,#3727,#3728,#3729,#3730,#3731,#3732,#3733,#3734,#3735,
#3736,#3737,#3738,#3739,#3740,#3741,#3742,#3743,#3744,#3745,#3746,#3747,
#3748,#3749,#3750,#3751,#3752,#3753,#3754,#3755,#3756,#3757,#3758,#3759,
#3760),.UNSPECIFIED.,.F.,.F.,(4,1,1,1,1,1,1,1,1,1,1,1,1,1,1,1,1,1,1,1,1,
1,1,1,1,1,1,1,1,1,1,1,1,1,1,1,1,1,1,1,4),(0.,0.0269899538321757,0.0539799076643515,
0.0809698614965272,0.0944648384126151,0.107959815328703,0.121454792244791,
0.134949769160879,0.148444746076967,0.161939722993054,0.168687211451098,
0.175434699909142,0.182182188367186,0.18892967682523,0.195677165283274,
0.199050909512296,0.202424653741318,0.20579839797034,0.209172142199362,
0.212545886428384,0.215919630657406,0.219293374886428,0.22266711911545,
0.226040863344472,0.229414607573494,0.232788351802516,0.236162096031538,
0.242909584489582,0.249657072947626,0.25640456140567,0.263152049863714,
0.269899538321758,0.283394515237845,0.296889492153933,0.310384469070021,
0.323879445986109,0.337374422902197,0.350869399818285,0.37785935365046,
0.404849307482636,0.431839261314812),.UNSPECIFIED.);
#1184=B_SPLINE_CURVE_WITH_KNOTS('',3,(#3765,#3766,#3767,#3768,#3769,#3770,
#3771,#3772,#3773,#3774,#3775),.UNSPECIFIED.,.T.,.F.,(1,3,1,1,1,1,1,1,1,
3,1),(-0.113627567024913,0.,0.0881878223382545,0.298082282307805,0.386372432975087,
0.5,0.588290150667282,0.798184610636833,0.886372432975087,1.,1.08818782233825),
 .UNSPECIFIED.);
#1185=B_SPLINE_CURVE_WITH_KNOTS('',3,(#3780,#3781,#3782,#3783,#3784,#3785,
#3786,#3787,#3788,#3789,#3790,#3791,#3792,#3793,#3794,#3795,#3796,#3797,
#3798,#3799,#3800,#3801,#3802,#3803,#3804,#3805,#3806,#3807,#3808,#3809,
#3810,#3811,#3812,#3813,#3814,#3815,#3816,#3817,#3818,#3819,#3820,#3821,
#3822,#3823,#3824,#3825,#3826,#3827,#3828,#3829,#3830,#3831,#3832,#3833,
#3834,#3835,#3836,#3837,#3838,#3839,#3840,#3841,#3842,#3843,#3844,#3845,
#3846,#3847,#3848,#3849,#3850,#3851,#3852,#3853,#3854,#3855,#3856,#3857,
#3858,#3859,#3860,#3861,#3862,#3863,#3864,#3865,#3866),.UNSPECIFIED.,.F.,
 .F.,(4,1,1,1,1,1,1,1,1,1,1,1,1,1,1,1,1,1,1,1,1,1,1,1,1,1,1,1,1,1,1,1,1,
1,1,1,1,1,1,1,1,1,1,1,1,1,1,1,1,1,1,1,1,1,1,1,1,1,1,1,1,1,1,1,1,1,1,1,1,
1,1,1,1,1,1,1,1,1,1,1,1,1,1,1,4),(0.00165925942958037,0.0273644827763103,
0.040246102109822,0.0531277214433338,0.0660093407768456,0.0788909601103573,
0.0917725794438691,0.104654198777381,0.117535818110893,0.130417437444404,
0.13685824711116,0.143299056777916,0.149739866444672,0.156180676111428,
0.162621485778184,0.16906229544494,0.172282700278317,0.175503105111696,
0.178723509945073,0.181943914778451,0.185164319611829,0.186774522028518,
0.188384724445208,0.189994926861896,0.191605129278586,0.193215331695275,
0.194020432903619,0.194825534111964,0.195630635320308,0.196435736528653,
0.197240837736997,0.198045938945341,0.198851040153685,0.199253590757858,
0.19965614136203,0.200461242570375,0.201266343778719,0.202071444987064,
0.202876546195408,0.203681647403752,0.204486748612097,0.205291849820442,
0.206096951028786,0.207707153445475,0.20851225465382,0.209317355862164,
0.210927558278853,0.211732659487197,0.212537760695542,0.213342861903887,
0.214147963112231,0.214953064320576,0.21575816552892,0.216563266737265,
0.217368367945609,0.218173469153953,0.218978570362298,0.220588772778987,
0.221393873987331,0.222198975195676,0.223809177612365,0.225419380029054,
0.227029582445743,0.228639784862431,0.23024998727912,0.233470392112499,
0.236690796945876,0.239911201779254,0.243131606612633,0.246352011446011,
0.252792821112767,0.259233630779522,0.265674440446278,0.272115250113034,
0.27855605977979,0.284996869446546,0.297878488780058,0.310760108113569,
0.323641727447081,0.336523346780593,0.349404966114104,0.362286585447616,
0.375168204781128,0.38804982411464,0.41375500976367),.UNSPECIFIED.);
#1186=B_SPLINE_CURVE_WITH_KNOTS('',3,(#3977,#3978,#3979,#3980,#3981,#3982,
#3983,#3984,#3985,#3986,#3987,#3988,#3989,#3990,#3991,#3992,#3993,#3994,
#3995,#3996,#3997,#3998,#3999,#4000,#4001,#4002,#4003,#4004,#4005,#4006,
#4007,#4008,#4009,#4010,#4011,#4012,#4013,#4014,#4015,#4016,#4017,#4018,
#4019,#4020,#4021,#4022,#4023,#4024,#4025,#4026,#4027,#4028,#4029,#4030,
#4031,#4032,#4033,#4034,#4035,#4036,#4037,#4038,#4039,#4040,#4041,#4042,
#4043,#4044,#4045,#4046,#4047,#4048,#4049,#4050,#4051,#4052,#4053,#4054,
#4055,#4056,#4057,#4058,#4059,#4060,#4061,#4062,#4063),.UNSPECIFIED.,.F.,
 .F.,(4,1,1,1,1,1,1,1,1,1,1,1,1,1,1,1,1,1,1,1,1,1,1,1,1,1,1,1,1,1,1,1,1,
1,1,1,1,1,1,1,1,1,1,1,1,1,1,1,1,1,1,1,1,1,1,1,1,1,1,1,1,1,1,1,1,1,1,1,1,
1,1,1,1,1,1,1,1,1,1,1,1,1,1,1,4),(0.00165925942958037,0.0273644827763103,
0.040246102109822,0.0531277214433338,0.0660093407768456,0.0788909601103573,
0.0917725794438691,0.104654198777381,0.117535818110893,0.130417437444404,
0.13685824711116,0.143299056777916,0.149739866444672,0.156180676111428,
0.162621485778184,0.16906229544494,0.172282700278317,0.175503105111696,
0.178723509945073,0.181943914778451,0.185164319611829,0.186774522028518,
0.188384724445208,0.189994926861896,0.191605129278586,0.193215331695275,
0.194020432903619,0.194825534111964,0.195630635320308,0.196435736528653,
0.197240837736997,0.198045938945341,0.198851040153685,0.199253590757858,
0.19965614136203,0.200461242570375,0.201266343778719,0.202071444987064,
0.202876546195408,0.203681647403752,0.204486748612097,0.205291849820442,
0.206096951028786,0.207707153445475,0.20851225465382,0.209317355862164,
0.210927558278853,0.211732659487197,0.212537760695542,0.213342861903887,
0.214147963112231,0.214953064320576,0.21575816552892,0.216563266737265,
0.217368367945609,0.218173469153953,0.218978570362298,0.220588772778987,
0.221393873987331,0.222198975195676,0.223809177612365,0.225419380029054,
0.227029582445743,0.228639784862431,0.23024998727912,0.233470392112499,
0.236690796945876,0.239911201779254,0.243131606612633,0.246352011446011,
0.252792821112767,0.259233630779522,0.265674440446278,0.272115250113034,
0.27855605977979,0.284996869446546,0.297878488780058,0.310760108113569,
0.323641727447081,0.336523346780593,0.349404966114104,0.362286585447616,
0.375168204781128,0.38804982411464,0.41375500976367),.UNSPECIFIED.);
#1187=B_SPLINE_CURVE_WITH_KNOTS('',3,(#4071,#4072,#4073,#4074),
 .UNSPECIFIED.,.F.,.F.,(4,4),(0.,0.000714681912049547),.UNSPECIFIED.);
#1188=B_SPLINE_CURVE_WITH_KNOTS('',3,(#4078,#4079,#4080,#4081,#4082),
 .UNSPECIFIED.,.F.,.F.,(4,1,4),(0.,0.00117734013890069,0.00235468027780138),
 .UNSPECIFIED.);
#1189=B_SPLINE_CURVE_WITH_KNOTS('',3,(#4086,#4087,#4088,#4089),
 .UNSPECIFIED.,.F.,.F.,(4,4),(0.,0.00644000057138767),.UNSPECIFIED.);
#1190=B_SPLINE_CURVE_WITH_KNOTS('',3,(#4093,#4094,#4095,#4096,#4097),
 .UNSPECIFIED.,.F.,.F.,(4,1,4),(0.,0.00117445407757314,0.00234890815514628),
 .UNSPECIFIED.);
#1191=B_SPLINE_CURVE_WITH_KNOTS('',3,(#4101,#4102,#4103,#4104),
 .UNSPECIFIED.,.F.,.F.,(4,4),(1.91606470571538E-17,0.000712290576009897),
 .UNSPECIFIED.);
#1192=B_SPLINE_CURVE_WITH_KNOTS('',3,(#4108,#4109,#4110,#4111,#4112),
 .UNSPECIFIED.,.F.,.F.,(4,1,4),(0.,0.00117309259412796,0.00234618518825593),
 .UNSPECIFIED.);
#1193=B_SPLINE_CURVE_WITH_KNOTS('',3,(#4116,#4117,#4118,#4119),
 .UNSPECIFIED.,.F.,.F.,(4,4),(0.,0.00644059365687733),.UNSPECIFIED.);
#1194=B_SPLINE_CURVE_WITH_KNOTS('',3,(#4121,#4122,#4123,#4124,#4125),
 .UNSPECIFIED.,.F.,.F.,(4,1,4),(0.,0.00117380124910394,0.00234760249820788),
 .UNSPECIFIED.);
#1195=B_SPLINE_CURVE_WITH_KNOTS('',3,(#4131,#4132,#4133,#4134),
 .UNSPECIFIED.,.F.,.F.,(4,4),(0.,0.00290001033873571),.UNSPECIFIED.);
#1196=B_SPLINE_CURVE_WITH_KNOTS('',3,(#4138,#4139,#4140,#4141),
 .UNSPECIFIED.,.F.,.F.,(4,4),(0.,0.00770007997534934),.UNSPECIFIED.);
#1197=B_SPLINE_CURVE_WITH_KNOTS('',3,(#4143,#4144,#4145,#4146),
 .UNSPECIFIED.,.F.,.F.,(4,4),(0.,0.00290015262879966),.UNSPECIFIED.);
#1198=B_SPLINE_CURVE_WITH_KNOTS('',3,(#5367,#5368,#5369,#5370),
 .UNSPECIFIED.,.F.,.F.,(4,4),(0.,0.00770001725801354),.UNSPECIFIED.);
#1199=B_SPLINE_CURVE_WITH_KNOTS('',3,(#5371,#5372,#5373,#5374,#5375,#5376,
#5377,#5378,#5379,#5380,#5381,#5382,#5383,#5384,#5385,#5386,#5387,#5388,
#5389,#5390,#5391,#5392,#5393,#5394,#5395,#5396,#5397,#5398,#5399,#5400,
#5401,#5402),.UNSPECIFIED.,.T.,.F.,(1,1,1,1,1,1,1,1,1,1,1,1,1,1,1,1,1,1,
1,1,1,1,1,1,1,1,1,1,1,1,1,1,1,1,1,1),(-0.0134651710139345,-0.0100988782604509,
-0.00673258550696725,0.,0.00336629275348362,0.00673258550696724,0.0134651710139345,
0.0168314637674181,0.0201977565209017,0.0235640492743853,0.0269303420278689,
0.0302966347813526,0.0336629275348362,0.0370292202883198,0.0403955130418034,
0.043761805795287,0.0471280985487707,0.0504943913022543,0.0538606840557379,
0.0572269768092215,0.0605932695627051,0.0639595623161888,0.0673258550696724,
0.070692147823156,0.0740584405766396,0.0807910260836068,0.0841573188370905,
0.0875236115905741,0.0908899043440577,0.0942561970975413,0.0976224898510249,
0.100988782604509,0.107721368111476,0.111087660864959,0.114453953618443,
0.12118653912541),.UNSPECIFIED.);
#1200=EDGE_LOOP('',(#356,#357,#358,#359));
#1201=EDGE_LOOP('',(#360,#361,#362,#363));
#1202=EDGE_LOOP('',(#364,#365,#366,#367));
#1203=EDGE_LOOP('',(#368,#369,#370,#371));
#1204=EDGE_LOOP('',(#372,#373,#374,#375));
#1205=EDGE_LOOP('',(#376,#377,#378,#379));
#1206=EDGE_LOOP('',(#380));
#1207=EDGE_LOOP('',(#381,#382,#383,#384));
#1208=EDGE_LOOP('',(#385,#386,#387,#388,#389,#390,#391,#392));
#1209=EDGE_LOOP('',(#393,#394,#395,#396));
#1210=EDGE_LOOP('',(#397,#398,#399,#400,#401,#402));
#1211=EDGE_LOOP('',(#403,#404,#405,#406));
#1212=EDGE_LOOP('',(#407,#408,#409,#410));
#1213=EDGE_LOOP('',(#411,#412,#413,#414));
#1214=EDGE_LOOP('',(#415,#416,#417,#418));
#1215=EDGE_LOOP('',(#419,#420));
#1216=EDGE_LOOP('',(#421,#422,#423,#424));
#1217=EDGE_LOOP('',(#425,#426,#427,#428));
#1218=EDGE_LOOP('',(#429,#430));
#1219=EDGE_LOOP('',(#431,#432,#433,#434));
#1220=EDGE_LOOP('',(#435,#436,#437,#438));
#1221=EDGE_LOOP('',(#439,#440,#441,#442));
#1222=EDGE_LOOP('',(#443,#444,#445,#446));
#1223=EDGE_LOOP('',(#447));
#1224=EDGE_LOOP('',(#448));
#1225=EDGE_LOOP('',(#449,#450,#451,#452));
#1226=EDGE_LOOP('',(#453,#454,#455,#456,#457,#458,#459,#460));
#1227=EDGE_LOOP('',(#461,#462,#463,#464));
#1228=EDGE_LOOP('',(#465,#466,#467,#468,#469,#470));
#1229=EDGE_LOOP('',(#471,#472,#473,#474));
#1230=EDGE_LOOP('',(#475,#476,#477,#478));
#1231=EDGE_LOOP('',(#479,#480,#481,#482));
#1232=EDGE_LOOP('',(#483,#484,#485,#486));
#1233=EDGE_LOOP('',(#487,#488,#489,#490));
#1234=EDGE_LOOP('',(#491,#492,#493,#494));
#1235=EDGE_LOOP('',(#495,#496,#497,#498));
#1236=EDGE_LOOP('',(#499,#500,#501,#502));
#1237=EDGE_LOOP('',(#503,#504,#505,#506));
#1238=EDGE_LOOP('',(#507,#508,#509,#510));
#1239=EDGE_LOOP('',(#511,#512,#513,#514));
#1240=EDGE_LOOP('',(#515,#516,#517,#518));
#1241=EDGE_LOOP('',(#519,#520,#521,#522));
#1242=EDGE_LOOP('',(#523,#524,#525,#526));
#1243=EDGE_LOOP('',(#527));
#1244=EDGE_LOOP('',(#528,#529,#530,#531,#532,#533,#534,#535));
#1245=EDGE_LOOP('',(#536,#537));
#1246=EDGE_LOOP('',(#538,#539,#540,#541));
#1247=EDGE_LOOP('',(#542));
#1248=EDGE_LOOP('',(#543));
#1249=EDGE_LOOP('',(#544));
#1250=EDGE_LOOP('',(#545));
#1251=EDGE_LOOP('',(#546));
#1252=EDGE_LOOP('',(#547));
#1253=EDGE_LOOP('',(#548));
#1254=EDGE_LOOP('',(#549));
#1255=EDGE_LOOP('',(#550,#551,#552,#553));
#1256=EDGE_LOOP('',(#554,#555,#556,#557));
#1257=EDGE_LOOP('',(#558,#559,#560,#561));
#1258=EDGE_LOOP('',(#562,#563,#564,#565));
#1259=EDGE_LOOP('',(#566,#567,#568,#569));
#1260=EDGE_LOOP('',(#570,#571,#572,#573));
#1261=EDGE_LOOP('',(#574,#575,#576,#577));
#1262=EDGE_LOOP('',(#578,#579,#580,#581));
#1263=EDGE_LOOP('',(#582,#583,#584,#585));
#1264=EDGE_LOOP('',(#586,#587,#588,#589));
#1265=EDGE_LOOP('',(#590,#591,#592,#593));
#1266=EDGE_LOOP('',(#594,#595,#596,#597));
#1267=EDGE_LOOP('',(#598,#599,#600,#601));
#1268=EDGE_LOOP('',(#602,#603,#604,#605));
#1269=EDGE_LOOP('',(#606,#607,#608,#609));
#1270=EDGE_LOOP('',(#610,#611,#612,#613));
#1271=EDGE_LOOP('',(#614,#615,#616,#617));
#1272=EDGE_LOOP('',(#618,#619,#620,#621));
#1273=EDGE_LOOP('',(#622,#623,#624,#625));
#1274=EDGE_LOOP('',(#626,#627,#628,#629));
#1275=EDGE_LOOP('',(#630,#631,#632,#633));
#1276=EDGE_LOOP('',(#634,#635,#636,#637));
#1277=EDGE_LOOP('',(#638,#639,#640,#641));
#1278=EDGE_LOOP('',(#642,#643,#644,#645));
#1279=EDGE_LOOP('',(#646,#647,#648,#649));
#1280=EDGE_LOOP('',(#650,#651,#652,#653));
#1281=EDGE_LOOP('',(#654,#655,#656,#657));
#1282=EDGE_LOOP('',(#658,#659,#660,#661));
#1283=EDGE_LOOP('',(#662,#663,#664,#665));
#1284=EDGE_LOOP('',(#666,#667,#668,#669));
#1285=EDGE_LOOP('',(#670,#671,#672,#673));
#1286=EDGE_LOOP('',(#674,#675,#676,#677));
#1287=EDGE_LOOP('',(#678,#679,#680,#681));
#1288=EDGE_LOOP('',(#682,#683,#684,#685));
#1289=EDGE_LOOP('',(#686,#687,#688,#689));
#1290=EDGE_LOOP('',(#690,#691,#692,#693));
#1291=EDGE_LOOP('',(#694,#695,#696,#697));
#1292=EDGE_LOOP('',(#698,#699,#700,#701));
#1293=EDGE_LOOP('',(#702,#703,#704,#705));
#1294=EDGE_LOOP('',(#706,#707,#708,#709));
#1295=EDGE_LOOP('',(#710,#711,#712,#713));
#1296=EDGE_LOOP('',(#714,#715,#716,#717));
#1297=EDGE_LOOP('',(#718,#719,#720,#721));
#1298=EDGE_LOOP('',(#722,#723,#724,#725));
#1299=EDGE_LOOP('',(#726,#727,#728,#729));
#1300=EDGE_LOOP('',(#730,#731,#732,#733));
#1301=EDGE_LOOP('',(#734,#735,#736,#737));
#1302=EDGE_LOOP('',(#738,#739,#740,#741));
#1303=EDGE_LOOP('',(#742,#743,#744,#745));
#1304=EDGE_LOOP('',(#746,#747,#748,#749));
#1305=EDGE_LOOP('',(#750,#751,#752,#753));
#1306=EDGE_LOOP('',(#754,#755,#756,#757));
#1307=EDGE_LOOP('',(#758,#759,#760,#761));
#1308=EDGE_LOOP('',(#762,#763,#764,#765));
#1309=EDGE_LOOP('',(#766,#767,#768,#769));
#1310=EDGE_LOOP('',(#770,#771,#772,#773));
#1311=FACE_BOUND('',#1200,.T.);
#1312=FACE_BOUND('',#1201,.T.);
#1313=FACE_BOUND('',#1202,.T.);
#1314=FACE_BOUND('',#1203,.T.);
#1315=FACE_BOUND('',#1204,.T.);
#1316=FACE_BOUND('',#1205,.T.);
#1317=FACE_BOUND('',#1206,.T.);
#1318=FACE_BOUND('',#1207,.T.);
#1319=FACE_BOUND('',#1208,.T.);
#1320=FACE_BOUND('',#1209,.T.);
#1321=FACE_BOUND('',#1210,.T.);
#1322=FACE_BOUND('',#1211,.T.);
#1323=FACE_BOUND('',#1212,.T.);
#1324=FACE_BOUND('',#1213,.T.);
#1325=FACE_BOUND('',#1214,.T.);
#1326=FACE_BOUND('',#1215,.T.);
#1327=FACE_BOUND('',#1216,.T.);
#1328=FACE_BOUND('',#1217,.T.);
#1329=FACE_BOUND('',#1218,.T.);
#1330=FACE_BOUND('',#1219,.T.);
#1331=FACE_BOUND('',#1220,.T.);
#1332=FACE_BOUND('',#1221,.T.);
#1333=FACE_BOUND('',#1222,.T.);
#1334=FACE_BOUND('',#1223,.T.);
#1335=FACE_BOUND('',#1224,.T.);
#1336=FACE_BOUND('',#1225,.T.);
#1337=FACE_BOUND('',#1226,.T.);
#1338=FACE_BOUND('',#1227,.T.);
#1339=FACE_BOUND('',#1228,.T.);
#1340=FACE_BOUND('',#1229,.T.);
#1341=FACE_BOUND('',#1230,.T.);
#1342=FACE_BOUND('',#1231,.T.);
#1343=FACE_BOUND('',#1232,.T.);
#1344=FACE_BOUND('',#1233,.T.);
#1345=FACE_BOUND('',#1234,.T.);
#1346=FACE_BOUND('',#1235,.T.);
#1347=FACE_BOUND('',#1236,.T.);
#1348=FACE_BOUND('',#1237,.T.);
#1349=FACE_BOUND('',#1238,.T.);
#1350=FACE_BOUND('',#1239,.T.);
#1351=FACE_BOUND('',#1240,.T.);
#1352=FACE_BOUND('',#1241,.T.);
#1353=FACE_BOUND('',#1242,.T.);
#1354=FACE_BOUND('',#1243,.T.);
#1355=FACE_BOUND('',#1244,.T.);
#1356=FACE_BOUND('',#1245,.T.);
#1357=FACE_BOUND('',#1246,.T.);
#1358=FACE_BOUND('',#1247,.T.);
#1359=FACE_BOUND('',#1248,.T.);
#1360=FACE_BOUND('',#1249,.T.);
#1361=FACE_BOUND('',#1250,.T.);
#1362=FACE_BOUND('',#1251,.T.);
#1363=FACE_BOUND('',#1252,.T.);
#1364=FACE_BOUND('',#1253,.T.);
#1365=FACE_BOUND('',#1254,.T.);
#1366=FACE_BOUND('',#1255,.T.);
#1367=FACE_BOUND('',#1256,.T.);
#1368=FACE_BOUND('',#1257,.T.);
#1369=FACE_BOUND('',#1258,.T.);
#1370=FACE_BOUND('',#1259,.T.);
#1371=FACE_BOUND('',#1260,.T.);
#1372=FACE_BOUND('',#1261,.T.);
#1373=FACE_BOUND('',#1262,.T.);
#1374=FACE_BOUND('',#1263,.T.);
#1375=FACE_BOUND('',#1264,.T.);
#1376=FACE_BOUND('',#1265,.T.);
#1377=FACE_BOUND('',#1266,.T.);
#1378=FACE_BOUND('',#1267,.T.);
#1379=FACE_BOUND('',#1268,.T.);
#1380=FACE_BOUND('',#1269,.T.);
#1381=FACE_BOUND('',#1270,.T.);
#1382=FACE_BOUND('',#1271,.T.);
#1383=FACE_BOUND('',#1272,.T.);
#1384=FACE_BOUND('',#1273,.T.);
#1385=FACE_BOUND('',#1274,.T.);
#1386=FACE_BOUND('',#1275,.T.);
#1387=FACE_BOUND('',#1276,.T.);
#1388=FACE_BOUND('',#1277,.T.);
#1389=FACE_BOUND('',#1278,.T.);
#1390=FACE_BOUND('',#1279,.T.);
#1391=FACE_BOUND('',#1280,.T.);
#1392=FACE_BOUND('',#1281,.T.);
#1393=FACE_BOUND('',#1282,.T.);
#1394=FACE_BOUND('',#1283,.T.);
#1395=FACE_BOUND('',#1284,.T.);
#1396=FACE_BOUND('',#1285,.T.);
#1397=FACE_BOUND('',#1286,.T.);
#1398=FACE_BOUND('',#1287,.T.);
#1399=FACE_BOUND('',#1288,.T.);
#1400=FACE_BOUND('',#1289,.T.);
#1401=FACE_BOUND('',#1290,.T.);
#1402=FACE_BOUND('',#1291,.T.);
#1403=FACE_BOUND('',#1292,.T.);
#1404=FACE_BOUND('',#1293,.T.);
#1405=FACE_BOUND('',#1294,.T.);
#1406=FACE_BOUND('',#1295,.T.);
#1407=FACE_BOUND('',#1296,.T.);
#1408=FACE_BOUND('',#1297,.T.);
#1409=FACE_BOUND('',#1298,.T.);
#1410=FACE_BOUND('',#1299,.T.);
#1411=FACE_BOUND('',#1300,.T.);
#1412=FACE_BOUND('',#1301,.T.);
#1413=FACE_BOUND('',#1302,.T.);
#1414=FACE_BOUND('',#1303,.T.);
#1415=FACE_BOUND('',#1304,.T.);
#1416=FACE_BOUND('',#1305,.T.);
#1417=FACE_BOUND('',#1306,.T.);
#1418=FACE_BOUND('',#1307,.T.);
#1419=FACE_BOUND('',#1308,.T.);
#1420=FACE_BOUND('',#1309,.T.);
#1421=FACE_BOUND('',#1310,.T.);
#1422=B_SPLINE_SURFACE_WITH_KNOTS('',3,3,((#1898,#1899,#1900,#1901,#1902,
#1903,#1904,#1905,#1906,#1907,#1908,#1909,#1910,#1911,#1912,#1913,#1914,
#1915),(#1916,#1917,#1918,#1919,#1920,#1921,#1922,#1923,#1924,#1925,#1926,
#1927,#1928,#1929,#1930,#1931,#1932,#1933),(#1934,#1935,#1936,#1937,#1938,
#1939,#1940,#1941,#1942,#1943,#1944,#1945,#1946,#1947,#1948,#1949,#1950,
#1951),(#1952,#1953,#1954,#1955,#1956,#1957,#1958,#1959,#1960,#1961,#1962,
#1963,#1964,#1965,#1966,#1967,#1968,#1969),(#1970,#1971,#1972,#1973,#1974,
#1975,#1976,#1977,#1978,#1979,#1980,#1981,#1982,#1983,#1984,#1985,#1986,
#1987),(#1988,#1989,#1990,#1991,#1992,#1993,#1994,#1995,#1996,#1997,#1998,
#1999,#2000,#2001,#2002,#2003,#2004,#2005),(#2006,#2007,#2008,#2009,#2010,
#2011,#2012,#2013,#2014,#2015,#2016,#2017,#2018,#2019,#2020,#2021,#2022,
#2023),(#2024,#2025,#2026,#2027,#2028,#2029,#2030,#2031,#2032,#2033,#2034,
#2035,#2036,#2037,#2038,#2039,#2040,#2041),(#2042,#2043,#2044,#2045,#2046,
#2047,#2048,#2049,#2050,#2051,#2052,#2053,#2054,#2055,#2056,#2057,#2058,
#2059),(#2060,#2061,#2062,#2063,#2064,#2065,#2066,#2067,#2068,#2069,#2070,
#2071,#2072,#2073,#2074,#2075,#2076,#2077),(#2078,#2079,#2080,#2081,#2082,
#2083,#2084,#2085,#2086,#2087,#2088,#2089,#2090,#2091,#2092,#2093,#2094,
#2095),(#2096,#2097,#2098,#2099,#2100,#2101,#2102,#2103,#2104,#2105,#2106,
#2107,#2108,#2109,#2110,#2111,#2112,#2113),(#2114,#2115,#2116,#2117,#2118,
#2119,#2120,#2121,#2122,#2123,#2124,#2125,#2126,#2127,#2128,#2129,#2130,
#2131),(#2132,#2133,#2134,#2135,#2136,#2137,#2138,#2139,#2140,#2141,#2142,
#2143,#2144,#2145,#2146,#2147,#2148,#2149),(#2150,#2151,#2152,#2153,#2154,
#2155,#2156,#2157,#2158,#2159,#2160,#2161,#2162,#2163,#2164,#2165,#2166,
#2167),(#2168,#2169,#2170,#2171,#2172,#2173,#2174,#2175,#2176,#2177,#2178,
#2179,#2180,#2181,#2182,#2183,#2184,#2185),(#2186,#2187,#2188,#2189,#2190,
#2191,#2192,#2193,#2194,#2195,#2196,#2197,#2198,#2199,#2200,#2201,#2202,
#2203),(#2204,#2205,#2206,#2207,#2208,#2209,#2210,#2211,#2212,#2213,#2214,
#2215,#2216,#2217,#2218,#2219,#2220,#2221),(#2222,#2223,#2224,#2225,#2226,
#2227,#2228,#2229,#2230,#2231,#2232,#2233,#2234,#2235,#2236,#2237,#2238,
#2239),(#2240,#2241,#2242,#2243,#2244,#2245,#2246,#2247,#2248,#2249,#2250,
#2251,#2252,#2253,#2254,#2255,#2256,#2257),(#2258,#2259,#2260,#2261,#2262,
#2263,#2264,#2265,#2266,#2267,#2268,#2269,#2270,#2271,#2272,#2273,#2274,
#2275),(#2276,#2277,#2278,#2279,#2280,#2281,#2282,#2283,#2284,#2285,#2286,
#2287,#2288,#2289,#2290,#2291,#2292,#2293),(#2294,#2295,#2296,#2297,#2298,
#2299,#2300,#2301,#2302,#2303,#2304,#2305,#2306,#2307,#2308,#2309,#2310,
#2311),(#2312,#2313,#2314,#2315,#2316,#2317,#2318,#2319,#2320,#2321,#2322,
#2323,#2324,#2325,#2326,#2327,#2328,#2329),(#2330,#2331,#2332,#2333,#2334,
#2335,#2336,#2337,#2338,#2339,#2340,#2341,#2342,#2343,#2344,#2345,#2346,
#2347),(#2348,#2349,#2350,#2351,#2352,#2353,#2354,#2355,#2356,#2357,#2358,
#2359,#2360,#2361,#2362,#2363,#2364,#2365),(#2366,#2367,#2368,#2369,#2370,
#2371,#2372,#2373,#2374,#2375,#2376,#2377,#2378,#2379,#2380,#2381,#2382,
#2383),(#2384,#2385,#2386,#2387,#2388,#2389,#2390,#2391,#2392,#2393,#2394,
#2395,#2396,#2397,#2398,#2399,#2400,#2401),(#2402,#2403,#2404,#2405,#2406,
#2407,#2408,#2409,#2410,#2411,#2412,#2413,#2414,#2415,#2416,#2417,#2418,
#2419),(#2420,#2421,#2422,#2423,#2424,#2425,#2426,#2427,#2428,#2429,#2430,
#2431,#2432,#2433,#2434,#2435,#2436,#2437),(#2438,#2439,#2440,#2441,#2442,
#2443,#2444,#2445,#2446,#2447,#2448,#2449,#2450,#2451,#2452,#2453,#2454,
#2455),(#2456,#2457,#2458,#2459,#2460,#2461,#2462,#2463,#2464,#2465,#2466,
#2467,#2468,#2469,#2470,#2471,#2472,#2473),(#2474,#2475,#2476,#2477,#2478,
#2479,#2480,#2481,#2482,#2483,#2484,#2485,#2486,#2487,#2488,#2489,#2490,
#2491),(#2492,#2493,#2494,#2495,#2496,#2497,#2498,#2499,#2500,#2501,#2502,
#2503,#2504,#2505,#2506,#2507,#2508,#2509),(#2510,#2511,#2512,#2513,#2514,
#2515,#2516,#2517,#2518,#2519,#2520,#2521,#2522,#2523,#2524,#2525,#2526,
#2527),(#2528,#2529,#2530,#2531,#2532,#2533,#2534,#2535,#2536,#2537,#2538,
#2539,#2540,#2541,#2542,#2543,#2544,#2545),(#2546,#2547,#2548,#2549,#2550,
#2551,#2552,#2553,#2554,#2555,#2556,#2557,#2558,#2559,#2560,#2561,#2562,
#2563),(#2564,#2565,#2566,#2567,#2568,#2569,#2570,#2571,#2572,#2573,#2574,
#2575,#2576,#2577,#2578,#2579,#2580,#2581),(#2582,#2583,#2584,#2585,#2586,
#2587,#2588,#2589,#2590,#2591,#2592,#2593,#2594,#2595,#2596,#2597,#2598,
#2599),(#2600,#2601,#2602,#2603,#2604,#2605,#2606,#2607,#2608,#2609,#2610,
#2611,#2612,#2613,#2614,#2615,#2616,#2617),(#2618,#2619,#2620,#2621,#2622,
#2623,#2624,#2625,#2626,#2627,#2628,#2629,#2630,#2631,#2632,#2633,#2634,
#2635),(#2636,#2637,#2638,#2639,#2640,#2641,#2642,#2643,#2644,#2645,#2646,
#2647,#2648,#2649,#2650,#2651,#2652,#2653),(#2654,#2655,#2656,#2657,#2658,
#2659,#2660,#2661,#2662,#2663,#2664,#2665,#2666,#2667,#2668,#2669,#2670,
#2671),(#2672,#2673,#2674,#2675,#2676,#2677,#2678,#2679,#2680,#2681,#2682,
#2683,#2684,#2685,#2686,#2687,#2688,#2689),(#2690,#2691,#2692,#2693,#2694,
#2695,#2696,#2697,#2698,#2699,#2700,#2701,#2702,#2703,#2704,#2705,#2706,
#2707),(#2708,#2709,#2710,#2711,#2712,#2713,#2714,#2715,#2716,#2717,#2718,
#2719,#2720,#2721,#2722,#2723,#2724,#2725),(#2726,#2727,#2728,#2729,#2730,
#2731,#2732,#2733,#2734,#2735,#2736,#2737,#2738,#2739,#2740,#2741,#2742,
#2743),(#2744,#2745,#2746,#2747,#2748,#2749,#2750,#2751,#2752,#2753,#2754,
#2755,#2756,#2757,#2758,#2759,#2760,#2761),(#2762,#2763,#2764,#2765,#2766,
#2767,#2768,#2769,#2770,#2771,#2772,#2773,#2774,#2775,#2776,#2777,#2778,
#2779),(#2780,#2781,#2782,#2783,#2784,#2785,#2786,#2787,#2788,#2789,#2790,
#2791,#2792,#2793,#2794,#2795,#2796,#2797),(#2798,#2799,#2800,#2801,#2802,
#2803,#2804,#2805,#2806,#2807,#2808,#2809,#2810,#2811,#2812,#2813,#2814,
#2815),(#2816,#2817,#2818,#2819,#2820,#2821,#2822,#2823,#2824,#2825,#2826,
#2827,#2828,#2829,#2830,#2831,#2832,#2833),(#2834,#2835,#2836,#2837,#2838,
#2839,#2840,#2841,#2842,#2843,#2844,#2845,#2846,#2847,#2848,#2849,#2850,
#2851),(#2852,#2853,#2854,#2855,#2856,#2857,#2858,#2859,#2860,#2861,#2862,
#2863,#2864,#2865,#2866,#2867,#2868,#2869),(#2870,#2871,#2872,#2873,#2874,
#2875,#2876,#2877,#2878,#2879,#2880,#2881,#2882,#2883,#2884,#2885,#2886,
#2887),(#2888,#2889,#2890,#2891,#2892,#2893,#2894,#2895,#2896,#2897,#2898,
#2899,#2900,#2901,#2902,#2903,#2904,#2905),(#2906,#2907,#2908,#2909,#2910,
#2911,#2912,#2913,#2914,#2915,#2916,#2917,#2918,#2919,#2920,#2921,#2922,
#2923),(#2924,#2925,#2926,#2927,#2928,#2929,#2930,#2931,#2932,#2933,#2934,
#2935,#2936,#2937,#2938,#2939,#2940,#2941),(#2942,#2943,#2944,#2945,#2946,
#2947,#2948,#2949,#2950,#2951,#2952,#2953,#2954,#2955,#2956,#2957,#2958,
#2959)),.UNSPECIFIED.,.T.,.F.,.F.,(1,1,1,1,1,1,1,1,1,1,1,1,1,1,1,1,1,1,
1,1,1,1,1,1,1,1,1,1,1,1,1,1,1,1,1,1,1,1,1,1,1,1,1,1,1,1,1,1,1,1,1,1,1,1,
1,1,1,1,1,1,1,1,1),(4,1,1,1,1,1,1,1,1,1,1,1,1,1,1,4),(-0.046875,-0.03125,
-0.015625,0.,0.015625,0.03125,0.046875,0.0625,0.078125,0.09375,0.109375,
0.125,0.140625,0.15625,0.171875,0.1875,0.21875,0.25,0.28125,0.3125,0.328125,
0.34375,0.359375,0.375,0.390625,0.40625,0.421875,0.4375,0.453125,0.46875,
0.484375,0.5,0.515625,0.53125,0.546875,0.5625,0.578125,0.59375,0.609375,
0.625,0.640625,0.65625,0.671875,0.6875,0.71875,0.75,0.78125,0.8125,0.828125,
0.84375,0.859375,0.875,0.890625,0.90625,0.921875,0.9375,0.953125,0.96875,
0.984375,1.,1.015625,1.03125,1.046875),(0.03210236600959,0.0929839381570012,
0.123424724230707,0.153865510304412,0.184306296378118,0.214747082451823,
0.245187868525529,0.28577558329047,0.336510226746646,0.397391798894057,
0.458273371041468,0.519154943188879,0.58003651533629,0.661211944866172,
0.762681231778524,1.00620752036817),.UNSPECIFIED.);
#1423=B_SPLINE_SURFACE_WITH_KNOTS('',3,3,((#3443,#3444,#3445,#3446),(#3447,
#3448,#3449,#3450),(#3451,#3452,#3453,#3454),(#3455,#3456,#3457,#3458),
(#3459,#3460,#3461,#3462),(#3463,#3464,#3465,#3466),(#3467,#3468,#3469,
#3470),(#3471,#3472,#3473,#3474),(#3475,#3476,#3477,#3478),(#3479,#3480,
#3481,#3482),(#3483,#3484,#3485,#3486),(#3487,#3488,#3489,#3490),(#3491,
#3492,#3493,#3494),(#3495,#3496,#3497,#3498),(#3499,#3500,#3501,#3502),
(#3503,#3504,#3505,#3506),(#3507,#3508,#3509,#3510),(#3511,#3512,#3513,
#3514),(#3515,#3516,#3517,#3518),(#3519,#3520,#3521,#3522),(#3523,#3524,
#3525,#3526),(#3527,#3528,#3529,#3530),(#3531,#3532,#3533,#3534),(#3535,
#3536,#3537,#3538),(#3539,#3540,#3541,#3542),(#3543,#3544,#3545,#3546),
(#3547,#3548,#3549,#3550),(#3551,#3552,#3553,#3554),(#3555,#3556,#3557,
#3558),(#3559,#3560,#3561,#3562),(#3563,#3564,#3565,#3566)),
 .UNSPECIFIED.,.T.,.F.,.F.,(1,1,1,1,1,1,1,1,1,1,1,1,1,1,1,1,1,1,1,1,1,1,
1,1,1,1,1,1,1,1,1,1,1,1,1),(4,4),(-0.09375,-0.0625,-0.03125,0.,0.03125,
0.0625,0.09375,0.125,0.15625,0.1875,0.25,0.3125,0.34375,0.375,0.40625,0.4375,
0.46875,0.5,0.53125,0.5625,0.59375,0.625,0.65625,0.6875,0.75,0.8125,0.84375,
0.875,0.90625,0.9375,0.96875,1.,1.03125,1.0625,1.09375),(0.0226836637590671,
0.0326933255319594),.UNSPECIFIED.);
#1424=B_SPLINE_SURFACE_WITH_KNOTS('',3,1,((#3867,#3868),(#3869,#3870),(#3871,
#3872),(#3873,#3874),(#3875,#3876),(#3877,#3878),(#3879,#3880),(#3881,#3882),
(#3883,#3884),(#3885,#3886),(#3887,#3888),(#3889,#3890),(#3891,#3892),(#3893,
#3894),(#3895,#3896),(#3897,#3898),(#3899,#3900),(#3901,#3902),(#3903,#3904),
(#3905,#3906),(#3907,#3908),(#3909,#3910),(#3911,#3912),(#3913,#3914),(#3915,
#3916),(#3917,#3918),(#3919,#3920),(#3921,#3922),(#3923,#3924),(#3925,#3926),
(#3927,#3928),(#3929,#3930),(#3931,#3932),(#3933,#3934),(#3935,#3936),(#3937,
#3938),(#3939,#3940),(#3941,#3942),(#3943,#3944),(#3945,#3946),(#3947,#3948),
(#3949,#3950),(#3951,#3952),(#3953,#3954),(#3955,#3956),(#3957,#3958),(#3959,
#3960),(#3961,#3962),(#3963,#3964),(#3965,#3966),(#3967,#3968),(#3969,#3970),
(#3971,#3972),(#3973,#3974),(#3975,#3976)),.SURF_OF_LINEAR_EXTRUSION.,.F.,
 .F.,.F.,(4,1,1,1,1,1,1,1,1,1,1,1,1,1,1,1,1,1,1,1,1,1,1,1,1,1,1,1,1,1,1,
1,1,1,1,1,1,1,1,1,1,1,1,1,1,1,1,1,1,1,1,1,4),(2,2),(0.00165925942958037,
0.027415243825461,0.0531712282213416,0.0789272126172222,0.0918052048151625,
0.104683197013103,0.117561189211043,0.130439181408983,0.143317173606924,
0.149756169705894,0.156195165804864,0.162634161903834,0.169073158002804,
0.175512154101774,0.17873165215126,0.181951150200745,0.18517064825023,0.188390146299715,
0.1916096443492,0.193219393373942,0.194829142398685,0.196438891423427,0.19804864044817,
0.199658389472913,0.201268138497655,0.20448763654714,0.207707134596625,
0.21092663264611,0.214146130695595,0.215755879720338,0.21736562874508,0.218975377769823,
0.220585126794565,0.222194875819308,0.223804624844051,0.227024122893536,
0.230243620943021,0.233463118992506,0.236682617041991,0.239902115091476,
0.246341111190446,0.252780107289416,0.259219103388386,0.265658099487357,
0.272097095586327,0.284975087784267,0.297853079982207,0.310731072180148,
0.323609064378088,0.336487056576028,0.362243040971909,0.387999025367789,
0.41375500976367),(0.,1.),.UNSPECIFIED.);
#1425=B_SPLINE_SURFACE_WITH_KNOTS('',3,3,((#4149,#4150,#4151,#4152,#4153,
#4154,#4155),(#4156,#4157,#4158,#4159,#4160,#4161,#4162),(#4163,#4164,#4165,
#4166,#4167,#4168,#4169),(#4170,#4171,#4172,#4173,#4174,#4175,#4176),(#4177,
#4178,#4179,#4180,#4181,#4182,#4183),(#4184,#4185,#4186,#4187,#4188,#4189,
#4190),(#4191,#4192,#4193,#4194,#4195,#4196,#4197),(#4198,#4199,#4200,#4201,
#4202,#4203,#4204),(#4205,#4206,#4207,#4208,#4209,#4210,#4211),(#4212,#4213,
#4214,#4215,#4216,#4217,#4218),(#4219,#4220,#4221,#4222,#4223,#4224,#4225),
(#4226,#4227,#4228,#4229,#4230,#4231,#4232),(#4233,#4234,#4235,#4236,#4237,
#4238,#4239),(#4240,#4241,#4242,#4243,#4244,#4245,#4246),(#4247,#4248,#4249,
#4250,#4251,#4252,#4253),(#4254,#4255,#4256,#4257,#4258,#4259,#4260),(#4261,
#4262,#4263,#4264,#4265,#4266,#4267),(#4268,#4269,#4270,#4271,#4272,#4273,
#4274),(#4275,#4276,#4277,#4278,#4279,#4280,#4281),(#4282,#4283,#4284,#4285,
#4286,#4287,#4288),(#4289,#4290,#4291,#4292,#4293,#4294,#4295),(#4296,#4297,
#4298,#4299,#4300,#4301,#4302),(#4303,#4304,#4305,#4306,#4307,#4308,#4309),
(#4310,#4311,#4312,#4313,#4314,#4315,#4316),(#4317,#4318,#4319,#4320,#4321,
#4322,#4323),(#4324,#4325,#4326,#4327,#4328,#4329,#4330),(#4331,#4332,#4333,
#4334,#4335,#4336,#4337),(#4338,#4339,#4340,#4341,#4342,#4343,#4344),(#4345,
#4346,#4347,#4348,#4349,#4350,#4351),(#4352,#4353,#4354,#4355,#4356,#4357,
#4358),(#4359,#4360,#4361,#4362,#4363,#4364,#4365),(#4366,#4367,#4368,#4369,
#4370,#4371,#4372),(#4373,#4374,#4375,#4376,#4377,#4378,#4379),(#4380,#4381,
#4382,#4383,#4384,#4385,#4386),(#4387,#4388,#4389,#4390,#4391,#4392,#4393),
(#4394,#4395,#4396,#4397,#4398,#4399,#4400),(#4401,#4402,#4403,#4404,#4405,
#4406,#4407),(#4408,#4409,#4410,#4411,#4412,#4413,#4414),(#4415,#4416,#4417,
#4418,#4419,#4420,#4421),(#4422,#4423,#4424,#4425,#4426,#4427,#4428),(#4429,
#4430,#4431,#4432,#4433,#4434,#4435),(#4436,#4437,#4438,#4439,#4440,#4441,
#4442),(#4443,#4444,#4445,#4446,#4447,#4448,#4449),(#4450,#4451,#4452,#4453,
#4454,#4455,#4456),(#4457,#4458,#4459,#4460,#4461,#4462,#4463),(#4464,#4465,
#4466,#4467,#4468,#4469,#4470),(#4471,#4472,#4473,#4474,#4475,#4476,#4477),
(#4478,#4479,#4480,#4481,#4482,#4483,#4484),(#4485,#4486,#4487,#4488,#4489,
#4490,#4491),(#4492,#4493,#4494,#4495,#4496,#4497,#4498),(#4499,#4500,#4501,
#4502,#4503,#4504,#4505),(#4506,#4507,#4508,#4509,#4510,#4511,#4512),(#4513,
#4514,#4515,#4516,#4517,#4518,#4519),(#4520,#4521,#4522,#4523,#4524,#4525,
#4526),(#4527,#4528,#4529,#4530,#4531,#4532,#4533),(#4534,#4535,#4536,#4537,
#4538,#4539,#4540),(#4541,#4542,#4543,#4544,#4545,#4546,#4547),(#4548,#4549,
#4550,#4551,#4552,#4553,#4554),(#4555,#4556,#4557,#4558,#4559,#4560,#4561),
(#4562,#4563,#4564,#4565,#4566,#4567,#4568),(#4569,#4570,#4571,#4572,#4573,
#4574,#4575),(#4576,#4577,#4578,#4579,#4580,#4581,#4582),(#4583,#4584,#4585,
#4586,#4587,#4588,#4589),(#4590,#4591,#4592,#4593,#4594,#4595,#4596),(#4597,
#4598,#4599,#4600,#4601,#4602,#4603),(#4604,#4605,#4606,#4607,#4608,#4609,
#4610),(#4611,#4612,#4613,#4614,#4615,#4616,#4617),(#4618,#4619,#4620,#4621,
#4622,#4623,#4624),(#4625,#4626,#4627,#4628,#4629,#4630,#4631),(#4632,#4633,
#4634,#4635,#4636,#4637,#4638),(#4639,#4640,#4641,#4642,#4643,#4644,#4645),
(#4646,#4647,#4648,#4649,#4650,#4651,#4652),(#4653,#4654,#4655,#4656,#4657,
#4658,#4659),(#4660,#4661,#4662,#4663,#4664,#4665,#4666),(#4667,#4668,#4669,
#4670,#4671,#4672,#4673),(#4674,#4675,#4676,#4677,#4678,#4679,#4680),(#4681,
#4682,#4683,#4684,#4685,#4686,#4687),(#4688,#4689,#4690,#4691,#4692,#4693,
#4694),(#4695,#4696,#4697,#4698,#4699,#4700,#4701),(#4702,#4703,#4704,#4705,
#4706,#4707,#4708),(#4709,#4710,#4711,#4712,#4713,#4714,#4715),(#4716,#4717,
#4718,#4719,#4720,#4721,#4722),(#4723,#4724,#4725,#4726,#4727,#4728,#4729),
(#4730,#4731,#4732,#4733,#4734,#4735,#4736),(#4737,#4738,#4739,#4740,#4741,
#4742,#4743),(#4744,#4745,#4746,#4747,#4748,#4749,#4750),(#4751,#4752,#4753,
#4754,#4755,#4756,#4757),(#4758,#4759,#4760,#4761,#4762,#4763,#4764),(#4765,
#4766,#4767,#4768,#4769,#4770,#4771),(#4772,#4773,#4774,#4775,#4776,#4777,
#4778),(#4779,#4780,#4781,#4782,#4783,#4784,#4785),(#4786,#4787,#4788,#4789,
#4790,#4791,#4792),(#4793,#4794,#4795,#4796,#4797,#4798,#4799),(#4800,#4801,
#4802,#4803,#4804,#4805,#4806),(#4807,#4808,#4809,#4810,#4811,#4812,#4813),
(#4814,#4815,#4816,#4817,#4818,#4819,#4820),(#4821,#4822,#4823,#4824,#4825,
#4826,#4827),(#4828,#4829,#4830,#4831,#4832,#4833,#4834),(#4835,#4836,#4837,
#4838,#4839,#4840,#4841),(#4842,#4843,#4844,#4845,#4846,#4847,#4848),(#4849,
#4850,#4851,#4852,#4853,#4854,#4855),(#4856,#4857,#4858,#4859,#4860,#4861,
#4862),(#4863,#4864,#4865,#4866,#4867,#4868,#4869),(#4870,#4871,#4872,#4873,
#4874,#4875,#4876),(#4877,#4878,#4879,#4880,#4881,#4882,#4883),(#4884,#4885,
#4886,#4887,#4888,#4889,#4890),(#4891,#4892,#4893,#4894,#4895,#4896,#4897),
(#4898,#4899,#4900,#4901,#4902,#4903,#4904),(#4905,#4906,#4907,#4908,#4909,
#4910,#4911),(#4912,#4913,#4914,#4915,#4916,#4917,#4918),(#4919,#4920,#4921,
#4922,#4923,#4924,#4925),(#4926,#4927,#4928,#4929,#4930,#4931,#4932),(#4933,
#4934,#4935,#4936,#4937,#4938,#4939),(#4940,#4941,#4942,#4943,#4944,#4945,
#4946),(#4947,#4948,#4949,#4950,#4951,#4952,#4953),(#4954,#4955,#4956,#4957,
#4958,#4959,#4960),(#4961,#4962,#4963,#4964,#4965,#4966,#4967),(#4968,#4969,
#4970,#4971,#4972,#4973,#4974),(#4975,#4976,#4977,#4978,#4979,#4980,#4981),
(#4982,#4983,#4984,#4985,#4986,#4987,#4988),(#4989,#4990,#4991,#4992,#4993,
#4994,#4995),(#4996,#4997,#4998,#4999,#5000,#5001,#5002),(#5003,#5004,#5005,
#5006,#5007,#5008,#5009),(#5010,#5011,#5012,#5013,#5014,#5015,#5016),(#5017,
#5018,#5019,#5020,#5021,#5022,#5023),(#5024,#5025,#5026,#5027,#5028,#5029,
#5030),(#5031,#5032,#5033,#5034,#5035,#5036,#5037),(#5038,#5039,#5040,#5041,
#5042,#5043,#5044),(#5045,#5046,#5047,#5048,#5049,#5050,#5051),(#5052,#5053,
#5054,#5055,#5056,#5057,#5058),(#5059,#5060,#5061,#5062,#5063,#5064,#5065),
(#5066,#5067,#5068,#5069,#5070,#5071,#5072),(#5073,#5074,#5075,#5076,#5077,
#5078,#5079),(#5080,#5081,#5082,#5083,#5084,#5085,#5086),(#5087,#5088,#5089,
#5090,#5091,#5092,#5093),(#5094,#5095,#5096,#5097,#5098,#5099,#5100),(#5101,
#5102,#5103,#5104,#5105,#5106,#5107),(#5108,#5109,#5110,#5111,#5112,#5113,
#5114),(#5115,#5116,#5117,#5118,#5119,#5120,#5121),(#5122,#5123,#5124,#5125,
#5126,#5127,#5128),(#5129,#5130,#5131,#5132,#5133,#5134,#5135),(#5136,#5137,
#5138,#5139,#5140,#5141,#5142),(#5143,#5144,#5145,#5146,#5147,#5148,#5149),
(#5150,#5151,#5152,#5153,#5154,#5155,#5156),(#5157,#5158,#5159,#5160,#5161,
#5162,#5163),(#5164,#5165,#5166,#5167,#5168,#5169,#5170),(#5171,#5172,#5173,
#5174,#5175,#5176,#5177),(#5178,#5179,#5180,#5181,#5182,#5183,#5184),(#5185,
#5186,#5187,#5188,#5189,#5190,#5191),(#5192,#5193,#5194,#5195,#5196,#5197,
#5198),(#5199,#5200,#5201,#5202,#5203,#5204,#5205),(#5206,#5207,#5208,#5209,
#5210,#5211,#5212),(#5213,#5214,#5215,#5216,#5217,#5218,#5219),(#5220,#5221,
#5222,#5223,#5224,#5225,#5226),(#5227,#5228,#5229,#5230,#5231,#5232,#5233),
(#5234,#5235,#5236,#5237,#5238,#5239,#5240),(#5241,#5242,#5243,#5244,#5245,
#5246,#5247),(#5248,#5249,#5250,#5251,#5252,#5253,#5254),(#5255,#5256,#5257,
#5258,#5259,#5260,#5261),(#5262,#5263,#5264,#5265,#5266,#5267,#5268),(#5269,
#5270,#5271,#5272,#5273,#5274,#5275),(#5276,#5277,#5278,#5279,#5280,#5281,
#5282),(#5283,#5284,#5285,#5286,#5287,#5288,#5289),(#5290,#5291,#5292,#5293,
#5294,#5295,#5296),(#5297,#5298,#5299,#5300,#5301,#5302,#5303),(#5304,#5305,
#5306,#5307,#5308,#5309,#5310),(#5311,#5312,#5313,#5314,#5315,#5316,#5317),
(#5318,#5319,#5320,#5321,#5322,#5323,#5324),(#5325,#5326,#5327,#5328,#5329,
#5330,#5331),(#5332,#5333,#5334,#5335,#5336,#5337,#5338),(#5339,#5340,#5341,
#5342,#5343,#5344,#5345),(#5346,#5347,#5348,#5349,#5350,#5351,#5352),(#5353,
#5354,#5355,#5356,#5357,#5358,#5359),(#5360,#5361,#5362,#5363,#5364,#5365,
#5366)),.UNSPECIFIED.,.T.,.F.,.F.,(2,2,2,2,2,2,2,2,2,2,2,2,2,2,2,2,2,2,
2,2,2,2,2,2,2,2,2,2,2,2,2,2,2,2,2,2,2,2,2,2,2,2,2,2,2,2,2,2,2,2,2,2,2,2,
2,2,2,2,2,2,2,2,2,2,2,2,2,2,2,2,2,2,2,2,2,2,2,2,2,2,2,2,2,2,2,2,2,2,2),
(4,1,1,1,4),(-0.03125,0.,0.03125,0.046875,0.0546875,0.05859375,0.0625,0.0703125,
0.07421875,0.078125,0.09375,0.125,0.1328125,0.140625,0.14453125,0.1484375,
0.15625,0.16015625,0.162109375,0.1640625,0.171875,0.1875,0.21875,0.25,0.3125,
0.328125,0.33203125,0.3359375,0.33984375,0.34375,0.3515625,0.35546875,0.359375,
0.3671875,0.375,0.40625,0.421875,0.42578125,0.4296875,0.4375,0.44140625,
0.4453125,0.453125,0.46875,0.5,0.53125,0.546875,0.5546875,0.55859375,0.5625,
0.5703125,0.57421875,0.578125,0.59375,0.625,0.6328125,0.640625,0.64453125,
0.6484375,0.65625,0.66015625,0.6640625,0.66796875,0.671875,0.6875,0.75,
0.78125,0.8125,0.828125,0.8359375,0.837890625,0.83984375,0.84375,0.8515625,
0.85546875,0.859375,0.8671875,0.875,0.90625,0.921875,0.92578125,0.9296875,
0.9375,0.94140625,0.9453125,0.953125,0.96875,1.,1.03125),(0.0168967271228689,
0.034235808722467,0.18150875499386,0.471251591356163,1.),.UNSPECIFIED.);
#1426=B_SPLINE_SURFACE_WITH_KNOTS('',3,1,((#5405,#5406),(#5407,#5408),(#5409,
#5410),(#5411,#5412),(#5413,#5414)),.SURF_OF_LINEAR_EXTRUSION.,.F.,.F.,
 .F.,(4,1,4),(2,2),(-0.0541647395671312,-0.0270823754605242,-1.13539171919689E-8),
(0.,1.),.UNSPECIFIED.);
#1427=ADVANCED_FACE('',(#1311,#1312,#1313,#1314,#1315,#1316,#1317,#1318,
#1319,#1320,#1321,#1322,#1323),#1422,.F.);
#1428=ADVANCED_FACE('',(#1324,#1325,#1326,#1327,#1328),#283,.F.);
#1429=ADVANCED_FACE('',(#1329,#1330,#1331,#1332,#1333),#284,.T.);
#1430=ADVANCED_FACE('',(#1334,#1335),#1423,.F.);
#1431=ADVANCED_FACE('',(#1336),#285,.T.);
#1432=ADVANCED_FACE('',(#1337),#286,.F.);
#1433=ADVANCED_FACE('',(#1338),#287,.F.);
#1434=ADVANCED_FACE('',(#1339),#1424,.T.);
#1435=ADVANCED_FACE('',(#1340),#288,.F.);
#1436=ADVANCED_FACE('',(#1341),#289,.T.);
#1437=ADVANCED_FACE('',(#1342),#290,.T.);
#1438=ADVANCED_FACE('',(#1343),#14,.F.);
#1439=ADVANCED_FACE('',(#1344),#291,.T.);
#1440=ADVANCED_FACE('',(#1345),#15,.F.);
#1441=ADVANCED_FACE('',(#1346),#292,.T.);
#1442=ADVANCED_FACE('',(#1347),#16,.F.);
#1443=ADVANCED_FACE('',(#1348),#293,.T.);
#1444=ADVANCED_FACE('',(#1349),#17,.F.);
#1445=ADVANCED_FACE('',(#1350),#294,.T.);
#1446=ADVANCED_FACE('',(#1351),#295,.T.);
#1447=ADVANCED_FACE('',(#1352),#296,.F.);
#1448=ADVANCED_FACE('',(#1353,#1354,#1355,#1356),#1425,.T.);
#1449=ADVANCED_FACE('',(#1357),#297,.F.);
#1450=ADVANCED_FACE('',(#1358,#1359),#1426,.F.);
#1451=ADVANCED_FACE('',(#1360,#1361),#298,.F.);
#1452=ADVANCED_FACE('',(#1362,#1363),#299,.T.);
#1453=ADVANCED_FACE('',(#1364,#1365),#18,.F.);
#1454=ADVANCED_FACE('',(#1366),#300,.T.);
#1455=ADVANCED_FACE('',(#1367),#301,.T.);
#1456=ADVANCED_FACE('',(#1368),#302,.T.);
#1457=ADVANCED_FACE('',(#1369),#303,.T.);
#1458=ADVANCED_FACE('',(#1370),#304,.T.);
#1459=ADVANCED_FACE('',(#1371),#305,.T.);
#1460=ADVANCED_FACE('',(#1372),#306,.T.);
#1461=ADVANCED_FACE('',(#1373),#307,.T.);
#1462=ADVANCED_FACE('',(#1374),#308,.T.);
#1463=ADVANCED_FACE('',(#1375),#309,.T.);
#1464=ADVANCED_FACE('',(#1376),#310,.T.);
#1465=ADVANCED_FACE('',(#1377),#311,.T.);
#1466=ADVANCED_FACE('',(#1378),#312,.T.);
#1467=ADVANCED_FACE('',(#1379),#313,.T.);
#1468=ADVANCED_FACE('',(#1380),#314,.T.);
#1469=ADVANCED_FACE('',(#1381),#315,.T.);
#1470=ADVANCED_FACE('',(#1382),#316,.T.);
#1471=ADVANCED_FACE('',(#1383),#317,.F.);
#1472=ADVANCED_FACE('',(#1384),#318,.T.);
#1473=ADVANCED_FACE('',(#1385),#319,.F.);
#1474=ADVANCED_FACE('',(#1386),#320,.F.);
#1475=ADVANCED_FACE('',(#1387),#321,.F.);
#1476=ADVANCED_FACE('',(#1388),#322,.T.);
#1477=ADVANCED_FACE('',(#1389),#323,.T.);
#1478=ADVANCED_FACE('',(#1390),#324,.F.);
#1479=ADVANCED_FACE('',(#1391),#325,.T.);
#1480=ADVANCED_FACE('',(#1392),#326,.F.);
#1481=ADVANCED_FACE('',(#1393),#327,.T.);
#1482=ADVANCED_FACE('',(#1394),#328,.T.);
#1483=ADVANCED_FACE('',(#1395),#329,.F.);
#1484=ADVANCED_FACE('',(#1396),#330,.F.);
#1485=ADVANCED_FACE('',(#1397),#331,.F.);
#1486=ADVANCED_FACE('',(#1398),#332,.T.);
#1487=ADVANCED_FACE('',(#1399),#333,.T.);
#1488=ADVANCED_FACE('',(#1400),#334,.F.);
#1489=ADVANCED_FACE('',(#1401),#335,.T.);
#1490=ADVANCED_FACE('',(#1402),#336,.F.);
#1491=ADVANCED_FACE('',(#1403),#337,.T.);
#1492=ADVANCED_FACE('',(#1404),#338,.F.);
#1493=ADVANCED_FACE('',(#1405),#339,.T.);
#1494=ADVANCED_FACE('',(#1406),#340,.T.);
#1495=ADVANCED_FACE('',(#1407),#341,.F.);
#1496=ADVANCED_FACE('',(#1408),#342,.T.);
#1497=ADVANCED_FACE('',(#1409),#343,.F.);
#1498=ADVANCED_FACE('',(#1410),#344,.T.);
#1499=ADVANCED_FACE('',(#1411),#345,.F.);
#1500=ADVANCED_FACE('',(#1412),#346,.F.);
#1501=ADVANCED_FACE('',(#1413),#347,.T.);
#1502=ADVANCED_FACE('',(#1414),#348,.F.);
#1503=ADVANCED_FACE('',(#1415),#349,.T.);
#1504=ADVANCED_FACE('',(#1416),#350,.T.);
#1505=ADVANCED_FACE('',(#1417),#351,.F.);
#1506=ADVANCED_FACE('',(#1418),#352,.T.);
#1507=ADVANCED_FACE('',(#1419),#353,.F.);
#1508=ADVANCED_FACE('',(#1420),#354,.T.);
#1509=ADVANCED_FACE('',(#1421),#355,.F.);
#1510=CLOSED_SHELL('',(#1427,#1428,#1429,#1430,#1431,#1432,#1433,#1434,
#1435,#1436,#1437,#1438,#1439,#1440,#1441,#1442,#1443,#1444,#1445,#1446,
#1447,#1448,#1449,#1450,#1451,#1452,#1453,#1454,#1455,#1456,#1457,#1458,
#1459,#1460,#1461,#1462,#1463,#1464,#1465,#1466,#1467,#1468,#1469,#1470,
#1471,#1472,#1473,#1474,#1475,#1476,#1477,#1478,#1479,#1480,#1481,#1482,
#1483,#1484,#1485,#1486,#1487,#1488,#1489,#1490,#1491,#1492,#1493,#1494,
#1495,#1496,#1497,#1498,#1499,#1500,#1501,#1502,#1503,#1504,#1505,#1506,
#1507,#1508,#1509));
#1511=STYLED_ITEM('',(#1512),#1519);
#1512=PRESENTATION_STYLE_ASSIGNMENT((#1513));
#1513=SURFACE_STYLE_USAGE(.BOTH.,#1514);
#1514=SURFACE_SIDE_STYLE('',(#1515));
#1515=SURFACE_STYLE_FILL_AREA(#1516);
#1516=FILL_AREA_STYLE('',(#1517));
#1517=FILL_AREA_STYLE_COLOUR('',#1518);
#1518=COLOUR_RGB('',0.301960784313725,0.301960784313725,0.301960784313725);
#1519=MANIFOLD_SOLID_BREP('Enclosure Middle',#1510);
#1520=SHAPE_DEFINITION_REPRESENTATION(#5596,#1521);
#1521=SHAPE_REPRESENTATION('Enclosure Middle',(#1522),#5591);
#1522=AXIS2_PLACEMENT_3D('',#1897,#1603,#1604);
#1523=AXIS2_PLACEMENT_3D('',#3375,#1605,#1606);
#1524=AXIS2_PLACEMENT_3D('',#3409,#1624,#1625);
#1525=AXIS2_PLACEMENT_3D('',#3624,#1643,#1644);
#1526=AXIS2_PLACEMENT_3D('',#3761,#1647,#1648);
#1527=AXIS2_PLACEMENT_3D('',#3779,#1653,#1654);
#1528=AXIS2_PLACEMENT_3D('',#4064,#1655,#1656);
#1529=AXIS2_PLACEMENT_3D('',#4065,#1657,#1658);
#1530=AXIS2_PLACEMENT_3D('',#4066,#1659,#1660);
#1531=AXIS2_PLACEMENT_3D('',#4075,#1663,#1664);
#1532=AXIS2_PLACEMENT_3D('',#4083,#1666,#1667);
#1533=AXIS2_PLACEMENT_3D('',#4090,#1669,#1670);
#1534=AXIS2_PLACEMENT_3D('',#4098,#1672,#1673);
#1535=AXIS2_PLACEMENT_3D('',#4105,#1675,#1676);
#1536=AXIS2_PLACEMENT_3D('',#4113,#1678,#1679);
#1537=AXIS2_PLACEMENT_3D('',#4120,#1681,#1682);
#1538=AXIS2_PLACEMENT_3D('',#4126,#1683,#1684);
#1539=AXIS2_PLACEMENT_3D('',#4135,#1687,#1688);
#1540=AXIS2_PLACEMENT_3D('',#4142,#1690,#1691);
#1541=AXIS2_PLACEMENT_3D('',#5404,#1693,#1694);
#1542=AXIS2_PLACEMENT_3D('',#5415,#1695,#1696);
#1543=AXIS2_PLACEMENT_3D('',#5416,#1697,#1698);
#1544=AXIS2_PLACEMENT_3D('',#5418,#1699,#1700);
#1545=AXIS2_PLACEMENT_3D('',#5419,#1701,#1702);
#1546=AXIS2_PLACEMENT_3D('',#5421,#1703,#1704);
#1547=AXIS2_PLACEMENT_3D('',#5422,#1705,#1706);
#1548=AXIS2_PLACEMENT_3D('',#5425,#1709,#1710);
#1549=AXIS2_PLACEMENT_3D('',#5427,#1712,#1713);
#1550=AXIS2_PLACEMENT_3D('',#5429,#1715,#1716);
#1551=AXIS2_PLACEMENT_3D('',#5430,#1717,#1718);
#1552=AXIS2_PLACEMENT_3D('',#5433,#1721,#1722);
#1553=AXIS2_PLACEMENT_3D('',#5435,#1724,#1725);
#1554=AXIS2_PLACEMENT_3D('',#5437,#1727,#1728);
#1555=AXIS2_PLACEMENT_3D('',#5438,#1729,#1730);
#1556=AXIS2_PLACEMENT_3D('',#5441,#1733,#1734);
#1557=AXIS2_PLACEMENT_3D('',#5443,#1736,#1737);
#1558=AXIS2_PLACEMENT_3D('',#5445,#1739,#1740);
#1559=AXIS2_PLACEMENT_3D('',#5446,#1741,#1742);
#1560=AXIS2_PLACEMENT_3D('',#5449,#1745,#1746);
#1561=AXIS2_PLACEMENT_3D('',#5451,#1748,#1749);
#1562=AXIS2_PLACEMENT_3D('',#5453,#1751,#1752);
#1563=AXIS2_PLACEMENT_3D('',#5454,#1753,#1754);
#1564=AXIS2_PLACEMENT_3D('',#5460,#1758,#1759);
#1565=AXIS2_PLACEMENT_3D('',#5466,#1763,#1764);
#1566=AXIS2_PLACEMENT_3D('',#5468,#1766,#1767);
#1567=AXIS2_PLACEMENT_3D('',#5470,#1769,#1770);
#1568=AXIS2_PLACEMENT_3D('',#5471,#1771,#1772);
#1569=AXIS2_PLACEMENT_3D('',#5477,#1776,#1777);
#1570=AXIS2_PLACEMENT_3D('',#5483,#1781,#1782);
#1571=AXIS2_PLACEMENT_3D('',#5485,#1784,#1785);
#1572=AXIS2_PLACEMENT_3D('',#5487,#1787,#1788);
#1573=AXIS2_PLACEMENT_3D('',#5488,#1789,#1790);
#1574=AXIS2_PLACEMENT_3D('',#5494,#1794,#1795);
#1575=AXIS2_PLACEMENT_3D('',#5500,#1799,#1800);
#1576=AXIS2_PLACEMENT_3D('',#5502,#1802,#1803);
#1577=AXIS2_PLACEMENT_3D('',#5504,#1805,#1806);
#1578=AXIS2_PLACEMENT_3D('',#5505,#1807,#1808);
#1579=AXIS2_PLACEMENT_3D('',#5511,#1812,#1813);
#1580=AXIS2_PLACEMENT_3D('',#5517,#1817,#1818);
#1581=AXIS2_PLACEMENT_3D('',#5519,#1820,#1821);
#1582=AXIS2_PLACEMENT_3D('',#5521,#1823,#1824);
#1583=AXIS2_PLACEMENT_3D('',#5522,#1825,#1826);
#1584=AXIS2_PLACEMENT_3D('',#5528,#1830,#1831);
#1585=AXIS2_PLACEMENT_3D('',#5534,#1835,#1836);
#1586=AXIS2_PLACEMENT_3D('',#5536,#1838,#1839);
#1587=AXIS2_PLACEMENT_3D('',#5538,#1841,#1842);
#1588=AXIS2_PLACEMENT_3D('',#5539,#1843,#1844);
#1589=AXIS2_PLACEMENT_3D('',#5545,#1848,#1849);
#1590=AXIS2_PLACEMENT_3D('',#5551,#1853,#1854);
#1591=AXIS2_PLACEMENT_3D('',#5553,#1856,#1857);
#1592=AXIS2_PLACEMENT_3D('',#5555,#1859,#1860);
#1593=AXIS2_PLACEMENT_3D('',#5556,#1861,#1862);
#1594=AXIS2_PLACEMENT_3D('',#5562,#1866,#1867);
#1595=AXIS2_PLACEMENT_3D('',#5568,#1871,#1872);
#1596=AXIS2_PLACEMENT_3D('',#5570,#1874,#1875);
#1597=AXIS2_PLACEMENT_3D('',#5572,#1877,#1878);
#1598=AXIS2_PLACEMENT_3D('',#5573,#1879,#1880);
#1599=AXIS2_PLACEMENT_3D('',#5579,#1884,#1885);
#1600=AXIS2_PLACEMENT_3D('',#5585,#1889,#1890);
#1601=AXIS2_PLACEMENT_3D('',#5587,#1892,#1893);
#1602=AXIS2_PLACEMENT_3D('',#5589,#1895,#1896);
#1603=DIRECTION('',(0.,0.,1.));
#1604=DIRECTION('',(1.,0.,0.));
#1605=DIRECTION('',(0.996194698091745,0.,-0.0871557427476579));
#1606=DIRECTION('',(-0.0871557427476579,0.,-0.996194698091746));
#1607=DIRECTION('',(-0.0871557427476579,0.,-0.996194698091746));
#1608=DIRECTION('',(0.,1.,0.));
#1609=DIRECTION('',(0.0871557427476579,0.,0.996194698091746));
#1610=DIRECTION('',(0.,-1.,0.));
#1611=DIRECTION('',(-0.0871557427476579,0.,-0.996194698091746));
#1612=DIRECTION('',(0.,1.,0.));
#1613=DIRECTION('',(0.0871557427476579,0.,0.996194698091746));
#1614=DIRECTION('',(0.,-1.,0.));
#1615=DIRECTION('',(0.,1.,0.));
#1616=DIRECTION('',(-0.0871557427476579,0.,-0.996194698091746));
#1617=DIRECTION('',(0.,1.,0.));
#1618=DIRECTION('',(0.0871557427476579,0.,0.996194698091746));
#1619=DIRECTION('',(0.,-1.,0.));
#1620=DIRECTION('',(-0.0871557427476579,0.,-0.996194698091746));
#1621=DIRECTION('',(0.,1.,0.));
#1622=DIRECTION('',(0.0871557427476579,0.,0.996194698091746));
#1623=DIRECTION('',(0.,-1.,0.));
#1624=DIRECTION('',(0.996194698091745,0.,-0.0871557427476579));
#1625=DIRECTION('',(-0.0871557427476579,0.,-0.996194698091746));
#1626=DIRECTION('',(0.,1.,0.));
#1627=DIRECTION('',(0.,1.,0.));
#1628=DIRECTION('',(-0.0871557427476579,0.,-0.996194698091746));
#1629=DIRECTION('',(0.,-1.,0.));
#1630=DIRECTION('',(0.0871557427476579,0.,0.996194698091746));
#1631=DIRECTION('',(0.,1.,0.));
#1632=DIRECTION('',(-0.0871557427476579,0.,-0.996194698091746));
#1633=DIRECTION('',(0.,-1.,0.));
#1634=DIRECTION('',(0.0871557427476579,0.,0.996194698091746));
#1635=DIRECTION('',(0.,1.,0.));
#1636=DIRECTION('',(-0.0871557427476579,0.,-0.996194698091746));
#1637=DIRECTION('',(0.,-1.,0.));
#1638=DIRECTION('',(0.0871557427476579,0.,0.996194698091746));
#1639=DIRECTION('',(0.,1.,0.));
#1640=DIRECTION('',(-0.0871557427476579,0.,-0.996194698091746));
#1641=DIRECTION('',(0.,-1.,0.));
#1642=DIRECTION('',(0.0871557427476579,0.,0.996194698091746));
#1643=DIRECTION('',(0.0871557427476579,0.,0.996194698091746));
#1644=DIRECTION('',(0.996194698091746,0.,-0.0871557427476579));
#1645=DIRECTION('',(0.,1.,0.));
#1646=DIRECTION('',(0.,1.,0.));
#1647=DIRECTION('',(-0.996194698091746,0.,0.0871557427476579));
#1648=DIRECTION('',(0.,-1.,0.));
#1649=DIRECTION('',(0.,1.,0.));
#1650=DIRECTION('',(0.0871557427476579,0.,0.996194698091746));
#1651=DIRECTION('',(0.0871557427476579,0.,0.996194698091746));
#1652=DIRECTION('',(0.,1.,0.));
#1653=DIRECTION('',(-0.0871557427476579,0.,-0.996194698091746));
#1654=DIRECTION('',(0.996194698091746,0.,-0.0871557427476579));
#1655=DIRECTION('',(-0.0871557427476579,0.,-0.996194698091746));
#1656=DIRECTION('',(0.996194698091746,0.,-0.0871557427476579));
#1657=DIRECTION('',(0.0871557427476579,0.,0.996194698091746));
#1658=DIRECTION('',(0.,-1.,0.));
#1659=DIRECTION('',(1.,0.,-2.44327250137579E-15));
#1660=DIRECTION('',(-2.44327250137579E-15,0.,-1.));
#1661=DIRECTION('',(0.,1.,0.));
#1662=DIRECTION('',(0.,1.,0.));
#1663=DIRECTION('',(0.,1.,0.));
#1664=DIRECTION('',(0.,0.,1.));
#1665=DIRECTION('',(0.,1.,0.));
#1666=DIRECTION('',(-5.38733998750561E-16,0.,-1.));
#1667=DIRECTION('',(-1.,0.,5.38733998750561E-16));
#1668=DIRECTION('',(0.,1.,0.));
#1669=DIRECTION('',(0.,1.,0.));
#1670=DIRECTION('',(0.,0.,1.));
#1671=DIRECTION('',(0.,1.,0.));
#1672=DIRECTION('',(-1.,0.,0.));
#1673=DIRECTION('',(0.,0.,1.));
#1674=DIRECTION('',(0.,1.,0.));
#1675=DIRECTION('',(0.,1.,0.));
#1676=DIRECTION('',(0.,0.,1.));
#1677=DIRECTION('',(0.,1.,0.));
#1678=DIRECTION('',(5.38733998750561E-16,0.,1.));
#1679=DIRECTION('',(1.,0.,-5.38733998750561E-16));
#1680=DIRECTION('',(0.,1.,0.));
#1681=DIRECTION('',(0.,1.,0.));
#1682=DIRECTION('',(0.,0.,1.));
#1683=DIRECTION('',(1.,0.,0.));
#1684=DIRECTION('',(0.,0.,-1.));
#1685=DIRECTION('',(0.,1.,0.));
#1686=DIRECTION('',(0.,1.,0.));
#1687=DIRECTION('',(0.,0.,-1.));
#1688=DIRECTION('',(-1.,0.,0.));
#1689=DIRECTION('',(0.,1.,0.));
#1690=DIRECTION('',(1.,0.,0.));
#1691=DIRECTION('',(0.,0.,-1.));
#1692=DIRECTION('',(0.,1.,0.));
#1693=DIRECTION('',(0.,0.,-1.));
#1694=DIRECTION('',(-1.,0.,0.));
#1695=DIRECTION('',(0.939692620785908,0.,0.342020143325669));
#1696=DIRECTION('',(0.,1.,0.));
#1697=DIRECTION('',(0.939692620785908,0.,0.342020143325669));
#1698=DIRECTION('',(0.,1.,-1.33440267382831E-16));
#1699=DIRECTION('',(0.939692620785908,0.,0.342020143325669));
#1700=DIRECTION('',(0.,1.,0.));
#1701=DIRECTION('',(0.939692620785908,0.,0.342020143325669));
#1702=DIRECTION('',(0.,1.,-1.33440267382831E-16));
#1703=DIRECTION('',(0.939692620785908,0.,0.342020143325669));
#1704=DIRECTION('',(0.342020143325669,0.,-0.939692620785908));
#1705=DIRECTION('',(0.,-1.,0.));
#1706=DIRECTION('',(0.0871557427476579,0.,0.996194698091746));
#1707=DIRECTION('',(-0.996194698091746,0.,0.0871557427476579));
#1708=DIRECTION('',(-0.996194698091746,0.,0.0871557427476579));
#1709=DIRECTION('',(0.0871557427476579,0.,0.996194698091746));
#1710=DIRECTION('',(0.,1.,0.));
#1711=DIRECTION('',(-0.996194698091746,0.,0.0871557427476579));
#1712=DIRECTION('',(-0.0871557427476579,0.,-0.996194698091746));
#1713=DIRECTION('',(0.,-1.,0.));
#1714=DIRECTION('',(-0.996194698091746,0.,0.0871557427476579));
#1715=DIRECTION('',(0.,1.,0.));
#1716=DIRECTION('',(-0.0871557427476579,0.,-0.996194698091746));
#1717=DIRECTION('',(0.,-1.,0.));
#1718=DIRECTION('',(0.0871557427476579,0.,0.996194698091746));
#1719=DIRECTION('',(-0.996194698091746,0.,0.0871557427476579));
#1720=DIRECTION('',(-0.996194698091746,0.,0.0871557427476579));
#1721=DIRECTION('',(0.0871557427476579,0.,0.996194698091746));
#1722=DIRECTION('',(0.,1.,0.));
#1723=DIRECTION('',(-0.996194698091746,0.,0.0871557427476579));
#1724=DIRECTION('',(-0.0871557427476579,0.,-0.996194698091746));
#1725=DIRECTION('',(0.,-1.,0.));
#1726=DIRECTION('',(-0.996194698091746,0.,0.0871557427476579));
#1727=DIRECTION('',(0.,1.,0.));
#1728=DIRECTION('',(-0.0871557427476579,0.,-0.996194698091746));
#1729=DIRECTION('',(0.,-1.,0.));
#1730=DIRECTION('',(0.0871557427476579,0.,0.996194698091746));
#1731=DIRECTION('',(-0.996194698091746,0.,0.0871557427476579));
#1732=DIRECTION('',(-0.996194698091746,0.,0.0871557427476579));
#1733=DIRECTION('',(0.0871557427476579,0.,0.996194698091746));
#1734=DIRECTION('',(0.,1.,0.));
#1735=DIRECTION('',(-0.996194698091746,0.,0.0871557427476579));
#1736=DIRECTION('',(-0.0871557427476579,0.,-0.996194698091746));
#1737=DIRECTION('',(0.,-1.,0.));
#1738=DIRECTION('',(-0.996194698091746,0.,0.0871557427476579));
#1739=DIRECTION('',(0.,1.,0.));
#1740=DIRECTION('',(-0.0871557427476579,0.,-0.996194698091746));
#1741=DIRECTION('',(0.,-1.,0.));
#1742=DIRECTION('',(0.0871557427476579,0.,0.996194698091746));
#1743=DIRECTION('',(-0.996194698091746,0.,0.0871557427476579));
#1744=DIRECTION('',(-0.996194698091746,0.,0.0871557427476579));
#1745=DIRECTION('',(0.0871557427476579,0.,0.996194698091746));
#1746=DIRECTION('',(0.,1.,0.));
#1747=DIRECTION('',(-0.996194698091746,0.,0.0871557427476579));
#1748=DIRECTION('',(-0.0871557427476579,0.,-0.996194698091746));
#1749=DIRECTION('',(0.,-1.,0.));
#1750=DIRECTION('',(-0.996194698091746,0.,0.0871557427476579));
#1751=DIRECTION('',(0.,1.,0.));
#1752=DIRECTION('',(-0.0871557427476579,0.,-0.996194698091746));
#1753=DIRECTION('',(1.,0.,0.));
#1754=DIRECTION('',(0.,0.,-1.));
#1755=DIRECTION('',(0.,-1.,0.));
#1756=DIRECTION('',(0.,0.,-1.));
#1757=DIRECTION('',(0.,-1.,0.));
#1758=DIRECTION('',(1.,0.,0.));
#1759=DIRECTION('',(0.,0.,-1.));
#1760=DIRECTION('',(0.,-1.,0.));
#1761=DIRECTION('',(0.,-1.,0.));
#1762=DIRECTION('',(0.,0.,-1.));
#1763=DIRECTION('',(0.,0.,1.));
#1764=DIRECTION('',(1.,0.,0.));
#1765=DIRECTION('',(1.,0.,0.));
#1766=DIRECTION('',(0.,0.,1.));
#1767=DIRECTION('',(1.,0.,0.));
#1768=DIRECTION('',(1.,0.,0.));
#1769=DIRECTION('',(0.,1.,0.));
#1770=DIRECTION('',(0.,0.,1.));
#1771=DIRECTION('',(1.,0.,0.));
#1772=DIRECTION('',(0.,0.,-1.));
#1773=DIRECTION('',(0.,-1.,0.));
#1774=DIRECTION('',(0.,-1.,0.));
#1775=DIRECTION('',(0.,0.,-1.));
#1776=DIRECTION('',(1.,0.,0.));
#1777=DIRECTION('',(0.,0.,-1.));
#1778=DIRECTION('',(0.,-1.,0.));
#1779=DIRECTION('',(0.,0.,-1.));
#1780=DIRECTION('',(0.,-1.,0.));
#1781=DIRECTION('',(0.,0.,1.));
#1782=DIRECTION('',(1.,0.,0.));
#1783=DIRECTION('',(1.,0.,0.));
#1784=DIRECTION('',(0.,0.,1.));
#1785=DIRECTION('',(1.,0.,0.));
#1786=DIRECTION('',(1.,0.,0.));
#1787=DIRECTION('',(0.,1.,0.));
#1788=DIRECTION('',(0.,0.,1.));
#1789=DIRECTION('',(1.,0.,0.));
#1790=DIRECTION('',(0.,0.,-1.));
#1791=DIRECTION('',(0.,-1.,0.));
#1792=DIRECTION('',(0.,-1.,0.));
#1793=DIRECTION('',(0.,0.,-1.));
#1794=DIRECTION('',(1.,0.,0.));
#1795=DIRECTION('',(0.,0.,-1.));
#1796=DIRECTION('',(0.,-1.,0.));
#1797=DIRECTION('',(0.,0.,-1.));
#1798=DIRECTION('',(0.,-1.,0.));
#1799=DIRECTION('',(0.,0.,1.));
#1800=DIRECTION('',(1.,0.,0.));
#1801=DIRECTION('',(1.,0.,0.));
#1802=DIRECTION('',(0.,0.,1.));
#1803=DIRECTION('',(1.,0.,0.));
#1804=DIRECTION('',(1.,0.,0.));
#1805=DIRECTION('',(0.,1.,0.));
#1806=DIRECTION('',(0.,0.,1.));
#1807=DIRECTION('',(1.,0.,0.));
#1808=DIRECTION('',(0.,0.,-1.));
#1809=DIRECTION('',(0.,-1.,0.));
#1810=DIRECTION('',(0.,-1.,0.));
#1811=DIRECTION('',(0.,0.,-1.));
#1812=DIRECTION('',(1.,0.,0.));
#1813=DIRECTION('',(0.,0.,-1.));
#1814=DIRECTION('',(0.,-1.,0.));
#1815=DIRECTION('',(0.,0.,-1.));
#1816=DIRECTION('',(0.,-1.,0.));
#1817=DIRECTION('',(0.,0.,1.));
#1818=DIRECTION('',(1.,0.,0.));
#1819=DIRECTION('',(1.,0.,0.));
#1820=DIRECTION('',(0.,0.,1.));
#1821=DIRECTION('',(1.,0.,0.));
#1822=DIRECTION('',(1.,0.,0.));
#1823=DIRECTION('',(0.,1.,0.));
#1824=DIRECTION('',(0.,0.,1.));
#1825=DIRECTION('',(-1.,0.,0.));
#1826=DIRECTION('',(0.,0.,1.));
#1827=DIRECTION('',(0.,-1.,0.));
#1828=DIRECTION('',(0.,-1.,0.));
#1829=DIRECTION('',(0.,0.,1.));
#1830=DIRECTION('',(-1.,0.,0.));
#1831=DIRECTION('',(0.,0.,1.));
#1832=DIRECTION('',(0.,-1.,0.));
#1833=DIRECTION('',(0.,0.,1.));
#1834=DIRECTION('',(0.,-1.,0.));
#1835=DIRECTION('',(0.,0.,1.));
#1836=DIRECTION('',(1.,0.,0.));
#1837=DIRECTION('',(1.,0.,0.));
#1838=DIRECTION('',(0.,0.,1.));
#1839=DIRECTION('',(1.,0.,0.));
#1840=DIRECTION('',(1.,0.,0.));
#1841=DIRECTION('',(0.,-1.,0.));
#1842=DIRECTION('',(0.,0.,-1.));
#1843=DIRECTION('',(-1.,0.,0.));
#1844=DIRECTION('',(0.,0.,1.));
#1845=DIRECTION('',(0.,-1.,0.));
#1846=DIRECTION('',(0.,-1.,0.));
#1847=DIRECTION('',(0.,0.,1.));
#1848=DIRECTION('',(-1.,0.,0.));
#1849=DIRECTION('',(0.,0.,1.));
#1850=DIRECTION('',(0.,-1.,0.));
#1851=DIRECTION('',(0.,0.,1.));
#1852=DIRECTION('',(0.,-1.,0.));
#1853=DIRECTION('',(0.,0.,1.));
#1854=DIRECTION('',(1.,0.,0.));
#1855=DIRECTION('',(1.,0.,0.));
#1856=DIRECTION('',(0.,0.,1.));
#1857=DIRECTION('',(1.,0.,0.));
#1858=DIRECTION('',(1.,0.,0.));
#1859=DIRECTION('',(0.,-1.,0.));
#1860=DIRECTION('',(0.,0.,-1.));
#1861=DIRECTION('',(-1.,0.,0.));
#1862=DIRECTION('',(0.,0.,1.));
#1863=DIRECTION('',(0.,-1.,0.));
#1864=DIRECTION('',(0.,-1.,0.));
#1865=DIRECTION('',(0.,0.,1.));
#1866=DIRECTION('',(-1.,0.,0.));
#1867=DIRECTION('',(0.,0.,1.));
#1868=DIRECTION('',(0.,-1.,0.));
#1869=DIRECTION('',(0.,0.,1.));
#1870=DIRECTION('',(0.,-1.,0.));
#1871=DIRECTION('',(0.,0.,1.));
#1872=DIRECTION('',(1.,0.,0.));
#1873=DIRECTION('',(1.,0.,0.));
#1874=DIRECTION('',(0.,0.,1.));
#1875=DIRECTION('',(1.,0.,0.));
#1876=DIRECTION('',(1.,0.,0.));
#1877=DIRECTION('',(0.,-1.,0.));
#1878=DIRECTION('',(0.,0.,-1.));
#1879=DIRECTION('',(-1.,0.,0.));
#1880=DIRECTION('',(0.,0.,1.));
#1881=DIRECTION('',(0.,-1.,0.));
#1882=DIRECTION('',(0.,-1.,0.));
#1883=DIRECTION('',(0.,0.,1.));
#1884=DIRECTION('',(-1.,0.,0.));
#1885=DIRECTION('',(0.,0.,1.));
#1886=DIRECTION('',(0.,-1.,0.));
#1887=DIRECTION('',(0.,0.,1.));
#1888=DIRECTION('',(0.,-1.,0.));
#1889=DIRECTION('',(0.,0.,1.));
#1890=DIRECTION('',(1.,0.,0.));
#1891=DIRECTION('',(1.,0.,0.));
#1892=DIRECTION('',(0.,0.,1.));
#1893=DIRECTION('',(1.,0.,0.));
#1894=DIRECTION('',(1.,0.,0.));
#1895=DIRECTION('',(0.,-1.,0.));
#1896=DIRECTION('',(0.,0.,-1.));
#1897=CARTESIAN_POINT('',(0.,0.,0.));
#1898=CARTESIAN_POINT('',(-0.0480911978091348,0.00147962460076318,0.00544974004530644));
#1899=CARTESIAN_POINT('',(-0.0428690904793021,0.00148770862152839,0.00720240355831068));
#1900=CARTESIAN_POINT('',(-0.0334272859748286,0.00153837883058578,0.0096663773733306));
#1901=CARTESIAN_POINT('',(-0.0195482328345706,0.00163141461114765,0.0125075193638648));
#1902=CARTESIAN_POINT('',(-0.00895869495762143,0.00170293720513976,0.0143976778446027));
#1903=CARTESIAN_POINT('',(0.00133649494664992,0.00176563947082175,0.0160265890921216));
#1904=CARTESIAN_POINT('',(0.010903825722582,0.00181076936576117,0.0173774224368287));
#1905=CARTESIAN_POINT('',(0.0208519341218197,0.00184443774885888,0.0185962387281956));
#1906=CARTESIAN_POINT('',(0.0319669248172491,0.00186455373019333,0.0196989253289646));
#1907=CARTESIAN_POINT('',(0.0448437125103689,0.00186292671288444,0.0205750000793096));
#1908=CARTESIAN_POINT('',(0.0585620972519074,0.00183302392771032,0.0210046761323245));
#1909=CARTESIAN_POINT('',(0.0727919120645212,0.00177981785563035,0.020985693858194));
#1910=CARTESIAN_POINT('',(0.0875203765660286,0.00171619330988862,0.0206862775316921));
#1911=CARTESIAN_POINT('',(0.104494383685322,0.00163679236345079,0.0201041296945433));
#1912=CARTESIAN_POINT('',(0.125569112710308,0.0015302704336332,0.0190914863947771));
#1913=CARTESIAN_POINT('',(0.163747726385665,0.00132405229667309,0.0167525346203191));
#1914=CARTESIAN_POINT('',(0.196043277499043,0.00113688728151709,0.0142505029800707));
#1915=CARTESIAN_POINT('',(0.218829453361459,0.00100887207043545,0.0124917238519761));
#1916=CARTESIAN_POINT('',(-0.048120502691792,-2.06541055959575E-14,0.0055272352468675));
#1917=CARTESIAN_POINT('',(-0.042899611717955,1.55030664954897E-13,0.00727862436674659));
#1918=CARTESIAN_POINT('',(-0.0334541237122435,1.29872900086168E-12,0.00973773636606126));
#1919=CARTESIAN_POINT('',(-0.0195652973389783,3.60589940610716E-12,0.0125675740018212));
#1920=CARTESIAN_POINT('',(-0.00896753707877353,5.4822041817195E-12,0.0144479356540561));
#1921=CARTESIAN_POINT('',(0.00133533588956629,7.25091888658172E-12,0.0160671652898459));
#1922=CARTESIAN_POINT('',(0.0109082442323945,8.67745195902263E-12,0.0174100101565246));
#1923=CARTESIAN_POINT('',(0.0208603834337882,9.89338493941061E-12,0.0186217342244527));
#1924=CARTESIAN_POINT('',(0.0319775944818197,1.08297612414279E-11,0.0197182844944117));
#1925=CARTESIAN_POINT('',(0.0448538040037647,1.11611694279118E-11,0.0205899328981719));
#1926=CARTESIAN_POINT('',(0.0585684549413084,1.03736605351797E-11,0.0210178315218828));
#1927=CARTESIAN_POINT('',(0.072792861412589,8.2013980296728E-12,0.0209988760670094));
#1928=CARTESIAN_POINT('',(0.0875169935098087,4.67220421965057E-12,0.0206992827263026));
#1929=CARTESIAN_POINT('',(0.104487971079003,-6.16540482946751E-13,0.0201163740557458));
#1930=CARTESIAN_POINT('',(0.125561015235165,-8.62750601754274E-12,0.0191022429179189));
#1931=CARTESIAN_POINT('',(0.16374030638263,-2.56777616205496E-11,0.0167595858790495));
#1932=CARTESIAN_POINT('',(0.196040256690901,-4.27488398954852E-11,0.0142533845619627));
#1933=CARTESIAN_POINT('',(0.218829469164755,-5.47871039442878E-11,0.0124916218737389));
#1934=CARTESIAN_POINT('',(-0.0480911978091424,-0.0014796246008038,0.00544974004530185));
#1935=CARTESIAN_POINT('',(-0.0428690904793242,-0.00148770862122351,0.00720240355831935));
#1936=CARTESIAN_POINT('',(-0.0334272859748526,-0.00153837882803119,0.00966637737345499));
#1937=CARTESIAN_POINT('',(-0.0195482328345852,-0.00163141460405033,0.0125075193642202));
#1938=CARTESIAN_POINT('',(-0.00895869495762822,-0.0017029371943455,0.0143976778451393));
#1939=CARTESIAN_POINT('',(0.00133649494664697,-0.00176563945653918,0.016026589092812));
#1940=CARTESIAN_POINT('',(0.0109038257225778,-0.0018107693486618,0.0173774224376114));
#1941=CARTESIAN_POINT('',(0.0208519341218119,-0.00184443772935513,0.0185962387290219));
#1942=CARTESIAN_POINT('',(0.0319669248172349,-0.00186455370883387,0.0196989253297711));
#1943=CARTESIAN_POINT('',(0.044843712510347,-0.00186292669086078,0.0205750000800022));
#1944=CARTESIAN_POINT('',(0.0585620972518822,-0.00183302390723239,0.0210046761328138));
#1945=CARTESIAN_POINT('',(0.0727919120645035,-0.00177981783943874,0.0209856938584471));
#1946=CARTESIAN_POINT('',(0.0875203765660254,-0.0017161933006725,0.02068627753176));
#1947=CARTESIAN_POINT('',(0.104494383685329,-0.00163679236469698,0.0201041296944685));
#1948=CARTESIAN_POINT('',(0.125569112710324,-0.00153027045073431,0.0190914863946043));
#1949=CARTESIAN_POINT('',(0.163747726385687,-0.00132405234753535,0.0167525346201095));
#1950=CARTESIAN_POINT('',(0.196043277499059,-0.00113688736620301,0.0142505029799764));
#1951=CARTESIAN_POINT('',(0.218829453361465,-0.00100887217901006,0.0124917238519656));
#1952=CARTESIAN_POINT('',(-0.0480059694271182,-0.00296034667114235,0.00522364856198911));
#1953=CARTESIAN_POINT('',(-0.0427808989453923,-0.00297456259717283,0.00697997726216011));
#1954=CARTESIAN_POINT('',(-0.0333502966123599,-0.00306379526949598,0.00945854174589693));
#1955=CARTESIAN_POINT('',(-0.0194995650579416,-0.00323112112205699,0.0123317651664666));
#1956=CARTESIAN_POINT('',(-0.00893368380012213,-0.00336124923262953,0.0142492880436742));
#1957=CARTESIAN_POINT('',(0.00133949129113428,-0.00347658648279794,0.0159050933603974));
#1958=CARTESIAN_POINT('',(0.0108908760316902,-0.00356056524405179,0.0172782428875452));
#1959=CARTESIAN_POINT('',(0.0208274835057999,-0.00362403138093908,0.0185171013125159));
#1960=CARTESIAN_POINT('',(0.0319361880326408,-0.00366309273159023,0.0196375193447754));
#1961=CARTESIAN_POINT('',(0.0448147483006428,-0.00366249857071746,0.0205270912912758));
#1962=CARTESIAN_POINT('',(0.058543973057094,-0.00360941825210199,0.0209633035289268));
#1963=CARTESIAN_POINT('',(0.0727893866655284,-0.00351191681174007,0.020945900090709));
#1964=CARTESIAN_POINT('',(0.0875302836636674,-0.00339235983461605,0.0206482920345594));
#1965=CARTESIAN_POINT('',(0.104512989837081,-0.00324033293927249,0.0200693447577864));
#1966=CARTESIAN_POINT('',(0.125592541542305,-0.00303339614975025,0.0190617030469604));
#1967=CARTESIAN_POINT('',(0.163769167853077,-0.00262780119900596,0.0167337781059894));
#1968=CARTESIAN_POINT('',(0.196052038089476,-0.00225452867900788,0.0142430742100514));
#1969=CARTESIAN_POINT('',(0.218829480565853,-0.00199891968485223,0.0124924247425572));
#1970=CARTESIAN_POINT('',(-0.0478679330562051,-0.00442064615213621,0.00485614271522447));
#1971=CARTESIAN_POINT('',(-0.0426391491932873,-0.00443802115299578,0.00661842065310546));
#1972=CARTESIAN_POINT('',(-0.0332276803619078,-0.00454691278202067,0.00912212252009298));
#1973=CARTESIAN_POINT('',(-0.0194227039816283,-0.00475775243589878,0.0120468996976053));
#1974=CARTESIAN_POINT('',(-0.00889468765579291,-0.0049250621605128,0.0140072819683027));
#1975=CARTESIAN_POINT('',(0.00134342437464433,-0.0050764886633832,0.0157046861334126));
#1976=CARTESIAN_POINT('',(0.0108694679285693,-0.00518935574887094,0.017112437316442));
#1977=CARTESIAN_POINT('',(0.0207878277685298,-0.00527691442493032,0.0183827069746954));
#1978=CARTESIAN_POINT('',(0.0318866407255879,-0.00533394101918477,0.019531509792776));
#1979=CARTESIAN_POINT('',(0.0447682505805138,-0.0053399157642104,0.0204437017347852));
#1980=CARTESIAN_POINT('',(0.0585150744590447,-0.00527585110470107,0.0208923210722614));
#1981=CARTESIAN_POINT('',(0.0727856423783616,-0.00514963188508342,0.0208796918541239));
#1982=CARTESIAN_POINT('',(0.0875464820088888,-0.00498744666051449,0.020586712371893));
#1983=CARTESIAN_POINT('',(0.104543138310316,-0.0047744309263873,0.0200141837747641));
#1984=CARTESIAN_POINT('',(0.125630372154183,-0.00447745804797524,0.0190153650801455));
#1985=CARTESIAN_POINT('',(0.163803628685287,-0.0038838101944584,0.0167051269890753));
#1986=CARTESIAN_POINT('',(0.196065888619116,-0.00332561349070492,0.0142310983843112));
#1987=CARTESIAN_POINT('',(0.218829097998046,-0.0029418960917561,0.0124922658884534));
#1988=CARTESIAN_POINT('',(-0.0476806700283834,-0.00584382979005539,0.00435545680506641));
#1989=CARTESIAN_POINT('',(-0.0424485638502018,-0.0058604959686025,0.00612577164184887));
#1990=CARTESIAN_POINT('',(-0.0330648113100213,-0.00596388203289541,0.00866602871253382));
#1991=CARTESIAN_POINT('',(-0.0193221100098785,-0.00617367072077689,0.0116612127855721));
#1992=CARTESIAN_POINT('',(-0.00884491543777676,-0.0063459699735939,0.0136781889139657));
#1993=CARTESIAN_POINT('',(0.00134654229498935,-0.00650799044187148,0.015429330374526));
#1994=CARTESIAN_POINT('',(0.0108390291961892,-0.00663407755178931,0.0168816096134202));
#1995=CARTESIAN_POINT('',(0.020733317049553,-0.006736449666095,0.0181926091367265));
#1996=CARTESIAN_POINT('',(0.0318192781588221,-0.00680923721030676,0.0193789283257111));
#1997=CARTESIAN_POINT('',(0.0447054385792418,-0.00682929635671889,0.0203223433642253));
#1998=CARTESIAN_POINT('',(0.0584763508651153,-0.006771806717354,0.0207899419889045));
#1999=CARTESIAN_POINT('',(0.0727810141974857,-0.00663981292465152,0.0207866588424609));
#2000=CARTESIAN_POINT('',(0.0875687281879217,-0.00645519830017378,0.0205023372053894));
#2001=CARTESIAN_POINT('',(0.104584231294898,-0.00619977211205238,0.0199405059915679));
#2002=CARTESIAN_POINT('',(0.125681864374096,-0.0058309004160574,0.0189552946572191));
#2003=CARTESIAN_POINT('',(0.163850698781983,-0.0050740591277583,0.0166705840281535));
#2004=CARTESIAN_POINT('',(0.196085361239471,-0.00434510310821505,0.014218840232047));
#2005=CARTESIAN_POINT('',(0.218829703201368,-0.00384804796372685,0.0124962767896477));
#2006=CARTESIAN_POINT('',(-0.047448217582976,-0.00721142866947436,0.00373084339626449));
#2007=CARTESIAN_POINT('',(-0.0422144792305646,-0.00722243514023159,0.00551114189873932));
#2008=CARTESIAN_POINT('',(-0.0328682004452943,-0.00728782184923327,0.00810135776543501));
#2009=CARTESIAN_POINT('',(-0.0192041809854265,-0.00743296786400928,0.0111891239095693));
#2010=CARTESIAN_POINT('',(-0.00878969122651577,-0.00756192202561503,0.0132773530264656));
#2011=CARTESIAN_POINT('',(0.00134540070992046,-0.00769587204214488,0.0150927822653702));
#2012=CARTESIAN_POINT('',(0.0107979635468001,-0.00781328563455311,0.0165965690085454));
#2013=CARTESIAN_POINT('',(0.0206639072664549,-0.00792049715553721,0.0179543963971044));
#2014=CARTESIAN_POINT('',(0.0317351988034122,-0.00801208443754261,0.0191845703395684));
#2015=CARTESIAN_POINT('',(0.0446278986497574,-0.00806516225043105,0.0201662705866218));
#2016=CARTESIAN_POINT('',(0.0584291358328208,-0.00804624475473479,0.0206594117810813));
#2017=CARTESIAN_POINT('',(0.0727760891212438,-0.00794420717064427,0.0206707457834518));
#2018=CARTESIAN_POINT('',(0.0875968082571286,-0.00776407968300772,0.0203993508154435));
#2019=CARTESIAN_POINT('',(0.104635335378716,-0.00748575386194873,0.0198518733741757));
#2020=CARTESIAN_POINT('',(0.125745278112722,-0.00705620576620321,0.0188830898111858));
#2021=CARTESIAN_POINT('',(0.163907127367966,-0.00613009709319753,0.0166253114312643));
#2022=CARTESIAN_POINT('',(0.196105463488865,-0.00518932338542746,0.014193324099814));
#2023=CARTESIAN_POINT('',(0.218824099860808,-0.00452411462329576,0.0124825190388417));
#2024=CARTESIAN_POINT('',(-0.0471750088547428,-0.00850518550130528,0.00299273471843814));
#2025=CARTESIAN_POINT('',(-0.0419424431929791,-0.00850619790882481,0.00478412202417389));
#2026=CARTESIAN_POINT('',(-0.0326442519980122,-0.00850629517041102,0.00743424258798848));
#2027=CARTESIAN_POINT('',(-0.0190770123288203,-0.00852201237356479,0.0106379255425442));
#2028=CARTESIAN_POINT('',(-0.00873815933088436,-0.00854901223831045,0.0128164489222161));
#2029=CARTESIAN_POINT('',(0.00133109219709843,-0.00859538254900592,0.0147116450452475));
#2030=CARTESIAN_POINT('',(0.0107389859069316,-0.00865749566717716,0.0162755595407677));
#2031=CARTESIAN_POINT('',(0.0205747068726301,-0.00873416919296565,0.0176842271956904));
#2032=CARTESIAN_POINT('',(0.0316322931910295,-0.00882447291294309,0.0189589788780124));
#2033=CARTESIAN_POINT('',(0.0445356179898749,-0.00891302615518785,0.0199790712909929));
#2034=CARTESIAN_POINT('',(0.0583738423470525,-0.00895699952206009,0.0204992481483248));
#2035=CARTESIAN_POINT('',(0.0727701973588959,-0.00891858210706673,0.0205271648036654));
#2036=CARTESIAN_POINT('',(0.0876284185705663,-0.00877009585077613,0.0202695582863161));
#2037=CARTESIAN_POINT('',(0.10469266593253,-0.00849120060990487,0.0197355188681548));
#2038=CARTESIAN_POINT('',(0.125815196854219,-0.00801950731103443,0.01877933451353));
#2039=CARTESIAN_POINT('',(0.163965151248829,-0.00694012611889053,0.0165376371160899));
#2040=CARTESIAN_POINT('',(0.196117247141963,-0.00577883782187857,0.0141130707664025));
#2041=CARTESIAN_POINT('',(0.218803668885007,-0.00492442366878839,0.0124165919073257));
#2042=CARTESIAN_POINT('',(-0.0468655118127642,-0.00970720036881879,0.00215240187949734));
#2043=CARTESIAN_POINT('',(-0.0416375370442174,-0.0096956468461022,0.00395480430720294));
#2044=CARTESIAN_POINT('',(-0.0323981495901781,-0.00961472916307981,0.00666744409970913));
#2045=CARTESIAN_POINT('',(-0.0189472300310711,-0.00946203027862836,0.0100013883018385));
#2046=CARTESIAN_POINT('',(-0.00869915055360617,-0.00934855628464791,0.0122878003477546));
#2047=CARTESIAN_POINT('',(0.0012921720857011,-0.00926056437046322,0.0142852557702022));
#2048=CARTESIAN_POINT('',(0.010649277564476,-0.00922001272866641,0.0159292694708686));
#2049=CARTESIAN_POINT('',(0.0204533681039137,-0.00921818883692757,0.017403438928717));
#2050=CARTESIAN_POINT('',(0.0315016136815829,-0.00926430127643833,0.0187273353725524));
#2051=CARTESIAN_POINT('',(0.0444253879621471,-0.00936734165547069,0.0197754606549924));
#2052=CARTESIAN_POINT('',(0.0583112642362216,-0.00948652243286109,0.0203049702938022));
#2053=CARTESIAN_POINT('',(0.0727645791320155,-0.00954029890486361,0.0203357287358534));
#2054=CARTESIAN_POINT('',(0.0876635142294306,-0.00944663956839758,0.0200842766320833));
#2055=CARTESIAN_POINT('',(0.104755270979937,-0.0091860987552705,0.0195588250956611));
#2056=CARTESIAN_POINT('',(0.125889696904609,-0.00868755549566894,0.0186126223756045));
#2057=CARTESIAN_POINT('',(0.164022002825229,-0.00747120531096403,0.0163898488762006));
#2058=CARTESIAN_POINT('',(0.196118862696918,-0.00608256670876562,0.0139928385431835));
#2059=CARTESIAN_POINT('',(0.218769993775801,-0.00505541271251062,0.0123568127033644));
#2060=CARTESIAN_POINT('',(-0.0465246590639811,-0.0107995349319253,0.00122294105086005));
#2061=CARTESIAN_POINT('',(-0.0413048881575638,-0.010774409547866,0.00303510348460675));
#2062=CARTESIAN_POINT('',(-0.0321344891654416,-0.0106056611002573,0.00580575213515478));
#2063=CARTESIAN_POINT('',(-0.0188187595688439,-0.0102715246982823,0.00927007968977827));
#2064=CARTESIAN_POINT('',(-0.00867665481596555,-0.0100072668574878,0.0116718501268271));
#2065=CARTESIAN_POINT('',(0.00122355979176861,-0.00977447022600923,0.0137897062001442));
#2066=CARTESIAN_POINT('',(0.0105217411914065,-0.00961924681902289,0.0155396289105444));
#2067=CARTESIAN_POINT('',(0.0202903865194237,-0.00952102122884221,0.0171108864143373));
#2068=CARTESIAN_POINT('',(0.0313326216913624,-0.009493947086426,0.0185169379067365));
#2069=CARTESIAN_POINT('',(0.0442903844344078,-0.00956970900503438,0.0196110046302883));
#2070=CARTESIAN_POINT('',(0.0582414497100795,-0.0097296734613361,0.0201366447745404));
#2071=CARTESIAN_POINT('',(0.0727624504816024,-0.00986505977356894,0.0201430241001037));
#2072=CARTESIAN_POINT('',(0.0877049219746253,-0.00982947108518235,0.0198791601107286));
#2073=CARTESIAN_POINT('',(0.104825933636435,-0.009596472632823,0.0193507936253913));
#2074=CARTESIAN_POINT('',(0.125971554302801,-0.00908693606683466,0.0184112320497709));
#2075=CARTESIAN_POINT('',(0.164081149315505,-0.00777152090105647,0.0162161293781926));
#2076=CARTESIAN_POINT('',(0.196117975770542,-0.0062254814816838,0.013887397649048));
#2077=CARTESIAN_POINT('',(0.218730436194218,-0.0051406248174689,0.0123043299508082));
#2078=CARTESIAN_POINT('',(-0.0461562410628937,-0.0117681927841014,0.000214815271225618));
#2079=CARTESIAN_POINT('',(-0.0409480886584966,-0.0117300523394211,0.00203417489954131));
#2080=CARTESIAN_POINT('',(-0.031855841585301,-0.0114755837851108,0.00485112596425167));
#2081=CARTESIAN_POINT('',(-0.0186905349414849,-0.0109727876990302,0.00842440870589214));
#2082=CARTESIAN_POINT('',(-0.00866528260566956,-0.010575812072835,0.0109244287528283));
#2083=CARTESIAN_POINT('',(0.00113630142356429,-0.010226496083223,0.0131456403297532));
#2084=CARTESIAN_POINT('',(0.0103719704245832,-0.00998889313602045,0.0149875119642735));
#2085=CARTESIAN_POINT('',(0.0201034254922278,-0.00982824362126659,0.0166466306457769));
#2086=CARTESIAN_POINT('',(0.0311399842629699,-0.00975730545695522,0.0181371540944734));
#2087=CARTESIAN_POINT('',(0.0441360749726519,-0.00981073934695389,0.0193038936196774));
#2088=CARTESIAN_POINT('',(0.0581635470419549,-0.00997501822708146,0.0198682106651821));
#2089=CARTESIAN_POINT('',(0.0727642107648931,-0.0101393736786834,0.0198777517976019));
#2090=CARTESIAN_POINT('',(0.0877552082715122,-0.0101307564047319,0.0196095297638782));
#2091=CARTESIAN_POINT('',(0.104908681284708,-0.00991324310469985,0.0190788538877599));
#2092=CARTESIAN_POINT('',(0.126065833793329,-0.00940326884678614,0.0181407112335592));
#2093=CARTESIAN_POINT('',(0.164148444984598,-0.00804916864583055,0.0159571310172881));
#2094=CARTESIAN_POINT('',(0.196115217016457,-0.00646727514540839,0.0136332147446924));
#2095=CARTESIAN_POINT('',(0.218676665449841,-0.00537856094410936,0.0120116698224485));
#2096=CARTESIAN_POINT('',(-0.0457609256452922,-0.0126174043964547,-0.000869835076578007));
#2097=CARTESIAN_POINT('',(-0.0405673988410119,-0.0125676866313306,0.000952777778611394));
#2098=CARTESIAN_POINT('',(-0.0315609760240942,-0.0122355337139244,0.00379644808903563));
#2099=CARTESIAN_POINT('',(-0.0185560682475053,-0.0115894977629808,0.00743290030525302));
#2100=CARTESIAN_POINT('',(-0.00865270410311051,-0.0110867851873785,0.00998661304009767));
#2101=CARTESIAN_POINT('',(0.00104899918226755,-0.0106518343243714,0.0122580343766432));
#2102=CARTESIAN_POINT('',(0.0102225615371285,-0.0103588632292745,0.0141406126517697));
#2103=CARTESIAN_POINT('',(0.0199167520749572,-0.0101607715872327,0.0158387975849511));
#2104=CARTESIAN_POINT('',(0.030946023331209,-0.0100702895805744,0.0173728583571107));
#2105=CARTESIAN_POINT('',(0.0439770565025142,-0.0101262289809412,0.0185950787782147));
#2106=CARTESIAN_POINT('',(0.0580800879882307,-0.0103120832511646,0.0192207967470657));
#2107=CARTESIAN_POINT('',(0.072765678962425,-0.0105034264804683,0.0192792530004943));
#2108=CARTESIAN_POINT('',(0.0878103302485993,-0.0105134445305136,0.019036840852401));
#2109=CARTESIAN_POINT('',(0.104998877676032,-0.0103076344878656,0.0185168001377824));
#2110=CARTESIAN_POINT('',(0.126166938695731,-0.00980218256035629,0.0175728314861853));
#2111=CARTESIAN_POINT('',(0.164213771302431,-0.00843902533447084,0.0153481236351074));
#2112=CARTESIAN_POINT('',(0.196091858930448,-0.00683141454302656,0.0129378526554516));
#2113=CARTESIAN_POINT('',(0.218589841206803,-0.00571445167617787,0.0112432286062836));
#2114=CARTESIAN_POINT('',(-0.0453422128400719,-0.0133432289129914,-0.00202025152935529));
#2115=CARTESIAN_POINT('',(-0.0401653370821028,-0.0132840104051252,-0.000199513058354457));
#2116=CARTESIAN_POINT('',(-0.031249920254578,-0.0128877239100701,0.00264278163829833));
#2117=CARTESIAN_POINT('',(-0.0184094850805923,-0.0121298070638828,0.00627252043432409));
#2118=CARTESIAN_POINT('',(-0.00862870185312665,-0.0115464060651897,0.00881382340255678));
#2119=CARTESIAN_POINT('',(0.000973399369588712,-0.0110451268639118,0.0110655611592508));
#2120=CARTESIAN_POINT('',(0.0100838594301188,-0.0107078767016292,0.0129302809281856));
#2121=CARTESIAN_POINT('',(0.0197383124647307,-0.0104799139902423,0.0146162850251571));
#2122=CARTESIAN_POINT('',(0.0307563406341084,-0.0103765457928586,0.0161498896310202));
#2123=CARTESIAN_POINT('',(0.0438177277445112,-0.0104444842321472,0.0173938556293572));
#2124=CARTESIAN_POINT('',(0.0579933318058479,-0.0106665294947776,0.0180643538209536));
#2125=CARTESIAN_POINT('',(0.0727648285236565,-0.0109008682270888,0.0181737540365239));
#2126=CARTESIAN_POINT('',(0.0878659853720356,-0.0109397703231996,0.0179645158398123));
#2127=CARTESIAN_POINT('',(0.105090135123543,-0.0107514392506276,0.0174614209569082));
#2128=CARTESIAN_POINT('',(0.126267043424003,-0.010251506844978,0.0165158244098157));
#2129=CARTESIAN_POINT('',(0.164267984450563,-0.00887041910873888,0.0142502878456213));
#2130=CARTESIAN_POINT('',(0.196042733576498,-0.00721202393691828,0.011767300048224));
#2131=CARTESIAN_POINT('',(0.218468578016415,-0.00605297119626001,0.0100238286920722));
#2132=CARTESIAN_POINT('',(-0.0447563783956664,-0.0141433983574503,-0.00362966793177042));
#2133=CARTESIAN_POINT('',(-0.0396026267576267,-0.0140750545017702,-0.00182005603115038));
#2134=CARTESIAN_POINT('',(-0.030810389848229,-0.0136184668263576,0.000965732313436611));
#2135=CARTESIAN_POINT('',(-0.0181897616948429,-0.0127531457158816,0.00446848508613153));
#2136=CARTESIAN_POINT('',(-0.00857365906756932,-0.0120879050942824,0.00689751482156456));
#2137=CARTESIAN_POINT('',(0.00089164591728051,-0.0115141463785334,0.00903902925229427));
#2138=CARTESIAN_POINT('',(0.00991230593344759,-0.0111261177763227,0.0108197722207348));
#2139=CARTESIAN_POINT('',(0.0195077549463144,-0.0108633586141422,0.0124419109355899));
#2140=CARTESIAN_POINT('',(0.0305050333923288,-0.0107453180240806,0.013937448147685));
#2141=CARTESIAN_POINT('',(0.0436026636367967,-0.0108292268422424,0.0151844652930189));
#2142=CARTESIAN_POINT('',(0.0578733237029082,-0.0110980334460084,0.015904754839423));
#2143=CARTESIAN_POINT('',(0.0727605836732302,-0.0113891252937183,0.0160873311859139));
#2144=CARTESIAN_POINT('',(0.0879394636052755,-0.0114663712216707,0.0159348185565285));
#2145=CARTESIAN_POINT('',(0.105210867295735,-0.0112997605282461,0.015472871621521));
#2146=CARTESIAN_POINT('',(0.126397013396628,-0.0108028538047256,0.0145525985912319));
#2147=CARTESIAN_POINT('',(0.164327465706605,-0.00938631144356539,0.012288037027766));
#2148=CARTESIAN_POINT('',(0.195951966263805,-0.00765454176712531,0.00975779467589288));
#2149=CARTESIAN_POINT('',(0.218272882438471,-0.00644114073662842,0.0079800174478062));
#2150=CARTESIAN_POINT('',(-0.0439788726096064,-0.0148222187172716,-0.00576042255714308));
#2151=CARTESIAN_POINT('',(-0.0388517099596422,-0.0147480486220285,-0.00397728852924603));
#2152=CARTESIAN_POINT('',(-0.0302108690720138,-0.0142549436440321,-0.00135224145171471));
#2153=CARTESIAN_POINT('',(-0.0178693449387711,-0.0133100902823118,0.00182683301296827));
#2154=CARTESIAN_POINT('',(-0.00846816245129254,-0.0125772253523604,0.00399549932284508));
#2155=CARTESIAN_POINT('',(0.000812878762833906,-0.0119396463394747,0.00590066049146892));
#2156=CARTESIAN_POINT('',(0.00970900291845714,-0.0115060549200677,0.00750617294658835));
#2157=CARTESIAN_POINT('',(0.0192203849072643,-0.0112119318366876,0.00899166628171029));
#2158=CARTESIAN_POINT('',(0.030183831754998,-0.0110803702588399,0.0103942251191734));
#2159=CARTESIAN_POINT('',(0.0433227958320689,-0.0111778283678926,0.0116154753611041));
#2160=CARTESIAN_POINT('',(0.0577129081509006,-0.0114877813794077,0.0123921386790744));
#2161=CARTESIAN_POINT('',(0.0727494263158075,-0.0118296955630178,0.012680848825071));
#2162=CARTESIAN_POINT('',(0.0880304641064557,-0.0119412679949385,0.0126195392251729));
#2163=CARTESIAN_POINT('',(0.105361908897319,-0.011793518256038,0.0122326482294188));
#2164=CARTESIAN_POINT('',(0.126556655673796,-0.0112977577402429,0.0113730531291442));
#2165=CARTESIAN_POINT('',(0.164385444488602,-0.00984512718747538,0.00915884988028676));
#2166=CARTESIAN_POINT('',(0.195802286648529,-0.00804262393299953,0.00660991213245242));
#2167=CARTESIAN_POINT('',(0.2179783847879,-0.00677813715390387,0.0048204284681207));
#2168=CARTESIAN_POINT('',(-0.0429992743887996,-0.0151001119612835,-0.00842612455788008));
#2169=CARTESIAN_POINT('',(-0.0378916017866038,-0.0150239834631637,-0.0066810150309132));
#2170=CARTESIAN_POINT('',(-0.0294241192077695,-0.0145229044298629,-0.00432044175940491));
#2171=CARTESIAN_POINT('',(-0.0174281360845371,-0.0135545644833237,-0.00164483626641745));
#2172=CARTESIAN_POINT('',(-0.00829953782237249,-0.0127994270804564,0.000130584852104375));
#2173=CARTESIAN_POINT('',(0.000742768633232171,-0.0121397053255671,0.00168425964747394));
#2174=CARTESIAN_POINT('',(0.00947483956277736,-0.0116900007481095,0.00302881719247115));
#2175=CARTESIAN_POINT('',(0.0188736884955899,-0.011384635018406,0.00430805837156855));
#2176=CARTESIAN_POINT('',(0.0297875778274875,-0.0112477632927061,0.00556470545740472));
#2177=CARTESIAN_POINT('',(0.0429714215337842,-0.0113487717037107,0.00673283668137357));
#2178=CARTESIAN_POINT('',(0.0575056828811461,-0.0116712821892466,0.00757244558022346));
#2179=CARTESIAN_POINT('',(0.0727270473967139,-0.0120288379508334,0.00799686690620979));
#2180=CARTESIAN_POINT('',(0.0881375340588942,-0.0121500335257099,0.00805627096320323));
#2181=CARTESIAN_POINT('',(0.105544005815411,-0.0120058391800944,0.00777351022406662));
#2182=CARTESIAN_POINT('',(0.126748666721819,-0.011506379592338,0.00700616097472793));
#2183=CARTESIAN_POINT('',(0.16444659463736,-0.0100333241095477,0.00489067362804959));
#2184=CARTESIAN_POINT('',(0.195598048927576,-0.00819976610887979,0.00235377179095989));
#2185=CARTESIAN_POINT('',(0.217588488921022,-0.0069130428334391,0.00057342655224132));
#2186=CARTESIAN_POINT('',(-0.041992957131771,-0.0148198454235741,-0.0111450231549267));
#2187=CARTESIAN_POINT('',(-0.0368912695744484,-0.0147460336458063,-0.00942966913754785));
#2188=CARTESIAN_POINT('',(-0.0285903744075016,-0.0142654525727216,-0.00731773486955147));
#2189=CARTESIAN_POINT('',(-0.0169468094211136,-0.0133481172815261,-0.00512571854183734));
#2190=CARTESIAN_POINT('',(-0.00809968621630038,-0.0126348558541939,-0.00372805139605478));
#2191=CARTESIAN_POINT('',(0.000692444961301836,-0.0120126894600706,-0.00251201144182423));
#2192=CARTESIAN_POINT('',(0.00925068586299204,-0.0115888049227875,-0.0014184955608072));
#2193=CARTESIAN_POINT('',(0.018529131388561,-0.0113008347416599,-0.000338469960440609));
#2194=CARTESIAN_POINT('',(0.0293867427976898,-0.0111708192623118,0.0007758796885309));
#2195=CARTESIAN_POINT('',(0.0426106372534702,-0.0112627774553258,0.00188931857228679));
#2196=CARTESIAN_POINT('',(0.0572873436376175,-0.0115599261136158,0.00278443286086905));
#2197=CARTESIAN_POINT('',(0.0726958946378248,-0.0118857077695454,0.0033337845321508));
#2198=CARTESIAN_POINT('',(0.088241047305485,-0.0119832009672612,0.00350488988039236));
#2199=CARTESIAN_POINT('',(0.105726430788151,-0.011822564595412,0.00331896344585406));
#2200=CARTESIAN_POINT('',(0.126944555900382,-0.0113147923925673,0.00263819419047836));
#2201=CARTESIAN_POINT('',(0.164514816321026,-0.00984833780595872,0.000617220445952039));
#2202=CARTESIAN_POINT('',(0.195399573182837,-0.0080432742161391,-0.00190502901888825));
#2203=CARTESIAN_POINT('',(0.21720271258914,-0.00677662015622506,-0.0036743594775751));
#2204=CARTESIAN_POINT('',(-0.0411685211699785,-0.0141339381490758,-0.013361935181791));
#2205=CARTESIAN_POINT('',(-0.036064467642003,-0.014067414846597,-0.0116570786902518));
#2206=CARTESIAN_POINT('',(-0.0278943276108965,-0.0136328175590811,-0.00967604231477036));
#2207=CARTESIAN_POINT('',(-0.016537276453871,-0.0128118311541689,-0.0077699563139229));
#2208=CARTESIAN_POINT('',(-0.00792139665907954,-0.0121781480642254,-0.00660326851547957));
#2209=CARTESIAN_POINT('',(0.000662007871972696,-0.01162864126973,-0.00559689083775984));
#2210=CARTESIAN_POINT('',(0.0090738219486818,-0.0112553819528105,-0.00465934613824661));
#2211=CARTESIAN_POINT('',(0.0182502584439607,-0.0110017704107684,-0.00370234207575006));
#2212=CARTESIAN_POINT('',(0.0290581563968938,-0.0108858492486617,-0.00267406568808634));
#2213=CARTESIAN_POINT('',(0.0423111160606574,-0.0109613103109952,-0.00158968994020679));
#2214=CARTESIAN_POINT('',(0.0571016254957615,-0.011210797162886,-0.000653199659808074));
#2215=CARTESIAN_POINT('',(0.0726633643225731,-0.0114774823858806,-1.99368580417175E-5));
#2216=CARTESIAN_POINT('',(0.0883223087930015,-0.0115329272004524,0.000223142504356357));
#2217=CARTESIAN_POINT('',(0.105876520408116,-0.0113459693981567,9.61823041353656E-5));
#2218=CARTESIAN_POINT('',(0.127111656776997,-0.0108298588451178,-0.000537036432887199));
#2219=CARTESIAN_POINT('',(0.164588459774377,-0.00939130303572609,-0.00251897416538347));
#2220=CARTESIAN_POINT('',(0.195263515084974,-0.00765568046297061,-0.00505694480415882));
#2221=CARTESIAN_POINT('',(0.216918629792099,-0.00643866639759808,-0.00683617330333948));
#2222=CARTESIAN_POINT('',(-0.0405430960653377,-0.0133270300571864,-0.0150422406198338));
#2223=CARTESIAN_POINT('',(-0.0354364572788467,-0.0132706693182307,-0.0133349583524084));
#2224=CARTESIAN_POINT('',(-0.0273657290962118,-0.0129002990582523,-0.0113825852020261));
#2225=CARTESIAN_POINT('',(-0.0162257714266845,-0.0121931745455319,-0.00956460644595687));
#2226=CARTESIAN_POINT('',(-0.0077858785334217,-0.0116464247522157,-0.00847960857377311));
#2227=CARTESIAN_POINT('',(0.000636467247564561,-0.0111729470054464,-0.00755440111414628));
#2228=CARTESIAN_POINT('',(0.00893445952281218,-0.0108518114148454,-0.00667887994984958));
#2229=CARTESIAN_POINT('',(0.018031605335732,-0.0106333695872548,-0.00576976806204335));
#2230=CARTESIAN_POINT('',(0.0288001564700068,-0.0105319782487083,-0.0047709638861593));
#2231=CARTESIAN_POINT('',(0.0420741637895322,-0.0105913120347233,-0.00368615500543615));
#2232=CARTESIAN_POINT('',(0.0569515496924702,-0.0107941013054283,-0.00271565987485365));
#2233=CARTESIAN_POINT('',(0.0726327103428652,-0.0110032694465712,-0.00203358659269861));
#2234=CARTESIAN_POINT('',(0.0883835263003274,-0.0110182253726487,-0.00175491989665655));
#2235=CARTESIAN_POINT('',(0.105995902498057,-0.0108065999260687,-0.0018586550038257));
#2236=CARTESIAN_POINT('',(0.1272510473382,-0.0102840015516841,-0.00248209180354095));
#2237=CARTESIAN_POINT('',(0.164668303876801,-0.00887632615631371,-0.00448009173652006));
#2238=CARTESIAN_POINT('',(0.195190986296682,-0.0072133505372488,-0.00706852212504237));
#2239=CARTESIAN_POINT('',(0.216737562017054,-0.00605003724056598,-0.00888329502252654));
#2240=CARTESIAN_POINT('',(-0.0400972412250669,-0.0125971167983353,-0.0162414281722849));
#2241=CARTESIAN_POINT('',(-0.0349897621938596,-0.0125508222915921,-0.014526357849976));
#2242=CARTESIAN_POINT('',(-0.026991999237414,-0.0122461559776456,-0.0125512110741261));
#2243=CARTESIAN_POINT('',(-0.0160083573117994,-0.0116533199581804,-0.0107026964358466));
#2244=CARTESIAN_POINT('',(-0.00769491233503656,-0.0111895065500152,-0.00960140690974651));
#2245=CARTESIAN_POINT('',(0.000610656140630458,-0.0107840313861532,-0.00866887464621574));
#2246=CARTESIAN_POINT('',(0.00882564829208011,-0.0105073497907665,-0.00779041093028973));
#2247=CARTESIAN_POINT('',(0.0178652382442816,-0.0103182185313844,-0.00687816256120542));
#2248=CARTESIAN_POINT('',(0.0286052641856285,-0.0102293592002985,-0.0058716447147597));
#2249=CARTESIAN_POINT('',(0.0418946923883774,-0.0102777850828629,-0.00476821454599314));
#2250=CARTESIAN_POINT('',(0.0568359134608691,-0.0104467749406216,-0.00377007516384484));
#2251=CARTESIAN_POINT('',(0.0726062232561946,-0.0106137858325325,-0.00306423712530076));
#2252=CARTESIAN_POINT('',(0.0884279363046027,-0.0105980375010126,-0.00277620543700468));
#2253=CARTESIAN_POINT('',(0.10608713862242,-0.0103661207849085,-0.00288282939536199));
#2254=CARTESIAN_POINT('',(0.127362180523685,-0.00983512103958511,-0.00352435962444162));
#2255=CARTESIAN_POINT('',(0.164744411753871,-0.00844336100601066,-0.00557937751104242));
#2256=CARTESIAN_POINT('',(0.195161149350929,-0.00683248515782238,-0.00824133638133906));
#2257=CARTESIAN_POINT('',(0.216631885001633,-0.00571129990827044,-0.0101061144453783));
#2258=CARTESIAN_POINT('',(-0.0396802153332071,-0.0117462073659831,-0.0173658743685323));
#2259=CARTESIAN_POINT('',(-0.0345736949397605,-0.0117117651790677,-0.0156391963628297));
#2260=CARTESIAN_POINT('',(-0.0266466111612151,-0.0114847609571304,-0.0136120561263538));
#2261=CARTESIAN_POINT('',(-0.0158121764605092,-0.0110374732413224,-0.0116563815103512));
#2262=CARTESIAN_POINT('',(-0.00761915580968324,-0.0106836512842463,-0.0104659215654378));
#2263=CARTESIAN_POINT('',(0.000574225923720851,-0.0103703851908112,-0.009447660924897));
#2264=CARTESIAN_POINT('',(0.00870840571970857,-0.0101553628115758,-0.00849740310802372));
#2265=CARTESIAN_POINT('',(0.0176917930995636,-0.0100090404961645,-0.00751879824286147));
#2266=CARTESIAN_POINT('',(0.0284039983201254,-0.00994486074788226,-0.00644840264914301));
#2267=CARTESIAN_POINT('',(0.0417091609278261,-0.00999777932495865,-0.00528473040457668));
#2268=CARTESIAN_POINT('',(0.0567148030385673,-0.0101524812378712,-0.00424540536592548));
#2269=CARTESIAN_POINT('',(0.0725760490210277,-0.0102917174022793,-0.00352762402874452));
#2270=CARTESIAN_POINT('',(0.0884722941723954,-0.0102510498392625,-0.00324373086235276));
#2271=CARTESIAN_POINT('',(0.106183128442734,-0.00999954236681389,-0.00336443101374851));
#2272=CARTESIAN_POINT('',(0.127485257214464,-0.00945472626109486,-0.00403472262668779));
#2273=CARTESIAN_POINT('',(0.164847510367386,-0.00805730341947294,-0.00616388928842897));
#2274=CARTESIAN_POINT('',(0.195169993386301,-0.00646778338736984,-0.0089328951533946));
#2275=CARTESIAN_POINT('',(0.216571033548624,-0.00537502164757079,-0.0108803384699341));
#2276=CARTESIAN_POINT('',(-0.0392982654756755,-0.0107812944645759,-0.0183992060168801));
#2277=CARTESIAN_POINT('',(-0.0341948629571449,-0.0107598262265373,-0.0166591066932545));
#2278=CARTESIAN_POINT('',(-0.0263356171050013,-0.0106167642002316,-0.0145625922990872));
#2279=CARTESIAN_POINT('',(-0.0156417671129787,-0.0103393173940189,-0.0124566005151622));
#2280=CARTESIAN_POINT('',(-0.00756167113877528,-0.0101238951181829,-0.01113500373463));
#2281=CARTESIAN_POINT('',(0.000526697216631237,-0.00994039424268856,-0.00998125934209393));
#2282=CARTESIAN_POINT('',(0.00858470477906837,-0.00982696602337273,-0.00891034006888944));
#2283=CARTESIAN_POINT('',(0.0175148618875877,-0.00976693866304613,-0.00781706335244627));
#2284=CARTESIAN_POINT('',(0.0282014886723948,-0.00977395103903629,-0.00664208564893343));
#2285=CARTESIAN_POINT('',(0.0415252138398529,-0.00987066738749005,-0.00540848822657391));
#2286=CARTESIAN_POINT('',(0.0565980070719165,-0.0100169900640729,-0.00436374133596856));
#2287=CARTESIAN_POINT('',(0.0725497188398785,-0.0101039412535191,-0.00367976317308988));
#2288=CARTESIAN_POINT('',(0.0885184783634215,-0.010019429395383,-0.0034225022164997));
#2289=CARTESIAN_POINT('',(0.106280365191055,-0.00974039187477213,-0.00356182692371925));
#2290=CARTESIAN_POINT('',(0.127612482459907,-0.00918514593287167,-0.0042452592755288));
#2291=CARTESIAN_POINT('',(0.164969643627571,-0.00780694871424082,-0.00638443147706046));
#2292=CARTESIAN_POINT('',(0.195220243258964,-0.00622995867073204,-0.00917526283350258));
#2293=CARTESIAN_POINT('',(0.216560802700613,-0.00513424561433404,-0.0111833374968285));
#2294=CARTESIAN_POINT('',(-0.0389522440092857,-0.0096960201337642,-0.0193404356330602));
#2295=CARTESIAN_POINT('',(-0.0338549114462483,-0.00968776532501984,-0.0175870402492408));
#2296=CARTESIAN_POINT('',(-0.0260607541476617,-0.00962947849934344,-0.0154132539815993));
#2297=CARTESIAN_POINT('',(-0.0154974057100188,-0.00953187894036302,-0.0131430469294678));
#2298=CARTESIAN_POINT('',(-0.00752071510248119,-0.00947001173731714,-0.0116818971894432));
#2299=CARTESIAN_POINT('',(0.000474263060890817,-0.00944074099750402,-0.0103905099242595));
#2300=CARTESIAN_POINT('',(0.00846706401100031,-0.0094568589958447,-0.00920674341229129));
#2301=CARTESIAN_POINT('',(0.0173538472463356,-0.00951092444017984,-0.00801826088740268));
#2302=CARTESIAN_POINT('',(0.0280237225672206,-0.00960628145844762,-0.00677374575518862));
#2303=CARTESIAN_POINT('',(0.0413703400489421,-0.00972856413276372,-0.00551383195828621));
#2304=CARTESIAN_POINT('',(0.0565051538807772,-0.00981441497127205,-0.0044826360932948));
#2305=CARTESIAN_POINT('',(0.0725348537087228,-0.0098054303318733,-0.00382286748173071));
#2306=CARTESIAN_POINT('',(0.0885637988181172,-0.00966020707547365,-0.00358010605265637));
#2307=CARTESIAN_POINT('',(0.106368129886463,-0.00935535402156152,-0.00372742757991309));
#2308=CARTESIAN_POINT('',(0.127725383105795,-0.00881442363563963,-0.00441208962728505));
#2309=CARTESIAN_POINT('',(0.165080008500805,-0.00753834101418557,-0.00653845181796003));
#2310=CARTESIAN_POINT('',(0.195282519016272,-0.0061033198587543,-0.00927013572661577));
#2311=CARTESIAN_POINT('',(0.216581386849771,-0.00504357072047801,-0.0112456629010096));
#2312=CARTESIAN_POINT('',(-0.0386438635360728,-0.00850134982108689,-0.0201846785318237));
#2313=CARTESIAN_POINT('',(-0.0335553705111003,-0.0085049888744419,-0.0184193689094951));
#2314=CARTESIAN_POINT('',(-0.025822762357479,-0.00852371423653921,-0.0161680827735745));
#2315=CARTESIAN_POINT('',(-0.0153774607691047,-0.00858801656863894,-0.0137417948803538));
#2316=CARTESIAN_POINT('',(-0.00749214359671647,-0.00866151131685938,-0.0121561300104729));
#2317=CARTESIAN_POINT('',(0.000424487409888829,-0.00876016071563438,-0.0107540972680266));
#2318=CARTESIAN_POINT('',(0.00836601700568234,-0.00886960851662699,-0.00949085548208088));
#2319=CARTESIAN_POINT('',(0.0172205132522261,-0.0089882398570826,-0.00824219904804192));
#2320=CARTESIAN_POINT('',(0.0278802592169339,-0.00910926498630994,-0.00695442674118416));
#2321=CARTESIAN_POINT('',(0.0412474825753679,-0.00920308993888481,-0.00566499634682091));
#2322=CARTESIAN_POINT('',(0.056433288667811,-0.0092190001804665,-0.00461672578783594));
#2323=CARTESIAN_POINT('',(0.0725266685047746,-0.00913521701510588,-0.00395153803085759));
#2324=CARTESIAN_POINT('',(0.0886036797120096,-0.00894976662796386,-0.00370711715585796));
#2325=CARTESIAN_POINT('',(0.106442081595558,-0.00863892932004636,-0.00385448365946512));
#2326=CARTESIAN_POINT('',(0.127818552794847,-0.00813618636111122,-0.00454178434931426));
#2327=CARTESIAN_POINT('',(0.165167715280687,-0.0070100127496918,-0.00667258350537913));
#2328=CARTESIAN_POINT('',(0.195327815460453,-0.00580866184986701,-0.00939053788859879));
#2329=CARTESIAN_POINT('',(0.216599397355692,-0.00491064888512726,-0.0113109399292845));
#2330=CARTESIAN_POINT('',(-0.0383766621324854,-0.0072145449435847,-0.0209209572544485));
#2331=CARTESIAN_POINT('',(-0.0332988526724257,-0.00722726554181681,-0.0191458773656487));
#2332=CARTESIAN_POINT('',(-0.0256223362273513,-0.00730646874338437,-0.0168242483236237));
#2333=CARTESIAN_POINT('',(-0.0152795322130656,-0.00748842526526701,-0.0142625881841197));
#2334=CARTESIAN_POINT('',(-0.00747163632012536,-0.00765130202083118,-0.0125728711227712));
#2335=CARTESIAN_POINT('',(0.000381226997538622,-0.00782036405620097,-0.0110799909156737));
#2336=CARTESIAN_POINT('',(0.0082818730942763,-0.00796638861928273,-0.00974790513031839));
#2337=CARTESIAN_POINT('',(0.0171100065894878,-0.00809686209007573,-0.00843935712120459));
#2338=CARTESIAN_POINT('',(0.0277608518558734,-0.00820422630393278,-0.00709691877127353));
#2339=CARTESIAN_POINT('',(0.0411445533787278,-0.00825956168028425,-0.00576092970859601));
#2340=CARTESIAN_POINT('',(0.0563730600128375,-0.0082251016810654,-0.00468518383161618));
#2341=CARTESIAN_POINT('',(0.0725198940756323,-0.00809689719476475,-0.00401040658852924));
#2342=CARTESIAN_POINT('',(0.0886366179714348,-0.00789467968657208,-0.00376179659996592));
#2343=CARTESIAN_POINT('',(0.106503313453537,-0.00759662806792909,-0.00390739954109703));
#2344=CARTESIAN_POINT('',(0.12789533952775,-0.00714699430660108,-0.00459696950619074));
#2345=CARTESIAN_POINT('',(0.165238446397835,-0.00618795349303556,-0.00673741034608838));
#2346=CARTESIAN_POINT('',(0.19535904607346,-0.00521556742925603,-0.00946813175174309));
#2347=CARTESIAN_POINT('',(0.216605311402386,-0.00451254300154368,-0.0113810920135293));
#2348=CARTESIAN_POINT('',(-0.0381532584949821,-0.00585236363853149,-0.0215403943404672));
#2349=CARTESIAN_POINT('',(-0.0330868176610078,-0.00586974183016368,-0.0197582694743534));
#2350=CARTESIAN_POINT('',(-0.0254587100378169,-0.00598147994828923,-0.0173805790720817));
#2351=CARTESIAN_POINT('',(-0.0152004886381692,-0.00621358612180856,-0.0147113740573544));
#2352=CARTESIAN_POINT('',(-0.00745558947198264,-0.00640517188943742,-0.0129372542639422));
#2353=CARTESIAN_POINT('',(0.000346022612391705,-0.00658554775883488,-0.0113659514440886));
#2354=CARTESIAN_POINT('',(0.00821334436917338,-0.00672561057426587,-0.00996954997002674));
#2355=CARTESIAN_POINT('',(0.0170192746209983,-0.00683911827578453,-0.00860225376370449));
#2356=CARTESIAN_POINT('',(0.0276620637541826,-0.00691967222681412,-0.00720567033419353));
#2357=CARTESIAN_POINT('',(0.0410588449125767,-0.00694173961396955,-0.00582573007606749));
#2358=CARTESIAN_POINT('',(0.0563225062665523,-0.00687802308716359,-0.00472656258575905));
#2359=CARTESIAN_POINT('',(0.0725134959412895,-0.00673390832653823,-0.00404535011783546));
#2360=CARTESIAN_POINT('',(0.0886628161305941,-0.0065385056714592,-0.00379315537768712));
#2361=CARTESIAN_POINT('',(0.106552814972732,-0.0062729821848447,-0.003934979150111));
#2362=CARTESIAN_POINT('',(0.127957610623761,-0.00589305525970863,-0.00462113950190032));
#2363=CARTESIAN_POINT('',(0.165295385282399,-0.00511598621134837,-0.00675746439963808));
#2364=CARTESIAN_POINT('',(0.19538241687943,-0.00436432151721357,-0.00948685225983014));
#2365=CARTESIAN_POINT('',(0.216605851899421,-0.00383956709494473,-0.0113986654667201));
#2366=CARTESIAN_POINT('',(-0.0379760130322133,-0.00443223003330604,-0.0220343722621361));
#2367=CARTESIAN_POINT('',(-0.0329201755063571,-0.0044496344262449,-0.0202477588784477));
#2368=CARTESIAN_POINT('',(-0.0253309565092537,-0.00456272862525085,-0.0178298368963422));
#2369=CARTESIAN_POINT('',(-0.0151391285529734,-0.00478588725579198,-0.0150780557933352));
#2370=CARTESIAN_POINT('',(-0.00744362738823863,-0.0049634594731655,-0.0132357851706732));
#2371=CARTESIAN_POINT('',(0.000317831950736432,-0.00512417695231626,-0.0115983545176829));
#2372=CARTESIAN_POINT('',(0.00815884494167976,-0.0052438536333468,-0.0101470372763353));
#2373=CARTESIAN_POINT('',(0.0169471264399636,-0.00533688052248159,-0.0087302382160399));
#2374=CARTESIAN_POINT('',(0.0275835313737656,-0.00539797396842772,-0.0072893768523366));
#2375=CARTESIAN_POINT('',(0.040990805200804,-0.00540569178839907,-0.00587533954826755));
#2376=CARTESIAN_POINT('',(0.0562825631277596,-0.0053395824019865,-0.00475977733825175));
#2377=CARTESIAN_POINT('',(0.0725087837780336,-0.00520812709363622,-0.00407563720127039));
#2378=CARTESIAN_POINT('',(0.0886840537485009,-0.00504099391104721,-0.00382173427113585));
#2379=CARTESIAN_POINT('',(0.106592585127501,-0.00482304299288282,-0.00396063074958346));
#2380=CARTESIAN_POINT('',(0.128007416949087,-0.0045200910600922,-0.00464270560508703));
#2381=CARTESIAN_POINT('',(0.165340403870982,-0.00391395413355736,-0.00677050150861356));
#2382=CARTESIAN_POINT('',(0.195399590847046,-0.00333955317939889,-0.00949161241443398));
#2383=CARTESIAN_POINT('',(0.216603536027686,-0.00293632889694842,-0.0113976725957625));
#2384=CARTESIAN_POINT('',(-0.0378470353429138,-0.00297182933224599,-0.0223952864080033));
#2385=CARTESIAN_POINT('',(-0.0327998251280987,-0.00298572475566827,-0.0206060150844934));
#2386=CARTESIAN_POINT('',(-0.0252390716463365,-0.00307634418860382,-0.0181607962079095));
#2387=CARTESIAN_POINT('',(-0.0150951858199063,-0.00324925840104114,-0.0153487575854961));
#2388=CARTESIAN_POINT('',(-0.00743538462458893,-0.00338394170355601,-0.0134551825711657));
#2389=CARTESIAN_POINT('',(0.000297079541154505,-0.00350321390538514,-0.0117671377712029));
#2390=CARTESIAN_POINT('',(0.00811902232696673,-0.00358997660886659,-0.0102738147508784));
#2391=CARTESIAN_POINT('',(0.0168944584442801,-0.00365576187607894,-0.00881949624654395));
#2392=CARTESIAN_POINT('',(0.0275262282709255,-0.00369675827458524,-0.00734564006761102));
#2393=CARTESIAN_POINT('',(0.0409412041502467,-0.0036974621692199,-0.00590704885018016));
#2394=CARTESIAN_POINT('',(0.0562535343773704,-0.00364425424598376,-0.00478080955818993));
#2395=CARTESIAN_POINT('',(0.072505513206522,-0.00354509699895183,-0.00409624881624046));
#2396=CARTESIAN_POINT('',(0.0886997036339188,-0.00342376768413304,-0.00384251998624409));
#2397=CARTESIAN_POINT('',(0.106621751268738,-0.00326975148686497,-0.00398047582230603));
#2398=CARTESIAN_POINT('',(0.128043893374401,-0.00305998586841065,-0.00466058208293327));
#2399=CARTESIAN_POINT('',(0.165373376232932,-0.00264740606944181,-0.00678317055150616));
#2400=CARTESIAN_POINT('',(0.195412292124339,-0.00226369200186842,-0.00949821207381662));
#2401=CARTESIAN_POINT('',(0.216602149601444,-0.00199548926470206,-0.0113999890437777));
#2402=CARTESIAN_POINT('',(-0.0377682624747893,-0.00148767563849637,-0.0226163709253555));
#2403=CARTESIAN_POINT('',(-0.0327267245455799,-0.00149543639182267,-0.020825777687096));
#2404=CARTESIAN_POINT('',(-0.0251833546096863,-0.00154607662359692,-0.0183648255079114));
#2405=CARTESIAN_POINT('',(-0.0150686037197778,-0.00164074682499756,-0.0155155704801116));
#2406=CARTESIAN_POINT('',(-0.00743055459055199,-0.00171363844508799,-0.0135896316167844));
#2407=CARTESIAN_POINT('',(0.000284235160855704,-0.00177749211648785,-0.0118694068186801));
#2408=CARTESIAN_POINT('',(0.00809452760812258,-0.00182342054990467,-0.0103495065957244));
#2409=CARTESIAN_POINT('',(0.0168621043139972,-0.00185781850072135,-0.00887169200199244));
#2410=CARTESIAN_POINT('',(0.0274910565481038,-0.00187866586410371,-0.00737751950498074));
#2411=CARTESIAN_POINT('',(0.0409107992593011,-0.00187775759843916,-0.00592432840686493));
#2412=CARTESIAN_POINT('',(0.0562358037183548,-0.00184822061451863,-0.00479245676982545));
#2413=CARTESIAN_POINT('',(0.0725036255676951,-0.00179481838020968,-0.00410867505317342));
#2414=CARTESIAN_POINT('',(0.0887094269662491,-0.00173083821430457,-0.00385580774123951));
#2415=CARTESIAN_POINT('',(0.106639768297339,-0.00165089116271247,-0.00399369158793469));
#2416=CARTESIAN_POINT('',(0.128066380606648,-0.00154333909111343,-0.0046728084249344));
#2417=CARTESIAN_POINT('',(0.165393654796159,-0.00133401387202431,-0.00679186714181858));
#2418=CARTESIAN_POINT('',(0.195420030565796,-0.00114158770338828,-0.00950215160289752));
#2419=CARTESIAN_POINT('',(0.216601152343144,-0.00100723638600962,-0.0114005895262167));
#2420=CARTESIAN_POINT('',(-0.0377414504297035,2.08024946846816E-14,-0.0226917659980016));
#2421=CARTESIAN_POINT('',(-0.0327019287401625,-1.56008863018879E-13,-0.0209007839334837));
#2422=CARTESIAN_POINT('',(-0.025164462066304,-1.30934982885952E-12,-0.018434631384778));
#2423=CARTESIAN_POINT('',(-0.0150596090590749,-3.63246460761085E-12,-0.0155724614497919));
#2424=CARTESIAN_POINT('',(-0.00742897032302794,-5.5197126888437E-12,-0.0136351564245404));
#2425=CARTESIAN_POINT('',(0.000279795505469779,-7.29677665073702E-12,-0.0119035907529219));
#2426=CARTESIAN_POINT('',(0.00808611280969407,-8.72896172921438E-12,-0.0103743666548117));
#2427=CARTESIAN_POINT('',(0.0168510055418074,-9.94937615795489E-12,-0.00888837721262414));
#2428=CARTESIAN_POINT('',(0.0274790026082116,-1.08892654600528E-11,-0.00738724396856271));
#2429=CARTESIAN_POINT('',(0.0409003940467241,-1.12226736574769E-11,-0.00592923762749538));
#2430=CARTESIAN_POINT('',(0.0562297600342567,-1.0435128199797E-11,-0.00479580151974078));
#2431=CARTESIAN_POINT('',(0.0725030229122469,-8.26119516993313E-12,-0.00411271465301932));
#2432=CARTESIAN_POINT('',(0.0887128008763507,-4.730822718107E-12,-0.00386047089810918));
#2433=CARTESIAN_POINT('',(0.106645982568264,5.58848359569367E-13,-0.00399857558938151));
#2434=CARTESIAN_POINT('',(0.128074121174627,8.57025088075636E-12,-0.00467751199488595));
#2435=CARTESIAN_POINT('',(0.165400624097452,2.56204811564651E-11,-0.00679539142212315));
#2436=CARTESIAN_POINT('',(0.195422686314109,4.26892960074467E-11,-0.00950380429973693));
#2437=CARTESIAN_POINT('',(0.216600809332122,5.47274857953739E-11,-0.0114009231904433));
#2438=CARTESIAN_POINT('',(-0.0377682624747977,0.00148767563853731,-0.0226163709253568));
#2439=CARTESIAN_POINT('',(-0.0327267245456081,0.00149543639151544,-0.0208257776871187));
#2440=CARTESIAN_POINT('',(-0.0251833546097323,0.00154607662101969,-0.0183648255080338));
#2441=CARTESIAN_POINT('',(-0.0150686037198151,0.00164074681784221,-0.0155155704804199));
#2442=CARTESIAN_POINT('',(-0.00743055459057599,0.00171363843421068,-0.0135896316172368));
#2443=CARTESIAN_POINT('',(0.00028423516084213,0.00177749210210185,-0.011869406819254));
#2444=CARTESIAN_POINT('',(0.00809452760811209,0.00182342053268776,-0.0103495065963683));
#2445=CARTESIAN_POINT('',(0.0168621043139863,0.00185781848108889,-0.00887169200266292));
#2446=CARTESIAN_POINT('',(0.0274910565480886,0.00187866584260741,-0.00737751950562017));
#2447=CARTESIAN_POINT('',(0.0409107992592794,0.00187775757627466,-0.00592432840738734));
#2448=CARTESIAN_POINT('',(0.0562358037183291,0.00184822059390206,-0.00479245677015083));
#2449=CARTESIAN_POINT('',(0.0725036255676733,0.00179481836388534,-0.00410867505327576));
#2450=CARTESIAN_POINT('',(0.088709426966237,0.00173083820496161,-0.00385580774117017));
#2451=CARTESIAN_POINT('',(0.106639768297336,0.00165089116383725,-0.00399369158773647));
#2452=CARTESIAN_POINT('',(0.128066380606653,0.00154333910809875,-0.00467280842465299));
#2453=CARTESIAN_POINT('',(0.165393654796175,0.00133401392277715,-0.0067918671415224));
#2454=CARTESIAN_POINT('',(0.195420030565815,0.0011415877879617,-0.00950215160272879));
#2455=CARTESIAN_POINT('',(0.216601152343162,0.00100723649445561,-0.0114005895261375));
#2456=CARTESIAN_POINT('',(-0.0378470353429288,0.002971829332285,-0.0223952864080052));
#2457=CARTESIAN_POINT('',(-0.0327998251281496,0.00298572475537522,-0.0206060150845365));
#2458=CARTESIAN_POINT('',(-0.025239071646422,0.00307634418614806,-0.0181607962081483));
#2459=CARTESIAN_POINT('',(-0.0150951858199782,0.00324925839421253,-0.015348757586105));
#2460=CARTESIAN_POINT('',(-0.00743538462463686,0.00338394169316263,-0.0134551825720633));
#2461=CARTESIAN_POINT('',(0.000297079541125858,0.0035032138916205,-0.0117671377723448));
#2462=CARTESIAN_POINT('',(0.00811902232694402,0.0035899765923715,-0.0102738147521613));
#2463=CARTESIAN_POINT('',(0.0168944584442567,0.0036557618572456,-0.00881949624788098));
#2464=CARTESIAN_POINT('',(0.0275262282708943,0.00369675825393627,-0.00734564006888671));
#2465=CARTESIAN_POINT('',(0.0409412041502034,0.00369746214790014,-0.00590704885122247));
#2466=CARTESIAN_POINT('',(0.0562535343773198,0.00364425422612896,-0.00478080955883925));
#2467=CARTESIAN_POINT('',(0.0725055132064785,0.00354509698321645,-0.00409624881644569));
#2468=CARTESIAN_POINT('',(0.0886997036338946,0.00342376767512599,-0.00384251998610941));
#2469=CARTESIAN_POINT('',(0.106621751268729,0.00326975148796402,-0.00398047582191915));
#2470=CARTESIAN_POINT('',(0.128043893374407,0.00305998588483628,-0.00466058208238878));
#2471=CARTESIAN_POINT('',(0.165373376232956,0.00264740611851668,-0.00678317055095069));
#2472=CARTESIAN_POINT('',(0.195412292124366,0.00226369208364899,-0.00949821207353261));
#2473=CARTESIAN_POINT('',(0.216602149601469,0.00199548936956465,-0.0113999890436762));
#2474=CARTESIAN_POINT('',(-0.0379760130322328,0.00443223003334177,-0.0220343722621381));
#2475=CARTESIAN_POINT('',(-0.0329201755064237,0.00444963442597532,-0.0202477588785076));
#2476=CARTESIAN_POINT('',(-0.0253309565093711,0.00456272862299724,-0.0178298368966848));
#2477=CARTESIAN_POINT('',(-0.0151391285530784,0.00478588724951901,-0.015078055794223));
#2478=CARTESIAN_POINT('',(-0.00744362738831275,0.00496345946360278,-0.0132357851719919));
#2479=CARTESIAN_POINT('',(0.000317831950689101,0.00512417693962259,-0.0115983545193711));
#2480=CARTESIAN_POINT('',(0.00815884494164169,0.00524385361809532,-0.0101470372782406));
#2481=CARTESIAN_POINT('',(0.0169471264399258,0.00533688050501896,-0.00873023821803308));
#2482=CARTESIAN_POINT('',(0.0275835313737174,0.00539797394922333,-0.00728937685424446));
#2483=CARTESIAN_POINT('',(0.0409908052007388,0.00540569176850723,-0.00587533954983081));
#2484=CARTESIAN_POINT('',(0.0562825631276833,0.00533958238341344,-0.00475977733922717));
#2485=CARTESIAN_POINT('',(0.0725087837779678,0.00520812707890145,-0.0040756372015756));
#2486=CARTESIAN_POINT('',(0.0886840537484632,0.00504099390265314,-0.00382173427091985));
#2487=CARTESIAN_POINT('',(0.106592585127487,0.00482304299406174,-0.00396063074896928));
#2488=CARTESIAN_POINT('',(0.128007416949097,0.00452009107583572,-0.00464270560420458));
#2489=CARTESIAN_POINT('',(0.165340403871026,0.00391395418041576,-0.0067705015076481));
#2490=CARTESIAN_POINT('',(0.19539959084711,0.00333955325755112,-0.00949161241381984));
#2491=CARTESIAN_POINT('',(0.216603536027758,0.00293632899731272,-0.0113976725954117));
#2492=CARTESIAN_POINT('',(-0.0381532584950031,0.00585236363856297,-0.0215403943404682));
#2493=CARTESIAN_POINT('',(-0.0330868176610809,0.00586974182992595,-0.0197582694744261));
#2494=CARTESIAN_POINT('',(-0.0254587100379552,0.00598147994630707,-0.0173805790725164));
#2495=CARTESIAN_POINT('',(-0.0152004886383039,0.00621358611629601,-0.014711374058498));
#2496=CARTESIAN_POINT('',(-0.00745558947208533,0.00640517188102198,-0.0129372542656549));
#2497=CARTESIAN_POINT('',(0.00034602261232012,0.00658554774762768,-0.0113659514462976));
#2498=CARTESIAN_POINT('',(0.0082133443691144,0.00672561056074574,-0.00996954997253201));
#2499=CARTESIAN_POINT('',(0.0170192746209418,0.00683911826023687,-0.00860225376633368));
#2500=CARTESIAN_POINT('',(0.0276620637541158,0.00691967220963358,-0.00720567033671446));
#2501=CARTESIAN_POINT('',(0.0410588449124906,0.00694173959608608,-0.00582573007813178));
#2502=CARTESIAN_POINT('',(0.0563225062664546,0.00687802307038835,-0.00472656258704593));
#2503=CARTESIAN_POINT('',(0.0725134959412071,0.00673390831315582,-0.0040453501182496));
#2504=CARTESIAN_POINT('',(0.088662816130547,0.00653850566373743,-0.00379315537744996));
#2505=CARTESIAN_POINT('',(0.106552814972708,0.00627298218569454,-0.00393497914941508));
#2506=CARTESIAN_POINT('',(0.127957610623755,0.00589305527360557,-0.00462113950096054));
#2507=CARTESIAN_POINT('',(0.165295385282401,0.00511598625306696,-0.00675746439882566));
#2508=CARTESIAN_POINT('',(0.195382416879417,0.00436432158669049,-0.00948685225969119));
#2509=CARTESIAN_POINT('',(0.216605851899391,0.00383956718379056,-0.0113986654669715));
#2510=CARTESIAN_POINT('',(-0.0383766621325044,0.00721454494361031,-0.0209209572544481));
#2511=CARTESIAN_POINT('',(-0.0332988526724951,0.00722726554162129,-0.0191458773657282));
#2512=CARTESIAN_POINT('',(-0.0256223362274955,0.00730646874175223,-0.0168242483241205));
#2513=CARTESIAN_POINT('',(-0.0152795322132277,0.00748842526080475,-0.0142625881854227));
#2514=CARTESIAN_POINT('',(-0.00747163632026615,0.00765130201407177,-0.0125728711247346));
#2515=CARTESIAN_POINT('',(0.000381226997427622,0.00782036404722962,-0.0110799909182478));
#2516=CARTESIAN_POINT('',(0.00828187309418237,0.0079663886084446,-0.00974790513329795));
#2517=CARTESIAN_POINT('',(0.0171100065894018,0.00809686207755718,-0.00843935712440262));
#2518=CARTESIAN_POINT('',(0.0277608518557788,0.00820422629000844,-0.00709691877441923));
#2519=CARTESIAN_POINT('',(0.0411445533786087,0.00825956166567228,-0.00576092971125005));
#2520=CARTESIAN_POINT('',(0.0563730600126975,0.00822510166723143,-0.00468518383331501));
#2521=CARTESIAN_POINT('',(0.0725198940755029,0.00809689718356145,-0.00401040658903938));
#2522=CARTESIAN_POINT('',(0.0886366179713428,0.0078946796798,-0.00376179659941418));
#2523=CARTESIAN_POINT('',(0.106503313453474,0.0075966280678368,-0.00390739953953762));
#2524=CARTESIAN_POINT('',(0.127895339527715,0.00714699431657258,-0.00459696950361586));
#2525=CARTESIAN_POINT('',(0.165238446397815,0.00618795352371129,-0.00673741034211231));
#2526=CARTESIAN_POINT('',(0.195359046073369,0.0052155674788217,-0.00946813174713452));
#2527=CARTESIAN_POINT('',(0.216605311402134,0.00451254306037973,-0.0113810920087652));
#2528=CARTESIAN_POINT('',(-0.038643863536087,0.00850134982110802,-0.0201846785318198));
#2529=CARTESIAN_POINT('',(-0.0335553705111565,0.00850498887428325,-0.0184193689095821));
#2530=CARTESIAN_POINT('',(-0.0258227623576092,0.00852371423519727,-0.0161680827741732));
#2531=CARTESIAN_POINT('',(-0.0153774607692793,0.00858801656510175,-0.0137417948818774));
#2532=CARTESIAN_POINT('',(-0.00749214359689792,0.00866151131164941,-0.0121561300127218));
#2533=CARTESIAN_POINT('',(0.000424487409710735,0.00876016070894336,-0.0107540972709555));
#2534=CARTESIAN_POINT('',(0.00836601700550956,0.00886960850876435,-0.00949085548553014));
#2535=CARTESIAN_POINT('',(0.0172205132520633,0.0089882398481826,-0.00824219905188506));
#2536=CARTESIAN_POINT('',(0.0278802592167729,0.00910926497651599,-0.00695442674519441));
#2537=CARTESIAN_POINT('',(0.0412474825751911,0.00920308992862034,-0.00566499635049951));
#2538=CARTESIAN_POINT('',(0.0564332886676193,0.00921900017072138,-0.00461672579050166));
#2539=CARTESIAN_POINT('',(0.0725266685046077,0.00913521700719725,-0.00395153803199641));
#2540=CARTESIAN_POINT('',(0.0886036797119074,0.00894976662317686,-0.00370711715531695));
#2541=CARTESIAN_POINT('',(0.106442081595525,0.00863892931993076,-0.00385448365696848));
#2542=CARTESIAN_POINT('',(0.127818552794894,0.00813618636787562,-0.00454178434432831));
#2543=CARTESIAN_POINT('',(0.165167715280781,0.0070100127696902,-0.00667258349640592));
#2544=CARTESIAN_POINT('',(0.195327815460342,0.00580866187900039,-0.00939053787686348));
#2545=CARTESIAN_POINT('',(0.216599397354817,0.00491064891315434,-0.0113109399205136));
#2546=CARTESIAN_POINT('',(-0.0389522440092934,0.00969602013378128,-0.0193404356330518));
#2547=CARTESIAN_POINT('',(-0.0338549114462856,0.00968776532489274,-0.0175870402493372));
#2548=CARTESIAN_POINT('',(-0.0260607541477636,0.009629478498254,-0.0154132539823382));
#2549=CARTESIAN_POINT('',(-0.015497405710185,0.00953187893758124,-0.0131430469313023));
#2550=CARTESIAN_POINT('',(-0.00752071510268773,0.00947001173334602,-0.0116818971920566));
#2551=CARTESIAN_POINT('',(0.000474263060633664,0.00944074099266965,-0.0103905099274933));
#2552=CARTESIAN_POINT('',(0.00846706401069261,0.00945685899056786,-0.00920674341593745));
#2553=CARTESIAN_POINT('',(0.0173538472459966,0.009510924434732,-0.00801826089137326));
#2554=CARTESIAN_POINT('',(0.028023722566871,0.00960628145303028,-0.00677374575941018));
#2555=CARTESIAN_POINT('',(0.0413703400486051,0.00972856412743553,-0.00551383196248475));
#2556=CARTESIAN_POINT('',(0.0565051538804759,0.00981441496615115,-0.00448263609672855));
#2557=CARTESIAN_POINT('',(0.0725348537085077,0.00980543032752287,-0.003822867483534));
#2558=CARTESIAN_POINT('',(0.0885637988180327,0.00966020707262088,-0.00358010605227315));
#2559=CARTESIAN_POINT('',(0.106368129886516,0.00935535402100988,-0.0037274275766421));
#2560=CARTESIAN_POINT('',(0.127725383105962,0.00881442363818555,-0.00441208962017706));
#2561=CARTESIAN_POINT('',(0.165080008500996,0.00753834102230986,-0.00653845180452544));
#2562=CARTESIAN_POINT('',(0.195282519015502,0.00610331986575425,-0.00927013571274412));
#2563=CARTESIAN_POINT('',(0.21658138684767,0.00504357072740827,-0.0112456628970919));
#2564=CARTESIAN_POINT('',(-0.0392982654756758,0.0107812944645896,-0.0183992060168662));
#2565=CARTESIAN_POINT('',(-0.0341948629571608,0.0107598262264353,-0.0166591066933642));
#2566=CARTESIAN_POINT('',(-0.0263356171050676,0.0106167641993564,-0.0145625923000063));
#2567=CARTESIAN_POINT('',(-0.0156417671131179,0.0103393173917957,-0.0124566005174502));
#2568=CARTESIAN_POINT('',(-0.00756167113897974,0.0101238951150199,-0.0111350037378454));
#2569=CARTESIAN_POINT('',(0.000526697216322917,0.00994039423886725,-0.00998125934592475));
#2570=CARTESIAN_POINT('',(0.00858470477863269,0.00982696601928842,-0.00891034007293599));
#2571=CARTESIAN_POINT('',(0.017514861887031,0.00976693865904123,-0.00781706335642185));
#2572=CARTESIAN_POINT('',(0.0282014886717412,0.00977395103551719,-0.00664208565259397));
#2573=CARTESIAN_POINT('',(0.0415252138391935,0.00987066738479067,-0.00540848822983389));
#2574=CARTESIAN_POINT('',(0.0565980070713888,0.0100169900620169,-0.0043637413387418));
#2575=CARTESIAN_POINT('',(0.0725497188395852,0.0101039412518694,-0.00367976317466552));
#2576=CARTESIAN_POINT('',(0.0885184783634007,0.0100194293942164,-0.00342250221590741));
#2577=CARTESIAN_POINT('',(0.106280365191294,0.00974039187424579,-0.00356182691985627));
#2578=CARTESIAN_POINT('',(0.127612482460334,0.00918514593320376,-0.00424525926722828));
#2579=CARTESIAN_POINT('',(0.164969643628,0.00780694871625767,-0.00638443146103045));
#2580=CARTESIAN_POINT('',(0.195220243258317,0.00622995867674162,-0.00917526281848194));
#2581=CARTESIAN_POINT('',(0.216560802700029,0.00513424563222582,-0.0111833374827579));
#2582=CARTESIAN_POINT('',(-0.0396802153332005,0.0117462073659944,-0.017365874368512));
#2583=CARTESIAN_POINT('',(-0.0345736949397544,0.0117117651789842,-0.0156391963629606));
#2584=CARTESIAN_POINT('',(-0.0266466111612432,0.0114847609564288,-0.0136120561275004));
#2585=CARTESIAN_POINT('',(-0.0158121764606067,0.0110374732394675,-0.0116563815133186));
#2586=CARTESIAN_POINT('',(-0.0076191558098536,0.0106836512814981,-0.0104659215697284));
#2587=CARTESIAN_POINT('',(0.000574225923430642,0.0103703851872542,-0.00944766093023817));
#2588=CARTESIAN_POINT('',(0.00870840571927255,0.0101553628073951,-0.00849740311401725));
#2589=CARTESIAN_POINT('',(0.0176917930989864,0.010009040491495,-0.00751879824921837));
#2590=CARTESIAN_POINT('',(0.0284039983194237,0.00994486074295455,-0.00644840265551198));
#2591=CARTESIAN_POINT('',(0.0417091609270745,0.00999777932031236,-0.00528473041042708));
#2592=CARTESIAN_POINT('',(0.0567148030379276,0.0101524812342245,-0.00424540537064568));
#2593=CARTESIAN_POINT('',(0.0725760490206898,0.0102917173999154,-0.00352762403155894));
#2594=CARTESIAN_POINT('',(0.0884722941724811,0.010251049838091,-0.00324373086217539));
#2595=CARTESIAN_POINT('',(0.10618312844329,0.00999954236696163,-0.00336443100907449));
#2596=CARTESIAN_POINT('',(0.12748525721552,0.00945472626325474,-0.00403472261525858));
#2597=CARTESIAN_POINT('',(0.164847510369082,0.00805730342711492,-0.00616388926310892));
#2598=CARTESIAN_POINT('',(0.195169993388724,0.00646778340766525,-0.00893289511370185));
#2599=CARTESIAN_POINT('',(0.216571033552528,0.00537502168045763,-0.0108803384161214));
#2600=CARTESIAN_POINT('',(-0.040097241225054,0.0125971167983443,-0.0162414281722579));
#2601=CARTESIAN_POINT('',(-0.0349897621938336,0.0125508222915241,-0.014526357850134));
#2602=CARTESIAN_POINT('',(-0.0269919992374073,0.0122461559770883,-0.0125512110755322));
#2603=CARTESIAN_POINT('',(-0.0160083573118529,0.0116533199565949,-0.0107026964396934));
#2604=CARTESIAN_POINT('',(-0.00769491233515891,0.0111895065475387,-0.0096014069155594));
#2605=CARTESIAN_POINT('',(0.000610656140400456,0.0107840313827564,-0.00866887465391043));
#2606=CARTESIAN_POINT('',(0.00882564829172731,0.0105073497865527,-0.00779041093958891));
#2607=CARTESIAN_POINT('',(0.0178652382438129,0.0103182185264239,-0.00687816257195502));
#2608=CARTESIAN_POINT('',(0.028605264185055,0.0102293591947372,-0.00587164472669499));
#2609=CARTESIAN_POINT('',(0.0418946923877451,0.0102777850771169,-0.00476821455832046));
#2610=CARTESIAN_POINT('',(0.0568359134602991,0.0104467749354962,-0.0037700751748581));
#2611=CARTESIAN_POINT('',(0.0726062232558962,0.0106137858288941,-0.0030642371327616));
#2612=CARTESIAN_POINT('',(0.0884279363048318,0.0105980374994909,-0.00277620543851789));
#2613=CARTESIAN_POINT('',(0.106087138623439,0.0103661207863468,-0.00288282938776594));
#2614=CARTESIAN_POINT('',(0.127362180525854,0.00983512104547152,-0.00352435960277117));
#2615=CARTESIAN_POINT('',(0.164744411758402,0.00844336102194852,-0.00557937745863554));
#2616=CARTESIAN_POINT('',(0.195161149358086,0.00683248518622581,-0.00824133629592593));
#2617=CARTESIAN_POINT('',(0.216631885011066,0.00571129994661171,-0.01010611433509));
#2618=CARTESIAN_POINT('',(-0.0405430960653195,0.0133270300571938,-0.0150422406197988));
#2619=CARTESIAN_POINT('',(-0.0354364572788033,0.0132706693181744,-0.013334958352607));
#2620=CARTESIAN_POINT('',(-0.0273657290961757,0.0129002990577885,-0.0113825852038025));
#2621=CARTESIAN_POINT('',(-0.0162257714266987,0.012193174544123,-0.00956460645104355));
#2622=CARTESIAN_POINT('',(-0.00778587853349654,0.0116464247499657,-0.00847960858166008));
#2623=CARTESIAN_POINT('',(0.000636467247398755,0.0111729470023339,-0.00755440112483837));
#2624=CARTESIAN_POINT('',(0.0089344595225408,0.0108518114109811,-0.00667887996302306));
#2625=CARTESIAN_POINT('',(0.0180316053353519,0.0106333695827101,-0.00576976807752977));
#2626=CARTESIAN_POINT('',(0.0288001564695164,0.0105319782436031,-0.00477096390365935));
#2627=CARTESIAN_POINT('',(0.042074163788964,0.0105913120293795,-0.00368615502397716));
#2628=CARTESIAN_POINT('',(0.0569515496919473,0.0107941013004965,-0.00271565989216187));
#2629=CARTESIAN_POINT('',(0.0726327103426216,0.011003269442849,-0.00203358660553495));
#2630=CARTESIAN_POINT('',(0.0883835263006947,0.0110182253708893,-0.00175491990137));
#2631=CARTESIAN_POINT('',(0.105995902499432,0.0108065999272377,-0.00185865499576028));
#2632=CARTESIAN_POINT('',(0.12725104734116,0.0102840015573211,-0.0024820917755659));
#2633=CARTESIAN_POINT('',(0.164668303883209,0.00887632617171113,-0.00448009166521718));
#2634=CARTESIAN_POINT('',(0.195190986306771,0.0072133505634693,-0.00706852200881828));
#2635=CARTESIAN_POINT('',(0.216737562029975,0.00605003727491633,-0.00888329487389279));
#2636=CARTESIAN_POINT('',(-0.0411685211699585,0.0141339381490816,-0.013361935181747));
#2637=CARTESIAN_POINT('',(-0.0360644676419489,0.0140674148465535,-0.011657078690507));
#2638=CARTESIAN_POINT('',(-0.0278943276108363,0.0136328175587127,-0.00967604231705457));
#2639=CARTESIAN_POINT('',(-0.0165372764538506,0.0128118311530575,-0.0077699563205348));
#2640=CARTESIAN_POINT('',(-0.00792139665911238,0.0121781480624751,-0.00660326852575091));
#2641=CARTESIAN_POINT('',(0.000662007871858825,0.0116286412673439,-0.00559689085167743));
#2642=CARTESIAN_POINT('',(0.00907382194846377,0.0112553819498757,-0.00465934615538557));
#2643=CARTESIAN_POINT('',(0.0182502584436233,0.0110017704073354,-0.00370234209590664));
#2644=CARTESIAN_POINT('',(0.0290581563964247,0.0108858492448091,-0.00267406571092242));
#2645=CARTESIAN_POINT('',(0.0423111160600826,0.0109613103069396,-0.00158968996457354));
#2646=CARTESIAN_POINT('',(0.0571016254952192,0.0112107971590949,-0.000653199682876057));
#2647=CARTESIAN_POINT('',(0.0726633643223426,0.0114774823829816,-1.99368756282555E-5));
#2648=CARTESIAN_POINT('',(0.0883223087935018,0.0115329271990949,0.000223142497070175));
#2649=CARTESIAN_POINT('',(0.105876520409872,0.0113459693991644,9.61823132438164E-5));
#2650=CARTESIAN_POINT('',(0.127111656780783,0.0108298588497638,-0.000537036398111453));
#2651=CARTESIAN_POINT('',(0.164588459782676,0.00939130304825999,-0.00251897407469739));
#2652=CARTESIAN_POINT('',(0.195263515098031,0.00765568048370686,-0.00505694465607675));
#2653=CARTESIAN_POINT('',(0.216918629808606,0.00643866642423456,-0.00683617311465133));
#2654=CARTESIAN_POINT('',(-0.0419929571317561,0.0148198454235769,-0.011145023154878));
#2655=CARTESIAN_POINT('',(-0.0368912695744083,0.0147460336457826,-0.009429669137857));
#2656=CARTESIAN_POINT('',(-0.0285903744074609,0.0142654525725234,-0.00731773487226398));
#2657=CARTESIAN_POINT('',(-0.0169468094211015,0.0133481172809444,-0.00512571854964267));
#2658=CARTESIAN_POINT('',(-0.00809968621632872,0.0126348558532854,-0.00372805140815064));
#2659=CARTESIAN_POINT('',(0.000692444961203095,0.0120126894588352,-0.00251201145819123));
#2660=CARTESIAN_POINT('',(0.00925068586278864,0.0115888049212656,-0.00141849558095939));
#2661=CARTESIAN_POINT('',(0.0185291313882273,0.011300834739874,-0.000338469984156488));
#2662=CARTESIAN_POINT('',(0.0293867427972037,0.0111708192602981,0.000775879661614585));
#2663=CARTESIAN_POINT('',(0.0426106372528536,0.0112627774531927,0.00188931854344856));
#2664=CARTESIAN_POINT('',(0.0572873436370279,0.0115599261116069,0.00278443283334155));
#2665=CARTESIAN_POINT('',(0.0726958946375893,0.0118857077679963,0.00333378451080674));
#2666=CARTESIAN_POINT('',(0.0882410473060961,0.0119832009665399,0.00350488987095511));
#2667=CARTESIAN_POINT('',(0.105726430790226,0.0118225645959883,0.00331896345554529));
#2668=CARTESIAN_POINT('',(0.126944555904838,0.0113147923951619,0.00263819423024585));
#2669=CARTESIAN_POINT('',(0.164514816330784,0.00984833781293803,0.000617220551311599));
#2670=CARTESIAN_POINT('',(0.195399573198114,0.00804327422763652,-0.00190502884651593));
#2671=CARTESIAN_POINT('',(0.217202712608353,0.00677662017093886,-0.00367435925806032));
#2672=CARTESIAN_POINT('',(-0.0429992743887984,0.015100111961283,-0.00842612455783334));
#2673=CARTESIAN_POINT('',(-0.0378916017866062,0.015023983463167,-0.00668101503126141));
#2674=CARTESIAN_POINT('',(-0.0294241192077872,0.0145229044298928,-0.00432044176232094));
#2675=CARTESIAN_POINT('',(-0.0174281360845652,0.0135545644834046,-0.00164483627473737));
#2676=CARTESIAN_POINT('',(-0.0082995378224216,0.012799427080577,0.000130584839235425));
#2677=CARTESIAN_POINT('',(0.000742768633129326,0.0121397053257207,0.001684259630079));
#2678=CARTESIAN_POINT('',(0.00947483956257614,0.0116900007482829,0.00302881717106544));
#2679=CARTESIAN_POINT('',(0.0188736884952566,0.0113846350185902,0.00430805834638447));
#2680=CARTESIAN_POINT('',(0.0297875778269926,0.0112477632928906,0.00556470542881959));
#2681=CARTESIAN_POINT('',(0.0429714215331448,0.0113487717038829,0.00673283665072432));
#2682=CARTESIAN_POINT('',(0.0575056828805285,0.0116712821893957,0.00757244555091172));
#2683=CARTESIAN_POINT('',(0.0727270473964745,0.0120288379509542,0.00799686688338502));
#2684=CARTESIAN_POINT('',(0.0881375340595651,0.0121500335258061,0.00805627095293313));
#2685=CARTESIAN_POINT('',(0.105544005817651,0.0120058391801701,0.00777351023400159));
#2686=CARTESIAN_POINT('',(0.126748666726599,0.0115063795923989,0.00700616101645899));
#2687=CARTESIAN_POINT('',(0.164446594647763,0.0100333241096025,0.0048906737391493));
#2688=CARTESIAN_POINT('',(0.195598048943769,0.00819976610893598,0.00235377197291567));
#2689=CARTESIAN_POINT('',(0.217588488941316,0.00691304283347846,0.000573426783991778));
#2690=CARTESIAN_POINT('',(-0.0439788726096197,0.0148222187172681,-0.00576042255710425));
#2691=CARTESIAN_POINT('',(-0.038851709959692,0.0147480486220591,-0.00397728852959298));
#2692=CARTESIAN_POINT('',(-0.0302108690721057,0.0142549436442786,-0.00135224145448604));
#2693=CARTESIAN_POINT('',(-0.0178693449388672,0.0133100902830266,0.00182683300507916));
#2694=CARTESIAN_POINT('',(-0.00846816245139329,0.012577225353471,0.0039954993106343));
#2695=CARTESIAN_POINT('',(0.000812878762699862,0.0119396463409693,0.00590066047495184));
#2696=CARTESIAN_POINT('',(0.00970900291824153,0.0115060549218819,0.00750617292626061));
#2697=CARTESIAN_POINT('',(0.0192203849069303,0.0112119318387832,0.00899166625780233));
#2698=CARTESIAN_POINT('',(0.0301838317545128,0.011080370261163,0.010394225092059));
#2699=CARTESIAN_POINT('',(0.0433227958314454,0.0111778283703144,0.0116154753320744));
#2700=CARTESIAN_POINT('',(0.0577129081503006,0.0114877813816682,0.0123921386513705));
#2701=CARTESIAN_POINT('',(0.072749426315583,0.0118296955647717,0.0126808488035711));
#2702=CARTESIAN_POINT('',(0.0880304641071238,0.0119412679958229,0.0126195392156005));
#2703=CARTESIAN_POINT('',(0.10536190889951,0.0117935182555902,0.0122326482389913));
#2704=CARTESIAN_POINT('',(0.126556655678425,0.0112977577377531,0.0113730531687991));
#2705=CARTESIAN_POINT('',(0.164385444498572,0.00984512718060078,0.00915884998551242));
#2706=CARTESIAN_POINT('',(0.195802286663925,0.00804262392161548,0.00660991230469294));
#2707=CARTESIAN_POINT('',(0.217978384807144,0.00677813713925932,0.00482042868757767));
#2708=CARTESIAN_POINT('',(-0.0447563783956862,0.0141433983574444,-0.00362966793173994));
#2709=CARTESIAN_POINT('',(-0.0396026267576984,0.0140750545018196,-0.00182005603145904));
#2710=CARTESIAN_POINT('',(-0.0308103898483705,0.0136184668267536,0.000965732311043376));
#2711=CARTESIAN_POINT('',(-0.0181897616950115,0.0127531457170699,0.00446848507933779));
#2712=CARTESIAN_POINT('',(-0.00857365906774342,0.0120879050961544,0.00689751481104155));
#2713=CARTESIAN_POINT('',(0.000891645917086261,0.0115141463810772,0.00903902923805121));
#2714=CARTESIAN_POINT('',(0.00991230593319195,0.0111261177794319,0.0108197722032165));
#2715=CARTESIAN_POINT('',(0.0195077549459647,0.0108633586177544,0.0124419109150184));
#2716=CARTESIAN_POINT('',(0.0305050333918565,0.0107453180281056,0.0139374481244197));
#2717=CARTESIAN_POINT('',(0.0436026636362152,0.0108292268464547,0.0151844652682331));
#2718=CARTESIAN_POINT('',(0.0578733237023663,0.0110980334499409,0.0159047548159643));
#2719=CARTESIAN_POINT('',(0.072760583673045,0.0113891252967444,0.0160873311679839));
#2720=CARTESIAN_POINT('',(0.0879394636059015,0.0114663712231381,0.0159348185489524));
#2721=CARTESIAN_POINT('',(0.105210867297715,0.0112997605273358,0.0154728716303825));
#2722=CARTESIAN_POINT('',(0.12639701340074,0.0108028538001797,0.0145525986257771));
#2723=CARTESIAN_POINT('',(0.164327465715307,0.00938631143117924,0.0122880371181667));
#2724=CARTESIAN_POINT('',(0.195951966277103,0.0076545417465093,0.00975779482370608));
#2725=CARTESIAN_POINT('',(0.218272882455065,0.00644114071003222,0.00798001763638796));
#2726=CARTESIAN_POINT('',(-0.0453422128400902,0.0133432289129843,-0.00202025152933234));
#2727=CARTESIAN_POINT('',(-0.0401653370821737,0.0132840104051841,-0.000199513058602778));
#2728=CARTESIAN_POINT('',(-0.0312499202547449,0.01288772391053,0.00264278163640473));
#2729=CARTESIAN_POINT('',(-0.0184094850808462,0.0121298070652955,0.00627252042901003));
#2730=CARTESIAN_POINT('',(-0.00862870185341835,0.0115464060674648,0.00881382339433835));
#2731=CARTESIAN_POINT('',(0.000973399369273982,0.0110451268670718,0.0110655611481078));
#2732=CARTESIAN_POINT('',(0.0100838594297629,0.0107078767055487,0.0129302809144628));
#2733=CARTESIAN_POINT('',(0.0197383124643127,0.0104799139948409,0.0146162850090483));
#2734=CARTESIAN_POINT('',(0.0307563406336114,0.0103765457980118,0.016149889612859));
#2735=CARTESIAN_POINT('',(0.0438177277439576,0.0104444842375392,0.0173938556101654));
#2736=CARTESIAN_POINT('',(0.057993331805377,0.0106665294997692,0.0180643538030569));
#2737=CARTESIAN_POINT('',(0.0727648285235318,0.010900868230871,0.0181737540232065));
#2738=CARTESIAN_POINT('',(0.087865985372613,0.010939770324998,0.0179645158347245));
#2739=CARTESIAN_POINT('',(0.105090135125255,0.0107514392494796,0.0174614209646835));
#2740=CARTESIAN_POINT('',(0.126267043427451,0.0102515068393716,0.0165158244375445));
#2741=CARTESIAN_POINT('',(0.164267984457657,0.00887041909347994,0.0142502879166334));
#2742=CARTESIAN_POINT('',(0.196042733587139,0.00721202391085331,0.0117673001640866));
#2743=CARTESIAN_POINT('',(0.218468578029658,0.00605297116192989,0.0100238288405059));
#2744=CARTESIAN_POINT('',(-0.0457609256453069,0.0126174043964462,-0.000869835076559109));
#2745=CARTESIAN_POINT('',(-0.0405673988410716,0.0125676866313993,0.000952777778408688));
#2746=CARTESIAN_POINT('',(-0.031560976024245,0.01223553371447,0.00379644808746713));
#2747=CARTESIAN_POINT('',(-0.0185560682477903,0.0115894977645592,0.00743290030102543));
#2748=CARTESIAN_POINT('',(-0.00865270410348918,0.011086785189876,0.0099866130337173));
#2749=CARTESIAN_POINT('',(0.00104899918181813,0.0106518343278345,0.012258034368178));
#2750=CARTESIAN_POINT('',(0.0102225615366232,0.0103588632335898,0.0141406126415157));
#2751=CARTESIAN_POINT('',(0.0199167520744026,0.010160771592315,0.0158387975730885));
#2752=CARTESIAN_POINT('',(0.03094602333062,0.0100702895862664,0.0173728583439526));
#2753=CARTESIAN_POINT('',(0.0439770565019444,0.0101262289868296,0.0185950787646459));
#2754=CARTESIAN_POINT('',(0.0580800879878224,0.0103120832564584,0.0192207967349172));
#2755=CARTESIAN_POINT('',(0.0727656789623793,0.0105034264842643,0.0192792529921302));
#2756=CARTESIAN_POINT('',(0.0878103302491611,0.010513444532129,0.019036840850216));
#2757=CARTESIAN_POINT('',(0.104998877677526,0.0103076344864728,0.0185168001448881));
#2758=CARTESIAN_POINT('',(0.126166938698583,0.0098021825545373,0.0175728315074744));
#2759=CARTESIAN_POINT('',(0.164213771308021,0.00843902531881866,0.0153481236870827));
#2760=CARTESIAN_POINT('',(0.196091858938588,0.00683141451483036,0.0129378527403529));
#2761=CARTESIAN_POINT('',(0.21858984121692,0.00571445163783282,0.0112432287163143));
#2762=CARTESIAN_POINT('',(-0.0461562410629033,0.0117681927840907,0.000214815271242436));
#2763=CARTESIAN_POINT('',(-0.0409480886585411,0.0117300523395031,0.00203417489937678));
#2764=CARTESIAN_POINT('',(-0.0318558415854281,0.0114755837857853,0.00485112596294231));
#2765=CARTESIAN_POINT('',(-0.0186905349417673,0.0109727877008615,0.00842440870250393));
#2766=CARTESIAN_POINT('',(-0.00866528260608588,0.0105758120756122,0.0109244287478935));
#2767=CARTESIAN_POINT('',(0.00113630142302298,0.0102264960869318,0.0131456403235138));
#2768=CARTESIAN_POINT('',(0.0103719704239486,0.00998889314052138,0.0149875119571085));
#2769=CARTESIAN_POINT('',(0.0201034254915334,0.0098282436264547,0.0166466306379437));
#2770=CARTESIAN_POINT('',(0.0311399842622768,0.00975730546262166,0.0181371540863235));
#2771=CARTESIAN_POINT('',(0.0441360749720781,0.0098107393525541,0.0193038936118988));
#2772=CARTESIAN_POINT('',(0.058163547041656,0.00997501823171603,0.0198682106587874));
#2773=CARTESIAN_POINT('',(0.0727642107649446,0.0101393736817215,0.0198777517935833));
#2774=CARTESIAN_POINT('',(0.0877552082720034,0.0101307564061527,0.0196095297631894));
#2775=CARTESIAN_POINT('',(0.104908681285856,0.00991324310440351,0.0190788538918413));
#2776=CARTESIAN_POINT('',(0.12606583379539,0.00940326884419023,0.0181407112446504));
#2777=CARTESIAN_POINT('',(0.164148444988397,0.00804916863779209,0.0159571310426767));
#2778=CARTESIAN_POINT('',(0.196115217021383,0.00646727512532951,0.0136332147839921));
#2779=CARTESIAN_POINT('',(0.218676665455774,0.00537856091132783,0.0120116698756182));
#2780=CARTESIAN_POINT('',(-0.0465246590639846,0.0107995349319121,0.00122294105087523));
#2781=CARTESIAN_POINT('',(-0.0413048881575893,0.010774409547965,0.0030351034844764));
#2782=CARTESIAN_POINT('',(-0.0321344891655369,0.010605661101096,0.00580575213407943));
#2783=CARTESIAN_POINT('',(-0.0188187595690872,0.0102715247004665,0.00927007968707031));
#2784=CARTESIAN_POINT('',(-0.00867665481634599,0.0100072668606696,0.0116718501229888));
#2785=CARTESIAN_POINT('',(0.00122355979124876,0.00977447023001594,0.0137897061955126));
#2786=CARTESIAN_POINT('',(0.0105217411907812,0.00961924682357737,0.0155396289055619));
#2787=CARTESIAN_POINT('',(0.0202903865187384,0.00952102123372266,0.0171108864093244));
#2788=CARTESIAN_POINT('',(0.0313326216907114,0.00949394709131849,0.0185169379020217));
#2789=CARTESIAN_POINT('',(0.0442903844339572,0.00956970900941752,0.0196110046261679));
#2790=CARTESIAN_POINT('',(0.0582414497099374,0.00972967346474912,0.0201366447711851));
#2791=CARTESIAN_POINT('',(0.0727624504817106,0.00986505977593064,0.0201430240979834));
#2792=CARTESIAN_POINT('',(0.0877049219750091,0.00982947108655048,0.0198791601106562));
#2793=CARTESIAN_POINT('',(0.104825933637284,0.00959647263308,0.0193507936284438));
#2794=CARTESIAN_POINT('',(0.125971554304335,0.0090869360657646,0.0184112320571831));
#2795=CARTESIAN_POINT('',(0.164081149318444,0.00777152089750108,0.0162161293934916));
#2796=CARTESIAN_POINT('',(0.196117975774076,0.00622548147484374,0.0138873976640006));
#2797=CARTESIAN_POINT('',(0.218730436197689,0.00514062480003249,0.0123043299639677));
#2798=CARTESIAN_POINT('',(-0.0468655118127611,0.00970720036880226,0.00215240187951188));
#2799=CARTESIAN_POINT('',(-0.0416375370442216,0.00969564684622432,0.00395480430710152));
#2800=CARTESIAN_POINT('',(-0.0323981495902358,0.00961472916412603,0.00666744409883501));
#2801=CARTESIAN_POINT('',(-0.0189472300312439,0.00946203028133817,0.010001388299631));
#2802=CARTESIAN_POINT('',(-0.00869915055388054,0.00934855628855922,0.0122878003446156));
#2803=CARTESIAN_POINT('',(0.00129217208533681,0.00926056437529905,0.0142852557663861));
#2804=CARTESIAN_POINT('',(0.0106492775640628,0.00922001273403924,0.0159292694667129));
#2805=CARTESIAN_POINT('',(0.0204533681034977,0.00921818884256196,0.0174034389244289));
#2806=CARTESIAN_POINT('',(0.0315016136812413,0.00926430128206415,0.0187273353683103));
#2807=CARTESIAN_POINT('',(0.0444253879619722,0.00936734166086883,0.019775460650981));
#2808=CARTESIAN_POINT('',(0.0583112642362195,0.00948652243787152,0.0203049702903936));
#2809=CARTESIAN_POINT('',(0.0727645791321275,0.00954029890903841,0.0203357287337345));
#2810=CARTESIAN_POINT('',(0.0876635142296931,0.00944663957105654,0.0200842766318552));
#2811=CARTESIAN_POINT('',(0.104755270980496,0.00918609875560235,0.0195588250980255));
#2812=CARTESIAN_POINT('',(0.125889696905661,0.00868755549278436,0.0186126223815189));
#2813=CARTESIAN_POINT('',(0.164022002827348,0.007471205302266,0.0163898488879571));
#2814=CARTESIAN_POINT('',(0.196118862699994,0.00608256670044622,0.0139928385558617));
#2815=CARTESIAN_POINT('',(0.218769993778793,0.0050554127060498,0.012356812706743));
#2816=CARTESIAN_POINT('',(-0.0471750088547335,0.00850518550128469,0.00299273471845242));
#2817=CARTESIAN_POINT('',(-0.0419424431929622,0.00850619790897693,0.00478412202409667));
#2818=CARTESIAN_POINT('',(-0.032644251998032,0.00850629517170562,0.0074342425872847));
#2819=CARTESIAN_POINT('',(-0.0190770123289162,0.00852201237699051,0.0106379255407082));
#2820=CARTESIAN_POINT('',(-0.00873815933103651,0.00854901224335278,0.0128164489195302));
#2821=CARTESIAN_POINT('',(0.00133109219691716,0.00859538255544796,0.0147116450418372));
#2822=CARTESIAN_POINT('',(0.0107389859067591,0.00865749567467677,0.0162755595368658));
#2823=CARTESIAN_POINT('',(0.0205747068724938,0.00873416920134919,0.0176842271914501));
#2824=CARTESIAN_POINT('',(0.0316322931909591,0.00882447292204731,0.0189589788736454));
#2825=CARTESIAN_POINT('',(0.0445356179898851,0.00891302616467451,0.0199790712869235));
#2826=CARTESIAN_POINT('',(0.0583738423471249,0.00895699953111883,0.0204992481451668));
#2827=CARTESIAN_POINT('',(0.0727701973590014,0.00891858211446426,0.0205271648019236));
#2828=CARTESIAN_POINT('',(0.087628418570724,0.00877009585520376,0.0202695582861496));
#2829=CARTESIAN_POINT('',(0.104692665932831,0.00849120060979929,0.019735518869829));
#2830=CARTESIAN_POINT('',(0.125815196854782,0.00801950730415826,0.0187793345175363));
#2831=CARTESIAN_POINT('',(0.16396515125002,0.00694012609893267,0.0165376371239021));
#2832=CARTESIAN_POINT('',(0.196117247143891,0.0057788377925481,0.01411307077675));
#2833=CARTESIAN_POINT('',(0.218803668887398,0.0049244236406803,0.0124165919158318));
#2834=CARTESIAN_POINT('',(-0.0474482175829617,0.00721142866944911,0.00373084339627847));
#2835=CARTESIAN_POINT('',(-0.0422144792305302,0.00722243514041926,0.00551114189868216));
#2836=CARTESIAN_POINT('',(-0.0328682004452813,0.00728782185081349,0.00810135776486935));
#2837=CARTESIAN_POINT('',(-0.0192041809854582,0.00743296786831954,0.0111891239080193));
#2838=CARTESIAN_POINT('',(-0.00878969122657451,0.00756192203211731,0.0132773530241319));
#2839=CARTESIAN_POINT('',(0.00134540070985944,0.00769587205072128,0.0150927822623348));
#2840=CARTESIAN_POINT('',(0.0107979635467602,0.00781328564485813,0.016596569005042));
#2841=CARTESIAN_POINT('',(0.0206639072664468,0.00792049716739329,0.0179543963933255));
#2842=CARTESIAN_POINT('',(0.0317351988034461,0.00801208445070766,0.0191845703357872));
#2843=CARTESIAN_POINT('',(0.0446278986498351,0.00806516226426422,0.0201662705832871));
#2844=CARTESIAN_POINT('',(0.0584291358329241,0.00804624476787432,0.0206594117786778));
#2845=CARTESIAN_POINT('',(0.0727760891213382,0.00794420718129534,0.0206707457822376));
#2846=CARTESIAN_POINT('',(0.0875968082572055,0.0077640796893596,0.0203993508152944));
#2847=CARTESIAN_POINT('',(0.104635335378821,0.00748575386174752,0.0198518733750313));
#2848=CARTESIAN_POINT('',(0.125745278112902,0.00705620575607253,0.0188830898130388));
#2849=CARTESIAN_POINT('',(0.163907127368373,0.0061300970625139,0.0166253114345066));
#2850=CARTESIAN_POINT('',(0.196105463489581,0.00518932333594139,0.014193324103663));
#2851=CARTESIAN_POINT('',(0.218824099861842,0.00452411456419988,0.0124825190433081));
#2852=CARTESIAN_POINT('',(-0.0476806700283663,0.00584382979002431,0.00435545680507993));
#2853=CARTESIAN_POINT('',(-0.0424485638501564,0.00586049596883327,0.00612577164180595));
#2854=CARTESIAN_POINT('',(-0.0330648113099837,0.00596388203483163,0.00866602871206235));
#2855=CARTESIAN_POINT('',(-0.0193221100098697,0.00617367072615595,0.0116612127842385));
#2856=CARTESIAN_POINT('',(-0.0088449154377866,0.00634596998179224,0.0136781889119424));
#2857=CARTESIAN_POINT('',(0.00134654229497776,0.00650799045276984,0.0154293303719013));
#2858=CARTESIAN_POINT('',(0.0108390291961923,0.00663407756492388,0.0168816096104217));
#2859=CARTESIAN_POINT('',(0.0207333170495779,0.00673644968119268,0.0181926091335401));
#2860=CARTESIAN_POINT('',(0.0318192781588765,0.00680923722699357,0.0193789283225833));
#2861=CARTESIAN_POINT('',(0.0447054385793262,0.00682929637410456,0.0203223433615278));
#2862=CARTESIAN_POINT('',(0.05847635086521,0.00677180673367827,0.0207899419869932));
#2863=CARTESIAN_POINT('',(0.0727810141975495,0.0066398129376597,0.020786658841461));
#2864=CARTESIAN_POINT('',(0.0875687281879302,0.00645519830759759,0.020502337205084));
#2865=CARTESIAN_POINT('',(0.104584231294869,0.00619977211098244,0.0199405059917657));
#2866=CARTESIAN_POINT('',(0.125681864374036,0.00583090040202784,0.0189552946577094));
#2867=CARTESIAN_POINT('',(0.163850698781899,0.00507405908601258,0.016670584028589));
#2868=CARTESIAN_POINT('',(0.196085361239405,0.00434510303875161,0.0142188402318609));
#2869=CARTESIAN_POINT('',(0.218829703201337,0.00384804787460062,0.0124962767891167));
#2870=CARTESIAN_POINT('',(-0.0478679330561885,0.00442064615210074,0.00485614271523604));
#2871=CARTESIAN_POINT('',(-0.0426391491932408,0.00443802115326061,0.00661842065307562));
#2872=CARTESIAN_POINT('',(-0.0332276803618618,0.00454691278423941,0.0091221225197312));
#2873=CARTESIAN_POINT('',(-0.0194227039816044,0.00475775244207668,0.0120468996965735));
#2874=CARTESIAN_POINT('',(-0.00889468765578614,0.00492506216992736,0.014007281966739));
#2875=CARTESIAN_POINT('',(0.0013434243746456,0.00507648867587582,0.0157046861313913));
#2876=CARTESIAN_POINT('',(0.0108694679285779,0.00518935576387965,0.0171124373141402));
#2877=CARTESIAN_POINT('',(0.0207878277685515,0.00527691444211647,0.0183827069722558));
#2878=CARTESIAN_POINT('',(0.0318866407256294,0.00533394103809041,0.0195315097903863));
#2879=CARTESIAN_POINT('',(0.0447682505805772,0.00533991578379965,0.0204437017327262));
#2880=CARTESIAN_POINT('',(0.0585150744591173,0.0052758511229916,0.0208923210708035));
#2881=CARTESIAN_POINT('',(0.0727856423784132,0.00514963189957133,0.0208796918533712));
#2882=CARTESIAN_POINT('',(0.0875464820089015,0.00498744666869861,0.0205867123716992));
#2883=CARTESIAN_POINT('',(0.104543138310303,0.00477443092503768,0.0200141837750074));
#2884=CARTESIAN_POINT('',(0.125630372154149,0.00447745803210636,0.0190153650807003));
#2885=CARTESIAN_POINT('',(0.16380362868524,0.00388381014752987,0.0167051269897779));
#2886=CARTESIAN_POINT('',(0.196065888619083,0.00332561341249622,0.0142310983847048));
#2887=CARTESIAN_POINT('',(0.218829097998029,0.00294189599117939,0.0124922658885998));
#2888=CARTESIAN_POINT('',(-0.048005969427105,0.00296034667110361,0.00522364856199762));
#2889=CARTESIAN_POINT('',(-0.0427808989453541,0.00297456259746243,0.00697997726214148));
#2890=CARTESIAN_POINT('',(-0.0333502966123196,0.00306379527192393,0.00945854174565031));
#2891=CARTESIAN_POINT('',(-0.0194995650579178,0.00323112112881254,0.0123317651657626));
#2892=CARTESIAN_POINT('',(-0.00893368380011183,0.00336124924291408,0.0142492880426099));
#2893=CARTESIAN_POINT('',(0.00133949129113886,0.00347658649642181,0.0159050933590264));
#2894=CARTESIAN_POINT('',(0.0108908760316982,0.00356056526038264,0.0172782428859891));
#2895=CARTESIAN_POINT('',(0.0208274835058158,0.00362403139958991,0.0185171013108719));
#2896=CARTESIAN_POINT('',(0.0319361880326695,0.00366309275204401,0.0196375193431699));
#2897=CARTESIAN_POINT('',(0.0448147483006863,0.00366249859183882,0.0205270912898963));
#2898=CARTESIAN_POINT('',(0.0585439730571436,0.00360941827176657,0.0209633035279518));
#2899=CARTESIAN_POINT('',(0.0727893866655629,0.00351191682730141,0.0209459000902034));
#2900=CARTESIAN_POINT('',(0.0875302836636739,0.00339235984346564,0.02064829203442));
#2901=CARTESIAN_POINT('',(0.104512989837068,0.00324033293803315,0.0200693447579258));
#2902=CARTESIAN_POINT('',(0.125592541542275,0.00303339613320396,0.0190617030472861));
#2903=CARTESIAN_POINT('',(0.163769167853036,0.00262780114983464,0.0167337781063682));
#2904=CARTESIAN_POINT('',(0.196052038089445,0.0022545285971346,0.0142430742101836));
#2905=CARTESIAN_POINT('',(0.21882948056584,0.00199891957983325,0.012492424742521));
#2906=CARTESIAN_POINT('',(-0.0480911978091348,0.00147962460076318,0.00544974004530644));
#2907=CARTESIAN_POINT('',(-0.0428690904793021,0.00148770862152839,0.00720240355831068));
#2908=CARTESIAN_POINT('',(-0.0334272859748286,0.00153837883058578,0.0096663773733306));
#2909=CARTESIAN_POINT('',(-0.0195482328345706,0.00163141461114765,0.0125075193638648));
#2910=CARTESIAN_POINT('',(-0.00895869495762143,0.00170293720513976,0.0143976778446027));
#2911=CARTESIAN_POINT('',(0.00133649494664992,0.00176563947082175,0.0160265890921216));
#2912=CARTESIAN_POINT('',(0.010903825722582,0.00181076936576117,0.0173774224368287));
#2913=CARTESIAN_POINT('',(0.0208519341218197,0.00184443774885888,0.0185962387281956));
#2914=CARTESIAN_POINT('',(0.0319669248172491,0.00186455373019333,0.0196989253289646));
#2915=CARTESIAN_POINT('',(0.0448437125103689,0.00186292671288444,0.0205750000793096));
#2916=CARTESIAN_POINT('',(0.0585620972519074,0.00183302392771032,0.0210046761323245));
#2917=CARTESIAN_POINT('',(0.0727919120645212,0.00177981785563035,0.020985693858194));
#2918=CARTESIAN_POINT('',(0.0875203765660286,0.00171619330988862,0.0206862775316921));
#2919=CARTESIAN_POINT('',(0.104494383685322,0.00163679236345079,0.0201041296945433));
#2920=CARTESIAN_POINT('',(0.125569112710308,0.0015302704336332,0.0190914863947771));
#2921=CARTESIAN_POINT('',(0.163747726385665,0.00132405229667309,0.0167525346203191));
#2922=CARTESIAN_POINT('',(0.196043277499043,0.00113688728151709,0.0142505029800707));
#2923=CARTESIAN_POINT('',(0.218829453361459,0.00100887207043545,0.0124917238519761));
#2924=CARTESIAN_POINT('',(-0.048120502691792,-2.06541055959575E-14,0.0055272352468675));
#2925=CARTESIAN_POINT('',(-0.042899611717955,1.55030664954897E-13,0.00727862436674659));
#2926=CARTESIAN_POINT('',(-0.0334541237122435,1.29872900086168E-12,0.00973773636606126));
#2927=CARTESIAN_POINT('',(-0.0195652973389783,3.60589940610716E-12,0.0125675740018212));
#2928=CARTESIAN_POINT('',(-0.00896753707877353,5.4822041817195E-12,0.0144479356540561));
#2929=CARTESIAN_POINT('',(0.00133533588956629,7.25091888658172E-12,0.0160671652898459));
#2930=CARTESIAN_POINT('',(0.0109082442323945,8.67745195902263E-12,0.0174100101565246));
#2931=CARTESIAN_POINT('',(0.0208603834337882,9.89338493941061E-12,0.0186217342244527));
#2932=CARTESIAN_POINT('',(0.0319775944818197,1.08297612414279E-11,0.0197182844944117));
#2933=CARTESIAN_POINT('',(0.0448538040037647,1.11611694279118E-11,0.0205899328981719));
#2934=CARTESIAN_POINT('',(0.0585684549413084,1.03736605351797E-11,0.0210178315218828));
#2935=CARTESIAN_POINT('',(0.072792861412589,8.2013980296728E-12,0.0209988760670094));
#2936=CARTESIAN_POINT('',(0.0875169935098087,4.67220421965057E-12,0.0206992827263026));
#2937=CARTESIAN_POINT('',(0.104487971079003,-6.16540482946751E-13,0.0201163740557458));
#2938=CARTESIAN_POINT('',(0.125561015235165,-8.62750601754274E-12,0.0191022429179189));
#2939=CARTESIAN_POINT('',(0.16374030638263,-2.56777616205496E-11,0.0167595858790495));
#2940=CARTESIAN_POINT('',(0.196040256690901,-4.27488398954852E-11,0.0142533845619627));
#2941=CARTESIAN_POINT('',(0.218829469164755,-5.47871039442878E-11,0.0124916218737389));
#2942=CARTESIAN_POINT('',(-0.0480911978091424,-0.0014796246008038,0.00544974004530185));
#2943=CARTESIAN_POINT('',(-0.0428690904793242,-0.00148770862122351,0.00720240355831935));
#2944=CARTESIAN_POINT('',(-0.0334272859748526,-0.00153837882803119,0.00966637737345499));
#2945=CARTESIAN_POINT('',(-0.0195482328345852,-0.00163141460405033,0.0125075193642202));
#2946=CARTESIAN_POINT('',(-0.00895869495762822,-0.0017029371943455,0.0143976778451393));
#2947=CARTESIAN_POINT('',(0.00133649494664697,-0.00176563945653918,0.016026589092812));
#2948=CARTESIAN_POINT('',(0.0109038257225778,-0.0018107693486618,0.0173774224376114));
#2949=CARTESIAN_POINT('',(0.0208519341218119,-0.00184443772935513,0.0185962387290219));
#2950=CARTESIAN_POINT('',(0.0319669248172349,-0.00186455370883387,0.0196989253297711));
#2951=CARTESIAN_POINT('',(0.044843712510347,-0.00186292669086078,0.0205750000800022));
#2952=CARTESIAN_POINT('',(0.0585620972518822,-0.00183302390723239,0.0210046761328138));
#2953=CARTESIAN_POINT('',(0.0727919120645035,-0.00177981783943874,0.0209856938584471));
#2954=CARTESIAN_POINT('',(0.0875203765660254,-0.0017161933006725,0.02068627753176));
#2955=CARTESIAN_POINT('',(0.104494383685329,-0.00163679236469698,0.0201041296944685));
#2956=CARTESIAN_POINT('',(0.125569112710324,-0.00153027045073431,0.0190914863946043));
#2957=CARTESIAN_POINT('',(0.163747726385687,-0.00132405234753535,0.0167525346201095));
#2958=CARTESIAN_POINT('',(0.196043277499059,-0.00113688736620301,0.0142505029799764));
#2959=CARTESIAN_POINT('',(0.218829453361465,-0.00100887217901006,0.0124917238519656));
#2960=CARTESIAN_POINT('',(0.0681101523637772,0.0106500717405536,-0.003));
#2961=CARTESIAN_POINT('',(0.070443518479471,0.0106331847041435,-0.003));
#2962=CARTESIAN_POINT('',(0.0727768499430084,0.0106123727063493,-0.00299999999999994));
#2963=CARTESIAN_POINT('',(0.0751101523637772,0.0105882711082385,-0.00299999999999994));
#2964=CARTESIAN_POINT('',(0.0681101523637772,0.0106500717405536,-0.003));
#2965=CARTESIAN_POINT('',(0.0751101523637772,0.0105882711082385,-0.003));
#2966=CARTESIAN_POINT('',(0.0681101523637771,0.0106500717405536,-0.003));
#2967=CARTESIAN_POINT('',(0.0681101523637771,0.0110403037568535,-0.00203594839775128));
#2968=CARTESIAN_POINT('',(0.0681101523637771,0.0112174136329727,-0.00102049607282484));
#2969=CARTESIAN_POINT('',(0.0681101523637771,0.0113736106835393,-1.09504419421036E-17));
#2970=CARTESIAN_POINT('',(0.0681101523637772,0.0113736106835393,0.));
#2971=CARTESIAN_POINT('',(0.0681101523637772,0.0113736106835393,-2.71050543121376E-20));
#2972=CARTESIAN_POINT('',(0.0704434542617541,0.0113932634233033,-2.71050543121376E-20));
#2973=CARTESIAN_POINT('',(0.0727767869503069,0.0114089495579886,-2.87313575708659E-18));
#2974=CARTESIAN_POINT('',(0.0751101523637772,0.011418582592029,-2.87313575708659E-18));
#2975=CARTESIAN_POINT('',(0.0751101523637772,0.011418582592029,-1.43656787854329E-18));
#2976=CARTESIAN_POINT('',(0.0751101523637772,0.0105882711082385,-0.003));
#2977=CARTESIAN_POINT('',(0.0751101523637772,0.0108227274668177,-0.00252658964898564));
#2978=CARTESIAN_POINT('',(0.0751101523637772,0.0111197630010299,-0.00153219841402299));
#2979=CARTESIAN_POINT('',(0.0751101523637772,0.0113304212977067,-0.000513900508305807));
#2980=CARTESIAN_POINT('',(0.0751101523637772,0.011418582592029,-2.87313575708659E-18));
#2981=CARTESIAN_POINT('',(0.015094028070569,0.0111805931880119,-0.003));
#2982=CARTESIAN_POINT('',(0.0174268950542952,0.0110949885411512,-0.003));
#2983=CARTESIAN_POINT('',(0.0197602604625785,0.0110259798696169,-0.003));
#2984=CARTESIAN_POINT('',(0.0220940280705691,0.0109703631875422,-0.003));
#2985=CARTESIAN_POINT('',(0.015094028070569,0.0111805931880119,-0.003));
#2986=CARTESIAN_POINT('',(0.0220940280705691,0.0109703631875422,-0.003));
#2987=CARTESIAN_POINT('',(0.015094028070569,0.0111805931880119,-0.003));
#2988=CARTESIAN_POINT('',(0.015094028070569,0.0112863776925831,-0.00200236739734061));
#2989=CARTESIAN_POINT('',(0.015094028070569,0.0113554579598237,-0.00100203213883636));
#2990=CARTESIAN_POINT('',(0.015094028070569,0.0114014932291045,-8.26704156520197E-19));
#2991=CARTESIAN_POINT('',(0.015094028070569,0.0114014932291045,0.));
#2992=CARTESIAN_POINT('',(0.015094028070569,0.0114014932291045,-8.67361737988404E-19));
#2993=CARTESIAN_POINT('',(0.0174269313428718,0.0113235746431134,-8.67361737988404E-19));
#2994=CARTESIAN_POINT('',(0.0197602839861004,0.0112626670248129,2.38524477946811E-18));
#2995=CARTESIAN_POINT('',(0.0220940280705691,0.0112165774419065,2.38524477946811E-18));
#2996=CARTESIAN_POINT('',(0.0220940280705691,0.0112165774419065,1.19262238973405E-18));
#2997=CARTESIAN_POINT('',(0.0220940280705691,0.0109703631875401,-0.00300000000000025));
#2998=CARTESIAN_POINT('',(0.0220940280705691,0.0110868992774808,-0.00200282856449157));
#2999=CARTESIAN_POINT('',(0.0220940280705691,0.0111630577571932,-0.00100234328125066));
#3000=CARTESIAN_POINT('',(0.0220940280705691,0.0112165774419065,-1.41623908780919E-17));
#3001=CARTESIAN_POINT('',(0.0220940280705691,-0.0112868596282785,0.00175));
#3002=CARTESIAN_POINT('',(0.0220940280705691,-0.0112960973440095,0.00208328708921735));
#3003=CARTESIAN_POINT('',(0.0220940280705691,-0.0113030993288869,0.0024166214761259));
#3004=CARTESIAN_POINT('',(0.0220940280705691,-0.0113080149883406,0.00275));
#3005=CARTESIAN_POINT('',(0.0220940280705691,-0.0112868596282785,0.00175));
#3006=CARTESIAN_POINT('',(0.0220940280705691,-0.0113080149883406,0.00275));
#3007=CARTESIAN_POINT('',(0.0220940280705691,-0.0113080149883406,0.00275));
#3008=CARTESIAN_POINT('',(0.0197603562451757,-0.0113472478723713,0.00275));
#3009=CARTESIAN_POINT('',(0.0174269800367901,-0.0114012981883267,0.00275));
#3010=CARTESIAN_POINT('',(0.015094028070569,-0.0114713249916175,0.00275));
#3011=CARTESIAN_POINT('',(0.015094028070569,-0.0114713249916175,0.00275));
#3012=CARTESIAN_POINT('',(0.015094028070569,-0.0114584437831446,0.00175));
#3013=CARTESIAN_POINT('',(0.015094028070569,-0.011465031257825,0.00208330378720924));
#3014=CARTESIAN_POINT('',(0.015094028070569,-0.0114692890370597,0.00241663758371119));
#3015=CARTESIAN_POINT('',(0.015094028070569,-0.0114713249916175,0.00275));
#3016=CARTESIAN_POINT('',(0.015094028070569,-0.0114584437831446,0.00175));
#3017=CARTESIAN_POINT('',(0.0220940280705691,-0.0112868596282785,0.00175));
#3018=CARTESIAN_POINT('',(0.0197603159415971,-0.011328600883092,0.00175));
#3019=CARTESIAN_POINT('',(0.0174269698282403,-0.0113852742236094,0.00175));
#3020=CARTESIAN_POINT('',(0.0150940280705691,-0.0114584437831446,0.00175));
#3021=CARTESIAN_POINT('',(0.0681101523637772,0.0116820731002267,0.00275));
#3022=CARTESIAN_POINT('',(0.0681101523637772,0.0116559443490423,0.00241634141131819));
#3023=CARTESIAN_POINT('',(0.0681101523637772,0.0116263661815433,0.00208299089572864));
#3024=CARTESIAN_POINT('',(0.0681101523637772,0.0115927614416285,0.00175));
#3025=CARTESIAN_POINT('',(0.0681101523637772,0.0116820731002267,0.00275));
#3026=CARTESIAN_POINT('',(0.0681101523637772,0.0115927614416285,0.00175));
#3027=CARTESIAN_POINT('',(0.0681101523637772,0.0116820731002267,0.00275));
#3028=CARTESIAN_POINT('',(0.0704434200978303,0.0117153045767024,0.00275));
#3029=CARTESIAN_POINT('',(0.0727767422043691,0.0117439571097357,0.00275));
#3030=CARTESIAN_POINT('',(0.0751101523637772,0.0117651943277778,0.00275));
#3031=CARTESIAN_POINT('',(0.0751101523637772,0.0117651943277778,0.00275));
#3032=CARTESIAN_POINT('',(0.0751101523637772,0.0117651943277778,0.00275));
#3033=CARTESIAN_POINT('',(0.0751101523637772,0.0117355906971565,0.00241626489036072));
#3034=CARTESIAN_POINT('',(0.0751101523637772,0.0117022176766462,0.00208290962914866));
#3035=CARTESIAN_POINT('',(0.0751101523637772,0.0116644224685641,0.00175));
#3036=CARTESIAN_POINT('',(0.0751101523637772,0.0116644224685641,0.00175));
#3037=CARTESIAN_POINT('',(0.0681101523637772,0.0115927614416285,0.00175));
#3038=CARTESIAN_POINT('',(0.0704434298581834,0.011621897809244,0.00175));
#3039=CARTESIAN_POINT('',(0.0727767595874584,0.0116466566328607,0.00175));
#3040=CARTESIAN_POINT('',(0.0751101523637772,0.0116644224685641,0.00175));
#3041=CARTESIAN_POINT('',(0.0751101523637772,-0.0116644224685759,0.00175));
#3042=CARTESIAN_POINT('',(0.0751101523637772,-0.011702217676658,0.00208290962914865));
#3043=CARTESIAN_POINT('',(0.0751101523637772,-0.0117355906971682,0.00241626489036072));
#3044=CARTESIAN_POINT('',(0.0751101523637772,-0.0117651943277892,0.00275));
#3045=CARTESIAN_POINT('',(0.0751101523637772,-0.0116644224685759,0.00175));
#3046=CARTESIAN_POINT('',(0.0751101523637772,-0.0117651943277892,0.00275));
#3047=CARTESIAN_POINT('',(0.0751101523637772,-0.0117651943277892,0.00275));
#3048=CARTESIAN_POINT('',(0.0727767422043694,-0.0117439571097784,0.00275));
#3049=CARTESIAN_POINT('',(0.0704434200978306,-0.0117153045767902,0.00275));
#3050=CARTESIAN_POINT('',(0.0681101523637772,-0.0116820731003671,0.00275));
#3051=CARTESIAN_POINT('',(0.0681101523637772,-0.0116820731003671,0.00275));
#3052=CARTESIAN_POINT('',(0.0681101523637772,-0.0115927614417819,0.00175));
#3053=CARTESIAN_POINT('',(0.0681101523637772,-0.0116263661816931,0.00208299089572862));
#3054=CARTESIAN_POINT('',(0.0681101523637772,-0.0116559443491877,0.00241634141131818));
#3055=CARTESIAN_POINT('',(0.0681101523637772,-0.0116820731003671,0.00275));
#3056=CARTESIAN_POINT('',(0.0681101523637772,-0.0115927614417819,0.00175));
#3057=CARTESIAN_POINT('',(0.0751101523637772,-0.0116644224685759,0.00175));
#3058=CARTESIAN_POINT('',(0.0727767563664719,-0.0116466566083815,0.00175));
#3059=CARTESIAN_POINT('',(0.0704434319576379,-0.0116218978355548,0.00175));
#3060=CARTESIAN_POINT('',(0.0681101523637771,-0.0115927614417819,0.00175));
#3061=CARTESIAN_POINT('',(0.015094028070569,0.0114713249914981,0.00275));
#3062=CARTESIAN_POINT('',(0.015094028070569,0.0114692890369068,0.00241663758371097));
#3063=CARTESIAN_POINT('',(0.015094028070569,0.0114650312576389,0.00208330378720901));
#3064=CARTESIAN_POINT('',(0.015094028070569,0.0114584437829256,0.00175));
#3065=CARTESIAN_POINT('',(0.015094028070569,0.0114713249914981,0.00275));
#3066=CARTESIAN_POINT('',(0.015094028070569,0.0114584437829256,0.00175));
#3067=CARTESIAN_POINT('',(0.015094028070569,0.0114713249914981,0.00275));
#3068=CARTESIAN_POINT('',(0.0174269719151013,0.0114012984319384,0.00275));
#3069=CARTESIAN_POINT('',(0.0197603638726874,0.0113472477439063,0.00275));
#3070=CARTESIAN_POINT('',(0.0220940280705691,0.011308014988046,0.00275));
#3071=CARTESIAN_POINT('',(0.0220940280705691,0.011308014988046,0.00275));
#3072=CARTESIAN_POINT('',(0.0220940280705691,0.011308014988046,0.00275));
#3073=CARTESIAN_POINT('',(0.0220940280705691,0.01130309932855,0.00241662147612564));
#3074=CARTESIAN_POINT('',(0.0220940280705691,0.0112960973436306,0.00208328708921708));
#3075=CARTESIAN_POINT('',(0.0220940280705691,0.0112868596278581,0.00175));
#3076=CARTESIAN_POINT('',(0.0220940280705691,0.0112868596278581,0.00175));
#3077=CARTESIAN_POINT('',(0.015094028070569,0.0114584437829256,0.00175));
#3078=CARTESIAN_POINT('',(0.0174269698282399,0.0113852742233265,0.00175));
#3079=CARTESIAN_POINT('',(0.0197603159415967,0.0113286008827385,0.00175));
#3080=CARTESIAN_POINT('',(0.0220940280705691,0.0112868596278581,0.00175));
#3081=CARTESIAN_POINT('',(-0.0464717023558356,-0.00295556977695587,0.00580673879790164));
#3082=CARTESIAN_POINT('',(-0.0466211226892797,0.000990588394589227,0.00621726779004259));
#3083=CARTESIAN_POINT('',(-0.0462510322171439,0.00586255333418542,0.00520045257469887));
#3084=CARTESIAN_POINT('',(-0.0453219853141308,0.0100518528557491,0.00264791718705475));
#3085=CARTESIAN_POINT('',(-0.0442974906453114,0.0125688120931129,-0.000166858781878016));
#3086=CARTESIAN_POINT('',(-0.0431055292237145,0.0144362811101773,-0.00344174587257643));
#3087=CARTESIAN_POINT('',(-0.0414295707759199,0.015361489206073,-0.00804640386383643));
#3088=CARTESIAN_POINT('',(-0.0394204856467971,0.0141646466467406,-0.0135663198898634));
#3089=CARTESIAN_POINT('',(-0.0376995033726141,0.0109266871101757,-0.0182946798274628));
#3090=CARTESIAN_POINT('',(-0.0367639711649442,0.00670785425753019,-0.0208650334432085));
#3091=CARTESIAN_POINT('',(-0.0363678495469389,0.00296873374802054,-0.0219533686440358));
#3092=CARTESIAN_POINT('',(-0.0362595483750945,8.90493043606634E-6,-0.0222509236681788));
#3093=CARTESIAN_POINT('',(-0.0363640127032461,-0.00290726294004413,-0.0219639102854438));
#3094=CARTESIAN_POINT('',(-0.0366596570099647,-0.00574211089388752,-0.0211516342285443));
#3095=CARTESIAN_POINT('',(-0.0371328592852358,-0.00836627110162817,-0.0198515216624022));
#3096=CARTESIAN_POINT('',(-0.0377587849191914,-0.0106522309076124,-0.0181318051168515));
#3097=CARTESIAN_POINT('',(-0.0385494943609718,-0.0125314287652419,-0.0159593487802101));
#3098=CARTESIAN_POINT('',(-0.0397385087985437,-0.0143438543702445,-0.0126925584615758));
#3099=CARTESIAN_POINT('',(-0.041083485872449,-0.0151574139539207,-0.00899726432133675));
#3100=CARTESIAN_POINT('',(-0.0424203581606373,-0.0148183331941424,-0.00532423789684482));
#3101=CARTESIAN_POINT('',(-0.0433948297818193,-0.013977984310964,-0.00264689912174789));
#3102=CARTESIAN_POINT('',(-0.0442815369679201,-0.0126010429091102,-0.000210691150267859));
#3103=CARTESIAN_POINT('',(-0.0453232696547015,-0.0100562646466493,0.00265144588377197));
#3104=CARTESIAN_POINT('',(-0.0460625414478215,-0.00671343143652586,0.00468257844220854));
#3105=CARTESIAN_POINT('',(-0.0464717023558356,-0.00295556977695587,0.00580673879790164));
#3106=CARTESIAN_POINT('',(-0.0466211226892797,0.000990588394589227,0.00621726779004259));
#3107=CARTESIAN_POINT('',(-0.0462510322171439,0.00586255333418542,0.00520045257469887));
#3108=CARTESIAN_POINT('',(-0.046546643213322,4.7274634397478E-14,0.00601263711163953));
#3109=CARTESIAN_POINT('',(0.02965,-0.0112350702812425,0.002995));
#3110=CARTESIAN_POINT('',(0.0322166655250668,-0.0112248406123636,0.002995));
#3111=CARTESIAN_POINT('',(0.0347833649331122,-0.0112295774856948,0.002995));
#3112=CARTESIAN_POINT('',(0.03735,-0.0112455061065195,0.002995));
#3113=CARTESIAN_POINT('',(0.02965,-0.0112350702812425,0.002995));
#3114=CARTESIAN_POINT('',(0.03735,-0.0112455061065195,0.002995));
#3115=CARTESIAN_POINT('',(0.03735,-0.0112455061065195,0.002995));
#3116=CARTESIAN_POINT('',(0.03735,-0.011272631713644,0.0039614123596737));
#3117=CARTESIAN_POINT('',(0.03735,-0.0112818789499299,0.00492822927391197));
#3118=CARTESIAN_POINT('',(0.03735,-0.0112759459268604,0.005895));
#3119=CARTESIAN_POINT('',(0.03735,-0.0112759459268604,0.005895));
#3120=CARTESIAN_POINT('',(0.02965,-0.011243027011773,0.005895));
#3121=CARTESIAN_POINT('',(0.0322167248478554,-0.0112403909337114,0.005895));
#3122=CARTESIAN_POINT('',(0.0347833869836752,-0.0112524237070687,0.005895));
#3123=CARTESIAN_POINT('',(0.03735,-0.0112759459268604,0.005895));
#3124=CARTESIAN_POINT('',(0.02965,-0.011243027011773,0.005895));
#3125=CARTESIAN_POINT('',(0.02965,-0.0112350702812425,0.002995));
#3126=CARTESIAN_POINT('',(0.02965,-0.0112540748885815,0.00396155388615261));
#3127=CARTESIAN_POINT('',(0.02965,-0.0112560918135568,0.00492835017852592));
#3128=CARTESIAN_POINT('',(0.02965,-0.011243027011773,0.005895));
#3129=CARTESIAN_POINT('',(0.014926525947064,-0.0112774948417389,0.00864500001490099));
#3130=CARTESIAN_POINT('',(0.014529616402061,-0.0112841954237016,0.00864500001490099));
#3131=CARTESIAN_POINT('',(0.0137515924181717,-0.0112738555438005,0.0089729782509437));
#3132=CARTESIAN_POINT('',(0.013426525947064,-0.0112033683322859,0.00975054280717616));
#3133=CARTESIAN_POINT('',(0.013426525947064,-0.0111592047113653,0.010145000014901));
#3134=CARTESIAN_POINT('',(0.014926525947064,-0.0112774948417373,0.00864500001490099));
#3135=CARTESIAN_POINT('',(0.013426525947064,-0.0111592047113653,0.010145000014901));
#3136=CARTESIAN_POINT('',(0.021366525947064,-0.0111927273498507,0.00864500001490098));
#3137=CARTESIAN_POINT('',(0.0192197451586242,-0.0112123130617505,0.00864500001490098));
#3138=CARTESIAN_POINT('',(0.0170730875470694,-0.011241256832047,0.00864500001490099));
#3139=CARTESIAN_POINT('',(0.014926525947064,-0.0112774948417389,0.00864500001490099));
#3140=CARTESIAN_POINT('',(0.021366525947064,-0.0111927273498507,0.00864500001490098));
#3141=CARTESIAN_POINT('',(0.022866525947064,-0.0110814463801551,0.010145000014901));
#3142=CARTESIAN_POINT('',(0.022866525947064,-0.0111119868349033,0.0097495015831936));
#3143=CARTESIAN_POINT('',(0.0225416149247966,-0.0111647184763605,0.00897354257565064));
#3144=CARTESIAN_POINT('',(0.0217632118476519,-0.0111891082678254,0.00864500001490098));
#3145=CARTESIAN_POINT('',(0.021366525947064,-0.0111927273498507,0.00864500001490098));
#3146=CARTESIAN_POINT('',(0.022866525947064,-0.0110814463801551,0.010145000014901));
#3147=CARTESIAN_POINT('',(0.022866525947064,-0.0110225144014578,0.010855000014901));
#3148=CARTESIAN_POINT('',(0.022866525947064,-0.0110435637996836,0.0106184500007932));
#3149=CARTESIAN_POINT('',(0.022866525947064,-0.011063162224885,0.0103817795518805));
#3150=CARTESIAN_POINT('',(0.022866525947064,-0.0110814463801551,0.0101450000149009));
#3151=CARTESIAN_POINT('',(0.022866525947064,-0.0110225144014578,0.010855000014901));
#3152=CARTESIAN_POINT('',(0.021366525947064,-0.0108634299310162,0.012355000014901));
#3153=CARTESIAN_POINT('',(0.021763758004429,-0.0108643850726723,0.012355000014901));
#3154=CARTESIAN_POINT('',(0.0225407441112932,-0.0109085272152776,0.0120270009328604));
#3155=CARTESIAN_POINT('',(0.022866525947064,-0.0109873111434513,0.0112506090051808));
#3156=CARTESIAN_POINT('',(0.022866525947064,-0.0110225144014578,0.010855000014901));
#3157=CARTESIAN_POINT('',(0.021366525947064,-0.0108634299310162,0.012355000014901));
#3158=CARTESIAN_POINT('',(0.014926525947064,-0.0108513716473223,0.012355000014901));
#3159=CARTESIAN_POINT('',(0.0170731904572838,-0.0108565427745903,0.012355000014901));
#3160=CARTESIAN_POINT('',(0.0192198614190794,-0.0108582682914298,0.012355000014901));
#3161=CARTESIAN_POINT('',(0.021366525947064,-0.0108634299310162,0.012355000014901));
#3162=CARTESIAN_POINT('',(0.014926525947064,-0.0108513716473223,0.012355000014901));
#3163=CARTESIAN_POINT('',(0.013426525947064,-0.0110737912454921,0.010855000014901));
#3164=CARTESIAN_POINT('',(0.013426525947064,-0.0110228130913815,0.0112500116777302));
#3165=CARTESIAN_POINT('',(0.0137486167810772,-0.010905976416159,0.0120230113946042));
#3166=CARTESIAN_POINT('',(0.014528128990896,-0.0108504119438597,0.012355000014901));
#3167=CARTESIAN_POINT('',(0.014926525947064,-0.0108513716473223,0.012355000014901));
#3168=CARTESIAN_POINT('',(0.013426525947064,-0.0110737912454921,0.010855000014901));
#3169=CARTESIAN_POINT('',(0.013426525947064,-0.0111592047113653,0.010145000014901));
#3170=CARTESIAN_POINT('',(0.013426525947064,-0.0111326811640271,0.0103819009800823));
#3171=CARTESIAN_POINT('',(0.013426525947064,-0.0111043025426293,0.0106185787786371));
#3172=CARTESIAN_POINT('',(0.013426525947064,-0.0110737912454921,0.010855000014901));
#3173=CARTESIAN_POINT('',(0.201998590337793,0.00736746816176614,-0.0047051065057808));
#3174=CARTESIAN_POINT('',(0.20116843167297,0.0074147558126156,-0.00463247703368091));
#3175=CARTESIAN_POINT('',(0.200338269657911,0.00746198411828746,-0.00455984726847347));
#3176=CARTESIAN_POINT('',(0.199508103592564,0.00750914067821376,-0.00448721714891167));
#3177=CARTESIAN_POINT('',(0.201998590337793,0.00736746816176614,-0.0047051065057808));
#3178=CARTESIAN_POINT('',(0.199508103592564,0.00750914067821343,-0.00448721714891169));
#3179=CARTESIAN_POINT('',(0.201998590337793,-0.00736746816341884,-0.00470510650578079));
#3180=CARTESIAN_POINT('',(0.201957578056063,-0.00730752622285532,-0.00517387903101999));
#3181=CARTESIAN_POINT('',(0.201875783637685,-0.00716976556276973,-0.00610879351114819));
#3182=CARTESIAN_POINT('',(0.201754317704645,-0.00688722172699346,-0.0074971554787954));
#3183=CARTESIAN_POINT('',(0.201654408778623,-0.00655981041179072,-0.00863911972874825));
#3184=CARTESIAN_POINT('',(0.20158897298272,-0.00621444374047898,-0.00938705429838522));
#3185=CARTESIAN_POINT('',(0.20155432554876,-0.00593625158034743,-0.00978307628070594));
#3186=CARTESIAN_POINT('',(0.201540321849942,-0.00561038909010912,-0.00994313929063138));
#3187=CARTESIAN_POINT('',(0.201535688226765,-0.00526110599524881,-0.0099961018458917));
#3188=CARTESIAN_POINT('',(0.2015322242891,-0.00479047982444447,-0.0100356948345773));
#3189=CARTESIAN_POINT('',(0.201531506316674,-0.00420137293097416,-0.0100439012969564));
#3190=CARTESIAN_POINT('',(0.201531276626053,-0.00349445674436884,-0.0100465266727715));
#3191=CARTESIAN_POINT('',(0.201530912052929,-0.00255187260751783,-0.0100506937626469));
#3192=CARTESIAN_POINT('',(0.201530612545257,-0.00137362830476594,-0.0100541171510029));
#3193=CARTESIAN_POINT('',(0.201530467952266,4.02633322294722E-5,-0.0100557698564522));
#3194=CARTESIAN_POINT('',(0.201530628135434,0.00145417094368169,-0.0100539389544608));
#3195=CARTESIAN_POINT('',(0.20153093765667,0.00263238575500411,-0.0100504011105529));
#3196=CARTESIAN_POINT('',(0.201531307996691,0.00357503405071674,-0.0100461681047371));
#3197=CARTESIAN_POINT('',(0.201531545152413,0.00428178825960341,-0.0100434574024311));
#3198=CARTESIAN_POINT('',(0.201532451054116,0.00487130746701383,-0.0100331028985895));
#3199=CARTESIAN_POINT('',(0.201536603150115,0.00534015592464606,-0.00998564422415247));
#3200=CARTESIAN_POINT('',(0.20154205687507,0.0056947502668056,-0.00992330786267684));
#3201=CARTESIAN_POINT('',(0.20155998208909,0.00599106151356491,-0.00971842172888426));
#3202=CARTESIAN_POINT('',(0.201594977528745,0.00624973069872478,-0.00931842202327232));
#3203=CARTESIAN_POINT('',(0.201659961461351,0.00657989636659815,-0.00857565227474128));
#3204=CARTESIAN_POINT('',(0.201758573122701,0.00689828195932384,-0.00744851582784526));
#3205=CARTESIAN_POINT('',(0.20187768907699,0.00717297572939232,-0.00608701424023638));
#3206=CARTESIAN_POINT('',(0.2019582022369,0.00730843849923137,-0.00516674461140503));
#3207=CARTESIAN_POINT('',(0.201998590337794,0.00736746816176614,-0.00470510650578089));
#3208=CARTESIAN_POINT('',(0.201998590337793,-0.00736746816341884,-0.0047051065057808));
#3209=CARTESIAN_POINT('',(0.199508103592564,-0.00750914068010805,-0.00448721714891165));
#3210=CARTESIAN_POINT('',(0.200338269657911,-0.00746198412010479,-0.00455984726847347));
#3211=CARTESIAN_POINT('',(0.20116843167297,-0.0074147558143524,-0.00463247703368092));
#3212=CARTESIAN_POINT('',(0.201998590337793,-0.00736746816341884,-0.00470510650578079));
#3213=CARTESIAN_POINT('',(0.199508103592564,-0.00750914068010805,-0.00448721714891165));
#3214=CARTESIAN_POINT('',(0.199508103592564,-0.00750914068010804,-0.00448721714891166));
#3215=CARTESIAN_POINT('',(0.199466684815621,-0.00744801137677082,-0.00496063593569142));
#3216=CARTESIAN_POINT('',(0.199384142611797,-0.00730693425845099,-0.00590409764258153));
#3217=CARTESIAN_POINT('',(0.199281785937843,-0.00706673364601373,-0.00707403977941453));
#3218=CARTESIAN_POINT('',(0.199201242915293,-0.0068131434635977,-0.00799465073978064));
#3219=CARTESIAN_POINT('',(0.199141907473395,-0.00657679427179765,-0.00867285794408301));
#3220=CARTESIAN_POINT('',(0.199094966255159,-0.00632133026541624,-0.00920939852368015));
#3221=CARTESIAN_POINT('',(0.199061164800733,-0.00601866185706014,-0.00959575091567369));
#3222=CARTESIAN_POINT('',(0.199049674714699,-0.00567538599175451,-0.00972708320000173));
#3223=CARTESIAN_POINT('',(0.199045173964017,-0.00532505591118098,-0.00977852701569877));
#3224=CARTESIAN_POINT('',(0.199042049505305,-0.00485311778784936,-0.00981423974219924));
#3225=CARTESIAN_POINT('',(0.199041283155433,-0.00425955424328064,-0.00982299916131328));
#3226=CARTESIAN_POINT('',(0.199041046769634,-0.00354817741129035,-0.00982570106336858));
#3227=CARTESIAN_POINT('',(0.199040648417892,-0.0025993515602825,-0.00983025424461367));
#3228=CARTESIAN_POINT('',(0.199040319349259,-0.00141342295083805,-0.00983401551630019));
#3229=CARTESIAN_POINT('',(0.199040152829544,9.75752414018079E-6,-0.00983591884534716));
#3230=CARTESIAN_POINT('',(0.199040323352071,0.0014329189931782,-0.00983396976395074));
#3231=CARTESIAN_POINT('',(0.199040655471123,0.00261889275705266,-0.00983017362580928));
#3232=CARTESIAN_POINT('',(0.199041054225955,0.00356765302015484,-0.00982561583722208));
#3233=CARTESIAN_POINT('',(0.199041295508798,0.00427925653482544,-0.00982285796170726));
#3234=CARTESIAN_POINT('',(0.1990420872708,0.00487194314221854,-0.00981380808060811));
#3235=CARTESIAN_POINT('',(0.199045374035785,0.00534355205556506,-0.00977624018492448));
#3236=CARTESIAN_POINT('',(0.199049963559609,0.00569653311028694,-0.00972378168757233));
#3237=CARTESIAN_POINT('',(0.199062632825353,0.00603904551780152,-0.00957897131748239));
#3238=CARTESIAN_POINT('',(0.19909720814212,0.00633428446232607,-0.00918377363844929));
#3239=CARTESIAN_POINT('',(0.199144135267683,0.00658723296957795,-0.00864739413885241));
#3240=CARTESIAN_POINT('',(0.199203561208679,0.00682106179327622,-0.00796815252512718));
#3241=CARTESIAN_POINT('',(0.199283389341584,0.00707072025985879,-0.00705571279079088));
#3242=CARTESIAN_POINT('',(0.199384833353023,0.00730811736178298,-0.00589620243423766));
#3243=CARTESIAN_POINT('',(0.199466888353321,0.00744831177267417,-0.00495830948913417));
#3244=CARTESIAN_POINT('',(0.199508103592564,0.00750914067821373,-0.00448721714891182));
#3245=CARTESIAN_POINT('',(0.180794016087552,0.00895774800927654,0.00276678919829424));
#3246=CARTESIAN_POINT('',(0.192509438099307,0.00832320898647223,0.00174182258384364));
#3247=CARTESIAN_POINT('',(0.204222311667626,0.00764107216595781,0.000717078929303278));
#3248=CARTESIAN_POINT('',(0.215935119221811,0.00695895315552207,-0.000307658949748753));
#3249=CARTESIAN_POINT('',(0.180794001434351,0.00895747539760167,0.00276679048028321));
#3250=CARTESIAN_POINT('',(0.215934892015624,0.00695497475099275,-0.000307607695054696));
#3251=CARTESIAN_POINT('',(0.180794001434351,0.00895747539760168,0.00276679048028322));
#3252=CARTESIAN_POINT('',(0.167509445093341,0.00968088921670333,0.00392903856009299));
#3253=CARTESIAN_POINT('',(0.147579323682617,0.0106784650124267,0.00567269824622668));
#3254=CARTESIAN_POINT('',(0.120983374133012,0.0115885320410095,0.00799954232752447));
#3255=CARTESIAN_POINT('',(0.101030930080681,0.0119769982650849,0.00974515499173868));
#3256=CARTESIAN_POINT('',(0.0810765074515207,0.011992777333918,0.0114909407589954));
#3257=CARTESIAN_POINT('',(0.0644462701382564,0.0115607404662561,0.0129458979956518));
#3258=CARTESIAN_POINT('',(0.0511469907436694,0.0111119844704895,0.0141094341757421));
#3259=CARTESIAN_POINT('',(0.0411725175138106,0.0107788039612941,0.0149820875079974));
#3260=CARTESIAN_POINT('',(0.0328589253330538,0.0105151591204953,0.0157094325769919));
#3261=CARTESIAN_POINT('',(0.0262136335367573,0.0102305214686362,0.0162908202749887));
#3262=CARTESIAN_POINT('',(0.0228969677024545,0.0100170919024761,0.0165809909361946));
#3263=CARTESIAN_POINT('',(0.0212457866822203,0.0098244831399393,0.0167254505568943));
#3264=CARTESIAN_POINT('',(0.0212457866822209,0.00982448313993939,0.0167254505568941));
#3265=CARTESIAN_POINT('',(0.0212463897428891,-0.00982455348077584,0.0167253977959223));
#3266=CARTESIAN_POINT('',(0.0208676780395436,-0.00964537505180462,0.0170094074622977));
#3267=CARTESIAN_POINT('',(0.0200540517697041,-0.00918543629068584,0.0174001101427419));
#3268=CARTESIAN_POINT('',(0.018531082234878,-0.00788381806410983,0.0176717284988474));
#3269=CARTESIAN_POINT('',(0.0170836114155198,-0.00583313266036608,0.0178523251721096));
#3270=CARTESIAN_POINT('',(0.0160501014623655,-0.00299394520464974,0.0179687404892147));
#3271=CARTESIAN_POINT('',(0.0157190832946929,2.4265124979262E-6,0.0180045141309973));
#3272=CARTESIAN_POINT('',(0.0160538931801851,0.00300164305516687,0.017968245909862));
#3273=CARTESIAN_POINT('',(0.017069349254088,0.00580285649235945,0.0178541209779487));
#3274=CARTESIAN_POINT('',(0.0185204075480331,0.00787260196884915,0.0176728064492217));
#3275=CARTESIAN_POINT('',(0.0200441713072987,0.00917916711982136,0.0174033294948099));
#3276=CARTESIAN_POINT('',(0.0208660157991179,0.00964463629383042,0.0170105245505429));
#3277=CARTESIAN_POINT('',(0.0212457866822209,0.00982448313993937,0.0167254505568942));
#3278=CARTESIAN_POINT('',(0.0212463897428756,-0.00982455348076978,0.0167253977959234));
#3279=CARTESIAN_POINT('',(0.021246389742878,-0.00982455348077456,0.0167253977959232));
#3280=CARTESIAN_POINT('',(0.0228980698607536,-0.0100171946417325,0.0165808945098379));
#3281=CARTESIAN_POINT('',(0.0262151887394934,-0.0102305994739451,0.0162906842123808));
#3282=CARTESIAN_POINT('',(0.0328613095146145,-0.0105152420404629,0.015709223988133));
#3283=CARTESIAN_POINT('',(0.0411731901793523,-0.0107788239440043,0.0149820286573884));
#3284=CARTESIAN_POINT('',(0.0511463586048815,-0.0111119663806272,0.0141094894807198));
#3285=CARTESIAN_POINT('',(0.0644441432814934,-0.0115606553017959,0.0129460840715075));
#3286=CARTESIAN_POINT('',(0.0810677019263693,-0.0119926564641347,0.0114917111426225));
#3287=CARTESIAN_POINT('',(0.101027225466905,-0.0119770840894846,0.00974547910344687));
#3288=CARTESIAN_POINT('',(0.120981905049289,-0.0115885596392597,0.00799967085569599));
#3289=CARTESIAN_POINT('',(0.14757375819142,-0.0106787003595041,0.00567318516361335));
#3290=CARTESIAN_POINT('',(0.167508658268762,-0.00968093393859568,0.00392910739832388));
#3291=CARTESIAN_POINT('',(0.180794620881883,-0.00895744166512334,0.00276673628564653));
#3292=CARTESIAN_POINT('',(0.180794620881883,-0.00895744166512333,0.00276673628564651));
#3293=CARTESIAN_POINT('',(0.215935119094298,-0.00695895316295151,-0.000307658938592813));
#3294=CARTESIAN_POINT('',(0.204222499311962,-0.00764106123775831,0.000717062512551073));
#3295=CARTESIAN_POINT('',(0.19250982127873,-0.00832318653389374,0.00174178905998802));
#3296=CARTESIAN_POINT('',(0.180794635544833,-0.00895771445694514,0.0027667350028046));
#3297=CARTESIAN_POINT('',(0.215934891888295,-0.00695497476787537,-0.000307607687712045));
#3298=CARTESIAN_POINT('',(0.215934894767755,-0.00695104422526946,-0.000307546780654006));
#3299=CARTESIAN_POINT('',(0.215876531726941,-0.00694066430901527,-0.000974639389707642));
#3300=CARTESIAN_POINT('',(0.215759639211457,-0.00689952727357534,-0.00231072695549179));
#3301=CARTESIAN_POINT('',(0.215584522484856,-0.00677095295339718,-0.00431232029963195));
#3302=CARTESIAN_POINT('',(0.215439264865616,-0.00659793359350475,-0.00597262248492469));
#3303=CARTESIAN_POINT('',(0.215323595883441,-0.00640478394469942,-0.00729472500099463));
#3304=CARTESIAN_POINT('',(0.215237022810699,-0.00622494535891593,-0.0082842597504406));
#3305=CARTESIAN_POINT('',(0.215151811445281,-0.00599760581041142,-0.00925823011396307));
#3306=CARTESIAN_POINT('',(0.215081642585304,-0.00575363228500693,-0.0100602638535216));
#3307=CARTESIAN_POINT('',(0.215028657806668,-0.00547874415485919,-0.0106658826445799));
#3308=CARTESIAN_POINT('',(0.214987875409466,-0.00520106850606996,-0.0111320275776324));
#3309=CARTESIAN_POINT('',(0.214980130966502,-0.00467638436626301,-0.0112205469657639));
#3310=CARTESIAN_POINT('',(0.214977107589856,-0.004015844844667,-0.0112551043189582));
#3311=CARTESIAN_POINT('',(0.214977591664231,-0.00317135485755449,-0.0112495713235333));
#3312=CARTESIAN_POINT('',(0.214977180030129,-0.0021667118677653,-0.0112542763228483));
#3313=CARTESIAN_POINT('',(0.214977135086524,-0.00115703410045308,-0.0112547900306101));
#3314=CARTESIAN_POINT('',(0.214977077684055,-0.000158727651310559,-0.0112554461438347));
#3315=CARTESIAN_POINT('',(0.214977104375031,0.00088003859716386,-0.0112551410645798));
#3316=CARTESIAN_POINT('',(0.214977195362463,0.00191496395737014,-0.011254101073477));
#3317=CARTESIAN_POINT('',(0.21497733216413,0.002778203650426,-0.011252537423258));
#3318=CARTESIAN_POINT('',(0.21497749695384,0.00346878715822969,-0.0112506538682618));
#3319=CARTESIAN_POINT('',(0.214977625554714,0.0039862647102298,-0.0112491839535442));
#3320=CARTESIAN_POINT('',(0.214978535153848,0.00441891219954956,-0.0112387871878647));
#3321=CARTESIAN_POINT('',(0.214981752256667,0.00476043515158955,-0.0112020155343766));
#3322=CARTESIAN_POINT('',(0.214985562091211,0.0050190530506777,-0.0111584689262792));
#3323=CARTESIAN_POINT('',(0.214997753464571,0.0052428644879101,-0.0110191208911325));
#3324=CARTESIAN_POINT('',(0.215022883205491,0.00544063340875499,-0.0107318866380636));
#3325=CARTESIAN_POINT('',(0.215069686517464,0.00570513963094392,-0.0101969223342706));
#3326=CARTESIAN_POINT('',(0.215140937032527,0.00596453882345388,-0.00938252522049399));
#3327=CARTESIAN_POINT('',(0.215227491503365,0.00620273693991226,-0.00839320309178259));
#3328=CARTESIAN_POINT('',(0.215315516578874,0.00638982968141066,-0.00738707187476679));
#3329=CARTESIAN_POINT('',(0.215432976630967,0.00658954086887256,-0.00604449733584888));
#3330=CARTESIAN_POINT('',(0.215580237545095,0.006767201079809,-0.0043612973852172));
#3331=CARTESIAN_POINT('',(0.215757355754545,0.00689855184466442,-0.00233682698743266));
#3332=CARTESIAN_POINT('',(0.215875678895152,0.00694051263219685,-0.000984387301660846));
#3333=CARTESIAN_POINT('',(0.215934894768063,0.00695104422532343,-0.000307546777144098));
#3334=CARTESIAN_POINT('',(0.0751101523637772,-0.0105882711082156,-0.003));
#3335=CARTESIAN_POINT('',(0.0727768499430079,-0.010612372706273,-0.003));
#3336=CARTESIAN_POINT('',(0.0704435184794706,-0.0106331847040777,-0.003));
#3337=CARTESIAN_POINT('',(0.0681101523637772,-0.0106500717405444,-0.003));
#3338=CARTESIAN_POINT('',(0.0751101523637772,-0.0105882711082156,-0.003));
#3339=CARTESIAN_POINT('',(0.0681101523637772,-0.0106500717405444,-0.003));
#3340=CARTESIAN_POINT('',(0.0751101523637772,-0.0114185825920395,-2.43945488809238E-19));
#3341=CARTESIAN_POINT('',(0.0751101523637772,-0.0113304212977159,-0.00051390050830754));
#3342=CARTESIAN_POINT('',(0.0751101523637773,-0.0111197630010341,-0.0015321984140272));
#3343=CARTESIAN_POINT('',(0.0751101523637772,-0.0108227274668136,-0.00252658964899033));
#3344=CARTESIAN_POINT('',(0.0751101523637772,-0.0105882711082157,-0.00299999999999995));
#3345=CARTESIAN_POINT('',(0.0751101523637772,-0.0114185825920395,0.));
#3346=CARTESIAN_POINT('',(0.0751101523637772,-0.0114185825920395,-2.43945488809238E-19));
#3347=CARTESIAN_POINT('',(0.0727767846102787,-0.0114089495483687,-2.43945488809238E-19));
#3348=CARTESIAN_POINT('',(0.0704434557450738,-0.011393263435891,1.19262238973405E-18));
#3349=CARTESIAN_POINT('',(0.0681101523637772,-0.0113736106837013,1.19262238973405E-18));
#3350=CARTESIAN_POINT('',(0.0681101523637772,-0.0113736106837013,5.96311194867027E-19));
#3351=CARTESIAN_POINT('',(0.0681101523637772,-0.0113736106837013,8.40256683676266E-19));
#3352=CARTESIAN_POINT('',(0.0681101523637772,-0.0112175933566216,-0.00101932186937458));
#3353=CARTESIAN_POINT('',(0.0681101523637772,-0.0110377857203734,-0.00204216910037704));
#3354=CARTESIAN_POINT('',(0.0681101523637772,-0.0106500717405444,-0.00299999999999994));
#3355=CARTESIAN_POINT('',(0.0220940280705691,-0.0109703631885096,-0.003));
#3356=CARTESIAN_POINT('',(0.0197602777595266,-0.0110259794582884,-0.003));
#3357=CARTESIAN_POINT('',(0.0174268738329168,-0.0110949893206456,-0.003));
#3358=CARTESIAN_POINT('',(0.0150940280705691,-0.0111805931886764,-0.003));
#3359=CARTESIAN_POINT('',(0.0220940280705691,-0.0109703631885096,-0.003));
#3360=CARTESIAN_POINT('',(0.015094028070569,-0.0111805931886764,-0.003));
#3361=CARTESIAN_POINT('',(0.0220940280705691,-0.0112165774425405,1.99899775552015E-18));
#3362=CARTESIAN_POINT('',(0.0220940280705691,-0.011163057757947,-0.00100234328124816));
#3363=CARTESIAN_POINT('',(0.0220940280705691,-0.0110868992783531,-0.00200282856448861));
#3364=CARTESIAN_POINT('',(0.0220940280705691,-0.0109703631885096,-0.003));
#3365=CARTESIAN_POINT('',(0.0220940280705691,-0.0112165774425405,0.));
#3366=CARTESIAN_POINT('',(0.0220940280705691,-0.0112165774425405,1.99899775552015E-18));
#3367=CARTESIAN_POINT('',(0.0197602839861011,-0.0112626670253702,1.99899775552015E-18));
#3368=CARTESIAN_POINT('',(0.0174269313428724,-0.0113235746435856,-2.03287907341032E-18));
#3369=CARTESIAN_POINT('',(0.0150940280705691,-0.0114014932294942,-2.03287907341032E-18));
#3370=CARTESIAN_POINT('',(0.015094028070569,-0.0114014932294942,-1.01643953670516E-18));
#3371=CARTESIAN_POINT('',(0.015094028070569,-0.0114014932294942,-1.01643953670516E-18));
#3372=CARTESIAN_POINT('',(0.015094028070569,-0.0113554579603097,-0.00100203213883417));
#3373=CARTESIAN_POINT('',(0.015094028070569,-0.0112863776931632,-0.0020023673973382));
#3374=CARTESIAN_POINT('',(0.015094028070569,-0.0111805931886764,-0.003));
#3375=CARTESIAN_POINT('',(0.199508103592564,-0.000145743135362864,-0.00448721714891165));
#3376=CARTESIAN_POINT('',(0.199508103592564,-0.00095,-0.00448721714891165));
#3377=CARTESIAN_POINT('',(0.199186966271591,-0.00095,-0.00815783352400843));
#3378=CARTESIAN_POINT('',(0.199131186596232,-0.00095,-0.00879539813078715));
#3379=CARTESIAN_POINT('',(0.199186966271591,-0.000145743135362864,-0.00815783352400843));
#3380=CARTESIAN_POINT('',(0.199186966271591,-0.00159,-0.00815783352400843));
#3381=CARTESIAN_POINT('',(0.199508103592564,-0.00159,-0.00448721714891165));
#3382=CARTESIAN_POINT('',(0.199131186596232,-0.00159,-0.00879539813078714));
#3383=CARTESIAN_POINT('',(0.199131186596232,-0.000145743135362864,-0.00879539813078714));
#3384=CARTESIAN_POINT('',(0.199508103592564,0.00413,-0.00448721714891165));
#3385=CARTESIAN_POINT('',(0.199186966271591,0.00413,-0.00815783352400843));
#3386=CARTESIAN_POINT('',(0.199131186596232,0.00413,-0.00879539813078715));
#3387=CARTESIAN_POINT('',(0.199186966271591,-0.000145743135362864,-0.00815783352400843));
#3388=CARTESIAN_POINT('',(0.199186966271591,0.00349,-0.00815783352400843));
#3389=CARTESIAN_POINT('',(0.199508103592564,0.00349,-0.00448721714891165));
#3390=CARTESIAN_POINT('',(0.199131186596232,0.00349,-0.00879539813078714));
#3391=CARTESIAN_POINT('',(0.199131186596232,-0.000145743135362864,-0.00879539813078714));
#3392=CARTESIAN_POINT('',(0.199508103592564,-0.000145743135362864,-0.00448721714891165));
#3393=CARTESIAN_POINT('',(0.199508103592564,0.00159,-0.00448721714891165));
#3394=CARTESIAN_POINT('',(0.199186966271591,0.00159,-0.00815783352400843));
#3395=CARTESIAN_POINT('',(0.199131186596232,0.00159,-0.00879539813078715));
#3396=CARTESIAN_POINT('',(0.199186966271591,-0.000145743135362864,-0.00815783352400843));
#3397=CARTESIAN_POINT('',(0.199186966271591,0.00095,-0.00815783352400843));
#3398=CARTESIAN_POINT('',(0.199508103592564,0.00095,-0.00448721714891165));
#3399=CARTESIAN_POINT('',(0.199131186596232,0.00095,-0.00879539813078714));
#3400=CARTESIAN_POINT('',(0.199131186596232,-0.000145743135362864,-0.00879539813078714));
#3401=CARTESIAN_POINT('',(0.199508103592564,-0.00349,-0.00448721714891165));
#3402=CARTESIAN_POINT('',(0.199186966271591,-0.00349,-0.00815783352400843));
#3403=CARTESIAN_POINT('',(0.199131186596232,-0.00349,-0.00879539813078715));
#3404=CARTESIAN_POINT('',(0.199186966271591,-0.000145743135362864,-0.00815783352400843));
#3405=CARTESIAN_POINT('',(0.199186966271591,-0.00413,-0.00815783352400843));
#3406=CARTESIAN_POINT('',(0.199508103592564,-0.00413,-0.00448721714891165));
#3407=CARTESIAN_POINT('',(0.199131186596232,-0.00413,-0.00879539813078714));
#3408=CARTESIAN_POINT('',(0.199131186596232,-0.000145743135362864,-0.00879539813078714));
#3409=CARTESIAN_POINT('',(0.201998590337793,-0.000145743135362864,-0.0047051065057808));
#3410=CARTESIAN_POINT('',(0.201998590337793,-0.000145743135362864,-0.0047051065057808));
#3411=CARTESIAN_POINT('',(0.20167745301682,-0.000145743135362864,-0.00837572288087757));
#3412=CARTESIAN_POINT('',(0.20167745301682,0.00349,-0.00837572288087757));
#3413=CARTESIAN_POINT('',(0.20167745301682,0.00413,-0.00837572288087757));
#3414=CARTESIAN_POINT('',(0.201998590337793,0.00413,-0.0047051065057808));
#3415=CARTESIAN_POINT('',(0.201621673341461,0.00413,-0.00901328748765629));
#3416=CARTESIAN_POINT('',(0.201621673341461,-0.000145743135362864,-0.00901328748765629));
#3417=CARTESIAN_POINT('',(0.201621673341461,0.00349,-0.00901328748765629));
#3418=CARTESIAN_POINT('',(0.201998590337793,0.00349,-0.0047051065057808));
#3419=CARTESIAN_POINT('',(0.20167745301682,-0.000145743135362864,-0.00837572288087757));
#3420=CARTESIAN_POINT('',(0.20167745301682,0.00095,-0.00837572288087757));
#3421=CARTESIAN_POINT('',(0.20167745301682,0.00159,-0.00837572288087757));
#3422=CARTESIAN_POINT('',(0.201998590337793,0.00159,-0.0047051065057808));
#3423=CARTESIAN_POINT('',(0.201621673341461,0.00159,-0.00901328748765629));
#3424=CARTESIAN_POINT('',(0.201621673341461,-0.000145743135362864,-0.00901328748765629));
#3425=CARTESIAN_POINT('',(0.201621673341461,0.00095,-0.00901328748765629));
#3426=CARTESIAN_POINT('',(0.201998590337793,0.00095,-0.0047051065057808));
#3427=CARTESIAN_POINT('',(0.20167745301682,-0.000145743135362864,-0.00837572288087757));
#3428=CARTESIAN_POINT('',(0.20167745301682,-0.00159,-0.00837572288087757));
#3429=CARTESIAN_POINT('',(0.20167745301682,-0.00095,-0.00837572288087757));
#3430=CARTESIAN_POINT('',(0.201998590337793,-0.00095,-0.0047051065057808));
#3431=CARTESIAN_POINT('',(0.201621673341461,-0.00095,-0.00901328748765629));
#3432=CARTESIAN_POINT('',(0.201621673341461,-0.000145743135362864,-0.00901328748765629));
#3433=CARTESIAN_POINT('',(0.201621673341461,-0.00159,-0.00901328748765629));
#3434=CARTESIAN_POINT('',(0.201998590337793,-0.00159,-0.0047051065057808));
#3435=CARTESIAN_POINT('',(0.20167745301682,-0.000145743135362864,-0.00837572288087757));
#3436=CARTESIAN_POINT('',(0.20167745301682,-0.00413,-0.00837572288087757));
#3437=CARTESIAN_POINT('',(0.20167745301682,-0.00349,-0.00837572288087757));
#3438=CARTESIAN_POINT('',(0.201998590337793,-0.00349,-0.0047051065057808));
#3439=CARTESIAN_POINT('',(0.201621673341461,-0.00349,-0.00901328748765629));
#3440=CARTESIAN_POINT('',(0.201621673341461,-0.000145743135362864,-0.00901328748765629));
#3441=CARTESIAN_POINT('',(0.201621673341461,-0.00413,-0.00901328748765629));
#3442=CARTESIAN_POINT('',(0.201998590337793,-0.00413,-0.0047051065057808));
#3443=CARTESIAN_POINT('',(-0.0504046120728491,0.00296321052129538,0.004470603091819));
#3444=CARTESIAN_POINT('',(-0.0495817383870627,0.0029637116136158,0.0047653682036147));
#3445=CARTESIAN_POINT('',(-0.048742959067573,0.0029651266464271,0.0050572517898002));
#3446=CARTESIAN_POINT('',(-0.047879818106893,0.00296785718686638,0.00534557101706733));
#3447=CARTESIAN_POINT('',(-0.0505197982916605,-6.88786050764834E-14,0.00478276929907412));
#3448=CARTESIAN_POINT('',(-0.0496977573433539,-6.31294062164445E-14,0.0050771176758625));
#3449=CARTESIAN_POINT('',(-0.0488598159031047,-4.69299620865782E-14,0.00536837575817491));
#3450=CARTESIAN_POINT('',(-0.0479973834888751,-1.55495733476785E-14,0.00565582282067398));
#3451=CARTESIAN_POINT('',(-0.0504046120728527,-0.00296321052142462,0.00447060309180421));
#3452=CARTESIAN_POINT('',(-0.0495817383870697,-0.00296371161373436,0.00476536820359981));
#3453=CARTESIAN_POINT('',(-0.0487429590675841,-0.00296512664651506,0.00505725178978717));
#3454=CARTESIAN_POINT('',(-0.0478798181069083,-0.00296785718689574,0.00534557101705913));
#3455=CARTESIAN_POINT('',(-0.0500798043900022,-0.00586703515515248,0.00358926328331629));
#3456=CARTESIAN_POINT('',(-0.0492551866493401,-0.00586764467853928,0.0038850297580415));
#3457=CARTESIAN_POINT('',(-0.0484148005555718,-0.00586936193226664,0.00417853609634214));
#3458=CARTESIAN_POINT('',(-0.0475505314659566,-0.00587267919529334,0.00446925507949486));
#3459=CARTESIAN_POINT('',(-0.0495717819212823,-0.00855104274727191,0.00220815502875795));
#3460=CARTESIAN_POINT('',(-0.0487456778454015,-0.00855111024841106,0.00250516999676592));
#3461=CARTESIAN_POINT('',(-0.0479043346262985,-0.00855129007350419,0.00280103100227562));
#3462=CARTESIAN_POINT('',(-0.0470401191687505,-0.00855163240239959,0.00309559162077961));
#3463=CARTESIAN_POINT('',(-0.048915055191753,-0.0108678299286508,0.000421295963602725));
#3464=CARTESIAN_POINT('',(-0.048088628056667,-0.0108670153579963,0.000719280473207429));
#3465=CARTESIAN_POINT('',(-0.0472480190183818,-0.0108646956085574,0.00101729191483576));
#3466=CARTESIAN_POINT('',(-0.0463861852866159,-0.0108601941552157,0.00131566731994484));
#3467=CARTESIAN_POINT('',(-0.0481421551854722,-0.012691867956995,-0.00168046063108748));
#3468=CARTESIAN_POINT('',(-0.0473166689196301,-0.0126902267598115,-0.00138212292363436));
#3469=CARTESIAN_POINT('',(-0.0464785342241648,-0.0126855627063375,-0.00108303233827973));
#3470=CARTESIAN_POINT('',(-0.0456213815841297,-0.0126765295082688,-0.000782506434869696));
#3471=CARTESIAN_POINT('',(-0.0469795895490286,-0.0144706385949868,-0.00483522076948977));
#3472=CARTESIAN_POINT('',(-0.0461564867334067,-0.0144682913308851,-0.00453762518794208));
#3473=CARTESIAN_POINT('',(-0.0453231629771314,-0.0144616227078756,-0.00423989820500002));
#3474=CARTESIAN_POINT('',(-0.0444741890401828,-0.014448732258893,-0.00394155177923561));
#3475=CARTESIAN_POINT('',(-0.0453556422394567,-0.0154009616712067,-0.00922254173515715));
#3476=CARTESIAN_POINT('',(-0.0445339817565068,-0.0153984451658051,-0.00892719758723706));
#3477=CARTESIAN_POINT('',(-0.0437048155438079,-0.0153913243866494,-0.00863586551030962));
#3478=CARTESIAN_POINT('',(-0.0428639910738581,-0.0153776111282328,-0.00834989673679256));
#3479=CARTESIAN_POINT('',(-0.0436605377225796,-0.0144636617872133,-0.0137911956483004));
#3480=CARTESIAN_POINT('',(-0.0428346617449453,-0.014461376366497,-0.0134956967827276));
#3481=CARTESIAN_POINT('',(-0.0420029064987434,-0.0144549049653931,-0.01320739412726));
#3482=CARTESIAN_POINT('',(-0.0411625832202975,-0.0144424114553807,-0.0129294156321612));
#3483=CARTESIAN_POINT('',(-0.0424371477066351,-0.0126686190895301,-0.0170987422265918));
#3484=CARTESIAN_POINT('',(-0.0416077523327424,-0.0126671004192796,-0.0168015540503232));
#3485=CARTESIAN_POINT('',(-0.0407737065148683,-0.0126627910344803,-0.016511278251409));
#3486=CARTESIAN_POINT('',(-0.0399332881706105,-0.0126544465575145,-0.0162311184274796));
#3487=CARTESIAN_POINT('',(-0.0416363689072932,-0.0108466140137657,-0.0192722187706378));
#3488=CARTESIAN_POINT('',(-0.0408053809808774,-0.0108459205616314,-0.0189735339716312));
#3489=CARTESIAN_POINT('',(-0.039970738698496,-0.0108439456634621,-0.0186804434385956));
#3490=CARTESIAN_POINT('',(-0.0391313434637682,-0.0108401247301767,-0.0183956414101204));
#3491=CARTESIAN_POINT('',(-0.0409764194022777,-0.00854712214030539,-0.0210709068774805));
#3492=CARTESIAN_POINT('',(-0.0401455100776148,-0.00854727603622915,-0.0207712305461367));
#3493=CARTESIAN_POINT('',(-0.0393120444108132,-0.00854770250523292,-0.0204756725407827));
#3494=CARTESIAN_POINT('',(-0.0384754441810137,-0.00854853711147195,-0.0201862879608924));
#3495=CARTESIAN_POINT('',(-0.0404756907547962,-0.00587631309915754,-0.0224410986571759));
#3496=CARTESIAN_POINT('',(-0.0396461956712764,-0.00587694735465359,-0.022141114138201));
#3497=CARTESIAN_POINT('',(-0.0388152232920242,-0.00587873868750357,-0.0218441268113492));
#3498=CARTESIAN_POINT('',(-0.037982589325298,-0.00588220455597063,-0.0215516611634602));
#3499=CARTESIAN_POINT('',(-0.0401609703159095,-0.00297730520964872,-0.0233041230773906));
#3500=CARTESIAN_POINT('',(-0.0393330173405977,-0.00297779588132533,-0.0230042625927096));
#3501=CARTESIAN_POINT('',(-0.0385043662448863,-0.00297918474301161,-0.0227068793848439));
#3502=CARTESIAN_POINT('',(-0.0376750633186887,-0.00298186501478662,-0.0224132136322679));
#3503=CARTESIAN_POINT('',(-0.040050912273754,6.93294356438654E-14,-0.0236063810053216));
#3504=CARTESIAN_POINT('',(-0.0392236296457125,6.35399668840786E-14,-0.0233066220362593));
#3505=CARTESIAN_POINT('',(-0.0383959406083602,4.72420061857488E-14,-0.0230091855424065));
#3506=CARTESIAN_POINT('',(-0.0375679666481269,1.56908796592095E-14,-0.0227152158202454));
#3507=CARTESIAN_POINT('',(-0.0401609703159122,0.00297730520977902,-0.0233041230773803));
#3508=CARTESIAN_POINT('',(-0.0393330173406044,0.00297779588144486,-0.0230042625927017));
#3509=CARTESIAN_POINT('',(-0.038504366244898,0.00297918474310036,-0.0227068793848404));
#3510=CARTESIAN_POINT('',(-0.0376750633187061,0.00298186501481613,-0.0224132136322715));
#3511=CARTESIAN_POINT('',(-0.0404756907547991,0.00587631309926229,-0.0224410986571561));
#3512=CARTESIAN_POINT('',(-0.0396461956712849,0.00587694735474955,-0.022141114138185));
#3513=CARTESIAN_POINT('',(-0.0388152232920398,0.00587873868757484,-0.0218441268113405));
#3514=CARTESIAN_POINT('',(-0.0379825893253221,0.00588220455599405,-0.021551661163464));
#3515=CARTESIAN_POINT('',(-0.0409764194022776,0.00854712214037305,-0.0210709068774527));
#3516=CARTESIAN_POINT('',(-0.0401455100776188,0.00854727603629113,-0.0207712305461127));
#3517=CARTESIAN_POINT('',(-0.0393120444108227,0.00854770250527894,-0.0204756725407672));
#3518=CARTESIAN_POINT('',(-0.0384754441810301,0.00854853711148714,-0.0201862879608919));
#3519=CARTESIAN_POINT('',(-0.0416363689072892,0.0108466140138103,-0.0192722187705909));
#3520=CARTESIAN_POINT('',(-0.0408053809808742,0.0108459205616723,-0.0189735339715884));
#3521=CARTESIAN_POINT('',(-0.0399707386984946,0.0108439456634925,-0.0186804434385639));
#3522=CARTESIAN_POINT('',(-0.039131343463769,0.0108401247301867,-0.0183956414101105));
#3523=CARTESIAN_POINT('',(-0.042437147706628,0.0126686190895585,-0.017098742226518));
#3524=CARTESIAN_POINT('',(-0.0416077523327328,0.0126671004193059,-0.0168015540502543));
#3525=CARTESIAN_POINT('',(-0.0407737065148563,0.0126627910344996,-0.0165112782513565));
#3526=CARTESIAN_POINT('',(-0.0399332881705963,0.0126544465575211,-0.0162311184274583));
#3527=CARTESIAN_POINT('',(-0.0436605377225724,0.0144636617872313,-0.0137911956481673));
#3528=CARTESIAN_POINT('',(-0.0428346617449328,0.0144613763665134,-0.0134956967826036));
#3529=CARTESIAN_POINT('',(-0.0420029064987248,0.0144549049654056,-0.013207394127164));
#3530=CARTESIAN_POINT('',(-0.0411625832202723,0.0144424114553847,-0.0129294156321225));
#3531=CARTESIAN_POINT('',(-0.045355642239456,0.0154009616712049,-0.00922254173499637));
#3532=CARTESIAN_POINT('',(-0.0445339817565058,0.0153984451658034,-0.00892719758708938));
#3533=CARTESIAN_POINT('',(-0.0437048155438065,0.0153913243866482,-0.00863586551019983));
#3534=CARTESIAN_POINT('',(-0.0428639910738568,0.0153776111282323,-0.00834989673675575));
#3535=CARTESIAN_POINT('',(-0.0469795895490309,0.0144706385949669,-0.00483522076935829));
#3536=CARTESIAN_POINT('',(-0.0461564867334147,0.014468291330867,-0.00453762518782391));
#3537=CARTESIAN_POINT('',(-0.045323162977147,0.0144616227078621,-0.00423989820491541));
#3538=CARTESIAN_POINT('',(-0.0444741890402073,0.0144487322588889,-0.00394155177921449));
#3539=CARTESIAN_POINT('',(-0.0481421551854711,0.0126918679569674,-0.00168046063100988));
#3540=CARTESIAN_POINT('',(-0.0473166689196335,0.0126902267597863,-0.00138212292356475));
#3541=CARTESIAN_POINT('',(-0.046478534224174,0.0126855627063189,-0.00108303233823059));
#3542=CARTESIAN_POINT('',(-0.0456213815841465,0.0126765295082628,-0.000782506434858183));
#3543=CARTESIAN_POINT('',(-0.0489150551917496,0.0108678299286081,0.00042129596365732));
#3544=CARTESIAN_POINT('',(-0.0480886280566651,0.0108670153579571,0.000719280473257018));
#3545=CARTESIAN_POINT('',(-0.0472480190183825,0.0108646956085283,0.00101729191487188));
#3546=CARTESIAN_POINT('',(-0.0463861852866203,0.0108601941552061,0.0013156673199554));
#3547=CARTESIAN_POINT('',(-0.0495717819212771,0.0085510427472066,0.00220815502879486));
#3548=CARTESIAN_POINT('',(-0.0487456778453945,0.00855111024835119,0.00250516999680057));
#3549=CARTESIAN_POINT('',(-0.0479043346262896,0.00855129007345971,0.00280103100230263));
#3550=CARTESIAN_POINT('',(-0.0470401191687404,0.00855163240238472,0.0030955916207911));
#3551=CARTESIAN_POINT('',(-0.0500798043899966,0.00586703515505009,0.00358926328334343));
#3552=CARTESIAN_POINT('',(-0.0492551866493301,0.00586764467844553,0.00388502975806801));
#3553=CARTESIAN_POINT('',(-0.0484148005555572,0.00586936193219659,0.00417853609636453));
#3554=CARTESIAN_POINT('',(-0.047550531465937,0.00587267919527001,0.00446925507950724));
#3555=CARTESIAN_POINT('',(-0.0504046120728491,0.00296321052129538,0.004470603091819));
#3556=CARTESIAN_POINT('',(-0.0495817383870627,0.0029637116136158,0.0047653682036147));
#3557=CARTESIAN_POINT('',(-0.048742959067573,0.0029651266464271,0.0050572517898002));
#3558=CARTESIAN_POINT('',(-0.047879818106893,0.00296785718686638,0.00534557101706733));
#3559=CARTESIAN_POINT('',(-0.0505197982916605,-6.88786050764834E-14,0.00478276929907412));
#3560=CARTESIAN_POINT('',(-0.0496977573433539,-6.31294062164445E-14,0.0050771176758625));
#3561=CARTESIAN_POINT('',(-0.0488598159031047,-4.69299620865782E-14,0.00536837575817491));
#3562=CARTESIAN_POINT('',(-0.0479973834888751,-1.55495733476785E-14,0.00565582282067398));
#3563=CARTESIAN_POINT('',(-0.0504046120728527,-0.00296321052142462,0.00447060309180421));
#3564=CARTESIAN_POINT('',(-0.0495817383870697,-0.00296371161373436,0.00476536820359981));
#3565=CARTESIAN_POINT('',(-0.0487429590675841,-0.00296512664651506,0.00505725178978717));
#3566=CARTESIAN_POINT('',(-0.0478798181069083,-0.00296785718689574,0.00534557101705913));
#3567=CARTESIAN_POINT('',(-0.0407701670100889,-0.00766489223374713,-0.0215835889202371));
#3568=CARTESIAN_POINT('',(-0.040341313567123,-0.00498682999101627,-0.0227559196838324));
#3569=CARTESIAN_POINT('',(-0.0400899188916514,-0.00212624644785007,-0.0234408221863116));
#3570=CARTESIAN_POINT('',(-0.0400406466215485,0.000836918889646092,-0.0235748251273353));
#3571=CARTESIAN_POINT('',(-0.0402112854097096,0.00378540319797336,-0.023110400053436));
#3572=CARTESIAN_POINT('',(-0.0405646905048586,0.00653884790633747,-0.0221459031367787));
#3573=CARTESIAN_POINT('',(-0.041092038361757,0.00908829140173197,-0.0207005542136475));
#3574=CARTESIAN_POINT('',(-0.0417677685199409,0.011266955779498,-0.0188390695737952));
#3575=CARTESIAN_POINT('',(-0.0425873685430419,0.0130000060389907,-0.016573103319377));
#3576=CARTESIAN_POINT('',(-0.0438038191717234,0.0146439903905732,-0.0132044880755414));
#3577=CARTESIAN_POINT('',(-0.0454896739590067,0.0154120486443015,-0.00853944904169012));
#3578=CARTESIAN_POINT('',(-0.0471483666503258,0.0141720184159907,-0.00398549004330758));
#3579=CARTESIAN_POINT('',(-0.0482977983529061,0.0120922114259045,-0.000833485568473266));
#3580=CARTESIAN_POINT('',(-0.0492709809937976,0.00938249760275725,0.00184304172244301));
#3581=CARTESIAN_POINT('',(-0.049953980973146,0.00593404140449506,0.00373739824352116));
#3582=CARTESIAN_POINT('',(-0.0502915239421136,0.00209985657204325,0.00468089763117379));
#3583=CARTESIAN_POINT('',(-0.0503399895739782,-0.000825520484189708,0.00481682001501837));
#3584=CARTESIAN_POINT('',(-0.0501699123700653,-0.00376246511440038,0.00434056644943453));
#3585=CARTESIAN_POINT('',(-0.0496977884058868,-0.00744614134285334,0.00302505071863622));
#3586=CARTESIAN_POINT('',(-0.0486947605840081,-0.0115121289082098,0.00025253507647827));
#3587=CARTESIAN_POINT('',(-0.0469265891005561,-0.0146013844575291,-0.00459051732029243));
#3588=CARTESIAN_POINT('',(-0.0448944383939352,-0.0153787519602116,-0.0101831418554912));
#3589=CARTESIAN_POINT('',(-0.0432582136486077,-0.0140992504943153,-0.0147162067124101));
#3590=CARTESIAN_POINT('',(-0.0421003226007663,-0.0120599555242677,-0.0179203116465209));
#3591=CARTESIAN_POINT('',(-0.0413666280074598,-0.0100820373186654,-0.0199452717019661));
#3592=CARTESIAN_POINT('',(-0.0407701670100889,-0.00766489223374713,-0.0215835889202371));
#3593=CARTESIAN_POINT('',(-0.040341313567123,-0.00498682999101627,-0.0227559196838324));
#3594=CARTESIAN_POINT('',(-0.0400899188916514,-0.00212624644785007,-0.0234408221863116));
#3595=CARTESIAN_POINT('',(-0.0403773797721921,-0.00495640623860761,-0.0226770480734386));
#3596=CARTESIAN_POINT('',(-0.0478978892803471,-0.00295720602493021,0.00533944856867357));
#3597=CARTESIAN_POINT('',(-0.0480487853181638,0.000990990537616507,0.00575403202525896));
#3598=CARTESIAN_POINT('',(-0.0476745315706617,0.00586711528586535,0.0047257783048519));
#3599=CARTESIAN_POINT('',(-0.0467428816097707,0.0100536696901357,0.00216609107446772));
#3600=CARTESIAN_POINT('',(-0.0457183831301266,0.012578850113435,-0.000648695364620224));
#3601=CARTESIAN_POINT('',(-0.0445281088228785,0.0144574952899537,-0.00391894714674129));
#3602=CARTESIAN_POINT('',(-0.0428508099900161,0.0153951212062112,-0.00852728781570835));
#3603=CARTESIAN_POINT('',(-0.0408402297228121,0.014179214467721,-0.0140513116998522));
#3604=CARTESIAN_POINT('',(-0.0391207925975085,0.0109219685777404,-0.0187754263757959));
#3605=CARTESIAN_POINT('',(-0.038182629309701,0.00670819757814644,-0.0213530088248084));
#3606=CARTESIAN_POINT('',(-0.0377832680740836,0.00296947730319114,-0.0224502448018727));
#3607=CARTESIAN_POINT('',(-0.0376739217532546,7.39788066724919E-6,-0.0227506713492508));
#3608=CARTESIAN_POINT('',(-0.0377796260337752,-0.00291108073070475,-0.0224602512253808));
#3609=CARTESIAN_POINT('',(-0.0380778778820601,-0.00574608706465716,-0.0216408110069072));
#3610=CARTESIAN_POINT('',(-0.0385538628136318,-0.00836974722404215,-0.0203330531554136));
#3611=CARTESIAN_POINT('',(-0.0391809587994563,-0.0106552266503164,-0.01861012109453));
#3612=CARTESIAN_POINT('',(-0.0399717168096306,-0.0125390091308619,-0.0164375313173234));
#3613=CARTESIAN_POINT('',(-0.0411594626695296,-0.0143622677891667,-0.0131742263871996));
#3614=CARTESIAN_POINT('',(-0.0425048564586787,-0.0151875153520916,-0.00947778733123839));
#3615=CARTESIAN_POINT('',(-0.0438428820554159,-0.0148449630820407,-0.00580159221755061));
#3616=CARTESIAN_POINT('',(-0.0448174787938369,-0.0139958959939153,-0.00312390968566475));
#3617=CARTESIAN_POINT('',(-0.0457036213281936,-0.0126089393873302,-0.00068925308210179));
#3618=CARTESIAN_POINT('',(-0.0467443453250629,-0.0100568996809243,0.00217011259918165));
#3619=CARTESIAN_POINT('',(-0.0474856236078421,-0.00671608687218619,0.0042067579426495));
#3620=CARTESIAN_POINT('',(-0.0478978892803471,-0.00295720602493021,0.00533944856867357));
#3621=CARTESIAN_POINT('',(-0.0480487853181638,0.000990990537616507,0.00575403202525896));
#3622=CARTESIAN_POINT('',(-0.0476745315706617,0.00586711528586535,0.0047257783048519));
#3623=CARTESIAN_POINT('',(-0.047973536389058,-1.58067952503548E-14,0.00554728729170339));
#3624=CARTESIAN_POINT('',(0.11543041263823,0.015,0.00948918334485726));
#3625=CARTESIAN_POINT('',(0.216022042476504,0.,0.000688556088412194));
#3626=CARTESIAN_POINT('',(0.216022042476505,-0.00896232979991741,0.000688556088424809));
#3627=CARTESIAN_POINT('',(0.216022042476504,-0.00796064817262514,0.000688556088412194));
#3628=CARTESIAN_POINT('',(0.216022042472109,-0.00796064817402315,0.000688556088796766));
#3629=CARTESIAN_POINT('',(0.207500553287107,-0.00845691386463049,0.00143408978884319));
#3630=CARTESIAN_POINT('',(0.194707630643053,-0.00920175684837517,0.00255332549356198));
#3631=CARTESIAN_POINT('',(0.17763887135477,-0.0101405321261934,0.00404664843173958));
#3632=CARTESIAN_POINT('',(0.16481956604143,-0.0108034027759972,0.00516819232093447));
#3633=CARTESIAN_POINT('',(0.15199578174778,-0.0114088605886807,0.00629012807013069));
#3634=CARTESIAN_POINT('',(0.139169205623886,-0.011940033444069,0.00741230807282362));
#3635=CARTESIAN_POINT('',(0.126339089855859,-0.0123784926157232,0.00853479775425121));
#3636=CARTESIAN_POINT('',(0.113504872501211,-0.0127037131905036,0.00965764627801055));
#3637=CARTESIAN_POINT('',(0.100665879489088,-0.012892870801324,0.0107809126176599));
#3638=CARTESIAN_POINT('',(0.0899620925239054,-0.0129159625046349,0.0117173726339099));
#3639=CARTESIAN_POINT('',(0.0813960391779838,-0.0128401993389687,0.0124668051928364));
#3640=CARTESIAN_POINT('',(0.0749696184426024,-0.0127321179853478,0.0130290441542302));
#3641=CARTESIAN_POINT('',(0.068546518184682,-0.0125715965510735,0.0135909926114886));
#3642=CARTESIAN_POINT('',(0.0621267425442854,-0.0123749755807069,0.0141526502024032));
#3643=CARTESIAN_POINT('',(0.055709645548942,-0.0121563936357159,0.014714073442242));
#3644=CARTESIAN_POINT('',(0.0503636917649956,-0.0119662528254331,0.0151817837940708));
#3645=CARTESIAN_POINT('',(0.0460871328985176,-0.0118123707516918,0.015555934213789));
#3646=CARTESIAN_POINT('',(0.0428795121335888,-0.0116956982171062,0.0158365646676106));
#3647=CARTESIAN_POINT('',(0.0396713555847729,-0.0115764173370831,0.0161172419964484));
#3648=CARTESIAN_POINT('',(0.0364619625755764,-0.0114512310107313,0.0163980275015524));
#3649=CARTESIAN_POINT('',(0.033785735201535,-0.011336789222247,0.0166321670577988));
#3650=CARTESIAN_POINT('',(0.0316425873973796,-0.0112321324328008,0.0168196681949229));
#3651=CARTESIAN_POINT('',(0.0300334439464976,-0.0111437375197711,0.0169604500048621));
#3652=CARTESIAN_POINT('',(0.0284216710737605,-0.0110407109443981,0.0171014618594051));
#3653=CARTESIAN_POINT('',(0.0268050515045419,-0.0109148378954925,0.0172428977449459));
#3654=CARTESIAN_POINT('',(0.0254500229196851,-0.0107792046061931,0.0173614473848745));
#3655=CARTESIAN_POINT('',(0.0243527968489858,-0.0106334339303406,0.0174574422273858));
#3656=CARTESIAN_POINT('',(0.0235217471446612,-0.0104949488247591,0.0175301496553407));
#3657=CARTESIAN_POINT('',(0.0226744534198896,-0.0103072109201339,0.017604278250935));
#3658=CARTESIAN_POINT('',(0.0218113848046752,-0.0100382523692379,0.0176797869706112));
#3659=CARTESIAN_POINT('',(0.0209646038206044,-0.00966858329891451,0.0177538707072067));
#3660=CARTESIAN_POINT('',(0.0201728619518288,-0.00920313959998103,0.0178231391451634));
#3661=CARTESIAN_POINT('',(0.0195598938447372,-0.00873388318462023,0.0178767669056369));
#3662=CARTESIAN_POINT('',(0.0191062059980552,-0.00831934785986378,0.0179164594490011));
#3663=CARTESIAN_POINT('',(0.0186831311888589,-0.00788930923182874,0.0179534736986291));
#3664=CARTESIAN_POINT('',(0.0182000371707019,-0.00732078166443513,0.017995738948635));
#3665=CARTESIAN_POINT('',(0.0176829649153559,-0.00658693375389617,0.0180409769092016));
#3666=CARTESIAN_POINT('',(0.0172348666791402,-0.00581893751605758,0.0180801804250165));
#3667=CARTESIAN_POINT('',(0.0168547044397649,-0.00502843266054807,0.0181134403112624));
#3668=CARTESIAN_POINT('',(0.0165365950521934,-0.00421410641356113,0.0181412712764361));
#3669=CARTESIAN_POINT('',(0.0162781192396415,-0.00337621372324595,0.01816388497983));
#3670=CARTESIAN_POINT('',(0.0160792859367625,-0.00251803708554287,0.0181812806397634));
#3671=CARTESIAN_POINT('',(0.0158963256474214,-0.00137249093361613,0.0181972875909561));
#3672=CARTESIAN_POINT('',(0.0158282713790385,-0.000219777518675653,0.0182032415679442));
#3673=CARTESIAN_POINT('',(0.0158720966405639,0.000946959721366843,0.0181994073543846));
#3674=CARTESIAN_POINT('',(0.0159921339949818,0.00209961436085462,0.0181889054466734));
#3675=CARTESIAN_POINT('',(0.0162260442056181,0.00323086637261453,0.0181684409549598));
#3676=CARTESIAN_POINT('',(0.0165806235269981,0.0043387061904057,0.0181374192840184));
#3677=CARTESIAN_POINT('',(0.0169131695349126,0.00516149691694572,0.018108325278225));
#3678=CARTESIAN_POINT('',(0.0173065230359908,0.0059517930226683,0.0180739113061224));
#3679=CARTESIAN_POINT('',(0.017762195326212,0.00670804975216402,0.0180340451464452));
#3680=CARTESIAN_POINT('',(0.0182844900745597,0.00742853955847114,0.0179883502769457));
#3681=CARTESIAN_POINT('',(0.0188818796980263,0.00811123559161198,0.0179360854571843));
#3682=CARTESIAN_POINT('',(0.0195467926308415,0.00873237213865539,0.0178779131133312));
#3683=CARTESIAN_POINT('',(0.0202885908481764,0.00928015880796137,0.0178130141786906));
#3684=CARTESIAN_POINT('',(0.0211063084801861,0.00973913251667424,0.0177414731559245));
#3685=CARTESIAN_POINT('',(0.022232093266596,0.0102043005659514,0.0176429797495437));
#3686=CARTESIAN_POINT('',(0.0233874895070167,0.0104774995664877,0.0175418956766265));
#3687=CARTESIAN_POINT('',(0.0244934612962786,0.0106536795740808,0.0174451356828865));
#3688=CARTESIAN_POINT('',(0.0255863371099911,0.0107941944883703,0.017349521438545));
#3689=CARTESIAN_POINT('',(0.0269376396657838,0.0109262505951338,0.0172312977839196));
#3690=CARTESIAN_POINT('',(0.0285514434261458,0.0110496941081944,0.0170901082497323));
#3691=CARTESIAN_POINT('',(0.0301610341035498,0.0111511942156629,0.0169492873125425));
#3692=CARTESIAN_POINT('',(0.0317684128563071,0.0112385792638885,0.0168086598936838));
#3693=CARTESIAN_POINT('',(0.0339095965495626,0.0113423275980074,0.0166213305939974));
#3694=CARTESIAN_POINT('',(0.0365834987636114,0.0114561361260972,0.0163873944628912));
#3695=CARTESIAN_POINT('',(0.0397897432945016,0.0115808937081894,0.0161068844139464));
#3696=CARTESIAN_POINT('',(0.0429948698335039,0.0116999259071486,0.0158264721766176));
#3697=CARTESIAN_POINT('',(0.0461994435118233,0.0118164288641272,0.015546108308331));
#3698=CARTESIAN_POINT('',(0.0504719598966057,0.0119701222702932,0.0151723115599339));
#3699=CARTESIAN_POINT('',(0.0558128737634282,0.0121600115502939,0.0147050421437185));
#3700=CARTESIAN_POINT('',(0.0622238955474759,0.0123781425958402,0.0141441504159965));
#3701=CARTESIAN_POINT('',(0.068637676254878,0.0125741546307234,0.0135830173137576));
#3702=CARTESIAN_POINT('',(0.0750553424910612,0.0127339158776949,0.0130215442717985));
#3703=CARTESIAN_POINT('',(0.081475661646582,0.0128411846496409,0.0124598391294721));
#3704=CARTESIAN_POINT('',(0.090034031159415,0.0129161163617923,0.0117110788188333));
#3705=CARTESIAN_POINT('',(0.100730555970565,0.0128922690622219,0.0107752541587339));
#3706=CARTESIAN_POINT('',(0.113563644581477,0.012702501417329,0.00965250438725548));
#3707=CARTESIAN_POINT('',(0.126394203036204,0.0123768227547005,0.00852997597576015));
#3708=CARTESIAN_POINT('',(0.139218201272474,0.0119381517829647,0.00740802150901012));
#3709=CARTESIAN_POINT('',(0.152037463861152,0.0114069882845904,0.00628648135773873));
#3710=CARTESIAN_POINT('',(0.164852726639357,0.0108017426887331,0.00516529114454008));
#3711=CARTESIAN_POINT('',(0.177663769228956,0.0101391899205095,0.0040444701500024));
#3712=CARTESIAN_POINT('',(0.194721516864456,0.00920094819838925,0.00255211060661001));
#3713=CARTESIAN_POINT('',(0.207506098530863,0.00845659092612994,0.00143360464287809));
#3714=CARTESIAN_POINT('',(0.21602204246642,0.00796064817435077,0.000688556089294467));
#3715=CARTESIAN_POINT('',(0.216022042476504,0.00796064817293507,0.000688556088412194));
#3716=CARTESIAN_POINT('',(0.216022042476504,0.,0.000688556088412194));
#3717=CARTESIAN_POINT('',(0.216022042476504,0.00896232968556868,0.000688556088412194));
#3718=CARTESIAN_POINT('',(0.216022042476503,-0.00896232975758252,0.000688556088394937));
#3719=CARTESIAN_POINT('',(0.20707467078594,-0.00948339435817627,0.00147134967967198));
#3720=CARTESIAN_POINT('',(0.189179775614035,-0.010525164957648,0.00303695014222392));
#3721=CARTESIAN_POINT('',(0.162331014142072,-0.0119612582313221,0.00538591240072192));
#3722=CARTESIAN_POINT('',(0.139945286010542,-0.0129383028703083,0.00734440983700669));
#3723=CARTESIAN_POINT('',(0.122030679873176,-0.0135053525520745,0.00891173478555781));
#3724=CARTESIAN_POINT('',(0.10858975516658,-0.0137990232504082,0.0100876633246905));
#3725=CARTESIAN_POINT('',(0.095147124237935,-0.0139327509644969,0.0112637411389099));
#3726=CARTESIAN_POINT('',(0.0817061676587042,-0.0138817208264807,0.0124396724665368));
#3727=CARTESIAN_POINT('',(0.0682654666752456,-0.0135954840919396,0.0136155814324312));
#3728=CARTESIAN_POINT('',(0.0570676192659253,-0.0132180319654741,0.0145952661366397));
#3729=CARTESIAN_POINT('',(0.0481102627652758,-0.0129034278513606,0.015378933285607));
#3730=CARTESIAN_POINT('',(0.0413922564890448,-0.0126663655286241,0.0159666826762726));
#3731=CARTESIAN_POINT('',(0.0346743488052912,-0.0124233351429523,0.0165544234412153));
#3732=CARTESIAN_POINT('',(0.027958655619329,-0.012132697331944,0.0171419704627054));
#3733=CARTESIAN_POINT('',(0.0223656988307044,-0.0117516688575042,0.0176312907772997));
#3734=CARTESIAN_POINT('',(0.0179302246317415,-0.0111041211789444,0.0180193444870713));
#3735=CARTESIAN_POINT('',(0.0146881544483428,-0.0102885737107505,0.018302988874474));
#3736=CARTESIAN_POINT('',(0.0116330476797882,-0.00874972578627194,0.0185702760825839));
#3737=CARTESIAN_POINT('',(0.00928106959408779,-0.00625275301848005,0.018776047501944));
#3738=CARTESIAN_POINT('',(0.00779598256419892,-0.00316657625872594,0.0189059757814087));
#3739=CARTESIAN_POINT('',(0.00732961429747113,0.000232674752701847,0.0189467777177756));
#3740=CARTESIAN_POINT('',(0.00794019339384723,0.00360766311617147,0.0188933589686568));
#3741=CARTESIAN_POINT('',(0.00955008529546404,0.00663135532441191,0.0187525116777631));
#3742=CARTESIAN_POINT('',(0.0120117650265181,0.00901670482105151,0.0185371426080645));
#3743=CARTESIAN_POINT('',(0.0151265955867664,0.0104304752848165,0.0182646302452381));
#3744=CARTESIAN_POINT('',(0.018390656783444,0.011187342069297,0.0179790618934745));
#3745=CARTESIAN_POINT('',(0.0228081345771811,0.0117890601661205,0.0175925826651448));
#3746=CARTESIAN_POINT('',(0.0283977001096556,0.0121550541715943,0.0171035590470181));
#3747=CARTESIAN_POINT('',(0.0350948557250692,0.0124390677505821,0.0165176338528005));
#3748=CARTESIAN_POINT('',(0.0417980417321421,0.0126807392001917,0.015931181067676));
#3749=CARTESIAN_POINT('',(0.0485002807245743,0.0129171775045235,0.0153448111355968));
#3750=CARTESIAN_POINT('',(0.0574369591462537,0.0132308428143111,0.0145629530841231));
#3751=CARTESIAN_POINT('',(0.0686091273896707,0.0136055366081208,0.0135855150158197));
#3752=CARTESIAN_POINT('',(0.082018816071385,0.013885134722075,0.0124123192747579));
#3753=CARTESIAN_POINT('',(0.0954284450731516,0.0139316259518961,0.0112391287550148));
#3754=CARTESIAN_POINT('',(0.108838935606152,0.0137948140303325,0.0100658628610555));
#3755=CARTESIAN_POINT('',(0.122249285467354,0.0134993213882502,0.00889260927428398));
#3756=CARTESIAN_POINT('',(0.140122326391997,0.0129312062849624,0.00732892081064274));
#3757=CARTESIAN_POINT('',(0.162455745344252,0.0119548820736751,0.00537499983454545));
#3758=CARTESIAN_POINT('',(0.189242374889816,0.0105215208887752,0.00303147341524002));
#3759=CARTESIAN_POINT('',(0.20709548282944,0.00948218233557259,0.00146952886181831));
#3760=CARTESIAN_POINT('',(0.216022042476504,0.00896232975758253,0.000688556088412195));
#3761=CARTESIAN_POINT('',(0.216612910284987,0.,0.0074422060433854));
#3762=CARTESIAN_POINT('',(0.215934886733756,0.,-0.000307638609679552));
#3763=CARTESIAN_POINT('',(0.215934886733756,-0.00796064817262514,-0.000307638609679552));
#3764=CARTESIAN_POINT('',(0.215934886733756,-0.00796064817262514,-0.000307638609679552));
#3765=CARTESIAN_POINT('',(0.217240880655303,0.00354187609627842,0.0146199402206815));
#3766=CARTESIAN_POINT('',(0.217240841689024,0.00520530573818502,0.0146194948340825));
#3767=CARTESIAN_POINT('',(0.217240607758419,0.0094964928539529,0.0146168209950284));
#3768=CARTESIAN_POINT('',(0.214806288496747,0.00949077926920866,-0.0132075754875106));
#3769=CARTESIAN_POINT('',(0.214802637380771,0.00357407600144291,-0.013249307934069));
#3770=CARTESIAN_POINT('',(0.214802637380771,-0.00357407600144292,-0.013249307934069));
#3771=CARTESIAN_POINT('',(0.214806288496747,-0.00949077926920867,-0.0132075754875106));
#3772=CARTESIAN_POINT('',(0.217240607758419,-0.0094964928539529,0.0146168209950284));
#3773=CARTESIAN_POINT('',(0.217240930862274,-0.00356952534950074,0.0146205140889808));
#3774=CARTESIAN_POINT('',(0.217240930862274,0.00139859306563511,0.0146205140889808));
#3775=CARTESIAN_POINT('',(0.217240880655303,0.00354187609627842,0.0146199402206815));
#3776=CARTESIAN_POINT('',(0.215934886733756,0.00796064817293507,-0.000307638609679552));
#3777=CARTESIAN_POINT('',(0.215934886733756,0.00796064817293507,-0.000307638609679552));
#3778=CARTESIAN_POINT('',(0.215934886733756,0.,-0.000307638609679552));
#3779=CARTESIAN_POINT('',(0.11219418575855,-3.21046037071345E-5,0.00876849667188373));
#3780=CARTESIAN_POINT('',(0.215934886729361,-0.00796064817402315,-0.000307638609294979));
#3781=CARTESIAN_POINT('',(0.207413397544359,-0.00845691386463049,0.000437895090751449));
#3782=CARTESIAN_POINT('',(0.194620474900306,-0.00920175684837517,0.00155713079547023));
#3783=CARTESIAN_POINT('',(0.177551715612022,-0.0101405321261934,0.00305045373364784));
#3784=CARTESIAN_POINT('',(0.164732410298682,-0.0108034027759972,0.00417199762284273));
#3785=CARTESIAN_POINT('',(0.151908626005031,-0.0114088605886807,0.00529393337203894));
#3786=CARTESIAN_POINT('',(0.139082049881138,-0.011940033444069,0.00641611337473188));
#3787=CARTESIAN_POINT('',(0.126251934113111,-0.0123784926157232,0.00753860305615947));
#3788=CARTESIAN_POINT('',(0.113417716758464,-0.0127037131905036,0.0086614515799188));
#3789=CARTESIAN_POINT('',(0.10057872374634,-0.012892870801324,0.00978471791956816));
#3790=CARTESIAN_POINT('',(0.0898749367811578,-0.0129159625046349,0.0107211779358182));
#3791=CARTESIAN_POINT('',(0.0813088834352362,-0.0128401993389687,0.0114706104947446));
#3792=CARTESIAN_POINT('',(0.0748824626998548,-0.0127321179853478,0.0120328494561384));
#3793=CARTESIAN_POINT('',(0.0684593624419343,-0.0125715965510735,0.0125947979133969));
#3794=CARTESIAN_POINT('',(0.0620395868015377,-0.0123749755807069,0.0131564555043115));
#3795=CARTESIAN_POINT('',(0.0556224898061943,-0.0121563936357159,0.0137178787441503));
#3796=CARTESIAN_POINT('',(0.0502765360222479,-0.0119662528254331,0.0141855890959791));
#3797=CARTESIAN_POINT('',(0.04599997715577,-0.0118123707516918,0.0145597395156972));
#3798=CARTESIAN_POINT('',(0.0427923563908411,-0.0116956982171062,0.0148403699695188));
#3799=CARTESIAN_POINT('',(0.0395841998420252,-0.0115764173370831,0.0151210472983567));
#3800=CARTESIAN_POINT('',(0.0363748068328287,-0.0114512310107313,0.0154018328034607));
#3801=CARTESIAN_POINT('',(0.0336985794587873,-0.011336789222247,0.0156359723597071));
#3802=CARTESIAN_POINT('',(0.031555431654632,-0.0112321324328008,0.0158234734968312));
#3803=CARTESIAN_POINT('',(0.0299462882037499,-0.0111437375197711,0.0159642553067704));
#3804=CARTESIAN_POINT('',(0.0283345153310129,-0.0110407109443981,0.0161052671613134));
#3805=CARTESIAN_POINT('',(0.0267178957617943,-0.0109148378954925,0.0162467030468542));
#3806=CARTESIAN_POINT('',(0.0253628671769374,-0.0107792046061931,0.0163652526867828));
#3807=CARTESIAN_POINT('',(0.0242656411062381,-0.0106334339303406,0.0164612475292941));
#3808=CARTESIAN_POINT('',(0.0234345914019135,-0.0104949488247591,0.016533954957249));
#3809=CARTESIAN_POINT('',(0.0225872976771419,-0.0103072109201339,0.0166080835528432));
#3810=CARTESIAN_POINT('',(0.0217242290619276,-0.0100382523692379,0.0166835922725194));
#3811=CARTESIAN_POINT('',(0.0208774480778567,-0.00966858329891451,0.016757676009115));
#3812=CARTESIAN_POINT('',(0.0200857062090812,-0.00920313959998103,0.0168269444470717));
#3813=CARTESIAN_POINT('',(0.0194727381019895,-0.00873388318462023,0.0168805722075451));
#3814=CARTESIAN_POINT('',(0.0190190502553075,-0.00831934785986378,0.0169202647509093));
#3815=CARTESIAN_POINT('',(0.0185959754461112,-0.00788930923182874,0.0169572790005374));
#3816=CARTESIAN_POINT('',(0.0181128814279542,-0.00732078166443513,0.0169995442505433));
#3817=CARTESIAN_POINT('',(0.0175958091726082,-0.00658693375389617,0.0170447822111098));
#3818=CARTESIAN_POINT('',(0.0171477109363926,-0.00581893751605758,0.0170839857269247));
#3819=CARTESIAN_POINT('',(0.0167675486970172,-0.00502843266054807,0.0171172456131707));
#3820=CARTESIAN_POINT('',(0.0164494393094458,-0.00421410641356113,0.0171450765783444));
#3821=CARTESIAN_POINT('',(0.0161909634968939,-0.00337621372324595,0.0171676902817383));
#3822=CARTESIAN_POINT('',(0.0159921301940148,-0.00251803708554287,0.0171850859416716));
#3823=CARTESIAN_POINT('',(0.0158091699046737,-0.00137249093361613,0.0172010928928644));
#3824=CARTESIAN_POINT('',(0.0157411156362908,-0.000219777518675653,0.0172070468698524));
#3825=CARTESIAN_POINT('',(0.0157849408978163,0.000946959721366843,0.0172032126562929));
#3826=CARTESIAN_POINT('',(0.0159049782522342,0.00209961436085462,0.0171927107485817));
#3827=CARTESIAN_POINT('',(0.0161388884628704,0.00323086637261453,0.017172246256868));
#3828=CARTESIAN_POINT('',(0.0164934677842505,0.0043387061904057,0.0171412245859266));
#3829=CARTESIAN_POINT('',(0.0168260137921649,0.00516149691694572,0.0171121305801333));
#3830=CARTESIAN_POINT('',(0.0172193672932432,0.0059517930226683,0.0170777166080307));
#3831=CARTESIAN_POINT('',(0.0176750395834643,0.00670804975216402,0.0170378504483534));
#3832=CARTESIAN_POINT('',(0.0181973343318121,0.00742853955847114,0.0169921555788539));
#3833=CARTESIAN_POINT('',(0.0187947239552787,0.00811123559161198,0.0169398907590925));
#3834=CARTESIAN_POINT('',(0.0194596368880939,0.00873237213865539,0.0168817184152395));
#3835=CARTESIAN_POINT('',(0.0202014351054288,0.00928015880796137,0.0168168194805989));
#3836=CARTESIAN_POINT('',(0.0210191527374384,0.00973913251667424,0.0167452784578328));
#3837=CARTESIAN_POINT('',(0.0221449375238484,0.0102043005659514,0.016646785051452));
#3838=CARTESIAN_POINT('',(0.023300333764269,0.0104774995664877,0.0165457009785347));
#3839=CARTESIAN_POINT('',(0.0244063055535309,0.0106536795740808,0.0164489409847948));
#3840=CARTESIAN_POINT('',(0.0254991813672434,0.0107941944883703,0.0163533267404533));
#3841=CARTESIAN_POINT('',(0.0268504839230361,0.0109262505951338,0.0162351030858278));
#3842=CARTESIAN_POINT('',(0.0284642876833981,0.0110496941081944,0.0160939135516406));
#3843=CARTESIAN_POINT('',(0.0300738783608022,0.0111511942156629,0.0159530926144507));
#3844=CARTESIAN_POINT('',(0.0316812571135595,0.0112385792638885,0.0158124651955921));
#3845=CARTESIAN_POINT('',(0.033822440806815,0.0113423275980074,0.0156251358959057));
#3846=CARTESIAN_POINT('',(0.0364963430208637,0.0114561361260972,0.0153911997647995));
#3847=CARTESIAN_POINT('',(0.039702587551754,0.0115808937081894,0.0151106897158546));
#3848=CARTESIAN_POINT('',(0.0429077140907562,0.0116999259071486,0.0148302774785258));
#3849=CARTESIAN_POINT('',(0.0461122877690757,0.0118164288641272,0.0145499136102393));
#3850=CARTESIAN_POINT('',(0.050384804153858,0.0119701222702932,0.0141761168618421));
#3851=CARTESIAN_POINT('',(0.0557257180206805,0.0121600115502939,0.0137088474456267));
#3852=CARTESIAN_POINT('',(0.0621367398047282,0.0123781425958402,0.0131479557179048));
#3853=CARTESIAN_POINT('',(0.0685505205121304,0.0125741546307234,0.0125868226156658));
#3854=CARTESIAN_POINT('',(0.0749681867483135,0.0127339158776949,0.0120253495737067));
#3855=CARTESIAN_POINT('',(0.0813885059038344,0.0128411846496409,0.0114636444313803));
#3856=CARTESIAN_POINT('',(0.0899468754166674,0.0129161163617923,0.0107148841207415));
#3857=CARTESIAN_POINT('',(0.100643400227817,0.0128922690622219,0.00977905946064217));
#3858=CARTESIAN_POINT('',(0.113476488838729,0.012702501417329,0.00865630968916373));
#3859=CARTESIAN_POINT('',(0.126307047293456,0.0123768227547005,0.00753378127766841));
#3860=CARTESIAN_POINT('',(0.139131045529726,0.0119381517829647,0.00641182681091838));
#3861=CARTESIAN_POINT('',(0.151950308118405,0.0114069882845904,0.00529028665964699));
#3862=CARTESIAN_POINT('',(0.16476557089661,0.0108017426887331,0.00416909644644833));
#3863=CARTESIAN_POINT('',(0.177576613486209,0.0101391899205095,0.00304827545191065));
#3864=CARTESIAN_POINT('',(0.194634361121708,0.00920094819838925,0.00155591590851826));
#3865=CARTESIAN_POINT('',(0.207418942788115,0.00845659092612994,0.000437409944786344));
#3866=CARTESIAN_POINT('',(0.215934886723673,0.00796064817435077,-0.000307638608797278));
#3867=CARTESIAN_POINT('',(0.215934886729361,-0.00796064817402315,-0.000307638609295017));
#3868=CARTESIAN_POINT('',(0.216022042472109,-0.00796064817402315,0.000688556088796783));
#3869=CARTESIAN_POINT('',(0.20739656984652,-0.00845789385872636,0.000439367323545544));
#3870=CARTESIAN_POINT('',(0.207483725589268,-0.00845789385872636,0.00143556202163734));
#3871=CARTESIAN_POINT('',(0.19031852145581,-0.00945218057040502,0.00193350295287985));
#3872=CARTESIAN_POINT('',(0.190405677198558,-0.00945218057040502,0.00292969765097165));
#3873=CARTESIAN_POINT('',(0.164691060091033,-0.0108340250792622,0.00417561529724641));
#3874=CARTESIAN_POINT('',(0.164778215833781,-0.0108340250792622,0.00517180999533821));
#3875=CARTESIAN_POINT('',(0.143321341311833,-0.0117953142139631,0.00604522343316348));
#3876=CARTESIAN_POINT('',(0.14340849705458,-0.0117953142139631,0.00704141813125528));
#3877=CARTESIAN_POINT('',(0.126219445658165,-0.0123794650143133,0.0075414454276627));
#3878=CARTESIAN_POINT('',(0.126306601400913,-0.0123794650143133,0.0085376401257545));
#3879=CARTESIAN_POINT('',(0.113388852250651,-0.0127043054784488,0.00866397689713058));
#3880=CARTESIAN_POINT('',(0.113476007993399,-0.0127043054784488,0.00966017159522238));
#3881=CARTESIAN_POINT('',(0.100553288742568,-0.0128930009829327,0.00978694319405488));
#3882=CARTESIAN_POINT('',(0.100640444485316,-0.0128930009829327,0.0107831378921467));
#3883=CARTESIAN_POINT('',(0.0877130281745588,-0.01292074735233,0.0109103204304747));
#3884=CARTESIAN_POINT('',(0.0878001839173065,-0.01292074735233,0.0119065151285665));
#3885=CARTESIAN_POINT('',(0.0770050950027994,-0.0127854130903352,0.0118471431927968));
#3886=CARTESIAN_POINT('',(0.0770922507455471,-0.0127854130903352,0.0128433378908886));
#3887=CARTESIAN_POINT('',(0.0684430566809397,-0.0125711069641115,0.0125962244826341));
#3888=CARTESIAN_POINT('',(0.0685302124236874,-0.0125711069641115,0.0135924191807259));
#3889=CARTESIAN_POINT('',(0.0620251618268705,-0.0123745026176895,0.0131577175260665));
#3890=CARTESIAN_POINT('',(0.0621123175696182,-0.0123745026176895,0.0141539122241583));
#3891=CARTESIAN_POINT('',(0.0556098593417552,-0.0121559725333768,0.0137189837666037));
#3892=CARTESIAN_POINT('',(0.0556970150845028,-0.0121559725333768,0.0147151784646955));
#3893=CARTESIAN_POINT('',(0.0491965269072542,-0.0119277441795807,0.0142800776500457));
#3894=CARTESIAN_POINT('',(0.0492836826500019,-0.0119277441795807,0.0152762723481375));
#3895=CARTESIAN_POINT('',(0.043852420629647,-0.0117350682568618,0.014747626366014));
#3896=CARTESIAN_POINT('',(0.0439395763723947,-0.0117350682568618,0.0157438210641058));
#3897=CARTESIAN_POINT('',(0.0395760972964905,-0.0115761242439534,0.0151217561792366));
#3898=CARTESIAN_POINT('',(0.0396632530392382,-0.0115761242439534,0.0161179508773284));
#3899=CARTESIAN_POINT('',(0.0363675567754355,-0.0114509149611568,0.0154024671012925));
#3900=CARTESIAN_POINT('',(0.0364547125181831,-0.0114509149611568,0.0163986617993843));
#3901=CARTESIAN_POINT('',(0.0331571586196496,-0.0113136885507089,0.0156833405453283));
#3902=CARTESIAN_POINT('',(0.0332443143623973,-0.0113136885507089,0.0166795352434201));
#3903=CARTESIAN_POINT('',(0.0299415887382878,-0.0111497552389807,0.0159646664567229));
#3904=CARTESIAN_POINT('',(0.0300287444810355,-0.0111497552389807,0.0169608611548147));
#3905=CARTESIAN_POINT('',(0.0272561396600706,-0.0109692507024572,0.016199612807543));
#3906=CARTESIAN_POINT('',(0.0273432954028183,-0.0109692507024572,0.0171958075056348));
#3907=CARTESIAN_POINT('',(0.0250859718794672,-0.0107502534823432,0.016389477886295));
#3908=CARTESIAN_POINT('',(0.0251731276222148,-0.0107502534823432,0.0173856725843868));
#3909=CARTESIAN_POINT('',(0.0234424671052225,-0.0105193955297105,0.0165332659224921));
#3910=CARTESIAN_POINT('',(0.0235296228479701,-0.0105193955297105,0.0175294606205839));
#3911=CARTESIAN_POINT('',(0.0217128972124041,-0.0100882153979551,0.0166845836808895));
#3912=CARTESIAN_POINT('',(0.0218000529551517,-0.0100882153979551,0.0176807783789813));
#3913=CARTESIAN_POINT('',(0.0200475059901753,-0.00924903429682346,0.0168302865331701));
#3914=CARTESIAN_POINT('',(0.020134661732923,-0.00924903429682346,0.0178264812312619));
#3915=CARTESIAN_POINT('',(0.0186521235995203,-0.00802646385906967,0.0169523666736361));
#3916=CARTESIAN_POINT('',(0.0187392793422679,-0.00802646385906967,0.0179485613717279));
#3917=CARTESIAN_POINT('',(0.0171992125516044,-0.00612799980200084,0.0170794799194403));
#3918=CARTESIAN_POINT('',(0.0172863682943521,-0.00612799980200084,0.0180756746175321));
#3919=CARTESIAN_POINT('',(0.0160399076740416,-0.00340920754952013,0.0171809059537974));
#3920=CARTESIAN_POINT('',(0.0161270634167893,-0.00340920754952013,0.0181771006518892));
#3921=CARTESIAN_POINT('',(0.0156132064056049,7.72018470447667E-5,0.0172182374774977));
#3922=CARTESIAN_POINT('',(0.0157003621483525,7.72018470447667E-5,0.0182144321755895));
#3923=CARTESIAN_POINT('',(0.0160756374904433,0.00353873039513422,0.0171777799999124));
#3924=CARTESIAN_POINT('',(0.0161627932331909,0.00353873039513422,0.0181739746980042));
#3925=CARTESIAN_POINT('',(0.017269399417822,0.00625425205856942,0.0170733393643179));
#3926=CARTESIAN_POINT('',(0.0173565551605696,0.00625425205856942,0.0180695340624097));
#3927=CARTESIAN_POINT('',(0.0187550452560181,0.00813582410256903,0.0169433621954613));
#3928=CARTESIAN_POINT('',(0.0188422009987657,0.00813582410256903,0.0179395568935531));
#3929=CARTESIAN_POINT('',(0.020164125147914,0.00932680574014875,0.016820083678918));
#3930=CARTESIAN_POINT('',(0.0202512808906616,0.00932680574014875,0.0178162783770098));
#3931=CARTESIAN_POINT('',(0.0218570689865071,0.0101388138203205,0.0166719702850551));
#3932=CARTESIAN_POINT('',(0.0219442247292548,0.0101388138203205,0.0176681649831469));
#3933=CARTESIAN_POINT('',(0.0235830880421687,0.0105428424009823,0.016520963184655));
#3934=CARTESIAN_POINT('',(0.0236702437849164,0.0105428424009823,0.0175171578827468));
#3935=CARTESIAN_POINT('',(0.0252239513481288,0.0107663221394164,0.0163774062469878));
#3936=CARTESIAN_POINT('',(0.0253111070908764,0.0107663221394164,0.0173736009450796));
#3937=CARTESIAN_POINT('',(0.0273867004092773,0.0109790578872618,0.0161881902220859));
#3938=CARTESIAN_POINT('',(0.027473856152025,0.0109790578872618,0.0171843849201777));
#3939=CARTESIAN_POINT('',(0.0300691908817989,0.0111570874369716,0.015953502715724));
#3940=CARTESIAN_POINT('',(0.0301563466245466,0.0111570874369716,0.0169496974138158));
#3941=CARTESIAN_POINT('',(0.0332813699528241,0.0113193267204268,0.0156724734617941));
#3942=CARTESIAN_POINT('',(0.0333685256955718,0.0113193267204268,0.0166686681598859));
#3943=CARTESIAN_POINT('',(0.0364890841645901,0.0114558271653217,0.0153918348324336));
#3944=CARTESIAN_POINT('',(0.0365762399073377,0.0114558271653217,0.0163880295305254));
#3945=CARTESIAN_POINT('',(0.0396944499935208,0.0115805979557305,0.0151114016599488));
#3946=CARTESIAN_POINT('',(0.0397816057362684,0.0115805979557305,0.0161075963580406));
#3947=CARTESIAN_POINT('',(0.0439667407477198,0.0117392141101453,0.0147376246516697));
#3948=CARTESIAN_POINT('',(0.0440538964904674,0.0117392141101453,0.0157338193497615));
#3949=CARTESIAN_POINT('',(0.0493057705005308,0.0119316641897106,0.0142705200740712));
#3950=CARTESIAN_POINT('',(0.0493929262432785,0.0119316641897106,0.015266714772163));
#3951=CARTESIAN_POINT('',(0.0557130635732407,0.0121595897252323,0.0137099545663208));
#3952=CARTESIAN_POINT('',(0.0558002193159884,0.0121595897252323,0.0147061492644126));
#3953=CARTESIAN_POINT('',(0.062122289755632,0.0123776688752539,0.0131492199333881));
#3954=CARTESIAN_POINT('',(0.0622094454983797,0.0123776688752539,0.0141454146314799));
#3955=CARTESIAN_POINT('',(0.0685341953062346,0.0125736686735776,0.0125882508861114));
#3956=CARTESIAN_POINT('',(0.0686213510489822,0.0125736686735776,0.0135844455842032));
#3957=CARTESIAN_POINT('',(0.0770889666567726,0.0127869435529233,0.011839805373883));
#3958=CARTESIAN_POINT('',(0.0771761223995203,0.0127869435529233,0.0128360000719748));
#3959=CARTESIAN_POINT('',(0.0877863617615738,0.0129210234824129,0.0109039045729552));
#3960=CARTESIAN_POINT('',(0.0878735175043215,0.0129210234824129,0.011900099271047));
#3961=CARTESIAN_POINT('',(0.100617951615609,0.0128924092769887,0.00978128592571281));
#3962=CARTESIAN_POINT('',(0.100705107358356,0.0128924092769887,0.0107774806238046));
#3963=CARTESIAN_POINT('',(0.113447597297294,0.0127030932961119,0.00865883737151108));
#3964=CARTESIAN_POINT('',(0.113534753040041,0.0127030932961119,0.00965503206960288));
#3965=CARTESIAN_POINT('',(0.126274519888424,0.0123777984924868,0.00753662705686266));
#3966=CARTESIAN_POINT('',(0.126361675631171,0.0123777984924868,0.00853282175495446));
#3967=CARTESIAN_POINT('',(0.143368353215765,0.0117933593097926,0.0060411104245187));
#3968=CARTESIAN_POINT('',(0.143455508958512,0.0117933593097926,0.0070373051226105));
#3969=CARTESIAN_POINT('',(0.164724247111722,0.0108323053632458,0.00417271180915995));
#3970=CARTESIAN_POINT('',(0.164811402854469,0.0108323053632458,0.00516890650725175));
#3971=CARTESIAN_POINT('',(0.190335163959109,0.00945121227707715,0.00193204692250852));
#3972=CARTESIAN_POINT('',(0.190422319701857,0.00945121227707715,0.00292824162060032));
#3973=CARTESIAN_POINT('',(0.207402113527044,0.00845757101126311,0.00043888231434557));
#3974=CARTESIAN_POINT('',(0.207489269269791,0.00845757101126311,0.00143507701243737));
#3975=CARTESIAN_POINT('',(0.215934886723673,0.00796064817435077,-0.000307638608797316));
#3976=CARTESIAN_POINT('',(0.21602204246642,0.00796064817435077,0.000688556089294483));
#3977=CARTESIAN_POINT('',(0.215934886729361,-0.00796064817402315,-0.000307638609294979));
#3978=CARTESIAN_POINT('',(0.207413397544359,-0.00845691386463049,0.000437895090751449));
#3979=CARTESIAN_POINT('',(0.194620474900306,-0.00920175684837517,0.00155713079547023));
#3980=CARTESIAN_POINT('',(0.177551715612022,-0.0101405321261934,0.00305045373364784));
#3981=CARTESIAN_POINT('',(0.164732410298682,-0.0108034027759972,0.00417199762284273));
#3982=CARTESIAN_POINT('',(0.151908626005031,-0.0114088605886807,0.00529393337203894));
#3983=CARTESIAN_POINT('',(0.139082049881138,-0.011940033444069,0.00641611337473188));
#3984=CARTESIAN_POINT('',(0.126251934113111,-0.0123784926157232,0.00753860305615947));
#3985=CARTESIAN_POINT('',(0.113417716758464,-0.0127037131905036,0.0086614515799188));
#3986=CARTESIAN_POINT('',(0.10057872374634,-0.012892870801324,0.00978471791956816));
#3987=CARTESIAN_POINT('',(0.0898749367811578,-0.0129159625046349,0.0107211779358182));
#3988=CARTESIAN_POINT('',(0.0813088834352362,-0.0128401993389687,0.0114706104947446));
#3989=CARTESIAN_POINT('',(0.0748824626998548,-0.0127321179853478,0.0120328494561384));
#3990=CARTESIAN_POINT('',(0.0684593624419343,-0.0125715965510735,0.0125947979133969));
#3991=CARTESIAN_POINT('',(0.0620395868015377,-0.0123749755807069,0.0131564555043115));
#3992=CARTESIAN_POINT('',(0.0556224898061943,-0.0121563936357159,0.0137178787441503));
#3993=CARTESIAN_POINT('',(0.0502765360222479,-0.0119662528254331,0.0141855890959791));
#3994=CARTESIAN_POINT('',(0.04599997715577,-0.0118123707516918,0.0145597395156972));
#3995=CARTESIAN_POINT('',(0.0427923563908411,-0.0116956982171062,0.0148403699695188));
#3996=CARTESIAN_POINT('',(0.0395841998420252,-0.0115764173370831,0.0151210472983567));
#3997=CARTESIAN_POINT('',(0.0363748068328287,-0.0114512310107313,0.0154018328034607));
#3998=CARTESIAN_POINT('',(0.0336985794587873,-0.011336789222247,0.0156359723597071));
#3999=CARTESIAN_POINT('',(0.031555431654632,-0.0112321324328008,0.0158234734968312));
#4000=CARTESIAN_POINT('',(0.0299462882037499,-0.0111437375197711,0.0159642553067704));
#4001=CARTESIAN_POINT('',(0.0283345153310129,-0.0110407109443981,0.0161052671613134));
#4002=CARTESIAN_POINT('',(0.0267178957617943,-0.0109148378954925,0.0162467030468542));
#4003=CARTESIAN_POINT('',(0.0253628671769374,-0.0107792046061931,0.0163652526867828));
#4004=CARTESIAN_POINT('',(0.0242656411062381,-0.0106334339303406,0.0164612475292941));
#4005=CARTESIAN_POINT('',(0.0234345914019135,-0.0104949488247591,0.016533954957249));
#4006=CARTESIAN_POINT('',(0.0225872976771419,-0.0103072109201339,0.0166080835528432));
#4007=CARTESIAN_POINT('',(0.0217242290619276,-0.0100382523692379,0.0166835922725194));
#4008=CARTESIAN_POINT('',(0.0208774480778567,-0.00966858329891451,0.016757676009115));
#4009=CARTESIAN_POINT('',(0.0200857062090812,-0.00920313959998103,0.0168269444470717));
#4010=CARTESIAN_POINT('',(0.0194727381019895,-0.00873388318462023,0.0168805722075451));
#4011=CARTESIAN_POINT('',(0.0190190502553075,-0.00831934785986378,0.0169202647509093));
#4012=CARTESIAN_POINT('',(0.0185959754461112,-0.00788930923182874,0.0169572790005374));
#4013=CARTESIAN_POINT('',(0.0181128814279542,-0.00732078166443513,0.0169995442505433));
#4014=CARTESIAN_POINT('',(0.0175958091726082,-0.00658693375389617,0.0170447822111098));
#4015=CARTESIAN_POINT('',(0.0171477109363926,-0.00581893751605758,0.0170839857269247));
#4016=CARTESIAN_POINT('',(0.0167675486970172,-0.00502843266054807,0.0171172456131707));
#4017=CARTESIAN_POINT('',(0.0164494393094458,-0.00421410641356113,0.0171450765783444));
#4018=CARTESIAN_POINT('',(0.0161909634968939,-0.00337621372324595,0.0171676902817383));
#4019=CARTESIAN_POINT('',(0.0159921301940148,-0.00251803708554287,0.0171850859416716));
#4020=CARTESIAN_POINT('',(0.0158091699046737,-0.00137249093361613,0.0172010928928644));
#4021=CARTESIAN_POINT('',(0.0157411156362908,-0.000219777518675653,0.0172070468698524));
#4022=CARTESIAN_POINT('',(0.0157849408978163,0.000946959721366843,0.0172032126562929));
#4023=CARTESIAN_POINT('',(0.0159049782522342,0.00209961436085462,0.0171927107485817));
#4024=CARTESIAN_POINT('',(0.0161388884628704,0.00323086637261453,0.017172246256868));
#4025=CARTESIAN_POINT('',(0.0164934677842505,0.0043387061904057,0.0171412245859266));
#4026=CARTESIAN_POINT('',(0.0168260137921649,0.00516149691694572,0.0171121305801333));
#4027=CARTESIAN_POINT('',(0.0172193672932432,0.0059517930226683,0.0170777166080307));
#4028=CARTESIAN_POINT('',(0.0176750395834643,0.00670804975216402,0.0170378504483534));
#4029=CARTESIAN_POINT('',(0.0181973343318121,0.00742853955847114,0.0169921555788539));
#4030=CARTESIAN_POINT('',(0.0187947239552787,0.00811123559161198,0.0169398907590925));
#4031=CARTESIAN_POINT('',(0.0194596368880939,0.00873237213865539,0.0168817184152395));
#4032=CARTESIAN_POINT('',(0.0202014351054288,0.00928015880796137,0.0168168194805989));
#4033=CARTESIAN_POINT('',(0.0210191527374384,0.00973913251667424,0.0167452784578328));
#4034=CARTESIAN_POINT('',(0.0221449375238484,0.0102043005659514,0.016646785051452));
#4035=CARTESIAN_POINT('',(0.023300333764269,0.0104774995664877,0.0165457009785347));
#4036=CARTESIAN_POINT('',(0.0244063055535309,0.0106536795740808,0.0164489409847948));
#4037=CARTESIAN_POINT('',(0.0254991813672434,0.0107941944883703,0.0163533267404533));
#4038=CARTESIAN_POINT('',(0.0268504839230361,0.0109262505951338,0.0162351030858278));
#4039=CARTESIAN_POINT('',(0.0284642876833981,0.0110496941081944,0.0160939135516406));
#4040=CARTESIAN_POINT('',(0.0300738783608022,0.0111511942156629,0.0159530926144507));
#4041=CARTESIAN_POINT('',(0.0316812571135595,0.0112385792638885,0.0158124651955921));
#4042=CARTESIAN_POINT('',(0.033822440806815,0.0113423275980074,0.0156251358959057));
#4043=CARTESIAN_POINT('',(0.0364963430208637,0.0114561361260972,0.0153911997647995));
#4044=CARTESIAN_POINT('',(0.039702587551754,0.0115808937081894,0.0151106897158546));
#4045=CARTESIAN_POINT('',(0.0429077140907562,0.0116999259071486,0.0148302774785258));
#4046=CARTESIAN_POINT('',(0.0461122877690757,0.0118164288641272,0.0145499136102393));
#4047=CARTESIAN_POINT('',(0.050384804153858,0.0119701222702932,0.0141761168618421));
#4048=CARTESIAN_POINT('',(0.0557257180206805,0.0121600115502939,0.0137088474456267));
#4049=CARTESIAN_POINT('',(0.0621367398047282,0.0123781425958402,0.0131479557179048));
#4050=CARTESIAN_POINT('',(0.0685505205121304,0.0125741546307234,0.0125868226156658));
#4051=CARTESIAN_POINT('',(0.0749681867483135,0.0127339158776949,0.0120253495737067));
#4052=CARTESIAN_POINT('',(0.0813885059038344,0.0128411846496409,0.0114636444313803));
#4053=CARTESIAN_POINT('',(0.0899468754166674,0.0129161163617923,0.0107148841207415));
#4054=CARTESIAN_POINT('',(0.100643400227817,0.0128922690622219,0.00977905946064217));
#4055=CARTESIAN_POINT('',(0.113476488838729,0.012702501417329,0.00865630968916373));
#4056=CARTESIAN_POINT('',(0.126307047293456,0.0123768227547005,0.00753378127766841));
#4057=CARTESIAN_POINT('',(0.139131045529726,0.0119381517829647,0.00641182681091838));
#4058=CARTESIAN_POINT('',(0.151950308118405,0.0114069882845904,0.00529028665964699));
#4059=CARTESIAN_POINT('',(0.16476557089661,0.0108017426887331,0.00416909644644833));
#4060=CARTESIAN_POINT('',(0.177576613486209,0.0101391899205095,0.00304827545191065));
#4061=CARTESIAN_POINT('',(0.194634361121708,0.00920094819838925,0.00155591590851826));
#4062=CARTESIAN_POINT('',(0.207418942788115,0.00845659092612994,0.000437409944786344));
#4063=CARTESIAN_POINT('',(0.215934886723673,0.00796064817435077,-0.000307638608797278));
#4064=CARTESIAN_POINT('',(0.11219418575855,-3.21046037071345E-5,0.00876849667188373));
#4065=CARTESIAN_POINT('',(0.200753346965179,-0.000145743135362864,-0.00459616182734622));
#4066=CARTESIAN_POINT('',(0.013426525947064,-0.025,0.010500000014901));
#4067=CARTESIAN_POINT('',(0.013426525947064,-0.025,0.010145000014901));
#4068=CARTESIAN_POINT('',(0.013426525947064,-0.013171334942659,0.010145000014901));
#4069=CARTESIAN_POINT('',(0.013426525947064,-0.025,0.010855000014901));
#4070=CARTESIAN_POINT('',(0.013426525947064,-0.0130896634334847,0.010855000014901));
#4071=CARTESIAN_POINT('',(0.013426525947064,-0.013171334942659,0.010145000014901));
#4072=CARTESIAN_POINT('',(0.013426525947064,-0.013145897161501,0.0103818721320274));
#4073=CARTESIAN_POINT('',(0.013426525947064,-0.0131187458907494,0.0106185471459408));
#4074=CARTESIAN_POINT('',(0.013426525947064,-0.0130896634334847,0.0108550000149008));
#4075=CARTESIAN_POINT('',(0.014926525947064,-0.025,0.010855000014901));
#4076=CARTESIAN_POINT('',(0.014926525947064,-0.025,0.012355000014901));
#4077=CARTESIAN_POINT('',(0.014926525947064,-0.0128763865478835,0.012355000014901));
#4078=CARTESIAN_POINT('',(0.013426525947064,-0.0130896634334847,0.010855000014901));
#4079=CARTESIAN_POINT('',(0.013426525947064,-0.0130410652829244,0.0112501238526688));
#4080=CARTESIAN_POINT('',(0.0137490117711254,-0.0129299151455444,0.0120234515380926));
#4081=CARTESIAN_POINT('',(0.0145283262951983,-0.012876342267613,0.012355000014901));
#4082=CARTESIAN_POINT('',(0.014926525947064,-0.0128763865478835,0.012355000014901));
#4083=CARTESIAN_POINT('',(0.018146525947064,-0.025,0.012355000014901));
#4084=CARTESIAN_POINT('',(0.021366525947064,-0.025,0.012355000014901));
#4085=CARTESIAN_POINT('',(0.021366525947064,-0.0128783598145968,0.012355000014901));
#4086=CARTESIAN_POINT('',(0.014926525947064,-0.0128763865478835,0.012355000014901));
#4087=CARTESIAN_POINT('',(0.0170731927909671,-0.012876625259766,0.012355000014901));
#4088=CARTESIAN_POINT('',(0.0192198607154886,-0.0128754080760094,0.012355000014901));
#4089=CARTESIAN_POINT('',(0.021366525947064,-0.0128783598145968,0.012355000014901));
#4090=CARTESIAN_POINT('',(0.021366525947064,-0.025,0.010855000014901));
#4091=CARTESIAN_POINT('',(0.022866525947064,-0.025,0.010855000014901));
#4092=CARTESIAN_POINT('',(0.022866525947064,-0.0130301597568157,0.010855000014901));
#4093=CARTESIAN_POINT('',(0.021366525947064,-0.0128783598145968,0.012355000014901));
#4094=CARTESIAN_POINT('',(0.0217636690719272,-0.0128789059000643,0.012355000014901));
#4095=CARTESIAN_POINT('',(0.0225406461018203,-0.0129203702392431,0.0120271354739624));
#4096=CARTESIAN_POINT('',(0.022866525947064,-0.0129961183662617,0.0112506252623849));
#4097=CARTESIAN_POINT('',(0.022866525947064,-0.0130301597568157,0.010855000014901));
#4098=CARTESIAN_POINT('',(0.022866525947064,-0.025,0.010500000014901));
#4099=CARTESIAN_POINT('',(0.022866525947064,-0.025,0.010145000014901));
#4100=CARTESIAN_POINT('',(0.022866525947064,-0.0130872374641325,0.010145000014901));
#4101=CARTESIAN_POINT('',(0.022866525947064,-0.0130301597568157,0.010855000014901));
#4102=CARTESIAN_POINT('',(0.022866525947064,-0.0130505144387017,0.010618440170325));
#4103=CARTESIAN_POINT('',(0.022866525947064,-0.0130695015528956,0.0103817703854272));
#4104=CARTESIAN_POINT('',(0.022866525947064,-0.0130872374641325,0.010145000014901));
#4105=CARTESIAN_POINT('',(0.021366525947064,-0.025,0.010145000014901));
#4106=CARTESIAN_POINT('',(0.021366525947064,-0.025,0.00864500001490098));
#4107=CARTESIAN_POINT('',(0.021366525947064,-0.0131961567237267,0.00864500001490098));
#4108=CARTESIAN_POINT('',(0.022866525947064,-0.0130872374641325,0.010145000014901));
#4109=CARTESIAN_POINT('',(0.022866525947064,-0.0131168667269444,0.00974945611300006));
#4110=CARTESIAN_POINT('',(0.0225415491712294,-0.013168306528873,0.00897348623950913));
#4111=CARTESIAN_POINT('',(0.0217631855211093,-0.0131924294581521,0.00864500001490098));
#4112=CARTESIAN_POINT('',(0.021366525947064,-0.0131961567237267,0.00864500001490098));
#4113=CARTESIAN_POINT('',(0.018146525947064,-0.025,0.00864500001490099));
#4114=CARTESIAN_POINT('',(0.014926525947064,-0.025,0.00864500001490099));
#4115=CARTESIAN_POINT('',(0.014926525947064,-0.0132834658886395,0.00864500001490099));
#4116=CARTESIAN_POINT('',(0.021366525947064,-0.0131961567237267,0.00864500001490099));
#4117=CARTESIAN_POINT('',(0.0192197441507516,-0.0132163292505206,0.00864500001490099));
#4118=CARTESIAN_POINT('',(0.0170730753121314,-0.0132460505643984,0.00864500001490099));
#4119=CARTESIAN_POINT('',(0.014926525947064,-0.0132834658886395,0.00864500001490099));
#4120=CARTESIAN_POINT('',(0.014926525947064,-0.025,0.010145000014901));
#4121=CARTESIAN_POINT('',(0.014926525947064,-0.0132834658886395,0.00864500001490099));
#4122=CARTESIAN_POINT('',(0.0145296893462866,-0.0132903829296964,0.00864500001490099));
#4123=CARTESIAN_POINT('',(0.0137517861855992,-0.0132812209707444,0.00897281268962515));
#4124=CARTESIAN_POINT('',(0.013426525947064,-0.0132137098257195,0.0097504126017457));
#4125=CARTESIAN_POINT('',(0.013426525947064,-0.013171334942659,0.010145000014901));
#4126=CARTESIAN_POINT('',(0.02965,-0.025,0.004445));
#4127=CARTESIAN_POINT('',(0.02965,-0.025,0.002995));
#4128=CARTESIAN_POINT('',(0.02965,-0.0132354631768336,0.002995));
#4129=CARTESIAN_POINT('',(0.02965,-0.025,0.005895));
#4130=CARTESIAN_POINT('',(0.02965,-0.0132432068693648,0.005895));
#4131=CARTESIAN_POINT('',(0.02965,-0.0132354631768336,0.002995));
#4132=CARTESIAN_POINT('',(0.02965,-0.0132540051610463,0.00396162404764368));
#4133=CARTESIAN_POINT('',(0.02965,-0.0132559941829717,0.00492829229564958));
#4134=CARTESIAN_POINT('',(0.02965,-0.0132432068693648,0.005895));
#4135=CARTESIAN_POINT('',(0.0335,-0.025,0.005895));
#4136=CARTESIAN_POINT('',(0.03735,-0.025,0.005895));
#4137=CARTESIAN_POINT('',(0.03735,-0.0132760667578083,0.005895));
#4138=CARTESIAN_POINT('',(0.02965,-0.0132432068693648,0.005895));
#4139=CARTESIAN_POINT('',(0.0322167087608317,-0.0132404923104879,0.005895));
#4140=CARTESIAN_POINT('',(0.0347833996159266,-0.0132525184090464,0.005895));
#4141=CARTESIAN_POINT('',(0.03735,-0.0132760667578083,0.005895));
#4142=CARTESIAN_POINT('',(0.03735,-0.025,0.004445));
#4143=CARTESIAN_POINT('',(0.03735,-0.0132463132650121,0.002995));
#4144=CARTESIAN_POINT('',(0.03735,-0.0132727700103603,0.00396149698029738));
#4145=CARTESIAN_POINT('',(0.03735,-0.0132818563026723,0.00492817217840485));
#4146=CARTESIAN_POINT('',(0.03735,-0.0132760667578083,0.005895));
#4147=CARTESIAN_POINT('',(0.03735,-0.0132463132650121,0.002995));
#4148=CARTESIAN_POINT('',(0.03735,-0.025,0.002995));
#4149=CARTESIAN_POINT('',(-0.0525857638844906,0.00113271196722602,0.00604137217976515));
#4150=CARTESIAN_POINT('',(-0.0511725570219186,0.00113258455974776,0.00656291880515619));
#4151=CARTESIAN_POINT('',(-0.0373714428108896,0.00113474362480205,0.011464416688953));
#4152=CARTESIAN_POINT('',(0.0211393254295567,0.00131955787824986,0.0223434377157012));
#4153=CARTESIAN_POINT('',(0.0911710115371125,0.00118962041602349,0.02436223150277));
#4154=CARTESIAN_POINT('',(0.16776251823247,0.000879625149048733,0.0184437389617801));
#4155=CARTESIAN_POINT('',(0.217240918310531,0.000679367045983998,0.0146203706219082));
#4156=CARTESIAN_POINT('',(-0.0525857638844906,-0.00113271196737014,0.00604137217975996));
#4157=CARTESIAN_POINT('',(-0.0511725570219186,-0.00113258455990943,0.00656291880515037));
#4158=CARTESIAN_POINT('',(-0.0373714428108896,-0.00113474362466634,0.0114644166889579));
#4159=CARTESIAN_POINT('',(0.0211393254295567,-0.00131955785265902,0.0223434377166219));
#4160=CARTESIAN_POINT('',(0.0911710115371126,-0.00118962039149657,0.0243622315024581));
#4161=CARTESIAN_POINT('',(0.16776251823247,-0.00087962520468271,0.018443738961655));
#4162=CARTESIAN_POINT('',(0.21724091831053,-0.000679367153402216,0.0146203706219037));
#4163=CARTESIAN_POINT('',(-0.0525418888914921,-0.00226542393466699,0.00592147742774599));
#4164=CARTESIAN_POINT('',(-0.0511286270142804,-0.00226516911973664,0.00644295214326908));
#4165=CARTESIAN_POINT('',(-0.0373284450890763,-0.0022694872494017,0.0113456686218068));
#4166=CARTESIAN_POINT('',(0.0211025202253807,-0.00263911571833275,0.0223290003903071));
#4167=CARTESIAN_POINT('',(0.0911938420292268,-0.00237924079542808,0.0243399392428334));
#4168=CARTESIAN_POINT('',(0.16777147616221,-0.00175925038118019,0.0184349635935893));
#4169=CARTESIAN_POINT('',(0.217240914513041,-0.00135873425237841,0.0146203272163915));
#4170=CARTESIAN_POINT('',(-0.0524178631606179,-0.00393197705601213,0.00558267193432714));
#4171=CARTESIAN_POINT('',(-0.0510044457681412,-0.00393160815664142,0.00610395710001034));
#4172=CARTESIAN_POINT('',(-0.0372068992265009,-0.00393785957728579,0.0110098857168065));
#4173=CARTESIAN_POINT('',(0.0209984793484911,-0.00447297621820658,0.0222681739684501));
#4174=CARTESIAN_POINT('',(0.0912583793060829,-0.00410583345619287,0.0242839265379939));
#4175=CARTESIAN_POINT('',(0.167796798054797,-0.00303119710620511,0.01841290129045));
#4176=CARTESIAN_POINT('',(0.21724090312057,-0.00233697800075507,0.0146201969998582));
#4177=CARTESIAN_POINT('',(-0.0523668190434305,-0.00448207562486049,0.0054432428756212));
#4178=CARTESIAN_POINT('',(-0.0509533376469812,-0.00448168153513701,0.00596445124385129));
#4179=CARTESIAN_POINT('',(-0.0371568757256666,-0.00448835983504401,0.0108716812810941));
#4180=CARTESIAN_POINT('',(0.0209556602110903,-0.00506001700172506,0.0222413700891003));
#4181=CARTESIAN_POINT('',(0.0912849403214824,-0.00467172468559239,0.0242614932504804));
#4182=CARTESIAN_POINT('',(0.167807219518655,-0.0034472641745932,0.0184040639808968));
#4183=CARTESIAN_POINT('',(0.217240898373707,-0.00265625810019935,0.0146201427429697));
#4184=CARTESIAN_POINT('',(-0.0522766494633206,-0.0052950304170332,0.0051969682915402));
#4185=CARTESIAN_POINT('',(-0.0508630550036678,-0.00529462742681713,0.00571804431480111));
#4186=CARTESIAN_POINT('',(-0.0370685090673093,-0.005301456555724,0.0106275170885141));
#4187=CARTESIAN_POINT('',(0.0208800200792876,-0.00588602456497287,0.0221891823567017));
#4188=CARTESIAN_POINT('',(0.0913318604543171,-0.00549887230023483,0.0242235577495844));
#4189=CARTESIAN_POINT('',(0.167825628976857,-0.00405355563734889,0.0183891161789272));
#4190=CARTESIAN_POINT('',(0.217240889829354,-0.00311987566196733,0.0146200450805706));
#4191=CARTESIAN_POINT('',(-0.0522443257025624,-0.00556398317090747,0.00510868826417619));
#4192=CARTESIAN_POINT('',(-0.050830690712301,-0.0055635820280333,0.00562971731431579));
#4193=CARTESIAN_POINT('',(-0.0370368316133392,-0.00557037985162446,0.0105399861011523));
#4194=CARTESIAN_POINT('',(0.0208529047977364,-0.00615226815071716,0.0221697894603399));
#4195=CARTESIAN_POINT('',(0.0913486802668846,-0.00577097330020618,0.0242101983210149));
#4196=CARTESIAN_POINT('',(0.167832228339994,-0.00425268460162972,0.0183838516053306));
#4197=CARTESIAN_POINT('',(0.217240886743893,-0.00327186441799025,0.0146200098135932));
#4198=CARTESIAN_POINT('',(-0.052192557948595,-0.00596385599223145,0.00496731170479058));
#4199=CARTESIAN_POINT('',(-0.0507788580469947,-0.00596346604517245,0.0054882664171096));
#4200=CARTESIAN_POINT('',(-0.036986098944715,-0.00597007414290422,0.0103997949431137));
#4201=CARTESIAN_POINT('',(0.0208094786242286,-0.00653572205915477,0.0221374309742939));
#4202=CARTESIAN_POINT('',(0.0913756178538027,-0.00617279877490227,0.0241892575369073));
#4203=CARTESIAN_POINT('',(0.167842797451917,-0.00454618371560733,0.018375598407416));
#4204=CARTESIAN_POINT('',(0.217240881759688,-0.00349538429737795,0.0146199528438606));
#4205=CARTESIAN_POINT('',(-0.0521747550119265,-0.00609655421490627,0.00491869343050189));
#4206=CARTESIAN_POINT('',(-0.0507610327873242,-0.006096169403978,0.005439622717016));
#4207=CARTESIAN_POINT('',(-0.036968651973777,-0.00610269046411571,0.0103515821122879));
#4208=CARTESIAN_POINT('',(0.0207945443801843,-0.00666088803145877,0.0221261002105002));
#4209=CARTESIAN_POINT('',(0.0913848814647538,-0.00630568714058946,0.0241821243803304));
#4210=CARTESIAN_POINT('',(0.167846433057709,-0.00464314762101369,0.0183727981316333));
#4211=CARTESIAN_POINT('',(0.217240881653077,-0.00356914086694441,0.0146199516252929));
#4212=CARTESIAN_POINT('',(-0.0521380748899747,-0.00636068054699312,0.00481852575574221));
#4213=CARTESIAN_POINT('',(-0.0507243066722872,-0.00636030901685169,0.00533940296710282));
#4214=CARTESIAN_POINT('',(-0.0369327052640342,-0.00636660501890683,0.0102522448352534));
#4215=CARTESIAN_POINT('',(0.0207637746159167,-0.00690553779317323,0.0221023019108293));
#4216=CARTESIAN_POINT('',(0.091403968980098,-0.00656919959334979,0.0241676006879437));
#4217=CARTESIAN_POINT('',(0.167853918530063,-0.00483523966520581,0.0183670321419239));
#4218=CARTESIAN_POINT('',(0.21724087216222,-0.0037150950598088,0.0146198431443012));
#4219=CARTESIAN_POINT('',(-0.0521191977045412,-0.00649210865583009,0.00476697635698766));
#4220=CARTESIAN_POINT('',(-0.0507054058167521,-0.00649174527027475,0.00528782691920869));
#4221=CARTESIAN_POINT('',(-0.0369142055253708,-0.00649790325302797,0.0102011203874285));
#4222=CARTESIAN_POINT('',(0.0207479390690287,-0.00702502168469341,0.0220898340701725));
#4223=CARTESIAN_POINT('',(0.0914137931584831,-0.00669982263120026,0.024160213283878));
#4224=CARTESIAN_POINT('',(0.167857767332727,-0.00493037187806253,0.0183640542676163));
#4225=CARTESIAN_POINT('',(0.217240860849798,-0.00378730006684457,0.0146197138427264));
#4226=CARTESIAN_POINT('',(-0.0520609844560944,-0.00688436078689064,0.00460801307240615));
#4227=CARTESIAN_POINT('',(-0.0506471195741389,-0.00688402664700155,0.00512878195942851));
#4228=CARTESIAN_POINT('',(-0.0368571562521731,-0.00688968902857936,0.0100434595070576));
#4229=CARTESIAN_POINT('',(0.0206991047429179,-0.00737438439334501,0.0220506492876986));
#4230=CARTESIAN_POINT('',(0.0914440975978361,-0.00708804293578481,0.0241377864237282));
#4231=CARTESIAN_POINT('',(0.167869602238155,-0.00521293210358156,0.0183545824561099));
#4232=CARTESIAN_POINT('',(0.217240764367161,-0.00400160348570387,0.0146186110411464));
#4233=CARTESIAN_POINT('',(-0.0520200667009345,-0.00714315261366384,0.00449628409826131));
#4234=CARTESIAN_POINT('',(-0.0506061505110523,-0.00714284438676288,0.00501699623144467));
#4235=CARTESIAN_POINT('',(-0.0368170566604316,-0.00714806764319764,0.00993263553761537));
#4236=CARTESIAN_POINT('',(0.0206647782782485,-0.00759517424456747,0.0220221510853774));
#4237=CARTESIAN_POINT('',(0.0914654097630016,-0.00734199139355209,0.0241224823196916));
#4238=CARTESIAN_POINT('',(0.167877876838351,-0.00539752370319274,0.0183475503303273));
#4239=CARTESIAN_POINT('',(0.217240616651577,-0.00414139029527932,0.0146169226442856));
#4240=CARTESIAN_POINT('',(-0.0519556454088065,-0.00752676786759886,0.00432038684363322));
#4241=CARTESIAN_POINT('',(-0.0505416484365708,-0.00752650933131587,0.00484101081813266));
#4242=CARTESIAN_POINT('',(-0.0367539235350798,-0.00753089052354649,0.00975814407376618));
#4243=CARTESIAN_POINT('',(0.020610730445615,-0.00790591709799204,0.0219755405087275));
#4244=CARTESIAN_POINT('',(0.0914990043873793,-0.00771461948875846,0.0240994449703897));
#4245=CARTESIAN_POINT('',(0.167890746925387,-0.00566835833517472,0.0183349115635853));
#4246=CARTESIAN_POINT('',(0.217240098609898,-0.00434646596891125,0.0146110014008085));
#4247=CARTESIAN_POINT('',(-0.0519336642015325,-0.0076538776967666,0.00426037040927987));
#4248=CARTESIAN_POINT('',(-0.0505196396651017,-0.00765363754689247,0.004780964486739));
#4249=CARTESIAN_POINT('',(-0.0367323818703392,-0.00765770716045131,0.00969860438182435));
#4250=CARTESIAN_POINT('',(0.0205922881454656,-0.0080060628481149,0.0219593687513788));
#4251=CARTESIAN_POINT('',(0.0915104736582768,-0.00783742940095091,0.0240917804906955));
#4252=CARTESIAN_POINT('',(0.167895113318856,-0.00575762107107784,0.0183303612670694));
#4253=CARTESIAN_POINT('',(0.217239876517956,-0.00441405710333335,0.0146084628782852));
#4254=CARTESIAN_POINT('',(-0.0518887066880057,-0.00790648513516647,0.00413762526312494));
#4255=CARTESIAN_POINT('',(-0.0504746257742402,-0.00790628515373057,0.00465815876145722));
#4256=CARTESIAN_POINT('',(-0.0366883233577241,-0.00790967406728309,0.0095768252389504));
#4257=CARTESIAN_POINT('',(0.0205545670391675,-0.00819976237516572,0.0219254642470799));
#4258=CARTESIAN_POINT('',(0.0915339480869873,-0.00807994593615162,0.0240764425643713));
#4259=CARTESIAN_POINT('',(0.167903979033353,-0.00593399802242811,0.0183203725728894));
#4260=CARTESIAN_POINT('',(0.217239304948376,-0.00454770763589459,0.0146019298080975));
#4261=CARTESIAN_POINT('',(-0.051865730381753,-0.0080319827439416,0.00407489653826101));
#4262=CARTESIAN_POINT('',(-0.050451620654848,-0.00803180454447941,0.00459539935291627));
#4263=CARTESIAN_POINT('',(-0.0366658065098495,-0.00803482433764037,0.00951458580031786));
#4264=CARTESIAN_POINT('',(0.020535288233019,-0.00829331623324213,0.0219077338195342));
#4265=CARTESIAN_POINT('',(0.0915459532448003,-0.00819969132076848,0.0240687297466574));
#4266=CARTESIAN_POINT('',(0.16790847835438,-0.00602112745056501,0.018314918723336));
#4267=CARTESIAN_POINT('',(0.21723895547074,-0.00461376703403374,0.0145979352604332));
#4268=CARTESIAN_POINT('',(-0.0517484105717533,-0.00865521940208184,0.00375461122764274));
#4269=CARTESIAN_POINT('',(-0.0503341537181475,-0.00865515798881147,0.00427495920650146));
#4270=CARTESIAN_POINT('',(-0.0365508328029229,-0.00865619870673285,0.00919676952309816));
#4271=CARTESIAN_POINT('',(0.0204368434519714,-0.00874528333403825,0.0218145186609675));
#4272=CARTESIAN_POINT('',(0.091607303154585,-0.00879090484679528,0.0240290339308472));
#4273=CARTESIAN_POINT('',(0.167931257775033,-0.0064515041009487,0.0182844979929122));
#4274=CARTESIAN_POINT('',(0.217236818211006,-0.00494024246059078,0.0145735062698942));
#4275=CARTESIAN_POINT('',(-0.0516467522317975,-0.00914020429424085,0.00347712958299244));
#4276=CARTESIAN_POINT('',(-0.0502323678816219,-0.00914026151415827,0.00399734915749747));
#4277=CARTESIAN_POINT('',(-0.0364512075412094,-0.0091392918573861,0.00892133543233996));
#4278=CARTESIAN_POINT('',(0.0203515252261586,-0.00905629000800005,0.0217253448674308));
#4279=CARTESIAN_POINT('',(0.091660620268716,-0.00923983279703278,0.023993655751027));
#4280=CARTESIAN_POINT('',(0.167950386321192,-0.00677893985229312,0.0182500766640714));
#4281=CARTESIAN_POINT('',(0.217233860814257,-0.00518919379659258,0.0145397030703685));
#4282=CARTESIAN_POINT('',(-0.0513202693345371,-0.0105458656569846,0.00258626484970736));
#4283=CARTESIAN_POINT('',(-0.0499054754651855,-0.010546330871097,0.00310610684521499));
#4284=CARTESIAN_POINT('',(-0.0361312548943533,-0.0105384472872866,0.00803649162687706));
#4285=CARTESIAN_POINT('',(0.0200774391100181,-0.00986361877596568,0.0213882081626375));
#4286=CARTESIAN_POINT('',(0.0918326842617656,-0.0105164471218181,0.0238416183779097));
#4287=CARTESIAN_POINT('',(0.168008586058563,-0.00771160069923025,0.0180837659829955));
#4288=CARTESIAN_POINT('',(0.217218503816161,-0.00589965940910376,0.0143641717789131));
#4289=CARTESIAN_POINT('',(-0.0510739368998398,-0.011417248813836,0.00191446196173836));
#4290=CARTESIAN_POINT('',(-0.0496588339784154,-0.0114180554835873,0.00243406241666601));
#4291=CARTESIAN_POINT('',(-0.035889850647495,-0.0114043855444745,0.007368540378984));
#4292=CARTESIAN_POINT('',(0.0198705397809883,-0.0102342496160497,0.0210706299271976));
#4293=CARTESIAN_POINT('',(0.091963543791341,-0.0112739639704386,0.0236790563509561));
#4294=CARTESIAN_POINT('',(0.168048471348667,-0.00826717938772682,0.0178888299362069));
#4295=CARTESIAN_POINT('',(0.217199619406965,-0.00632478529011892,0.0141483219941052));
#4296=CARTESIAN_POINT('',(-0.0507365068890651,-0.0123960555347658,0.000995143316662759));
#4297=CARTESIAN_POINT('',(-0.0493209804573089,-0.0123972974548802,0.00151452537334879));
#4298=CARTESIAN_POINT('',(-0.0355591739920649,-0.01237625170187,0.00645270434300026));
#4299=CARTESIAN_POINT('',(0.0195868824359387,-0.0105747519633068,0.0204715971788141));
#4300=CARTESIAN_POINT('',(0.0921453095935628,-0.0121104411074174,0.0232825549207002));
#4301=CARTESIAN_POINT('',(0.168093348359376,-0.00888207640249222,0.017430773849971));
#4302=CARTESIAN_POINT('',(0.217156065745856,-0.00679654071635505,0.0136505013696502));
#4303=CARTESIAN_POINT('',(-0.0506675447923696,-0.012586254893099,0.000807300316109685));
#4304=CARTESIAN_POINT('',(-0.0492519317983195,-0.0125875842335743,0.00132664286824287));
#4305=CARTESIAN_POINT('',(-0.035491592229887,-0.0125650570428269,0.00626549128760572));
#4306=CARTESIAN_POINT('',(0.0195288989963792,-0.0106367474108428,0.0203416884868918));
#4307=CARTESIAN_POINT('',(0.0921825725166549,-0.0122721943198999,0.0231935891591865));
#4308=CARTESIAN_POINT('',(0.168102074857222,-0.00900106864085988,0.0173284431230793));
#4309=CARTESIAN_POINT('',(0.217146357606154,-0.00688790920535065,0.0135395368250869));
#4310=CARTESIAN_POINT('',(-0.0505268310044997,-0.0129552959212865,0.00042411260402687));
#4311=CARTESIAN_POINT('',(-0.049111041367139,-0.0129567994762513,0.000943386282141922));
#4312=CARTESIAN_POINT('',(-0.035353695221105,-0.0129313200222517,0.00588340185030737));
#4313=CARTESIAN_POINT('',(0.0194105614258733,-0.0107502990012094,0.020059506059892));
#4314=CARTESIAN_POINT('',(0.0922588657443904,-0.0125850256678189,0.0229934129707403));
#4315=CARTESIAN_POINT('',(0.168118870756426,-0.00923125456472474,0.0170996123546147));
#4316=CARTESIAN_POINT('',(0.217124718008373,-0.00706470587585831,0.0132921950906497));
#4317=CARTESIAN_POINT('',(-0.0504550794465815,-0.0131341522657925,0.000228768258615705));
#4318=CARTESIAN_POINT('',(-0.049039199728371,-0.0131357426332862,0.000748012567724553));
#4319=CARTESIAN_POINT('',(-0.0352833801050927,-0.0131087920419547,0.00568852582720166));
#4320=CARTESIAN_POINT('',(0.0193502074067108,-0.0108018428340032,0.0199072320176909));
#4321=CARTESIAN_POINT('',(0.0922978959796951,-0.0127361114390765,0.0228822027343142));
#4322=CARTESIAN_POINT('',(0.168126940130572,-0.00934245124703718,0.0169731123878093));
#4323=CARTESIAN_POINT('',(0.217112786550296,-0.00715013405737039,0.0131558179007758));
#4324=CARTESIAN_POINT('',(-0.0503454827310962,-0.0133938391791832,-6.95295247837751E-5));
#4325=CARTESIAN_POINT('',(-0.0489294654049602,-0.0133955583910012,0.000449679673805595));
#4326=CARTESIAN_POINT('',(-0.03517597770495,-0.0133664243856198,0.00539078792108623));
#4327=CARTESIAN_POINT('',(0.0192579990276125,-0.0108725766695299,0.0196604245948888));
#4328=CARTESIAN_POINT('',(0.0923577273076347,-0.0129550907297687,0.0226965198403722));
#4329=CARTESIAN_POINT('',(0.168138431725573,-0.00950354878282846,0.0167631882189165));
#4330=CARTESIAN_POINT('',(0.217093050496838,-0.0072738397627907,0.0129302337775072));
#4331=CARTESIAN_POINT('',(-0.050308622262833,-0.013478968549752,-0.000169842330130722));
#4332=CARTESIAN_POINT('',(-0.0488925586529468,-0.0134807304806,0.00034935665545046));
#4333=CARTESIAN_POINT('',(-0.0351398552838818,-0.0134508725525265,0.00529063797380495));
#4334=CARTESIAN_POINT('',(0.0192269833428541,-0.0108950576290949,0.0195750893940381));
#4335=CARTESIAN_POINT('',(0.0923778854127783,-0.0130268089323004,0.0226314809525078));
#4336=CARTESIAN_POINT('',(0.168142160179537,-0.00955629838014599,0.0166898511261714));
#4337=CARTESIAN_POINT('',(0.217086165334629,-0.00731433557012285,0.0128515360133414));
#4338=CARTESIAN_POINT('',(-0.0502342653029983,-0.0136463445316026,-0.000372170951123548));
#4339=CARTESIAN_POINT('',(-0.0488181083220847,-0.0136481912869548,0.000147010812935455));
#4340=CARTESIAN_POINT('',(-0.0350669872315887,-0.0136168959108975,0.00508858396962805));
#4341=CARTESIAN_POINT('',(0.0191644096066374,-0.0109380365819901,0.019398016519762));
#4342=CARTESIAN_POINT('',(0.0924186237051976,-0.0131677531299422,0.022494749942678));
#4343=CARTESIAN_POINT('',(0.16814939299822,-0.00965992290084737,0.016536110976982));
#4344=CARTESIAN_POINT('',(0.217071753491836,-0.00739385143979866,0.0126868078964447));
#4345=CARTESIAN_POINT('',(-0.0501967688112362,-0.0137285911428735,-0.000474186764590475));
#4346=CARTESIAN_POINT('',(-0.0487805647430222,-0.0137304800036986,4.4987991219847E-5));
#4347=CARTESIAN_POINT('',(-0.0350302416005433,-0.0136984711023721,0.00498667991068073));
#4348=CARTESIAN_POINT('',(0.0191328515213295,-0.0109585345772468,0.019306278459433));
#4349=CARTESIAN_POINT('',(0.0924392042402936,-0.0132369791052578,0.0224230617963171));
#4350=CARTESIAN_POINT('',(0.168152896012373,-0.00971079790109186,0.0164556924834957));
#4351=CARTESIAN_POINT('',(0.217064224363523,-0.00743287164144252,0.0126007495660295));
#4352=CARTESIAN_POINT('',(-0.0500833559606507,-0.0139709815008117,-0.000782702664071413));
#4353=CARTESIAN_POINT('',(-0.0486670094639286,-0.0139729955246602,-0.000263543798425488));
#4354=CARTESIAN_POINT('',(-0.0349190999349883,-0.0139388655931278,0.0046784173979972));
#4355=CARTESIAN_POINT('',(0.0190373897853865,-0.0110173705673706,0.0190210658407614));
#4356=CARTESIAN_POINT('',(0.0925015593951898,-0.0134410056445924,0.0221973604468154));
#4357=CARTESIAN_POINT('',(0.168163076720843,-0.00986064547832176,0.0162037571415355));
#4358=CARTESIAN_POINT('',(0.217040700184264,-0.00754771940631083,0.0123318669667231));
#4359=CARTESIAN_POINT('',(-0.0500065162266322,-0.0141267757716104,-0.000991671210358726));
#4360=CARTESIAN_POINT('',(-0.0485900732221081,-0.0141288716996146,-0.000472516092192149));
#4361=CARTESIAN_POINT('',(-0.0348437991279618,-0.0140933538087357,0.00446950860954288));
#4362=CARTESIAN_POINT('',(0.0189726986732674,-0.0110530505655367,0.0188175930565937));
#4363=CARTESIAN_POINT('',(0.0925439473741396,-0.0135721548328381,0.0220327081563022));
#4364=CARTESIAN_POINT('',(0.168169426820711,-0.00995684058971638,0.0160215688845435));
#4365=CARTESIAN_POINT('',(0.217023769679323,-0.00762133405319425,0.0121383504097325));
#4366=CARTESIAN_POINT('',(-0.0498895325170848,-0.0143516668784796,-0.00130971676164254));
#4367=CARTESIAN_POINT('',(-0.0484729425727932,-0.0143538824237019,-0.000790555688939091));
#4368=CARTESIAN_POINT('',(-0.034729158540623,-0.0143163374826122,0.00415136810637619));
#4369=CARTESIAN_POINT('',(0.0188741919336009,-0.0111025203516905,0.0184908150440579));
#4370=CARTESIAN_POINT('',(0.0926086718955426,-0.0137619238958568,0.0217617562033223));
#4371=CARTESIAN_POINT('',(0.168178350777734,-0.0100957153778611,0.0157268805845693));
#4372=CARTESIAN_POINT('',(0.216996646262843,-0.00772733094922608,0.0118283283407328));
#4373=CARTESIAN_POINT('',(-0.0498502505958158,-0.0144251638642145,-0.00141649740071262));
#4374=CARTESIAN_POINT('',(-0.048433611308591,-0.014427418742007,-0.000897332413870898));
#4375=CARTESIAN_POINT('',(-0.0346906634487103,-0.0143892072656485,0.00404452505190641));
#4376=CARTESIAN_POINT('',(0.0188411113417974,-0.0111183352452258,0.0183782942338321));
#4377=CARTESIAN_POINT('',(0.0926304371615067,-0.0138240211303047,0.0216674432994607));
#4378=CARTESIAN_POINT('',(0.168181225231279,-0.0101411039940849,0.0156250834988301));
#4379=CARTESIAN_POINT('',(0.216987317180838,-0.00776192573552114,0.0117216964454806));
#4380=CARTESIAN_POINT('',(-0.0497909120170227,-0.014533196599536,-0.00157777351876881));
#4381=CARTESIAN_POINT('',(-0.0483741981902732,-0.0145355095499017,-0.00105859960342938));
#4382=CARTESIAN_POINT('',(-0.0346325134876648,-0.0144963139675452,0.00388310655876955));
#4383=CARTESIAN_POINT('',(0.0187911360438136,-0.0111412032554774,0.0182039242745842));
#4384=CARTESIAN_POINT('',(0.0926633601661287,-0.0139154718068412,0.0215196435104979));
#4385=CARTESIAN_POINT('',(0.168185393409135,-0.0102078495775825,0.01546702903273));
#4386=CARTESIAN_POINT('',(0.216972909632949,-0.00781271173642165,0.011557017419557));
#4387=CARTESIAN_POINT('',(-0.0497710632079433,-0.014568838720763,-0.00163171641802937));
#4388=CARTESIAN_POINT('',(-0.0483543244471648,-0.0145711708742728,-0.00111253901697566));
#4389=CARTESIAN_POINT('',(-0.0346130622801202,-0.0145316498727344,0.00382910807581857));
#4390=CARTESIAN_POINT('',(0.0187744185427726,-0.0111486835372194,0.0181448694975166));
#4391=CARTESIAN_POINT('',(0.0926743803519487,-0.0139456728364975,0.0214693218419819));
#4392=CARTESIAN_POINT('',(0.168186758884678,-0.0102298752152754,0.0154134510711148));
#4393=CARTESIAN_POINT('',(0.216968038129506,-0.00782945604029814,0.0115013358804083));
#4394=CARTESIAN_POINT('',(-0.0497312295791948,-0.0146393832707153,-0.00173996343244884));
#4395=CARTESIAN_POINT('',(-0.0483144407785487,-0.0146417535023313,-0.00122077801364459));
#4396=CARTESIAN_POINT('',(-0.0345740265941427,-0.0146015872238481,0.00372073320922071));
#4397=CARTESIAN_POINT('',(0.01874086758853,-0.0111633856944733,0.018024864272939));
#4398=CARTESIAN_POINT('',(0.0926965106700525,-0.0140055170882152,0.0213665121849154));
#4399=CARTESIAN_POINT('',(0.168189443134233,-0.0102734835651983,0.0153045076422421));
#4400=CARTESIAN_POINT('',(0.216958160145974,-0.00786257593687562,0.0113884300119847));
#4401=CARTESIAN_POINT('',(-0.0497112447595257,-0.0146742856997396,-0.00179426754943605));
#4402=CARTESIAN_POINT('',(-0.0482944308530409,-0.014676674806354,-0.00127507759881815));
#4403=CARTESIAN_POINT('',(-0.0345544421157099,-0.0146361886694909,0.00366635682729537));
#4404=CARTESIAN_POINT('',(0.0187240341353283,-0.0111706075169029,0.0179639141500704));
#4405=CARTESIAN_POINT('',(0.0927076208023364,-0.0140351608557214,0.0213140208605279));
#4406=CARTESIAN_POINT('',(0.168190761908245,-0.0102950664914979,0.0152491408657757));
#4407=CARTESIAN_POINT('',(0.216953153665884,-0.00787895152957662,0.0113312056827098));
#4408=CARTESIAN_POINT('',(-0.0496109870223056,-0.0148469433006223,-0.00206667303687982));
#4409=CARTESIAN_POINT('',(-0.0481940471651829,-0.0148494259090242,-0.00154745771766169));
#4410=CARTESIAN_POINT('',(-0.0344561928050846,-0.0148073552777135,0.00339354680858285));
#4411=CARTESIAN_POINT('',(0.018639582450416,-0.0112061426591602,0.0176543050440934));
#4412=CARTESIAN_POINT('',(0.0927633919413448,-0.0141819404201284,0.021046392568275));
#4413=CARTESIAN_POINT('',(0.168197241856037,-0.0104018562675641,0.0149679860841104));
#4414=CARTESIAN_POINT('',(0.216927791319607,-0.00795990775265589,0.0110413127382418));
#4415=CARTESIAN_POINT('',(-0.0495297131881314,-0.0149791348123154,-0.00228742901696826));
#4416=CARTESIAN_POINT('',(-0.0481126712218759,-0.0149816894245497,-0.00176818472044837));
#4417=CARTESIAN_POINT('',(-0.0343765472175092,-0.0149383986061653,0.003172328752363));
#4418=CARTESIAN_POINT('',(0.0185711109619927,-0.0112327389434404,0.0173910532040954));
#4419=CARTESIAN_POINT('',(0.0928087143808371,-0.0142947549848394,0.0208157537530939));
#4420=CARTESIAN_POINT('',(0.168202061263008,-0.0104836872116132,0.0147292405472154));
#4421=CARTESIAN_POINT('',(0.21690644561593,-0.00802172316175703,0.0107973302287687));
#4422=CARTESIAN_POINT('',(-0.0492829340362591,-0.015357701807677,-0.00295749574781299));
#4423=CARTESIAN_POINT('',(-0.0478655820069996,-0.0153604620356618,-0.00243813493268278));
#4424=CARTESIAN_POINT('',(-0.0341347123739297,-0.0153136868238355,0.00250040399936267));
#4425=CARTESIAN_POINT('',(0.0183631757967372,-0.0113097658505493,0.0165501093301421));
#4426=CARTESIAN_POINT('',(0.0929466297630716,-0.0146175606912848,0.0200842382801481));
#4427=CARTESIAN_POINT('',(0.168215534561911,-0.0107176676360575,0.0139774660001568));
#4428=CARTESIAN_POINT('',(0.216839528863099,-0.00819832212147338,0.0100324682439847));
#4429=CARTESIAN_POINT('',(-0.0491144710692118,-0.0155860710964505,-0.00341461005641421));
#4430=CARTESIAN_POINT('',(-0.0476969073504751,-0.0155889547043533,-0.00289513269373372));
#4431=CARTESIAN_POINT('',(-0.0339696250370722,-0.0155400886790763,0.00204143120712504));
#4432=CARTESIAN_POINT('',(0.0182211914199199,-0.0113571957353845,0.0159220754373227));
#4433=CARTESIAN_POINT('',(0.093041170769571,-0.0148120619663353,0.0195432375205842));
#4434=CARTESIAN_POINT('',(0.168223203531832,-0.0108583628414989,0.0134286929787381));
#4435=CARTESIAN_POINT('',(0.216791078172148,-0.00830425840450151,0.00947867431230917));
#4436=CARTESIAN_POINT('',(-0.0485992138414306,-0.0161976460364213,-0.00481203367745661));
#4437=CARTESIAN_POINT('',(-0.0471810025939307,-0.0162008577498628,-0.00429211521239355));
#4438=CARTESIAN_POINT('',(-0.0334646933940638,-0.0161464316019591,0.000636973705422061));
#4439=CARTESIAN_POINT('',(0.0177868332614888,-0.0114875965784784,0.0138777653253826));
#4440=CARTESIAN_POINT('',(0.0933312378752993,-0.0153326144711074,0.0177919801915006));
#4441=CARTESIAN_POINT('',(0.168243140607748,-0.0112342490884227,0.0116680418382449));
#4442=CARTESIAN_POINT('',(0.216636510237458,-0.00858668970723567,0.00771195473447548));
#4443=CARTESIAN_POINT('',(-0.0482425512540581,-0.0165073187612688,-0.00577842368513651));
#4444=CARTESIAN_POINT('',(-0.0468238917069405,-0.0165106931661158,-0.00525808920550945));
#4445=CARTESIAN_POINT('',(-0.0331151794554769,-0.0164535100267616,-0.000336050129033356));
#4446=CARTESIAN_POINT('',(0.0174860544518963,-0.0115586787253254,0.0123012806727802));
#4447=CARTESIAN_POINT('',(0.0935332080607586,-0.0155957143804497,0.0164534685715896));
#4448=CARTESIAN_POINT('',(0.168252338879896,-0.0114232407605045,0.010341831642933));
#4449=CARTESIAN_POINT('',(0.216521177131883,-0.00872780718059146,0.00639369130551027));
#4450=CARTESIAN_POINT('',(-0.0475133759856581,-0.0169225401303118,-0.00775339878713024));
#4451=CARTESIAN_POINT('',(-0.0460937998495755,-0.0169261228002337,-0.00723212249614932));
#4452=CARTESIAN_POINT('',(-0.0324006202436866,-0.0168654103716149,-0.00232604348739956));
#4453=CARTESIAN_POINT('',(0.0168710315418993,-0.0116684747128592,0.00894511819599591));
#4454=CARTESIAN_POINT('',(0.0939471424280316,-0.015949544104045,0.0136035853702368));
#4455=CARTESIAN_POINT('',(0.16826718842298,-0.0116762970564733,0.00753619448315069));
#4456=CARTESIAN_POINT('',(0.216278216384398,-0.00891576346502539,0.00361663725423638));
#4457=CARTESIAN_POINT('',(-0.0471408592256941,-0.0170280741994429,-0.00876199508823006));
#4458=CARTESIAN_POINT('',(-0.0457208147951498,-0.0170317024247586,-0.00824019301451139));
#4459=CARTESIAN_POINT('',(-0.0320355709731041,-0.0169702180080264,-0.00334302399401917));
#4460=CARTESIAN_POINT('',(0.016556784019822,-0.0117072007800426,0.00716544977278335));
#4461=CARTESIAN_POINT('',(0.0941591087322828,-0.016040266334296,0.0120922079574462));
#4462=CARTESIAN_POINT('',(0.168272840526905,-0.0117403587038825,0.00605676523006265));
#4463=CARTESIAN_POINT('',(0.216150588742488,-0.00896260227610353,0.0021578466319277));
#4464=CARTESIAN_POINT('',(-0.0460152570046885,-0.0170265253205317,-0.0118099776920608));
#4465=CARTESIAN_POINT('',(-0.0445937975942866,-0.0170301071078423,-0.0112866346761373));
#4466=CARTESIAN_POINT('',(-0.0309325322200121,-0.0169694096360778,-0.00641557867907695));
#4467=CARTESIAN_POINT('',(0.0156072866926015,-0.0117737542721622,0.00185764102659808));
#4468=CARTESIAN_POINT('',(0.0947992002633313,-0.0160471745659211,0.00755255182427117));
#4469=CARTESIAN_POINT('',(0.168291430058209,-0.0117425782464016,0.00161616951400311));
#4470=CARTESIAN_POINT('',(0.2157676856551,-0.00896179290790596,-0.00221875568380045));
#4471=CARTESIAN_POINT('',(-0.0452544763309579,-0.0166025659664181,-0.0138705775920322));
#4472=CARTESIAN_POINT('',(-0.0438320605859874,-0.0166058742544578,-0.0133462545937039));
#4473=CARTESIAN_POINT('',(-0.0301870013918777,-0.0165498115398234,-0.00849180551636809));
#4474=CARTESIAN_POINT('',(0.0149655813731009,-0.0117508877043149,-0.00164012494628431));
#4475=CARTESIAN_POINT('',(0.0952313324880396,-0.0156987653764068,0.00451925919689611));
#4476=CARTESIAN_POINT('',(0.168305927855062,-0.0114910310533408,-0.00134710475188348));
#4477=CARTESIAN_POINT('',(0.215512390047965,-0.00877281892719825,-0.00513679782602199));
#4478=CARTESIAN_POINT('',(-0.0443651522423132,-0.0155834551557442,-0.0162840599759264));
#4479=CARTESIAN_POINT('',(-0.0429416189599049,-0.015586193169542,-0.015759164872601));
#4480=CARTESIAN_POINT('',(-0.0293154977124661,-0.0155397944024546,-0.0109144107670488));
#4481=CARTESIAN_POINT('',(0.014216011862124,-0.0115680967997571,-0.00489261207978919));
#4482=CARTESIAN_POINT('',(0.0957306994386325,-0.0148409458451917,0.00159672046143876));
#4483=CARTESIAN_POINT('',(0.168345323442331,-0.0108679414618264,-0.00428393884948675));
#4484=CARTESIAN_POINT('',(0.215254642412431,-0.00830136575554183,-0.00808286678109229));
#4485=CARTESIAN_POINT('',(-0.0441903700122601,-0.0153551749127079,-0.0167586430781517));
#4486=CARTESIAN_POINT('',(-0.042766617116403,-0.0153577874516497,-0.0162336661974773));
#4487=CARTESIAN_POINT('',(-0.0291442174693715,-0.0153135149991283,-0.0113902979023882));
#4488=CARTESIAN_POINT('',(0.0140687260668486,-0.0115238282341082,-0.00548712348986025));
#4489=CARTESIAN_POINT('',(0.0958285329122365,-0.0146482665367326,0.00105566656678536));
#4490=CARTESIAN_POINT('',(0.168354266226846,-0.0107278907635141,-0.00483294273226967));
#4491=CARTESIAN_POINT('',(0.215206161478993,-0.00819531333642195,-0.00863700638597104));
#4492=CARTESIAN_POINT('',(-0.043976911486552,-0.0150398691459446,-0.0173386359898846));
#4493=CARTESIAN_POINT('',(-0.0425528904125117,-0.0150423117346755,-0.0168136069691575));
#4494=CARTESIAN_POINT('',(-0.0289350353507072,-0.0150009192823419,-0.0119711222467386));
#4495=CARTESIAN_POINT('',(0.0138888953003901,-0.0114577582454766,-0.00614358095285629));
#4496=CARTESIAN_POINT('',(0.0959475318273174,-0.0143813194031114,0.000447379733630803));
#4497=CARTESIAN_POINT('',(0.168367065578365,-0.0105336556032667,-0.00545919930330949));
#4498=CARTESIAN_POINT('',(0.215150355514847,-0.00804805038320223,-0.0092748714749621));
#4499=CARTESIAN_POINT('',(-0.0439344707445033,-0.0149753102194435,-0.0174539727739287));
#4500=CARTESIAN_POINT('',(-0.0425103963517578,-0.0149777181628002,-0.0169289358292728));
#4501=CARTESIAN_POINT('',(-0.0288934448362345,-0.0149369128158532,-0.0120865853868675));
#4502=CARTESIAN_POINT('',(0.0138531429709801,-0.0114440075336717,-0.00627053835547587));
#4503=CARTESIAN_POINT('',(0.0959711669639873,-0.0143266250764848,0.000329123893758007));
#4504=CARTESIAN_POINT('',(0.168369706492213,-0.0104938499818494,-0.00558145070339551));
#4505=CARTESIAN_POINT('',(0.215139434082151,-0.0080178629210923,-0.00939970402190494));
#4506=CARTESIAN_POINT('',(-0.0438501203372732,-0.0148432122485986,-0.0176832453892158));
#4507=CARTESIAN_POINT('',(-0.042425939977757,-0.014845549619752,-0.0171581978367922));
#4508=CARTESIAN_POINT('',(-0.0288107841900399,-0.0148059401992927,-0.0123160271551097));
#4509=CARTESIAN_POINT('',(0.0137820907435235,-0.0114154052743888,-0.00651536749878559));
#4510=CARTESIAN_POINT('',(0.0960180893688529,-0.0142146340297949,9.97580980189851E-5));
#4511=CARTESIAN_POINT('',(0.168375157689171,-0.0104123245399704,-0.00581965256003577));
#4512=CARTESIAN_POINT('',(0.215118094723537,-0.00795601837398208,-0.00964361400696894));
#4513=CARTESIAN_POINT('',(-0.0438082106720919,-0.0147756731499383,-0.0177971815055274));
#4514=CARTESIAN_POINT('',(-0.0423839776645103,-0.0147779745876489,-0.0172721313039751));
#4515=CARTESIAN_POINT('',(-0.0287697140583181,-0.0147389741003655,-0.0124300055148005));
#4516=CARTESIAN_POINT('',(0.0137467908454768,-0.0114005633715734,-0.00663318862148763));
#4517=CARTESIAN_POINT('',(0.0960413766370484,-0.0141573313272215,-1.13832557959371E-5));
#4518=CARTESIAN_POINT('',(0.168377967972283,-0.0103706023715652,-0.00593561533927911));
#4519=CARTESIAN_POINT('',(0.215107676797619,-0.0079243612889818,-0.00976269144509009));
#4520=CARTESIAN_POINT('',(-0.0437249515692782,-0.0146376310525602,-0.0180235712865119));
#4521=CARTESIAN_POINT('',(-0.0423006139729825,-0.0146398594672491,-0.0174985207543102));
#4522=CARTESIAN_POINT('',(-0.0286881227418557,-0.0146020964383688,-0.0126564005683674));
#4523=CARTESIAN_POINT('',(0.0136766682643462,-0.0113696111658205,-0.00686006330724532));
#4524=CARTESIAN_POINT('',(0.0960875847291831,-0.0140402178732735,-0.000225720971674232));
#4525=CARTESIAN_POINT('',(0.168383765189945,-0.0102852809358868,-0.00616075976473933));
#4526=CARTESIAN_POINT('',(0.215087368439078,-0.00785957761613255,-0.00999481704539975));
#4527=CARTESIAN_POINT('',(-0.0436836021316458,-0.0145671280641571,-0.0181360248970512));
#4528=CARTESIAN_POINT('',(-0.0422592125947016,-0.0145693193905227,-0.0176109766767374));
#4529=CARTESIAN_POINT('',(-0.0286476015571152,-0.0145321848655869,-0.0127688173132157));
#4530=CARTESIAN_POINT('',(0.0136418455812624,-0.0113534990313987,-0.00696912648246229));
#4531=CARTESIAN_POINT('',(0.0961105055531222,-0.0139804082579545,-0.000328911371387868));
#4532=CARTESIAN_POINT('',(0.168386752124497,-0.0102416821144791,-0.00626993907092493));
#4533=CARTESIAN_POINT('',(0.215077478006454,-0.00782645102828357,-0.0101078652075883));
#4534=CARTESIAN_POINT('',(-0.0436014926346116,-0.0144231746001456,-0.0183593671438882));
#4535=CARTESIAN_POINT('',(-0.0421769999605639,-0.0144252907427979,-0.0178343281178224));
#4536=CARTESIAN_POINT('',(-0.0285671366988459,-0.0143894302916459,-0.0129920129472811));
#4537=CARTESIAN_POINT('',(0.0135727022136572,-0.011319804161201,-0.00717898515942466));
#4538=CARTESIAN_POINT('',(0.0961559621809619,-0.0138583968080808,-0.000526435312168684));
#4539=CARTESIAN_POINT('',(0.168392909927216,-0.0101526529051192,-0.00648099210642063));
#4540=CARTESIAN_POINT('',(0.215058248621014,-0.00775872846977858,-0.0103276580889217));
#4541=CARTESIAN_POINT('',(-0.0435607325752098,-0.0143497241301566,-0.0184702557329579));
#4542=CARTESIAN_POINT('',(-0.0421361887047072,-0.0143518021781031,-0.0179452235835016));
#4543=CARTESIAN_POINT('',(-0.0285271930253172,-0.0143165872851955,-0.0131027918809681));
#4544=CARTESIAN_POINT('',(0.0135383815291358,-0.0113022204276212,-0.00727978904715356));
#4545=CARTESIAN_POINT('',(0.0961784979848625,-0.0137962052264022,-0.000620682683533104));
#4546=CARTESIAN_POINT('',(0.168396080795384,-0.0101072265410924,-0.00658283201688263));
#4547=CARTESIAN_POINT('',(0.215048909668198,-0.00772413249912255,-0.0104344028080666));
#4548=CARTESIAN_POINT('',(-0.0434393801903725,-0.0141249759725839,-0.0188004513008786));
#4549=CARTESIAN_POINT('',(-0.0420146839019615,-0.014126938432849,-0.0182754461686133));
#4550=CARTESIAN_POINT('',(-0.0284082711178944,-0.0140936823050552,-0.0134325566289591));
#4551=CARTESIAN_POINT('',(0.013436209648815,-0.0112469841851525,-0.00757036330132927));
#4552=CARTESIAN_POINT('',(0.0962455000028337,-0.0136060206698173,-0.000890401727008832));
#4553=CARTESIAN_POINT('',(0.168405880223576,-0.00996819177731898,-0.00687724644691334));
#4554=CARTESIAN_POINT('',(0.215021756009231,-0.00761814069300638,-0.0107447705502695));
#4555=CARTESIAN_POINT('',(-0.0433597156583053,-0.0139692815320885,-0.0190172881250347));
#4556=CARTESIAN_POINT('',(-0.0419349193198969,-0.0139711651951678,-0.0184923095261432));
#4557=CARTESIAN_POINT('',(-0.0283302019971638,-0.0139392443755728,-0.0136489703482029));
#4558=CARTESIAN_POINT('',(0.0133691486262588,-0.0112068475766889,-0.00774828834048001));
#4559=CARTESIAN_POINT('',(0.0962893608231735,-0.0134744082023033,-0.00105293169239703));
#4560=CARTESIAN_POINT('',(0.16841279560729,-0.00987182390637403,-0.00705874759784908));
#4561=CARTESIAN_POINT('',(0.215004804502562,-0.00754454096339813,-0.0109385271580957));
#4562=CARTESIAN_POINT('',(-0.0432422493510303,-0.0137270441820398,-0.0193371130775383));
#4563=CARTESIAN_POINT('',(-0.0418173055012001,-0.0137288078549043,-0.0188121853099142));
#4564=CARTESIAN_POINT('',(-0.0282150879277775,-0.0136989204063732,-0.0139679847381646));
#4565=CARTESIAN_POINT('',(0.0132702861405088,-0.0111405785552189,-0.00799356810467086));
#4566=CARTESIAN_POINT('',(0.0963538298115296,-0.0132694524056764,-0.00127367534556226));
#4567=CARTESIAN_POINT('',(0.168423786023295,-0.00972163659645374,-0.00730896471097676));
#4568=CARTESIAN_POINT('',(0.21498124756061,-0.00742973430093943,-0.0112077842367055));
#4569=CARTESIAN_POINT('',(-0.043203432330447,-0.0136448491171366,-0.019442816348179));
#4570=CARTESIAN_POINT('',(-0.0417784397374098,-0.0136465724941899,-0.0189179073628972));
#4571=CARTESIAN_POINT('',(-0.0281770481732317,-0.0136173679041466,-0.0140733885029315));
#4572=CARTESIAN_POINT('',(0.0132376201599207,-0.0111174781970769,-0.00807172665099279));
#4573=CARTESIAN_POINT('',(0.0963750990323127,-0.0131998776193387,-0.00134341546158603));
#4574=CARTESIAN_POINT('',(0.168427552650615,-0.00967063492826696,-0.00738869494805118));
#4575=CARTESIAN_POINT('',(0.214973707447023,-0.00739073093661452,-0.0112939681293809));
#4576=CARTESIAN_POINT('',(-0.0431265042700748,-0.0134775767265508,-0.0196523311343507));
#4577=CARTESIAN_POINT('',(-0.0417014150819055,-0.0134792190494478,-0.0191274630986523));
#4578=CARTESIAN_POINT('',(-0.0281016604324271,-0.0134513880145417,-0.0142822503012844));
#4579=CARTESIAN_POINT('',(0.01317288930283,-0.0110690735360378,-0.00822118795899502));
#4580=CARTESIAN_POINT('',(0.0964171784474231,-0.0130581652110618,-0.00147568733731897));
#4581=CARTESIAN_POINT('',(0.168435297815461,-0.00956673326455988,-0.00754084506819397));
#4582=CARTESIAN_POINT('',(0.214959272557655,-0.00731125515546015,-0.0114589596698351));
#4583=CARTESIAN_POINT('',(-0.0430883932300678,-0.0133924994008839,-0.0197561426473907));
#4584=CARTESIAN_POINT('',(-0.041663256189947,-0.0133941009654378,-0.0192312967786301));
#4585=CARTESIAN_POINT('',(-0.0280643124463734,-0.0133669606271487,-0.0143857083372159));
#4586=CARTESIAN_POINT('',(0.0131408243876303,-0.0110437692303633,-0.0082924911629843));
#4587=CARTESIAN_POINT('',(0.0964379890393796,-0.0129860276176612,-0.00153821455210686));
#4588=CARTESIAN_POINT('',(0.16843927480902,-0.00951383315822561,-0.00761328259892885));
#4589=CARTESIAN_POINT('',(0.214952374983624,-0.0072707825377944,-0.0115377993017752));
#4590=CARTESIAN_POINT('',(-0.0429751628004836,-0.0131329684866664,-0.020064616988372));
#4591=CARTESIAN_POINT('',(-0.0415498835957712,-0.013134447285865,-0.019539842250425));
#4592=CARTESIAN_POINT('',(-0.0279533489933696,-0.0131093873465611,-0.0146930484162344));
#4593=CARTESIAN_POINT('',(0.0130455672701779,-0.0109642764502007,-0.00849665057792299));
#4594=CARTESIAN_POINT('',(0.0964997167771636,-0.012765695733871,-0.0017155605264231));
#4595=CARTESIAN_POINT('',(0.16845148656464,-0.00935225228697037,-0.00782021048103694));
#4596=CARTESIAN_POINT('',(0.214932599229384,-0.00714715504059617,-0.0117638372070693));
#4597=CARTESIAN_POINT('',(-0.0429011461013429,-0.0129542159608993,-0.0202663196181743));
#4598=CARTESIAN_POINT('',(-0.0414757739752538,-0.0129556122627597,-0.0197415984741035));
#4599=CARTESIAN_POINT('',(-0.0278808140315768,-0.012931950334958,-0.0148938964305451));
#4600=CARTESIAN_POINT('',(0.012983312696072,-0.0109065081125737,-0.00861975659184314));
#4601=CARTESIAN_POINT('',(0.0965399298849058,-0.0126135823398926,-0.00182014361590411));
#4602=CARTESIAN_POINT('',(0.168460002101651,-0.00924069096979697,-0.00794431612231366));
#4603=CARTESIAN_POINT('',(0.214920638017028,-0.00706179051686272,-0.011900554489897));
#4604=CARTESIAN_POINT('',(-0.042756286383687,-0.012585377497618,-0.020661177373401));
#4605=CARTESIAN_POINT('',(-0.0413307324151193,-0.0125866085824329,-0.0201365733827487));
#4606=CARTESIAN_POINT('',(-0.0277388539996724,-0.0125657464459318,-0.015286886040876));
#4607=CARTESIAN_POINT('',(0.0128614963595041,-0.0107799641346884,-0.00884280624363798));
#4608=CARTESIAN_POINT('',(0.0966183896452862,-0.0122985049514195,-0.0020051640037453));
#4609=CARTESIAN_POINT('',(0.168477608797103,-0.00900971230912228,-0.00816765019347946));
#4610=CARTESIAN_POINT('',(0.214898933404707,-0.00688513994920516,-0.0121486393439341));
#4611=CARTESIAN_POINT('',(-0.0426854463191653,-0.0123952767799948,-0.0208543243827948));
#4612=CARTESIAN_POINT('',(-0.0412598034331997,-0.0123964251265697,-0.0203297839415081));
#4613=CARTESIAN_POINT('',(-0.0276694318244898,-0.012376965083925,-0.015479019683144));
#4614=CARTESIAN_POINT('',(0.0128019370750409,-0.0107112008929311,-0.00894275668975845));
#4615=CARTESIAN_POINT('',(0.0966566347608409,-0.0121355332662298,-0.00208559707900299));
#4616=CARTESIAN_POINT('',(0.168486699352289,-0.0088902919472696,-0.0082668769659361));
#4617=CARTESIAN_POINT('',(0.214889190004742,-0.00679385390528105,-0.0122600069151434));
#4618=CARTESIAN_POINT('',(-0.0423397282875114,-0.0114169400471843,-0.02179715229138));
#4619=CARTESIAN_POINT('',(-0.040913651497153,-0.0114176770781494,-0.0212729486786166));
#4620=CARTESIAN_POINT('',(-0.0273306328933392,-0.0114051872477062,-0.0164164764767015));
#4621=CARTESIAN_POINT('',(0.0125113246284322,-0.010336067683907,-0.00939161804984396));
#4622=CARTESIAN_POINT('',(0.0968427397803579,-0.011292639907336,-0.00243532111184349));
#4623=CARTESIAN_POINT('',(0.168533165517846,-0.00827314928975242,-0.00870787572147646));
#4624=CARTESIAN_POINT('',(0.214845448947843,-0.0063225470460469,-0.0127599694832736));
#4625=CARTESIAN_POINT('',(-0.042090165544959,-0.0105458632912828,-0.0224784734761044));
#4626=CARTESIAN_POINT('',(-0.040663775650323,-0.0105462796975794,-0.021954600841119));
#4627=CARTESIAN_POINT('',(-0.0270860629556543,-0.0105392232178843,-0.0170925198432051));
#4628=CARTESIAN_POINT('',(0.0123017129584047,-0.0099351941617754,-0.00958755293457654));
#4629=CARTESIAN_POINT('',(0.0969753065115359,-0.0105289561798853,-0.0025474762467369));
#4630=CARTESIAN_POINT('',(0.168573608181938,-0.00771543896579562,-0.00888431624980727));
#4631=CARTESIAN_POINT('',(0.214826379119693,-0.00589789631189612,-0.0129779386164447));
#4632=CARTESIAN_POINT('',(-0.0417620088699429,-0.00914052815883553,-0.0233748413045561));
#4633=CARTESIAN_POINT('',(-0.0403352073547616,-0.00914056300405175,-0.0228514621454517));
#4634=CARTESIAN_POINT('',(-0.0267644700397729,-0.00913997251211468,-0.0179810186358207));
#4635=CARTESIAN_POINT('',(0.0120262189150472,-0.00908942687139935,-0.00976022736752595));
#4636=CARTESIAN_POINT('',(0.0971482812314184,-0.0092445709268307,-0.00262333553510189));
#4637=CARTESIAN_POINT('',(0.168631995175469,-0.00678014330161679,-0.00902267458135703));
#4638=CARTESIAN_POINT('',(0.214810742012993,-0.0051881138290963,-0.0131566715638836));
#4639=CARTESIAN_POINT('',(-0.041660321218073,-0.00865562978158727,-0.0236526949226008));
#4640=CARTESIAN_POINT('',(-0.0402333921686885,-0.00865555400243042,-0.0231294797569924));
#4641=CARTESIAN_POINT('',(-0.0266648160662534,-0.00865683816668536,-0.0182562571905025));
#4642=CARTESIAN_POINT('',(0.0119408748108753,-0.00876676160674417,-0.00979758086281753));
#4643=CARTESIAN_POINT('',(0.0972016269085652,-0.00879329923216611,-0.00263322639556101));
#4644=CARTESIAN_POINT('',(0.168651078006212,-0.00645192305051659,-0.0090477436150492));
#4645=CARTESIAN_POINT('',(0.214807690916681,-0.00493938527123408,-0.0131915457543102));
#4646=CARTESIAN_POINT('',(-0.0415434246524316,-0.00803247046197427,-0.0239721546396683));
#4647=CARTESIAN_POINT('',(-0.040116349005997,-0.00803228614048007,-0.0234491339195968));
#4648=CARTESIAN_POINT('',(-0.0265502571578004,-0.00803540967845699,-0.018572616251677));
#4649=CARTESIAN_POINT('',(0.0118427835300522,-0.008302782047887,-0.00983188185928151));
#4650=CARTESIAN_POINT('',(0.0972627725254155,-0.00819977988205071,-0.00264291454354567));
#4651=CARTESIAN_POINT('',(0.168673709085756,-0.0060207939618688,-0.00906716640000951));
#4652=CARTESIAN_POINT('',(0.21480544146093,-0.00461316089947133,-0.0132172571512026));
#4653=CARTESIAN_POINT('',(-0.0415205559892631,-0.00790698678064903,-0.0240346537178074));
#4654=CARTESIAN_POINT('',(-0.0400934516644537,-0.00790678223759381,-0.0235116713595266));
#4655=CARTESIAN_POINT('',(-0.0265278458040321,-0.00791024845298923,-0.018634503607303));
#4656=CARTESIAN_POINT('',(0.0118235947163571,-0.0082069537372136,-0.0098381225149418));
#4657=CARTESIAN_POINT('',(0.0972747248248064,-0.00807960452543843,-0.00264471840176311));
#4658=CARTESIAN_POINT('',(0.16867817417872,-0.00593352545540063,-0.00907045528164382));
#4659=CARTESIAN_POINT('',(0.214805069790511,-0.00454715034139703,-0.013221505363524));
#4660=CARTESIAN_POINT('',(-0.0414758547282485,-0.00765440404115133,-0.0241568239502153));
#4661=CARTESIAN_POINT('',(-0.0400486943470073,-0.00765416225465726,-0.0236339170128014));
#4662=CARTESIAN_POINT('',(-0.0264840384267667,-0.00765825960260807,-0.0187554711679555));
#4663=CARTESIAN_POINT('',(0.0117860879687781,-0.00800898933219118,-0.00984968636246306));
#4664=CARTESIAN_POINT('',(0.0972980721312282,-0.00783629832314635,-0.00264847280128052));
#4665=CARTESIAN_POINT('',(0.168686963416677,-0.00575689594029604,-0.00907620168183552));
#4666=CARTESIAN_POINT('',(0.214804454461736,-0.00441359421584809,-0.0132285386036092));
#4667=CARTESIAN_POINT('',(-0.0414540221304024,-0.00752730498333812,-0.0242164951183194));
#4668=CARTESIAN_POINT('',(-0.0400268343711042,-0.00752704617500995,-0.0236936252416662));
#4669=CARTESIAN_POINT('',(-0.0264626424032696,-0.00753143197735638,-0.0188145513599545));
#4670=CARTESIAN_POINT('',(0.0117677700348942,-0.00790685317405242,-0.00985500709767382));
#4671=CARTESIAN_POINT('',(0.0973094671382592,-0.00771313128120587,-0.00265046818992483));
#4672=CARTESIAN_POINT('',(0.16869128756167,-0.00566752072578678,-0.00907867680153901));
#4673=CARTESIAN_POINT('',(0.214804210803379,-0.00434604864837345,-0.013231323631373));
#4674=CARTESIAN_POINT('',(-0.0413901005829517,-0.00714371719237838,-0.0243912032830259));
#4675=CARTESIAN_POINT('',(-0.0399628326673305,-0.00714341246428287,-0.0238684422425144));
#4676=CARTESIAN_POINT('',(-0.0263999990398249,-0.00714857642946814,-0.0189875240082317));
#4677=CARTESIAN_POINT('',(0.0117141405452666,-0.00759060774698332,-0.0098701046310522));
#4678=CARTESIAN_POINT('',(0.0973428107542095,-0.00733952447810871,-0.0026568716124702));
#4679=CARTESIAN_POINT('',(0.168704020521564,-0.00539638156546378,-0.00908522864916853));
#4680=CARTESIAN_POINT('',(0.214803629202297,-0.00414110396891374,-0.0132379713621625));
#4681=CARTESIAN_POINT('',(-0.0413495878794347,-0.00688493725041387,-0.0245019352046741));
#4682=CARTESIAN_POINT('',(-0.0399222691633954,-0.00688460869812347,-0.0239792436256271));
#4683=CARTESIAN_POINT('',(-0.0263602964069237,-0.00689017639146776,-0.0190971482875925));
#4684=CARTESIAN_POINT('',(0.0116801533015473,-0.00736676651866402,-0.00987896976437269));
#4685=CARTESIAN_POINT('',(0.0973639179579865,-0.00708504283479698,-0.00266157191361316));
#4686=CARTESIAN_POINT('',(0.168712189861384,-0.00521162914039622,-0.00908838281128945));
#4687=CARTESIAN_POINT('',(0.21480344063356,-0.00400139687989289,-0.0132401267126866));
#4688=CARTESIAN_POINT('',(-0.0412920599087512,-0.00649269438179148,-0.0246591792109025));
#4689=CARTESIAN_POINT('',(-0.0398646690572651,-0.00649233915025737,-0.0241365868563678));
#4690=CARTESIAN_POINT('',(-0.0263039187182246,-0.00649835895381969,-0.0192528100457846));
#4691=CARTESIAN_POINT('',(0.0116318930292482,-0.00701364935651585,-0.00989069880818818));
#4692=CARTESIAN_POINT('',(0.0973938740869574,-0.00669618243361608,-0.00266886567130185));
#4693=CARTESIAN_POINT('',(0.168723852708444,-0.00492888147588535,-0.00909231950518787));
#4694=CARTESIAN_POINT('',(0.214803285952017,-0.00378719844054898,-0.0132418947308079));
#4695=CARTESIAN_POINT('',(-0.0412734240992886,-0.00636126793297142,-0.0247101182336046));
#4696=CARTESIAN_POINT('',(-0.0398460098801837,-0.00636090531786417,-0.02418755812596));
#4697=CARTESIAN_POINT('',(-0.0262856555321003,-0.00636705024449574,-0.0193032348550404));
#4698=CARTESIAN_POINT('',(0.0116162597040286,-0.00689305108252161,-0.00989434704676581));
#4699=CARTESIAN_POINT('',(0.0974035753504986,-0.00656537264385356,-0.00267133747486045));
#4700=CARTESIAN_POINT('',(0.168727641797019,-0.00483369574989681,-0.00909349931160686));
#4701=CARTESIAN_POINT('',(0.21480325575343,-0.00371502599313225,-0.0132422399022376));
#4702=CARTESIAN_POINT('',(-0.0412372476072969,-0.0060971422444913,-0.0248090043879261));
#4703=CARTESIAN_POINT('',(-0.0398097880262618,-0.00609676769351626,-0.0242865070642103));
#4704=CARTESIAN_POINT('',(-0.026250202387829,-0.00610311488704288,-0.0194011198480001));
#4705=CARTESIAN_POINT('',(0.0115859119128877,-0.00664642961060014,-0.00990115916807138));
#4706=CARTESIAN_POINT('',(0.0974224060076143,-0.00630153670653363,-0.00267629489676991));
#4707=CARTESIAN_POINT('',(0.168735004217864,-0.004641513030678,-0.00909576508387804));
#4708=CARTESIAN_POINT('',(0.214803209650708,-0.00356913152107104,-0.0132427668587651));
#4709=CARTESIAN_POINT('',(-0.0412197069246182,-0.00596444300541113,-0.0248569515178371));
#4710=CARTESIAN_POINT('',(-0.0397922253492537,-0.00596406390221205,-0.0243344847309519));
#4711=CARTESIAN_POINT('',(-0.0262330124298228,-0.00597048823836792,-0.0194485800333126));
#4712=CARTESIAN_POINT('',(0.0115711974204263,-0.00652040630970506,-0.00990432335415419));
#4713=CARTESIAN_POINT('',(0.0974315356739004,-0.00616851161701654,-0.0026787773980149));
#4714=CARTESIAN_POINT('',(0.168738576491211,-0.00454451192913836,-0.00909686315327203));
#4715=CARTESIAN_POINT('',(0.214803191827409,-0.00349540205063594,-0.0132429705800001));
#4716=CARTESIAN_POINT('',(-0.0411687497165189,-0.00556456338793102,-0.0249962441888163));
#4717=CARTESIAN_POINT('',(-0.0397412042456729,-0.00556417459269424,-0.0244738663687046));
#4718=CARTESIAN_POINT('',(-0.0261830741080611,-0.00557076317148472,-0.019586454027602));
#4719=CARTESIAN_POINT('',(0.0115284504786502,-0.00613474028186795,-0.00991314426567591));
#4720=CARTESIAN_POINT('',(0.0974580587876234,-0.00576634610325201,-0.00268617456652973));
#4721=CARTESIAN_POINT('',(0.168748951772058,-0.00425092370903074,-0.00910015711774927));
#4722=CARTESIAN_POINT('',(0.214803135547763,-0.00327195516873594,-0.013243613859307));
#4723=CARTESIAN_POINT('',(-0.0411369980315353,-0.00529560110734966,-0.0250830410168517));
#4724=CARTESIAN_POINT('',(-0.0397094127471052,-0.00529521113669723,-0.0245607189836611));
#4725=CARTESIAN_POINT('',(-0.0261519572960915,-0.00530181963424654,-0.019672361269544));
#4726=CARTESIAN_POINT('',(0.0115018146538127,-0.00586750177456178,-0.00991812832860441));
#4727=CARTESIAN_POINT('',(0.0974745854367508,-0.00549411189094352,-0.00269104933620784));
#4728=CARTESIAN_POINT('',(0.168755416786168,-0.0040517654316472,-0.00910231224042062));
#4729=CARTESIAN_POINT('',(0.214803100707981,-0.00312000421890474,-0.0132440120798298));
#4730=CARTESIAN_POINT('',(-0.0410485795492351,-0.00448260488836235,-0.0253247497587784));
#4731=CARTESIAN_POINT('',(-0.0396208833964678,-0.00448222498388742,-0.0248025839030657));
#4732=CARTESIAN_POINT('',(-0.0260653067358973,-0.00448866289857651,-0.019911579583433));
#4733=CARTESIAN_POINT('',(0.0114276422446056,-0.00503974328157125,-0.00993079931286359));
#4734=CARTESIAN_POINT('',(0.0975206068937318,-0.00466680501738785,-0.00270525027142568));
#4735=CARTESIAN_POINT('',(0.168773420119529,-0.00344546340641897,-0.00910855561737476));
#4736=CARTESIAN_POINT('',(0.214803004228587,-0.00265647215312163,-0.0132451148443531));
#4737=CARTESIAN_POINT('',(-0.040998749324569,-0.00393246157271316,-0.0254609799304904));
#4738=CARTESIAN_POINT('',(-0.0395709906894635,-0.00393210650225577,-0.0249389032820491));
#4739=CARTESIAN_POINT('',(-0.0260164728633876,-0.00393812357618913,-0.0200463872434428));
#4740=CARTESIAN_POINT('',(0.011385840725541,-0.00445318032481481,-0.00993620502966805));
#4741=CARTESIAN_POINT('',(0.097546543211184,-0.00410112811951057,-0.00271415306314885));
#4742=CARTESIAN_POINT('',(0.168783566729813,-0.00302949246549671,-0.0091124218805976));
#4743=CARTESIAN_POINT('',(0.214802950628923,-0.0023372118208802,-0.0132457274913083));
#4744=CARTESIAN_POINT('',(-0.0408780226323938,-0.00226573995311721,-0.0257910484022921));
#4745=CARTESIAN_POINT('',(-0.0394501126175688,-0.0022654956311776,-0.0252691897585115));
#4746=CARTESIAN_POINT('',(-0.0258981600935214,-0.00226963594514521,-0.0203729793822477));
#4747=CARTESIAN_POINT('',(0.0112845656796892,-0.00262404353163377,-0.00994656479983047));
#4748=CARTESIAN_POINT('',(0.0976093805192316,-0.00237581946148933,-0.00273714117648237));
#4749=CARTESIAN_POINT('',(0.168808150207958,-0.00175804046128238,-0.00912233726507));
#4750=CARTESIAN_POINT('',(0.214802821989732,-0.00135895291423042,-0.0132471978439931));
#4751=CARTESIAN_POINT('',(-0.0408358901467077,-0.00113286997652211,-0.0259062646590474));
#4752=CARTESIAN_POINT('',(-0.0394079273017963,-0.00113274781554786,-0.0253844851955028));
#4753=CARTESIAN_POINT('',(-0.0258568700438277,-0.00113481797260696,-0.0204869330198183));
#4754=CARTESIAN_POINT('',(0.0112492216642436,-0.00131202177229765,-0.00994566147293746));
#4755=CARTESIAN_POINT('',(0.0976313098655184,-0.00118790973695592,-0.00274750623625672));
#4756=CARTESIAN_POINT('',(0.168816730723116,-0.000879020216542713,-0.00912670298112347));
#4757=CARTESIAN_POINT('',(0.214802779110003,-0.000679476429896569,-0.0132476879615418));
#4758=CARTESIAN_POINT('',(-0.0408358901467077,0.00113286997666573,-0.0259062646590431));
#4759=CARTESIAN_POINT('',(-0.0394079273017963,0.00113274781570897,-0.025384485195498));
#4760=CARTESIAN_POINT('',(-0.0258568700438277,0.00113481797247174,-0.0204869330198223));
#4761=CARTESIAN_POINT('',(0.0112492216642437,0.00131202174679575,-0.00994566147370377));
#4762=CARTESIAN_POINT('',(0.0976313098655177,0.00118790971245064,-0.00274750623586998));
#4763=CARTESIAN_POINT('',(0.168816730723118,0.000879020272195686,-0.0091267029809403));
#4764=CARTESIAN_POINT('',(0.214802779110008,0.000679476537332073,-0.0132476879614902));
#4765=CARTESIAN_POINT('',(-0.0408780226323938,0.00226573995325847,-0.0257910484022835));
#4766=CARTESIAN_POINT('',(-0.0394501126175688,0.00226549563133605,-0.0252691897585019));
#4767=CARTESIAN_POINT('',(-0.0258981600935214,0.00226963594501219,-0.0203729793822559));
#4768=CARTESIAN_POINT('',(0.0112845656796893,0.00262404350655304,-0.00994656480136305));
#4769=CARTESIAN_POINT('',(0.0976093805192303,0.00237581943732378,-0.00273714117570892));
#4770=CARTESIAN_POINT('',(0.168808150207963,0.00175804051619442,-0.00912233726470367));
#4771=CARTESIAN_POINT('',(0.214802821989741,0.00135895302022687,-0.0132471978438898));
#4772=CARTESIAN_POINT('',(-0.040998749324569,0.00393246157284729,-0.0254609799304753));
#4773=CARTESIAN_POINT('',(-0.0395709906894636,0.00393210650240624,-0.0249389032820322));
#4774=CARTESIAN_POINT('',(-0.0260164728633876,0.00393812357606282,-0.0200463872434571));
#4775=CARTESIAN_POINT('',(0.0113858407255413,0.0044531803009975,-0.00993620503235008));
#4776=CARTESIAN_POINT('',(0.0975465432111817,0.00410112809636424,-0.00271415306179528));
#4777=CARTESIAN_POINT('',(0.168783566729822,0.00302949251818595,-0.00911242187995651));
#4778=CARTESIAN_POINT('',(0.214802950628939,0.0023372119225595,-0.0132457274911275));
#4779=CARTESIAN_POINT('',(-0.0410485795492351,0.00448260488849352,-0.0253247497587612));
#4780=CARTESIAN_POINT('',(-0.0396208833964678,0.00448222498403456,-0.0248025839030463));
#4781=CARTESIAN_POINT('',(-0.0260653067358973,0.00448866289845302,-0.0199115795834493));
#4782=CARTESIAN_POINT('',(0.0114276422446058,0.00503974325828046,-0.00993079931592878));
#4783=CARTESIAN_POINT('',(0.0975206068937293,0.00466680499466616,-0.00270525026987873));
#4784=CARTESIAN_POINT('',(0.168773420119539,0.00344546345818203,-0.00910855561664209));
#4785=CARTESIAN_POINT('',(0.214803004228605,0.00265647225300211,-0.0132451148441465));
#4786=CARTESIAN_POINT('',(-0.0411369980315353,0.00529560110747549,-0.0250830410168312));
#4787=CARTESIAN_POINT('',(-0.0397094127471052,0.00529521113683839,-0.0245607189836381));
#4788=CARTESIAN_POINT('',(-0.0261519572960914,0.00530181963412807,-0.0196723612695633));
#4789=CARTESIAN_POINT('',(0.011501814653813,0.00586750175221855,-0.00991812833224432));
#4790=CARTESIAN_POINT('',(0.0974745854367478,0.00549411186898624,-0.00269104933437084));
#4791=CARTESIAN_POINT('',(0.16875541678618,0.00405176548174315,-0.00910231223955057));
#4792=CARTESIAN_POINT('',(0.214803100708002,0.00312000431554736,-0.0132440120795844));
#4793=CARTESIAN_POINT('',(-0.0411687497165189,0.00556456338805492,-0.0249962441887947));
#4794=CARTESIAN_POINT('',(-0.0397412042456729,0.00556417459283323,-0.0244738663686804));
#4795=CARTESIAN_POINT('',(-0.0261830741080611,0.00557076317136805,-0.0195864540276223));
#4796=CARTESIAN_POINT('',(0.0115284504786505,0.00613474025986682,-0.00991314426950742));
#4797=CARTESIAN_POINT('',(0.0974580587876202,0.00576634608157082,-0.00268617456459604));
#4798=CARTESIAN_POINT('',(0.16874895177207,0.0042509237585247,-0.00910015711683342));
#4799=CARTESIAN_POINT('',(0.214803135547785,0.00327195526420932,-0.0132436138590487));
#4800=CARTESIAN_POINT('',(-0.0412197069246182,0.00596444300553193,-0.0248569515178138));
#4801=CARTESIAN_POINT('',(-0.0397922253492537,0.00596406390234755,-0.0243344847309258));
#4802=CARTESIAN_POINT('',(-0.0262330124298228,0.00597048823825418,-0.0194485800333345));
#4803=CARTESIAN_POINT('',(0.0115711974204267,0.00652040628825668,-0.00990432335827307));
#4804=CARTESIAN_POINT('',(0.097431535673897,0.00616851159578126,-0.00267877739593618));
#4805=CARTESIAN_POINT('',(0.168738576491224,0.00454451197765985,-0.00909686315228749));
#4806=CARTESIAN_POINT('',(0.214803191827434,0.00349540214422057,-0.0132429705797224));
#4807=CARTESIAN_POINT('',(-0.0412372476072969,0.00609714224461101,-0.0248090043879024));
#4808=CARTESIAN_POINT('',(-0.0398097880262618,0.00609676769365055,-0.0242865070641836));
#4809=CARTESIAN_POINT('',(-0.026250202387829,0.00610311488693015,-0.0194011198480224));
#4810=CARTESIAN_POINT('',(0.011585911912888,0.00664642958934248,-0.00990115917228631));
#4811=CARTESIAN_POINT('',(0.0974224060076111,0.00630153668545326,-0.00267629489464005));
#4812=CARTESIAN_POINT('',(0.168735004217877,0.00464151307886006,-0.00909576508288151));
#4813=CARTESIAN_POINT('',(0.214803209650731,0.00356913161399689,-0.0132427668585007));
#4814=CARTESIAN_POINT('',(-0.0412734240992886,0.00636126793308891,-0.0247101182335798));
#4815=CARTESIAN_POINT('',(-0.0398460098801837,0.00636090531799597,-0.0241875581259322));
#4816=CARTESIAN_POINT('',(-0.0262856555321003,0.00636705024438512,-0.0193032348550638));
#4817=CARTESIAN_POINT('',(0.011616259704029,0.00689305106165936,-0.00989434705117058));
#4818=CARTESIAN_POINT('',(0.0974035753504936,0.00656537262308567,-0.00267133747265165));
#4819=CARTESIAN_POINT('',(0.168727641797038,0.00483369579740762,-0.00909349931049564));
#4820=CARTESIAN_POINT('',(0.214803255753465,0.00371502608475137,-0.0132422399018354));
#4821=CARTESIAN_POINT('',(-0.0412920599087512,0.00649269438190782,-0.0246591792108771));
#4822=CARTESIAN_POINT('',(-0.0398646690572651,0.00649233915038787,-0.0241365868563394));
#4823=CARTESIAN_POINT('',(-0.0263039187182246,0.00649835895371011,-0.0192528100458084));
#4824=CARTESIAN_POINT('',(0.0116318930292489,0.00701364933585825,-0.00989069881268692));
#4825=CARTESIAN_POINT('',(0.0973938740869507,0.00669618241300642,-0.00266886566906332));
#4826=CARTESIAN_POINT('',(0.16872385270847,0.0049288815230618,-0.00909231950398152));
#4827=CARTESIAN_POINT('',(0.214803285952065,0.00378719853151552,-0.0132418947302683));
#4828=CARTESIAN_POINT('',(-0.0413495878794348,0.00688493725052664,-0.0245019352046471));
#4829=CARTESIAN_POINT('',(-0.0399222691633954,0.00688460869824996,-0.0239792436255968));
#4830=CARTESIAN_POINT('',(-0.0263602964069237,0.00689017639136154,-0.0190971482876179));
#4831=CARTESIAN_POINT('',(0.0116801533015487,0.00736676649864093,-0.00987896976915051));
#4832=CARTESIAN_POINT('',(0.0973639179579722,0.00708504281466806,-0.00266157191131464));
#4833=CARTESIAN_POINT('',(0.168712189861439,0.00521162918657333,-0.00908838280968426));
#4834=CARTESIAN_POINT('',(0.214803440633661,0.00400139696890393,-0.0132401267115293));
#4835=CARTESIAN_POINT('',(-0.0413901005829517,0.00714371719248861,-0.024391203282998));
#4836=CARTESIAN_POINT('',(-0.0399628326673305,0.00714341246440652,-0.023868442242483));
#4837=CARTESIAN_POINT('',(-0.0263999990398248,0.00714857642936436,-0.0189875240082579));
#4838=CARTESIAN_POINT('',(0.0117141405452688,0.00759060772741083,-0.0098701046360123));
#4839=CARTESIAN_POINT('',(0.0973428107541866,0.00733952445830833,-0.00265687161017059));
#4840=CARTESIAN_POINT('',(0.168704020521654,0.00539638161097967,-0.00908522864714627));
#4841=CARTESIAN_POINT('',(0.214803629202457,0.0041411040566242,-0.0132379713603194));
#4842=CARTESIAN_POINT('',(-0.0414540221304024,0.00752730498344431,-0.0242164951182899));
#4843=CARTESIAN_POINT('',(-0.0400268343711042,0.00752704617512907,-0.0236936252416332));
#4844=CARTESIAN_POINT('',(-0.0264626424032696,0.0075314319772564,-0.0188145513599822));
#4845=CARTESIAN_POINT('',(0.0117677700348981,0.00790685315519727,-0.00985500710290164));
#4846=CARTESIAN_POINT('',(0.0973094671382183,0.0077131312619103,-0.00265046818768205));
#4847=CARTESIAN_POINT('',(0.168691287561828,0.00566752077031837,-0.00907867679866434));
#4848=CARTESIAN_POINT('',(0.214804210803666,0.00434604873413763,-0.0132313236280901));
#4849=CARTESIAN_POINT('',(-0.0414758547282486,0.00765440404125617,-0.0241568239501853));
#4850=CARTESIAN_POINT('',(-0.0400486943470073,0.00765416225477485,-0.0236339170127678));
#4851=CARTESIAN_POINT('',(-0.0264840384267667,0.00765825960250932,-0.0187554711679837));
#4852=CARTESIAN_POINT('',(0.0117860879687828,0.00800898931357576,-0.00984968636778272));
#4853=CARTESIAN_POINT('',(0.0972980721311806,0.00783629830402746,-0.0026484727990612));
#4854=CARTESIAN_POINT('',(0.168686963416863,0.0057568959845033,-0.00907620167863687));
#4855=CARTESIAN_POINT('',(0.214804454462071,0.00441359430096428,-0.0132285385997779));
#4856=CARTESIAN_POINT('',(-0.0415205559892632,0.00790698678075122,-0.0240346537177763));
#4857=CARTESIAN_POINT('',(-0.0400934516644538,0.00790678223770844,-0.0235116713594918));
#4858=CARTESIAN_POINT('',(-0.026527845804032,0.00791024845289298,-0.0186345036073323));
#4859=CARTESIAN_POINT('',(0.0118235947163633,0.00820695371906849,-0.00983812252045387));
#4860=CARTESIAN_POINT('',(0.0972747248247434,0.008079604506669,-0.0026447183996301));
#4861=CARTESIAN_POINT('',(0.168678174178965,0.00593352549895863,-0.00907045527772942));
#4862=CARTESIAN_POINT('',(0.214805069790954,0.00454715042521878,-0.0132215053584588));
#4863=CARTESIAN_POINT('',(-0.0415434246524316,0.00803247046207516,-0.0239721546396367));
#4864=CARTESIAN_POINT('',(-0.040116349005997,0.00803228614059324,-0.0234491339195614));
#4865=CARTESIAN_POINT('',(-0.0265502571578003,0.00803540967836199,-0.0185726162517068));
#4866=CARTESIAN_POINT('',(0.0118427835300591,0.00830278202997429,-0.00983188186489335));
#4867=CARTESIAN_POINT('',(0.097262772525344,0.00819977986345491,-0.00264291454147361));
#4868=CARTESIAN_POINT('',(0.168673709086034,0.0060207940051022,-0.00906716639570261));
#4869=CARTESIAN_POINT('',(0.214805441461433,0.00461316098264662,-0.0132172571454519));
#4870=CARTESIAN_POINT('',(-0.041660321218073,0.00865562978168168,-0.0236526949225663));
#4871=CARTESIAN_POINT('',(-0.0402333921686885,0.00865555400253633,-0.0231294797569537));
#4872=CARTESIAN_POINT('',(-0.0266648160662533,0.00865683816659646,-0.018256257190535));
#4873=CARTESIAN_POINT('',(0.0119408748108868,0.00876676158998035,-0.0097975808689457));
#4874=CARTESIAN_POINT('',(0.0972016269084469,0.00879329921443251,-0.00263322639388307));
#4875=CARTESIAN_POINT('',(0.168651078006672,0.006451923092127,-0.00904774360860673));
#4876=CARTESIAN_POINT('',(0.214807690917514,0.00493938535118094,-0.0131915457447898));
#4877=CARTESIAN_POINT('',(-0.041762008869943,0.00914052815892501,-0.023374841304519));
#4878=CARTESIAN_POINT('',(-0.0403352073547617,0.00914056300415212,-0.02285146214541));
#4879=CARTESIAN_POINT('',(-0.0267644700397728,0.00913997251203044,-0.0179810186358557));
#4880=CARTESIAN_POINT('',(0.0120262189150637,0.0090894268555116,-0.00976022737412363));
#4881=CARTESIAN_POINT('',(0.097148281231249,0.00924457090976854,-0.00262333553402461));
#4882=CARTESIAN_POINT('',(0.168631995176127,0.00678014334192908,-0.00902267457265219));
#4883=CARTESIAN_POINT('',(0.214810742014186,0.0051881139064727,-0.0131566715502513));
#4884=CARTESIAN_POINT('',(-0.0420901655449591,0.0105458632913582,-0.0224784734760584));
#4885=CARTESIAN_POINT('',(-0.0406637756503232,0.010546279697664,-0.0219546008410673));
#4886=CARTESIAN_POINT('',(-0.0270860629556541,0.0105392232178133,-0.0170925198432485));
#4887=CARTESIAN_POINT('',(0.0123017129584401,0.00993519414838709,-0.00958755294275209));
#4888=CARTESIAN_POINT('',(0.0969753065111721,0.0105289561647823,-0.0025474762483178));
#4889=CARTESIAN_POINT('',(0.16857360818335,0.00771543900221431,-0.00888431623265362));
#4890=CARTESIAN_POINT('',(0.214826379122252,0.00589789638159799,-0.0129779385871885));
#4891=CARTESIAN_POINT('',(-0.0423397282875117,0.0114169400472513,-0.0217971522913268));
#4892=CARTESIAN_POINT('',(-0.0409136514971533,0.0114176770782245,-0.0212729486785568));
#4893=CARTESIAN_POINT('',(-0.0273306328933389,0.0114051872476431,-0.0164164764767517));
#4894=CARTESIAN_POINT('',(0.0125113246284855,0.0103360676720131,-0.00939161805929722));
#4895=CARTESIAN_POINT('',(0.0968427397798102,0.0112926398934658,-0.00243532111633803));
#4896=CARTESIAN_POINT('',(0.168533165519972,0.00827314932357645,-0.00870787569647463));
#4897=CARTESIAN_POINT('',(0.214845448951698,0.00632254711068156,-0.012759969439217));
#4898=CARTESIAN_POINT('',(-0.0426854463191658,0.0123952767800525,-0.020854324382731));
#4899=CARTESIAN_POINT('',(-0.0412598034332002,0.0123964251266344,-0.0203297839414365));
#4900=CARTESIAN_POINT('',(-0.0276694318244893,0.0123769650838707,-0.0154790196832041));
#4901=CARTESIAN_POINT('',(0.0128019370751232,0.0107112008826902,-0.0089427567010911));
#4902=CARTESIAN_POINT('',(0.096656634759995,0.0121355332538089,-0.0020855970885665));
#4903=CARTESIAN_POINT('',(0.168486699355573,0.00889029197785161,-0.0082668769283545));
#4904=CARTESIAN_POINT('',(0.214889190010695,0.00679385396364312,-0.0122600068471059));
#4905=CARTESIAN_POINT('',(-0.0427562863836874,0.0125853774976738,-0.020661177373335));
#4906=CARTESIAN_POINT('',(-0.0413307324151198,0.0125866085824955,-0.0201365733826746));
#4907=CARTESIAN_POINT('',(-0.0277388539996719,0.0125657464458792,-0.0152868860409382));
#4908=CARTESIAN_POINT('',(0.0128614963595926,0.0107799641247673,-0.00884280625536059));
#4909=CARTESIAN_POINT('',(0.0966183896443773,0.0122985049392838,-0.00200516401439396));
#4910=CARTESIAN_POINT('',(0.168477608800633,0.00900971233905595,-0.00816765015324343));
#4911=CARTESIAN_POINT('',(0.214898933411103,0.00688514000631579,-0.0121486392708264));
#4912=CARTESIAN_POINT('',(-0.0429011461013434,0.0129542159609517,-0.0202663196181037));
#4913=CARTESIAN_POINT('',(-0.0414757739752544,0.0129556122628185,-0.0197415984740244));
#4914=CARTESIAN_POINT('',(-0.0278808140315763,0.0129319503349086,-0.0148938964306115));
#4915=CARTESIAN_POINT('',(0.0129833126961734,0.0109065081032709,-0.00861975660437397));
#4916=CARTESIAN_POINT('',(0.096539929883864,0.0126135823283183,-0.00182014362886573));
#4917=CARTESIAN_POINT('',(0.168460002105696,0.0092406909984341,-0.00794431607649181));
#4918=CARTESIAN_POINT('',(0.214920638024359,0.00706179057147659,-0.0119005544061009));
#4919=CARTESIAN_POINT('',(-0.0429751628004842,0.0131329684867171,-0.0200646169882991));
#4920=CARTESIAN_POINT('',(-0.0415498835957719,0.0131344472859219,-0.0195398422503432));
#4921=CARTESIAN_POINT('',(-0.027953348993369,0.0131093873465134,-0.014693048416303));
#4922=CARTESIAN_POINT('',(0.0130455672702861,0.0109642764411962,-0.00849665059087205));
#4923=CARTESIAN_POINT('',(0.096499716776052,0.0127656957225728,-0.00171556054061253));
#4924=CARTESIAN_POINT('',(0.168451486568957,0.00935225231495929,-0.00782021043228371));
#4925=CARTESIAN_POINT('',(0.214932599237206,0.00714715509396473,-0.0117638371176549));
#4926=CARTESIAN_POINT('',(-0.0430883932300685,0.0133924994009321,-0.0197561426473142));
#4927=CARTESIAN_POINT('',(-0.0416632561899477,0.0133941009654919,-0.0192312967785442));
#4928=CARTESIAN_POINT('',(-0.0280643124463727,0.0133669606271033,-0.014385708337288));
#4929=CARTESIAN_POINT('',(0.0131408243877492,0.0110437692217902,-0.00829249117658184));
#4930=CARTESIAN_POINT('',(0.096437989038158,0.0129860276067703,-0.00153821456824506));
#4931=CARTESIAN_POINT('',(0.168439274813763,0.00951383318524233,-0.00761328254557082));
#4932=CARTESIAN_POINT('',(0.21495237499222,0.00727078258929961,-0.0115377992035224));
#4933=CARTESIAN_POINT('',(-0.0431265042700755,0.0134775767265983,-0.0196523311342729));
#4934=CARTESIAN_POINT('',(-0.0417014150819063,0.0134792190495011,-0.019127463098565));
#4935=CARTESIAN_POINT('',(-0.0281016604324264,0.013451388014497,-0.0142822503013577));
#4936=CARTESIAN_POINT('',(0.0131728893029525,0.0110690735276059,-0.00822118797281222));
#4937=CARTESIAN_POINT('',(0.0964171784461641,0.0130581652003054,-0.00147568735412461));
#4938=CARTESIAN_POINT('',(0.16843529782035,0.00956673329125254,-0.0075408450132664));
#4939=CARTESIAN_POINT('',(0.214959272566515,0.00731125520634502,-0.0114589595685676));
#4940=CARTESIAN_POINT('',(-0.0432034323304478,0.0136448491171825,-0.0194428163480986));
#4941=CARTESIAN_POINT('',(-0.0417784397374106,0.0136465724942414,-0.0189179073628071));
#4942=CARTESIAN_POINT('',(-0.0281770481732311,0.0136173679041034,-0.0140733885030071));
#4943=CARTESIAN_POINT('',(0.0132376201600507,0.0111174781889219,-0.00807172666525643));
#4944=CARTESIAN_POINT('',(0.096375099030977,0.0131998776088493,-0.00134341547976219));
#4945=CARTESIAN_POINT('',(0.168427552655801,0.00967063495431155,-0.00738869488991527));
#4946=CARTESIAN_POINT('',(0.214973707456422,0.00739073098626023,-0.0112939680219471));
#4947=CARTESIAN_POINT('',(-0.043242249351031,0.013727044182085,-0.0193371130774567));
#4948=CARTESIAN_POINT('',(-0.0418173055012009,0.013728807854955,-0.0188121853098226));
#4949=CARTESIAN_POINT('',(-0.0282150879277768,0.0136989204063307,-0.0139679847382414));
#4950=CARTESIAN_POINT('',(0.0132702861406425,0.0111405785471996,-0.00799356811916212));
#4951=CARTESIAN_POINT('',(0.0963538298101556,0.0132694523953194,-0.00127367536443291));
#4952=CARTESIAN_POINT('',(0.168423786028631,0.00972163662217411,-0.00730896465123537));
#4953=CARTESIAN_POINT('',(0.21498124757028,0.00742973434996594,-0.0112077841261804));
#4954=CARTESIAN_POINT('',(-0.0433597156583061,0.0139692815321314,-0.0190172881249491));
#4955=CARTESIAN_POINT('',(-0.0419349193198978,0.013971165195216,-0.0184923095260472));
#4956=CARTESIAN_POINT('',(-0.028330201997163,0.0139392443755323,-0.0136489703482835));
#4957=CARTESIAN_POINT('',(0.0133691486264034,0.0112068475690687,-0.00774828835567104));
#4958=CARTESIAN_POINT('',(0.0962893608216874,0.0134744081923404,-0.00105293171333858));
#4959=CARTESIAN_POINT('',(0.16841279561306,0.00987182393112015,-0.0070587475334443));
#4960=CARTESIAN_POINT('',(0.215004804513021,0.00754454101056645,-0.0109385270385568));
#4961=CARTESIAN_POINT('',(-0.0434393801903734,0.0141249759726253,-0.0188004513007902));
#4962=CARTESIAN_POINT('',(-0.0420146839019625,0.0141269384328955,-0.0182754461685142));
#4963=CARTESIAN_POINT('',(-0.0284082711178936,0.0140936823050162,-0.0134325566290422));
#4964=CARTESIAN_POINT('',(0.0134362096489667,0.0112469841777876,-0.0075703633170079));
#4965=CARTESIAN_POINT('',(0.0962455000012758,0.0136060206601129,-0.000890401749330543));
#4966=CARTESIAN_POINT('',(0.168405880229626,0.00996819180141392,-0.00687724637953991));
#4967=CARTESIAN_POINT('',(0.215021756020195,0.0076181407389358,-0.0107447704249527));
#4968=CARTESIAN_POINT('',(-0.0435607325752107,0.014349724130196,-0.0184702557328653));
#4969=CARTESIAN_POINT('',(-0.0421361887047082,0.0143518021781473,-0.0179452235833978));
#4970=CARTESIAN_POINT('',(-0.0285271930253163,0.0143165872851583,-0.0131027918810553));
#4971=CARTESIAN_POINT('',(0.0135383815292975,0.0113022204206231,-0.00727978906359526));
#4972=CARTESIAN_POINT('',(0.0961784979832012,0.0137962052170795,-0.000620682707924373));
#4973=CARTESIAN_POINT('',(0.168396080801835,0.010107226564208,-0.00658283194526668));
#4974=CARTESIAN_POINT('',(0.21504890967989,0.00772413254319347,-0.0104344026744296));
#4975=CARTESIAN_POINT('',(-0.0436014926346125,0.0144231746001843,-0.0183593671437941));
#4976=CARTESIAN_POINT('',(-0.0421769999605649,0.0144252907428414,-0.0178343281177169));
#4977=CARTESIAN_POINT('',(-0.0285671366988451,0.0143894302916095,-0.0129920129473696));
#4978=CARTESIAN_POINT('',(0.0135727022138221,0.0113198041543225,-0.00717898517612538));
#4979=CARTESIAN_POINT('',(0.0961559621792668,0.0138583967988836,-0.000526435337255909));
#4980=CARTESIAN_POINT('',(0.168392909933798,0.0101526529279077,-0.00648099203342802));
#4981=CARTESIAN_POINT('',(0.215058248632944,0.00775872851322997,-0.0103276579525691));
#4982=CARTESIAN_POINT('',(-0.0436836021316468,0.0145671280641946,-0.0181360248969542));
#4983=CARTESIAN_POINT('',(-0.0422592125947026,0.0145693193905647,-0.0176109766766286));
#4984=CARTESIAN_POINT('',(-0.0286476015571143,0.0145321848655517,-0.0127688173133071));
#4985=CARTESIAN_POINT('',(0.0136418455814338,0.0113534990247538,-0.00696912649969452));
#4986=CARTESIAN_POINT('',(0.096110505551361,0.0139804082490096,-0.000328911397836918));
#4987=CARTESIAN_POINT('',(0.168386752131335,0.0102416821366139,-0.00626993899523742));
#4988=CARTESIAN_POINT('',(0.215077478018849,0.00782645107049586,-0.0101078650659201));
#4989=CARTESIAN_POINT('',(-0.0437249515692792,0.014637631052597,-0.0180235712864133));
#4990=CARTESIAN_POINT('',(-0.0423006139729837,0.0146398594672903,-0.0174985207541996));
#4991=CARTESIAN_POINT('',(-0.0286881227418548,0.0146020964383341,-0.0126564005684602));
#4992=CARTESIAN_POINT('',(0.0136766682645208,0.0113696111592893,-0.00686006332475078));
#4993=CARTESIAN_POINT('',(0.0960875847273895,0.0140402178644566,-0.000225720998781276));
#4994=CARTESIAN_POINT('',(0.16838376519691,0.0102852809576953,-0.00616075968773048));
#4995=CARTESIAN_POINT('',(0.2150873684517,0.00785957765772526,-0.00999481690113165));
#4996=CARTESIAN_POINT('',(-0.0438082106720929,0.0147756731499738,-0.0177971815054257));
#4997=CARTESIAN_POINT('',(-0.0423839776645114,0.0147779745876888,-0.017272131303861));
#4998=CARTESIAN_POINT('',(-0.0287697140583171,0.0147389741003321,-0.0124300055148964));
#4999=CARTESIAN_POINT('',(0.0137467908456575,0.0114005633652639,-0.00663318863955459));
#5000=CARTESIAN_POINT('',(0.0960413766351916,0.0141573313186637,-1.13832841730628E-5));
#5001=CARTESIAN_POINT('',(0.168377967979492,0.0103706023927225,-0.00593561525967981));
#5002=CARTESIAN_POINT('',(0.215107676810686,0.0079243613293353,-0.00976269129573761));
#5003=CARTESIAN_POINT('',(-0.0438501203372743,0.0148432122486336,-0.0176832453891123));
#5004=CARTESIAN_POINT('',(-0.0424259399777583,0.0148455496197911,-0.0171581978366761));
#5005=CARTESIAN_POINT('',(-0.0288107841900389,0.0148059401992598,-0.012316027155207));
#5006=CARTESIAN_POINT('',(0.0137820907437072,0.0114154052681865,-0.00651536751714429));
#5007=CARTESIAN_POINT('',(0.0960180893669653,0.0142146340213687,9.97580690319256E-5));
#5008=CARTESIAN_POINT('',(0.168375157696501,0.010412324560803,-0.0058196524791665));
#5009=CARTESIAN_POINT('',(0.215118094736821,0.00795601841371596,-0.00964361385513208));
#5010=CARTESIAN_POINT('',(-0.0439344707445043,0.0149753102194773,-0.0174539727738221));
#5011=CARTESIAN_POINT('',(-0.042510396351759,0.014977718162838,-0.0169289358291531));
#5012=CARTESIAN_POINT('',(-0.0288934448362334,0.0149369128158214,-0.0120865853869679));
#5013=CARTESIAN_POINT('',(0.0138531429711697,0.011444007527681,-0.0062705383744169));
#5014=CARTESIAN_POINT('',(0.0959711669620394,0.0143266250683233,0.00032912386358693));
#5015=CARTESIAN_POINT('',(0.168369706499776,0.010493850002033,-0.00558145062004248));
#5016=CARTESIAN_POINT('',(0.215139434095859,0.00801786295958687,-0.00939970386521491));
#5017=CARTESIAN_POINT('',(-0.0439769114865531,0.0150398691459777,-0.0173386359897763));
#5018=CARTESIAN_POINT('',(-0.042552890412513,0.0150423117347126,-0.016813606969036));
#5019=CARTESIAN_POINT('',(-0.0289350353507061,0.0150009192823107,-0.0119711222468406));
#5020=CARTESIAN_POINT('',(0.0138888953005825,0.0114577582395914,-0.00614358097208165));
#5021=CARTESIAN_POINT('',(0.0959475318253399,0.0143813193950823,0.000447379702881765));
#5022=CARTESIAN_POINT('',(0.168367065586043,0.0105336556231258,-0.00545919921874418));
#5023=CARTESIAN_POINT('',(0.215150355528763,0.00804805042107713,-0.00927487131590328));
#5024=CARTESIAN_POINT('',(-0.0441903700122613,0.0153551749127381,-0.0167586430780356));
#5025=CARTESIAN_POINT('',(-0.0427666171164044,0.0153577874516835,-0.0162336661973471));
#5026=CARTESIAN_POINT('',(-0.0291442174693704,0.0153135149990999,-0.0113902979024975));
#5027=CARTESIAN_POINT('',(0.014068726067055,0.0115238282287496,-0.00548712351047311));
#5028=CARTESIAN_POINT('',(0.0958285329101154,0.0146482665293654,0.00105566653321675));
#5029=CARTESIAN_POINT('',(0.168354266235082,0.0107278907817505,-0.00483294264179095));
#5030=CARTESIAN_POINT('',(0.21520616149392,0.00819531337119833,-0.00863700621535729));
#5031=CARTESIAN_POINT('',(-0.0443651522423144,0.0155834551557721,-0.0162840599758046));
#5032=CARTESIAN_POINT('',(-0.0429416189599063,0.0155861931695733,-0.0157591648724644));
#5033=CARTESIAN_POINT('',(-0.0293154977124649,0.0155397944024284,-0.0109144107671634));
#5034=CARTESIAN_POINT('',(0.0142160118623405,0.0115680967948162,-0.0048926121014027));
#5035=CARTESIAN_POINT('',(0.095730699436408,0.0148409458383537,0.00159672042583921));
#5036=CARTESIAN_POINT('',(0.16834532345097,0.0108679414787643,-0.00428393875475098));
#5037=CARTESIAN_POINT('',(0.215254642428086,0.00830136578783899,-0.00808286660215942));
#5038=CARTESIAN_POINT('',(-0.0452544763309593,0.0166025659664342,-0.0138705775918853));
#5039=CARTESIAN_POINT('',(-0.0438320605859891,0.0166058742544759,-0.0133462545935392));
#5040=CARTESIAN_POINT('',(-0.0301870013918763,0.0165498115398081,-0.00849180551650637));
#5041=CARTESIAN_POINT('',(0.0149655813733621,0.0117508877014433,-0.0016401249723546));
#5042=CARTESIAN_POINT('',(0.0952313324853555,0.0156987653722141,0.00451925915226585));
#5043=CARTESIAN_POINT('',(0.168305927865484,0.0114910310637846,-0.00134710463823047));
#5044=CARTESIAN_POINT('',(0.215512390066854,0.0087728189470973,-0.0051367976101174));
#5045=CARTESIAN_POINT('',(-0.0460152570046901,0.0170265253205389,-0.0118099776919038));
#5046=CARTESIAN_POINT('',(-0.0445937975942883,0.0170301071078504,-0.0112866346759611));
#5047=CARTESIAN_POINT('',(-0.0309325322200106,0.016969409636071,-0.00641557867922482));
#5048=CARTESIAN_POINT('',(0.0156072866928806,0.0117737542708867,0.00185764099871146));
#5049=CARTESIAN_POINT('',(0.0947992002604634,0.0160471745638419,0.00755255177601254));
#5050=CARTESIAN_POINT('',(0.168291430069345,0.0117425782516451,0.00161616963521182));
#5051=CARTESIAN_POINT('',(0.215767685675282,0.00896179291788006,-0.0022187554531152));
#5052=CARTESIAN_POINT('',(-0.0471408592256957,0.0170280741994371,-0.00876199508807244));
#5053=CARTESIAN_POINT('',(-0.0457208147951515,0.0170317024247521,-0.00824019301433458));
#5054=CARTESIAN_POINT('',(-0.0320355709731026,0.0169702180080318,-0.00334302399416757));
#5055=CARTESIAN_POINT('',(0.0165567840201011,0.0117072007810724,0.00716544974479599));
#5056=CARTESIAN_POINT('',(0.0941591087294153,0.0160402663353824,0.0120922079091391));
#5057=CARTESIAN_POINT('',(0.16827284053804,0.011740358701318,0.0060567653512376));
#5058=CARTESIAN_POINT('',(0.216150588762668,0.00896260227118047,0.00215784686258866));
#5059=CARTESIAN_POINT('',(-0.0475133759856597,0.0169225401303018,-0.00775339878697489));
#5060=CARTESIAN_POINT('',(-0.0460937998495773,0.0169261228002224,-0.00723212249597506));
#5061=CARTESIAN_POINT('',(-0.0324006202436851,0.0168654103716244,-0.00232604348754587));
#5062=CARTESIAN_POINT('',(0.0168710315421739,0.0116684747146426,0.00894511816841229));
#5063=CARTESIAN_POINT('',(0.0939471424252101,0.0159495441061859,0.0136035853228125));
#5064=CARTESIAN_POINT('',(0.168267188433935,0.0116762970513048,0.00753619460241983));
#5065=CARTESIAN_POINT('',(0.216278216404253,0.00891576345513498,0.00361663748119007));
#5066=CARTESIAN_POINT('',(-0.0482425512540596,0.0165073187612505,-0.00577842368499064));
#5067=CARTESIAN_POINT('',(-0.0468238917069421,0.0165106931660952,-0.00525808920534582));
#5068=CARTESIAN_POINT('',(-0.0331151794554755,0.0164535100267789,-0.000336050129170749));
#5069=CARTESIAN_POINT('',(0.017486054452153,0.0115586787285864,0.0123012806468785));
#5070=CARTESIAN_POINT('',(0.0935332080581212,0.015595714384698,0.0164534685277291));
#5071=CARTESIAN_POINT('',(0.168252338890136,0.0114232407501255,0.0103418317546014));
#5072=CARTESIAN_POINT('',(0.216521177150443,0.00872780716076312,0.00639369151765098));
#5073=CARTESIAN_POINT('',(-0.048599213841432,0.0161976460363989,-0.00481203367731793));
#5074=CARTESIAN_POINT('',(-0.0471810025939323,0.0162008577498376,-0.00429211521223799));
#5075=CARTESIAN_POINT('',(-0.0334646933940625,0.0161464316019802,0.000636973705291485));
#5076=CARTESIAN_POINT('',(0.0177868332617321,0.0114875965824633,0.0138777653007592));
#5077=CARTESIAN_POINT('',(0.0933312378728,0.0153326144764086,0.0177919801503212));
#5078=CARTESIAN_POINT('',(0.168243140617453,0.0112342490754372,0.0116680419442184));
#5079=CARTESIAN_POINT('',(0.216636510255047,0.00858668968243675,0.00771195493551047));
#5080=CARTESIAN_POINT('',(-0.049114471069213,0.0155860710964221,-0.00341461005629003));
#5081=CARTESIAN_POINT('',(-0.0476969073504764,0.0155889547043214,-0.00289513269359442));
#5082=CARTESIAN_POINT('',(-0.033969625037071,0.015540088679103,0.00204143120700811));
#5083=CARTESIAN_POINT('',(0.0182211914201363,0.0113571957404332,0.0159220754152725));
#5084=CARTESIAN_POINT('',(0.0930411707673478,0.014812061973215,0.0195432374847746));
#5085=CARTESIAN_POINT('',(0.168223203540464,0.0108583628246017,0.0134286930733276));
#5086=CARTESIAN_POINT('',(0.216791078187794,0.00830425837224429,0.00947867449113682));
#5087=CARTESIAN_POINT('',(-0.0492829340362603,0.0153577018076465,-0.00295749574769425));
#5088=CARTESIAN_POINT('',(-0.047865582007001,0.0153604620356277,-0.00243813493254959));
#5089=CARTESIAN_POINT('',(-0.0341347123739286,0.0153136868238641,0.00250040399925088));
#5090=CARTESIAN_POINT('',(0.0183631757969435,0.0113097658559489,0.0165501093090591));
#5091=CARTESIAN_POINT('',(0.092946629760952,0.0146175606986905,0.0200842382463534));
#5092=CARTESIAN_POINT('',(0.168215534570142,0.0107176676178561,0.0139774660904779));
#5093=CARTESIAN_POINT('',(0.216839528878016,0.00819832208672965,0.0100324684144851));
#5094=CARTESIAN_POINT('',(-0.0495297131881324,0.0149791348122821,-0.00228742901685862));
#5095=CARTESIAN_POINT('',(-0.0481126712218771,0.0149816894245123,-0.00176818472032538));
#5096=CARTESIAN_POINT('',(-0.0343765472175082,0.0149383986061967,0.00317232875225976));
#5097=CARTESIAN_POINT('',(0.0185711109621822,0.0112327389493607,0.017391053184627));
#5098=CARTESIAN_POINT('',(0.09280871437889,0.0142947549930337,0.0208157537226584));
#5099=CARTESIAN_POINT('',(0.168202061270568,0.010483687191455,0.0147292406304235));
#5100=CARTESIAN_POINT('',(0.216906445629632,0.00802172312328294,0.010797330385391));
#5101=CARTESIAN_POINT('',(-0.0496109870223066,0.0148469433005879,-0.00206667303677315));
#5102=CARTESIAN_POINT('',(-0.048194047165184,0.0148494259089857,-0.00154745771754204));
#5103=CARTESIAN_POINT('',(-0.0344561928050836,0.0148073552777459,0.00339354680848241));
#5104=CARTESIAN_POINT('',(0.0186395824505997,0.0112061426652637,0.0176543050251528));
#5105=CARTESIAN_POINT('',(0.092763391939458,0.014181940428579,0.0210463925390389));
#5106=CARTESIAN_POINT('',(0.168197241863363,0.010401856246751,0.0149679861648383));
#5107=CARTESIAN_POINT('',(0.216927791332885,0.00795990771293825,0.0110413128900069));
#5108=CARTESIAN_POINT('',(-0.0497112447595267,0.0146742856997038,-0.00179426754933287));
#5109=CARTESIAN_POINT('',(-0.0482944308530421,0.0146766748063139,-0.0012750775987024));
#5110=CARTESIAN_POINT('',(-0.034554442115709,0.0146361886695246,0.00366635682719822));
#5111=CARTESIAN_POINT('',(0.0187240341355043,0.0111706075232554,0.0179639141317491));
#5112=CARTESIAN_POINT('',(0.0927076208005287,0.0140351608644791,0.0213140208329075));
#5113=CARTESIAN_POINT('',(0.168190761915264,0.0102950664698609,0.0152491409432736));
#5114=CARTESIAN_POINT('',(0.216953153678606,0.00787895148830441,0.0113312058281143));
#5115=CARTESIAN_POINT('',(-0.0497312295791958,0.0146393832706793,-0.00173996343234635));
#5116=CARTESIAN_POINT('',(-0.0483144407785498,0.0146417535022909,-0.00122077801352962));
#5117=CARTESIAN_POINT('',(-0.0345740265941418,0.014601587223882,0.00372073320912419));
#5118=CARTESIAN_POINT('',(0.0187408675887044,0.0111633857008765,0.0180248642547399));
#5119=CARTESIAN_POINT('',(0.0926965106682608,0.0140055170970337,0.0213665121576241));
#5120=CARTESIAN_POINT('',(0.16818944314119,0.0102734835433962,0.0153045077190876));
#5121=CARTESIAN_POINT('',(0.216958160158582,0.00786257589529248,0.0113884301561027));
#5122=CARTESIAN_POINT('',(-0.0497710632079443,0.0145688387207264,-0.00163171641792824));
#5123=CARTESIAN_POINT('',(-0.048354324447166,0.0145711708742318,-0.00111253901686222));
#5124=CARTESIAN_POINT('',(-0.0346130622801193,0.014531649872769,0.00382910807572334));
#5125=CARTESIAN_POINT('',(0.0187744185429439,0.0111486835437257,0.018144869479559));
#5126=CARTESIAN_POINT('',(0.0926743803501894,0.0139456728454367,0.0214693218153582));
#5127=CARTESIAN_POINT('',(0.168186758891509,0.0102298751931429,0.0154134511466413));
#5128=CARTESIAN_POINT('',(0.216968038141887,0.00782945599809315,0.0115013360219244));
#5129=CARTESIAN_POINT('',(-0.0497909120170236,0.0145331965994991,-0.00157777351866835));
#5130=CARTESIAN_POINT('',(-0.0483741981902742,0.0145355095498603,-0.00105859960331669));
#5131=CARTESIAN_POINT('',(-0.0346325134876639,0.01449631396758,0.00388310655867497));
#5132=CARTESIAN_POINT('',(0.0187911360439833,0.0111412032620361,0.0182039242567461));
#5133=CARTESIAN_POINT('',(0.0926633601643858,0.0139154718158411,0.0215196434842082));
#5134=CARTESIAN_POINT('',(0.168185393415903,0.0102078495552849,0.0154670291075885));
#5135=CARTESIAN_POINT('',(0.216972909645215,0.00781271169390573,0.0115570175597576));
#5136=CARTESIAN_POINT('',(-0.0498502505958167,0.0144251638641767,-0.00141649740061417));
#5137=CARTESIAN_POINT('',(-0.048433611308592,0.0144274187419646,-0.000897332413760458));
#5138=CARTESIAN_POINT('',(-0.0346906634487094,0.0143892072656842,0.00404452505181371));
#5139=CARTESIAN_POINT('',(0.0188411113419622,0.0111183352519438,0.0183782942163499));
#5140=CARTESIAN_POINT('',(0.0926304371598133,0.0138240211394874,0.0216674432741734));
#5141=CARTESIAN_POINT('',(0.168181225237854,0.0101411039712923,0.0156250835716581));
#5142=CARTESIAN_POINT('',(0.216987317192755,0.00776192569207241,0.0117216965816914));
#5143=CARTESIAN_POINT('',(-0.0498895325170858,0.0143516668784412,-0.0013097167615454));
#5144=CARTESIAN_POINT('',(-0.0484729425727943,0.0143538824236588,-0.000790555688830123));
#5145=CARTESIAN_POINT('',(-0.0347291585406221,0.0143163374826485,0.00415136810628471));
#5146=CARTESIAN_POINT('',(0.0188741919337624,0.0111025203585177,0.0184908150268088));
#5147=CARTESIAN_POINT('',(0.092608671893883,0.0137619239051626,0.0217617561787043));
#5148=CARTESIAN_POINT('',(0.168178350784178,0.010095715354739,0.0157268806560089));
#5149=CARTESIAN_POINT('',(0.216996646274522,0.00772733090515544,0.011828328474226));
#5150=CARTESIAN_POINT('',(-0.050006516226633,0.0141267757715701,-0.000991671210265449));
#5151=CARTESIAN_POINT('',(-0.048590073222109,0.0141288716995693,-0.000472516092087515));
#5152=CARTESIAN_POINT('',(-0.0348437991279609,0.0140933538087737,0.00446950860945504));
#5153=CARTESIAN_POINT('',(0.0189726986734188,0.0110530505727015,0.0188175930400307));
#5154=CARTESIAN_POINT('',(0.0925439473725835,0.0135721548425166,0.0220327081336942));
#5155=CARTESIAN_POINT('',(0.168169426826753,0.00995684056560707,0.0160215689517135));
#5156=CARTESIAN_POINT('',(0.217023769690274,0.00762133400725782,0.0121383505348995));
#5157=CARTESIAN_POINT('',(-0.0500833559606515,0.01397098150077,-0.000782702663980613));
#5158=CARTESIAN_POINT('',(-0.0486670094639295,0.0139729955246134,-0.000263543798323633));
#5159=CARTESIAN_POINT('',(-0.0349190999349876,0.0139388655931671,0.0046784173979117));
#5160=CARTESIAN_POINT('',(0.0190373897855309,0.011017370574773,0.0190210658246388));
#5161=CARTESIAN_POINT('',(0.0925015593937056,0.0134410056545242,0.0221973604255509));
#5162=CARTESIAN_POINT('',(0.168163076726606,0.00986064545355608,0.01620375720572));
#5163=CARTESIAN_POINT('',(0.21704070019471,0.00754771935913044,0.0123318670861081));
#5164=CARTESIAN_POINT('',(-0.050196768811237,0.0137285911428297,-0.000474186764503254));
#5165=CARTESIAN_POINT('',(-0.0487805647430231,0.0137304800036495,4.4987991317688E-5));
#5166=CARTESIAN_POINT('',(-0.0350302416005425,0.0136984711024133,0.00498667991059861));
#5167=CARTESIAN_POINT('',(0.019132851521463,0.0109585345850244,0.0193062784439455));
#5168=CARTESIAN_POINT('',(0.0924392042389215,0.0132369791155766,0.0224230617770727));
#5169=CARTESIAN_POINT('',(0.168152896017701,0.00971079787534433,0.0164556925429932));
#5170=CARTESIAN_POINT('',(0.217064224373179,0.00743287159239604,0.0126007496763947));
#5171=CARTESIAN_POINT('',(-0.0502342653029991,0.0136463445315581,-0.000372170951037493));
#5172=CARTESIAN_POINT('',(-0.0488181083220855,0.0136481912869048,0.000147010813031987));
#5173=CARTESIAN_POINT('',(-0.035066987231588,0.0136168959109395,0.00508858396954702));
#5174=CARTESIAN_POINT('',(0.0191644096067672,0.0109380365898959,0.0193980165044816));
#5175=CARTESIAN_POINT('',(0.0924186237038639,0.0131677531403911,0.0224947499241113));
#5176=CARTESIAN_POINT('',(0.168149393003399,0.00965992287477306,0.0165361110348687));
#5177=CARTESIAN_POINT('',(0.217071753501222,0.00739385139013023,0.0126868080037205));
#5178=CARTESIAN_POINT('',(-0.0503086222628337,0.013478968549706,-0.000169842330046962));
#5179=CARTESIAN_POINT('',(-0.0488925586529475,0.0134807304805484,0.000349356655544419));
#5180=CARTESIAN_POINT('',(-0.0351398552838811,0.0134508725525698,0.00529063797372608));
#5181=CARTESIAN_POINT('',(0.0192269833429764,0.0108950576372633,0.019575089379165));
#5182=CARTESIAN_POINT('',(0.0923778854115215,0.0130268089430121,0.0226314809352824));
#5183=CARTESIAN_POINT('',(0.168142160184417,0.00955629835341874,0.0166898511808278));
#5184=CARTESIAN_POINT('',(0.217086165343473,0.00731433551920995,0.0128515361144337));
#5185=CARTESIAN_POINT('',(-0.0503454827310968,0.0133938391791364,-6.95295247011481E-5));
#5186=CARTESIAN_POINT('',(-0.048929465404961,0.0133955583909487,0.000449679673898283));
#5187=CARTESIAN_POINT('',(-0.0351759777049494,0.0133664243856638,0.00539078792100843));
#5188=CARTESIAN_POINT('',(0.0192579990277312,0.0108725766778329,0.0196604245802168));
#5189=CARTESIAN_POINT('',(0.0923577273064154,0.012955090740613,0.0226965198238004));
#5190=CARTESIAN_POINT('',(0.168138431730307,0.00950354875577484,0.0167631882719929));
#5191=CARTESIAN_POINT('',(0.217093050505419,0.00727383971125493,0.0129302338755766));
#5192=CARTESIAN_POINT('',(-0.0504550794465821,0.0131341522657434,0.000228768258694976));
#5193=CARTESIAN_POINT('',(-0.0490391997283718,0.0131357426332311,0.000748012567813477));
#5194=CARTESIAN_POINT('',(-0.0352833801050921,0.013108792042001,0.00568852582712702));
#5195=CARTESIAN_POINT('',(0.0193502074068187,0.010801842842719,0.0199072320036146));
#5196=CARTESIAN_POINT('',(0.092297895978586,0.0127361114503225,0.0228822027196515));
#5197=CARTESIAN_POINT('',(0.168126940134878,0.00934245121900475,0.0169731124362509));
#5198=CARTESIAN_POINT('',(0.217112786558101,0.00715013400396398,0.0131558179899831));
#5199=CARTESIAN_POINT('',(-0.0505268310045003,0.0129552959212358,0.000424112604103961));
#5200=CARTESIAN_POINT('',(-0.0491110413671396,0.0129567994761944,0.000943386282228399));
#5201=CARTESIAN_POINT('',(-0.0353536952211045,0.0129313200222994,0.00588340185023477));
#5202=CARTESIAN_POINT('',(0.0194105614259744,0.010750299010213,0.020059506046203));
#5203=CARTESIAN_POINT('',(0.0922588657433514,0.0125850256793377,0.0229934129572816));
#5204=CARTESIAN_POINT('',(0.168118870760461,0.00923125453604018,0.0170996124001067));
#5205=CARTESIAN_POINT('',(0.217124718015685,0.00706470582120218,0.0132921951742242));
#5206=CARTESIAN_POINT('',(-0.05066754479237,0.0125862548930449,0.000807300316182527));
#5207=CARTESIAN_POINT('',(-0.0492519317983201,0.0125875842335136,0.00132664286832458));
#5208=CARTESIAN_POINT('',(-0.0354915922298866,0.0125650570428778,0.00626549128753711));
#5209=CARTESIAN_POINT('',(0.0195288989964674,0.010636747420447,0.0203416884739572));
#5210=CARTESIAN_POINT('',(0.0921825725157491,0.0122721943319747,0.0231935891479986));
#5211=CARTESIAN_POINT('',(0.168102074860738,0.00900106861087183,0.0173284431629529));
#5212=CARTESIAN_POINT('',(0.217146357612528,0.00688790914818984,0.0135395368979464));
#5213=CARTESIAN_POINT('',(-0.0507365068890655,0.01239605553471,0.000995143316733533));
#5214=CARTESIAN_POINT('',(-0.0493209804573094,0.0123972974548175,0.00151452537342818));
#5215=CARTESIAN_POINT('',(-0.0355591739920644,0.0123762517019226,0.0064527043429336));
#5216=CARTESIAN_POINT('',(0.0195868824360207,0.0105747519732239,0.0204715971662466));
#5217=CARTESIAN_POINT('',(0.0921453095927202,0.0121104411197753,0.0232825549105791));
#5218=CARTESIAN_POINT('',(0.168093348362648,0.00888207637185286,0.0174307738871756));
#5219=CARTESIAN_POINT('',(0.217156065751786,0.0067965406579393,0.0136505014374275));
#5220=CARTESIAN_POINT('',(-0.0510739368998401,0.011417248813771,0.00191446196179908));
#5221=CARTESIAN_POINT('',(-0.0496588339784158,0.0114180554835144,0.00243406241673412));
#5222=CARTESIAN_POINT('',(-0.0358898506474947,0.0114043855445357,0.00736854037892682));
#5223=CARTESIAN_POINT('',(0.0198705397810412,0.0102342496275937,0.0210706299164161));
#5224=CARTESIAN_POINT('',(0.0919635437907972,0.0112739639842372,0.0236790563458256));
#5225=CARTESIAN_POINT('',(0.168048471350778,0.00826717935383277,0.0178888299607685));
#5226=CARTESIAN_POINT('',(0.217199619410792,0.00632478522541525,0.014148322037848));
#5227=CARTESIAN_POINT('',(-0.0513202693345373,0.0105458656569111,0.00258626484976093));
#5228=CARTESIAN_POINT('',(-0.0499054754651857,0.0105463308710146,0.00310610684527509));
#5229=CARTESIAN_POINT('',(-0.0361312548943532,0.0105384472873557,0.00803649162682661));
#5230=CARTESIAN_POINT('',(0.0200774391100531,0.00986361878901169,0.0213882081531247));
#5231=CARTESIAN_POINT('',(0.091832684261406,0.0105164471368505,0.0238416183756732));
#5232=CARTESIAN_POINT('',(0.168008586059959,0.00771160066273886,0.0180837659996878));
#5233=CARTESIAN_POINT('',(0.217218503818691,0.00589965933932778,0.0143641718078334));
#5234=CARTESIAN_POINT('',(-0.0516467522317976,0.009140204294153,0.00347712958303666));
#5235=CARTESIAN_POINT('',(-0.050232367881622,0.00914026151405973,0.00399734915754706));
#5236=CARTESIAN_POINT('',(-0.0364512075412093,0.00913929185746884,0.00892133543229835));
#5237=CARTESIAN_POINT('',(0.0203515252261747,0.00905629002359997,0.0217253448595809));
#5238=CARTESIAN_POINT('',(0.0916606202685507,0.00923983281403799,0.0239936557514841));
#5239=CARTESIAN_POINT('',(0.167950386321834,0.00677893981191535,0.0182500766723273));
#5240=CARTESIAN_POINT('',(0.21723386081542,0.00518919371914519,0.0145397030836625));
#5241=CARTESIAN_POINT('',(-0.0517484105717533,0.00865521940198891,0.00375461122768405));
#5242=CARTESIAN_POINT('',(-0.0503341537181475,0.00865515798870722,0.0042749592065478));
#5243=CARTESIAN_POINT('',(-0.0365508328029228,0.00865619870682036,0.00919676952305926));
#5244=CARTESIAN_POINT('',(0.0204368434519825,0.00874528335053961,0.0218145186536318));
#5245=CARTESIAN_POINT('',(0.0916073031544708,0.0087909048644784,0.0240290339319275));
#5246=CARTESIAN_POINT('',(0.167931257775475,0.00645150405927708,0.0182844979989172));
#5247=CARTESIAN_POINT('',(0.21723681821181,0.00494024238057577,0.0145735062790807));
#5248=CARTESIAN_POINT('',(-0.0518657303817531,0.00803198274384197,0.00407489653829899));
#5249=CARTESIAN_POINT('',(-0.0504516206548481,0.00803180454436765,0.00459539935295886));
#5250=CARTESIAN_POINT('',(-0.0366658065098495,0.00803482433773419,0.00951458580028211));
#5251=CARTESIAN_POINT('',(0.0205352882330255,0.00829331625093297,0.0219077338127913));
#5252=CARTESIAN_POINT('',(0.0915459532447328,0.00819969133932441,0.0240687297481736));
#5253=CARTESIAN_POINT('',(0.167908478354643,0.00602112740727808,0.0183149187272291));
#5254=CARTESIAN_POINT('',(0.217238955471215,0.00461376695079608,0.0145979352658617));
#5255=CARTESIAN_POINT('',(-0.0518887066880057,0.00790648513506549,0.00413762526316226));
#5256=CARTESIAN_POINT('',(-0.0504746257742403,0.00790628515361729,0.00465815876149908));
#5257=CARTESIAN_POINT('',(-0.036688323357724,0.00790967406737817,0.00957682523891526));
#5258=CARTESIAN_POINT('',(0.0205545670391733,0.00819976239309755,0.021925464240453));
#5259=CARTESIAN_POINT('',(0.0915339480869283,0.00807994595488341,0.0240764425659575));
#5260=CARTESIAN_POINT('',(0.167903979033582,0.00593399797881823,0.0183203725763951));
#5261=CARTESIAN_POINT('',(0.217239304948791,0.00454770755201175,0.0146019298128434));
#5262=CARTESIAN_POINT('',(-0.0519336642015325,0.00765387769666287,0.00426037040931591));
#5263=CARTESIAN_POINT('',(-0.0505196396651017,0.00765363754677611,0.00478096448677943));
#5264=CARTESIAN_POINT('',(-0.0367323818703392,0.00765770716054899,0.00969860438179042));
#5265=CARTESIAN_POINT('',(0.0205922881454698,0.00800606286653505,0.0219593687449791));
#5266=CARTESIAN_POINT('',(0.0915104736582331,0.00783742942003691,0.0240917804923874));
#5267=CARTESIAN_POINT('',(0.167895113319026,0.00575762102682223,0.0183303612698707));
#5268=CARTESIAN_POINT('',(0.217239876518263,0.00441405701815882,0.0146084628818032));
#5269=CARTESIAN_POINT('',(-0.0519556454088065,0.00752676786749372,0.00432038684366864));
#5270=CARTESIAN_POINT('',(-0.0505416484365709,0.00752650933119792,0.00484101081817239));
#5271=CARTESIAN_POINT('',(-0.0367539235350797,0.00753089052364549,0.00975814407373284));
#5272=CARTESIAN_POINT('',(0.0206107304456186,0.00790591711666145,0.0219755405024381));
#5273=CARTESIAN_POINT('',(0.0914990043873423,0.00771461950802374,0.0240994449721156));
#5274=CARTESIAN_POINT('',(0.167890746925531,0.0056683582905967,0.0183349115660687));
#5275=CARTESIAN_POINT('',(0.217240098610158,0.00434646588309021,0.0146110014037814));
#5276=CARTESIAN_POINT('',(-0.0520200667009345,0.0071431526135545,0.00449628409829489));
#5277=CARTESIAN_POINT('',(-0.0506061505110523,0.00714284438664022,0.00501699623148235));
#5278=CARTESIAN_POINT('',(-0.0368170566604316,0.00714806764330061,0.00993263553758374));
#5279=CARTESIAN_POINT('',(0.0206647782782504,0.00759517426398361,0.0220221510794135));
#5280=CARTESIAN_POINT('',(0.0914654097629824,0.00734199141332818,0.0241224823215033));
#5281=CARTESIAN_POINT('',(0.167877876838426,0.0053975236576357,0.0183475503319765));
#5282=CARTESIAN_POINT('',(0.217240616651712,0.00414139020751682,0.0146169226458297));
#5283=CARTESIAN_POINT('',(-0.0520609844560944,0.00688436078677864,0.0046080130724385));
#5284=CARTESIAN_POINT('',(-0.0506471195741389,0.00688402664687592,0.00512878195946479));
#5285=CARTESIAN_POINT('',(-0.0368571562521731,0.0068896890286848,0.0100434595070272));
#5286=CARTESIAN_POINT('',(0.020699104742919,0.00737438441323028,0.0220506492819555));
#5287=CARTESIAN_POINT('',(0.0914440975978254,0.00708804295589312,0.024137786425558));
#5288=CARTESIAN_POINT('',(0.167869602238197,0.00521293205736698,0.0183545824573547));
#5289=CARTESIAN_POINT('',(0.217240764367237,0.00400160339664443,0.0146186110420133));
#5290=CARTESIAN_POINT('',(-0.0521191977045412,0.00649210865571438,0.00476697635701811));
#5291=CARTESIAN_POINT('',(-0.0507054058167521,0.00649174527014496,0.00528782691924285));
#5292=CARTESIAN_POINT('',(-0.0369142055253708,0.00649790325313692,0.0102011203873999));
#5293=CARTESIAN_POINT('',(0.020747939069029,0.00702502170523935,0.0220898340647665));
#5294=CARTESIAN_POINT('',(0.0914137931584799,0.00669982265179439,0.0241602132856764));
#5295=CARTESIAN_POINT('',(0.16785776733274,0.00493037183085433,0.0183640542684825));
#5296=CARTESIAN_POINT('',(0.217240860849821,0.00378729997583582,0.0146197138429904));
#5297=CARTESIAN_POINT('',(-0.0521380748899747,0.00636068054687621,0.00481852575577202));
#5298=CARTESIAN_POINT('',(-0.0507243066722872,0.00636030901672055,0.00533940296713626));
#5299=CARTESIAN_POINT('',(-0.0369327052640342,0.00636660501901692,0.0102522448352254));
#5300=CARTESIAN_POINT('',(0.0207637746159169,0.00690553781393222,0.0221023019055365));
#5301=CARTESIAN_POINT('',(0.0914039689800964,0.00656919961410378,0.0241676006897218));
#5302=CARTESIAN_POINT('',(0.167853918530069,0.0048352396176652,0.0183670321427018));
#5303=CARTESIAN_POINT('',(0.217240872162232,0.00371509496814962,0.0146198431444331));
#5304=CARTESIAN_POINT('',(-0.0521747550119265,0.00609655421478704,0.00491869343053041));
#5305=CARTESIAN_POINT('',(-0.0507610327873242,0.00609616940384426,0.00543962271704799));
#5306=CARTESIAN_POINT('',(-0.036968651973777,0.00610269046422798,0.0103515821122611));
#5307=CARTESIAN_POINT('',(0.0207945443801843,0.00666088805262952,0.0221261002054358));
#5308=CARTESIAN_POINT('',(0.0913848814647538,0.00630568716165901,0.0241821243820483));
#5309=CARTESIAN_POINT('',(0.16784643305771,0.00464314757280582,0.0183727981323107));
#5310=CARTESIAN_POINT('',(0.217240881653078,0.00356914077398306,0.0146199516252982));
#5311=CARTESIAN_POINT('',(-0.052192557948595,0.0059638559921111,0.00496731170481845));
#5312=CARTESIAN_POINT('',(-0.0507788580469947,0.00596346604503746,0.00548826641714086));
#5313=CARTESIAN_POINT('',(-0.036986098944715,0.00597007414301754,0.0103997949430875));
#5314=CARTESIAN_POINT('',(0.0208094786242286,0.00653572208052418,0.0221374309693449));
#5315=CARTESIAN_POINT('',(0.0913756178538024,0.00617279879612817,0.0241892575385834));
#5316=CARTESIAN_POINT('',(0.167842797451918,0.00454618366706207,0.0183755984080887));
#5317=CARTESIAN_POINT('',(0.21724088175969,0.00349538420376025,0.0146199528438852));
#5318=CARTESIAN_POINT('',(-0.0522443257025624,0.00556398317078388,0.00510868826420212));
#5319=CARTESIAN_POINT('',(-0.050830690712301,0.00556358202789466,0.00562971731434487));
#5320=CARTESIAN_POINT('',(-0.0370368316133392,0.00557037985174082,0.0105399861011279));
#5321=CARTESIAN_POINT('',(0.0208529047977364,0.00615226817266222,0.0221697894557361));
#5322=CARTESIAN_POINT('',(0.0913486802668843,0.00577097332188222,0.024210198322574));
#5323=CARTESIAN_POINT('',(0.167832228339995,0.00425268455211781,0.0183838516059565));
#5324=CARTESIAN_POINT('',(0.217240886743895,0.00327186432249065,0.0146200098136161));
#5325=CARTESIAN_POINT('',(-0.0522766494633206,0.00529503041690761,0.00519696829156484));
#5326=CARTESIAN_POINT('',(-0.0508630550036678,0.00529462742667625,0.00571804431482875));
#5327=CARTESIAN_POINT('',(-0.0370685090673093,0.00530145655584227,0.010627517088491));
#5328=CARTESIAN_POINT('',(0.0208800200792877,0.00588602458727428,0.0221891823523282));
#5329=CARTESIAN_POINT('',(0.0913318604543168,0.00549887232218953,0.0242235577510657));
#5330=CARTESIAN_POINT('',(0.167825628976858,0.00405355558723858,0.0183891161795217));
#5331=CARTESIAN_POINT('',(0.217240889829356,0.00311987556530276,0.0146200450805923));
#5332=CARTESIAN_POINT('',(-0.0523668190434305,0.00448207562472933,0.00544324287564194));
#5333=CARTESIAN_POINT('',(-0.0509533376469812,0.00448168153498988,0.00596445124387456));
#5334=CARTESIAN_POINT('',(-0.0371568757256666,0.0044883598351675,0.0108716812810746));
#5335=CARTESIAN_POINT('',(0.0209556602110904,0.0050600170250133,0.0222413700854174));
#5336=CARTESIAN_POINT('',(0.0912849403214822,0.00467172470831875,0.0242614932517277));
#5337=CARTESIAN_POINT('',(0.167807219518656,0.00344726412282579,0.0184040639813975));
#5338=CARTESIAN_POINT('',(0.217240898373709,0.00265625800030868,0.014620142742988));
#5339=CARTESIAN_POINT('',(-0.0524178631606179,0.00393197705587789,0.00558267193434528));
#5340=CARTESIAN_POINT('',(-0.0510044457681412,0.00393160815649083,0.00610395710003069));
#5341=CARTESIAN_POINT('',(-0.0372068992265009,0.0039378595774122,0.0110098857167894));
#5342=CARTESIAN_POINT('',(0.0209984793484911,0.00447297624204306,0.0222681739652275));
#5343=CARTESIAN_POINT('',(0.0912583793060827,0.00410583347934794,0.0242839265390854));
#5344=CARTESIAN_POINT('',(0.167796798054798,0.00303119705351709,0.0184129012908881));
#5345=CARTESIAN_POINT('',(0.217240903120571,0.00233697789907213,0.0146201969998742));
#5346=CARTESIAN_POINT('',(-0.0525418888914921,0.00226542393452534,0.00592147742775637));
#5347=CARTESIAN_POINT('',(-0.0511286270142804,0.00226516911957774,0.00644295214328071));
#5348=CARTESIAN_POINT('',(-0.0373284450890763,0.00226948724953507,0.011345668621797));
#5349=CARTESIAN_POINT('',(0.0211025202253807,0.002639115743485,0.0223290003884657));
#5350=CARTESIAN_POINT('',(0.0911938420292267,0.00237924081961204,0.0243399392434572));
#5351=CARTESIAN_POINT('',(0.167771476162211,0.0017592503262827,0.0184349635938397));
#5352=CARTESIAN_POINT('',(0.217240914513041,0.00135873414639401,0.0146203272164006));
#5353=CARTESIAN_POINT('',(-0.0525857638844906,0.00113271196722602,0.00604137217976515));
#5354=CARTESIAN_POINT('',(-0.0511725570219186,0.00113258455974776,0.00656291880515619));
#5355=CARTESIAN_POINT('',(-0.0373714428108896,0.00113474362480205,0.011464416688953));
#5356=CARTESIAN_POINT('',(0.0211393254295567,0.00131955787824986,0.0223434377157012));
#5357=CARTESIAN_POINT('',(0.0911710115371125,0.00118962041602349,0.02436223150277));
#5358=CARTESIAN_POINT('',(0.16776251823247,0.000879625149048733,0.0184437389617801));
#5359=CARTESIAN_POINT('',(0.217240918310531,0.000679367045983998,0.0146203706219082));
#5360=CARTESIAN_POINT('',(-0.0525857638844906,-0.00113271196737014,0.00604137217975996));
#5361=CARTESIAN_POINT('',(-0.0511725570219186,-0.00113258455990943,0.00656291880515037));
#5362=CARTESIAN_POINT('',(-0.0373714428108896,-0.00113474362466634,0.0114644166889579));
#5363=CARTESIAN_POINT('',(0.0211393254295567,-0.00131955785265902,0.0223434377166219));
#5364=CARTESIAN_POINT('',(0.0911710115371126,-0.00118962039149657,0.0243622315024581));
#5365=CARTESIAN_POINT('',(0.16776251823247,-0.00087962520468271,0.018443738961655));
#5366=CARTESIAN_POINT('',(0.21724091831053,-0.000679367153402216,0.0146203706219037));
#5367=CARTESIAN_POINT('',(0.02965,-0.0132354631768336,0.002995));
#5368=CARTESIAN_POINT('',(0.0322166696149647,-0.0132253052870299,0.002995));
#5369=CARTESIAN_POINT('',(0.0347833631191478,-0.0132301853028026,0.002995));
#5370=CARTESIAN_POINT('',(0.03735,-0.0132463132650121,0.002995));
#5371=CARTESIAN_POINT('',(-0.0507377960842635,0.00555781238156083,0.00592696224872613));
#5372=CARTESIAN_POINT('',(-0.0510674959971408,0.00112885567028615,0.00685829389714342));
#5373=CARTESIAN_POINT('',(-0.0508997757421862,-0.00336495051839096,0.00638506289571605));
#5374=CARTESIAN_POINT('',(-0.0504463895627848,-0.00759019638052547,0.00511297071204574));
#5375=CARTESIAN_POINT('',(-0.0495983784424835,-0.0114183676875289,0.00275949835049383));
#5376=CARTESIAN_POINT('',(-0.0484329528474574,-0.0142764483723411,-0.000441956481084749));
#5377=CARTESIAN_POINT('',(-0.047412692434747,-0.0158773300163784,-0.00323746521471781));
#5378=CARTESIAN_POINT('',(-0.046324766102494,-0.0168331251486191,-0.00622354225540507));
#5379=CARTESIAN_POINT('',(-0.0451778278406791,-0.0171379007969212,-0.00938615191856006));
#5380=CARTESIAN_POINT('',(-0.0440557885911046,-0.0167726803650714,-0.012493322185739));
#5381=CARTESIAN_POINT('',(-0.0429658474238378,-0.0157916938855032,-0.0155187261477072));
#5382=CARTESIAN_POINT('',(-0.0419563604829435,-0.0142156754758658,-0.0183204739551052));
#5383=CARTESIAN_POINT('',(-0.041082128543159,-0.0121251584128164,-0.0207397874592272));
#5384=CARTESIAN_POINT('',(-0.0403561507209371,-0.00950156085334254,-0.0227376584744075));
#5385=CARTESIAN_POINT('',(-0.0398172766625699,-0.00656403146148994,-0.0242107561391309));
#5386=CARTESIAN_POINT('',(-0.039470327122762,-0.00334717537926803,-0.0251544076023374));
#5387=CARTESIAN_POINT('',(-0.0393461781197705,-3.23946971213929E-5,-0.0254910857103143));
#5388=CARTESIAN_POINT('',(-0.0394696489622547,0.00334497471402477,-0.0251562317009913));
#5389=CARTESIAN_POINT('',(-0.0398123546971006,0.00653103291005329,-0.0242242080706013));
#5390=CARTESIAN_POINT('',(-0.0403585423236852,0.00951094219721353,-0.0227310641054525));
#5391=CARTESIAN_POINT('',(-0.0410716238722426,0.0120948152796342,-0.0207687935935074));
#5392=CARTESIAN_POINT('',(-0.0419632191717555,0.0142310522630981,-0.0183015044350087));
#5393=CARTESIAN_POINT('',(-0.0432928471538939,0.0163002711849151,-0.014611049194934));
#5394=CARTESIAN_POINT('',(-0.0448109390663275,0.0172386552247382,-0.0103976625659762));
#5395=CARTESIAN_POINT('',(-0.0463205043294598,0.0168364775129613,-0.00623528866185873));
#5396=CARTESIAN_POINT('',(-0.0474284386956917,0.0158584839049211,-0.00319424713965994));
#5397=CARTESIAN_POINT('',(-0.0484301768933829,0.014280657472159,-0.000449656081429454));
#5398=CARTESIAN_POINT('',(-0.0493147475649749,0.0121104048346238,0.00198064460873251));
#5399=CARTESIAN_POINT('',(-0.0500197848263949,0.00951327857392813,0.00392819995439442));
#5400=CARTESIAN_POINT('',(-0.0507377960842635,0.00555781238156083,0.00592696224872613));
#5401=CARTESIAN_POINT('',(-0.0510674959971408,0.00112885567028615,0.00685829389714342));
#5402=CARTESIAN_POINT('',(-0.0508997757421862,-0.00336495051839096,0.00638506289571605));
#5403=CARTESIAN_POINT('',(-0.0509841142527496,-7.0368651275031E-14,0.00662293925929952));
#5404=CARTESIAN_POINT('',(0.0335,-0.025,0.002995));
#5405=CARTESIAN_POINT('',(-0.0393161803620794,0.0172426667267799,-0.0255725577123222));
#5406=CARTESIAN_POINT('',(-0.0393161803620794,-0.0172446103834914,-0.0255725577123222));
#5407=CARTESIAN_POINT('',(-0.04128969469073,0.0172426667267799,-0.0202171764840806));
#5408=CARTESIAN_POINT('',(-0.04128969469073,-0.0172446103834914,-0.0202171764840806));
#5409=CARTESIAN_POINT('',(-0.0451117441967529,0.0172426667267799,-0.00946091100256893));
#5410=CARTESIAN_POINT('',(-0.0451117441967529,-0.0172446103834914,-0.00946091100256893));
#5411=CARTESIAN_POINT('',(-0.0490746526693517,0.0172426667267799,0.00124438611641269));
#5412=CARTESIAN_POINT('',(-0.0490746526693517,-0.0172446103834914,0.00124438611641269));
#5413=CARTESIAN_POINT('',(-0.050984114252751,0.0172426667267799,0.00662293925930356));
#5414=CARTESIAN_POINT('',(-0.050984114252751,-0.0172446103834914,0.00662293925930356));
#5415=CARTESIAN_POINT('',(-0.0428385621600249,0.,-0.00856093845204626));
#5416=CARTESIAN_POINT('',(-0.0428385621600249,1.7347234759768E-18,-0.00856093845204626));
#5417=CARTESIAN_POINT('',(-0.0428385621600249,0.013,-0.00856093845204626));
#5418=CARTESIAN_POINT('',(-0.0414290232288461,0.,-0.00804790823705776));
#5419=CARTESIAN_POINT('',(-0.0414290232288461,1.7347234759768E-18,-0.00804790823705776));
#5420=CARTESIAN_POINT('',(-0.0414290232288461,0.013,-0.00804790823705776));
#5421=CARTESIAN_POINT('',(-0.0428385621600249,1.7347234759768E-18,-0.00856093845204626));
#5422=CARTESIAN_POINT('',(0.196142602501957,0.00413,-0.00853393090254417));
#5423=CARTESIAN_POINT('',(0.196142602501957,0.00413,-0.00853393090254417));
#5424=CARTESIAN_POINT('',(0.196198382177315,0.00413,-0.00789636629576545));
#5425=CARTESIAN_POINT('',(0.196142602501957,0.00349,-0.00853393090254417));
#5426=CARTESIAN_POINT('',(0.196142602501957,0.00349,-0.00853393090254417));
#5427=CARTESIAN_POINT('',(0.196198382177315,0.00413,-0.00789636629576545));
#5428=CARTESIAN_POINT('',(0.196198382177315,0.00349,-0.00789636629576545));
#5429=CARTESIAN_POINT('',(0.196198382177315,0.00349,-0.00789636629576545));
#5430=CARTESIAN_POINT('',(0.196142602501957,0.00159,-0.00853393090254417));
#5431=CARTESIAN_POINT('',(0.196142602501957,0.00159,-0.00853393090254417));
#5432=CARTESIAN_POINT('',(0.196198382177315,0.00159,-0.00789636629576545));
#5433=CARTESIAN_POINT('',(0.196142602501957,0.00095,-0.00853393090254417));
#5434=CARTESIAN_POINT('',(0.196142602501957,0.00095,-0.00853393090254417));
#5435=CARTESIAN_POINT('',(0.196198382177315,0.00159,-0.00789636629576545));
#5436=CARTESIAN_POINT('',(0.196198382177315,0.00095,-0.00789636629576545));
#5437=CARTESIAN_POINT('',(0.196198382177315,0.00095,-0.00789636629576545));
#5438=CARTESIAN_POINT('',(0.196142602501957,-0.00095,-0.00853393090254417));
#5439=CARTESIAN_POINT('',(0.196142602501957,-0.00095,-0.00853393090254417));
#5440=CARTESIAN_POINT('',(0.196198382177315,-0.00095,-0.00789636629576545));
#5441=CARTESIAN_POINT('',(0.196142602501957,-0.00159,-0.00853393090254417));
#5442=CARTESIAN_POINT('',(0.196142602501957,-0.00159,-0.00853393090254417));
#5443=CARTESIAN_POINT('',(0.196198382177315,-0.00095,-0.00789636629576545));
#5444=CARTESIAN_POINT('',(0.196198382177315,-0.00159,-0.00789636629576545));
#5445=CARTESIAN_POINT('',(0.196198382177315,-0.00159,-0.00789636629576545));
#5446=CARTESIAN_POINT('',(0.196142602501957,-0.00349,-0.00853393090254417));
#5447=CARTESIAN_POINT('',(0.196142602501957,-0.00349,-0.00853393090254417));
#5448=CARTESIAN_POINT('',(0.196198382177315,-0.00349,-0.00789636629576545));
#5449=CARTESIAN_POINT('',(0.196142602501957,-0.00413,-0.00853393090254417));
#5450=CARTESIAN_POINT('',(0.196142602501957,-0.00413,-0.00853393090254417));
#5451=CARTESIAN_POINT('',(0.196198382177315,-0.00349,-0.00789636629576545));
#5452=CARTESIAN_POINT('',(0.196198382177315,-0.00413,-0.00789636629576545));
#5453=CARTESIAN_POINT('',(0.196198382177315,-0.00413,-0.00789636629576545));
#5454=CARTESIAN_POINT('',(0.0220940280705691,0.0118307649195194,0.00275));
#5455=CARTESIAN_POINT('',(0.0220940280705691,0.0118307649195194,0.00275));
#5456=CARTESIAN_POINT('',(0.0220940280705691,0.01075,0.00275));
#5457=CARTESIAN_POINT('',(0.0220940280705691,0.01075,0.00275));
#5458=CARTESIAN_POINT('',(0.0220940280705691,0.01075,0.00175));
#5459=CARTESIAN_POINT('',(0.0220940280705691,0.0118307649195194,0.00175));
#5460=CARTESIAN_POINT('',(0.015094028070569,0.0118307649195194,0.00275));
#5461=CARTESIAN_POINT('',(0.015094028070569,0.0118307649195194,0.00275));
#5462=CARTESIAN_POINT('',(0.015094028070569,0.01075,0.00275));
#5463=CARTESIAN_POINT('',(0.015094028070569,0.0118307649195194,0.00175));
#5464=CARTESIAN_POINT('',(0.015094028070569,0.01075,0.00175));
#5465=CARTESIAN_POINT('',(0.015094028070569,0.01075,0.00275));
#5466=CARTESIAN_POINT('',(0.0451020902171731,0.000223788246512414,0.00275));
#5467=CARTESIAN_POINT('',(0.018594028070569,0.01075,0.00275));
#5468=CARTESIAN_POINT('',(0.0451020902171731,0.000223788246512414,0.00175));
#5469=CARTESIAN_POINT('',(0.018594028070569,0.01075,0.00175));
#5470=CARTESIAN_POINT('',(0.018594028070569,0.01075,0.00275));
#5471=CARTESIAN_POINT('',(0.0681101523637772,-0.011606976673007,0.00275));
#5472=CARTESIAN_POINT('',(0.0681101523637772,-0.011606976673007,0.00175));
#5473=CARTESIAN_POINT('',(0.0681101523637772,-0.01075,0.00175));
#5474=CARTESIAN_POINT('',(0.0681101523637772,-0.011606976673007,0.00275));
#5475=CARTESIAN_POINT('',(0.0681101523637772,-0.01075,0.00275));
#5476=CARTESIAN_POINT('',(0.0681101523637772,-0.01075,0.00275));
#5477=CARTESIAN_POINT('',(0.0751101523637772,-0.011606976673007,0.00275));
#5478=CARTESIAN_POINT('',(0.0751101523637772,-0.011606976673007,0.00175));
#5479=CARTESIAN_POINT('',(0.0751101523637772,-0.01075,0.00175));
#5480=CARTESIAN_POINT('',(0.0751101523637772,-0.01075,0.00275));
#5481=CARTESIAN_POINT('',(0.0751101523637772,-0.01075,0.00275));
#5482=CARTESIAN_POINT('',(0.0751101523637772,-0.011606976673007,0.00275));
#5483=CARTESIAN_POINT('',(0.0451020902171731,0.000223788246512414,0.00275));
#5484=CARTESIAN_POINT('',(0.0716101523637772,-0.01075,0.00275));
#5485=CARTESIAN_POINT('',(0.0451020902171731,0.000223788246512414,0.00175));
#5486=CARTESIAN_POINT('',(0.0716101523637772,-0.01075,0.00175));
#5487=CARTESIAN_POINT('',(0.0716101523637772,-0.01075,0.00275));
#5488=CARTESIAN_POINT('',(0.0681101523637772,0.011643023326993,0.00275));
#5489=CARTESIAN_POINT('',(0.0681101523637772,0.011643023326993,0.00275));
#5490=CARTESIAN_POINT('',(0.0681101523637772,0.01075,0.00275));
#5491=CARTESIAN_POINT('',(0.0681101523637772,0.011643023326993,0.00175));
#5492=CARTESIAN_POINT('',(0.0681101523637772,0.01075,0.00175));
#5493=CARTESIAN_POINT('',(0.0681101523637772,0.01075,0.00275));
#5494=CARTESIAN_POINT('',(0.0751101523637772,0.011643023326993,0.00275));
#5495=CARTESIAN_POINT('',(0.0751101523637772,0.011643023326993,0.00275));
#5496=CARTESIAN_POINT('',(0.0751101523637772,0.01075,0.00275));
#5497=CARTESIAN_POINT('',(0.0751101523637772,0.01075,0.00275));
#5498=CARTESIAN_POINT('',(0.0751101523637772,0.01075,0.00175));
#5499=CARTESIAN_POINT('',(0.0751101523637772,0.011643023326993,0.00175));
#5500=CARTESIAN_POINT('',(0.0451020902171731,0.000223788246512414,0.00275));
#5501=CARTESIAN_POINT('',(0.0716101523637772,0.01075,0.00275));
#5502=CARTESIAN_POINT('',(0.0451020902171731,0.000223788246512414,0.00175));
#5503=CARTESIAN_POINT('',(0.0716101523637772,0.01075,0.00175));
#5504=CARTESIAN_POINT('',(0.0716101523637772,0.01075,0.00275));
#5505=CARTESIAN_POINT('',(0.015094028070569,-0.0114192350804806,0.00275));
#5506=CARTESIAN_POINT('',(0.015094028070569,-0.0114192350804806,0.00175));
#5507=CARTESIAN_POINT('',(0.015094028070569,-0.01075,0.00175));
#5508=CARTESIAN_POINT('',(0.015094028070569,-0.0114192350804806,0.00275));
#5509=CARTESIAN_POINT('',(0.015094028070569,-0.01075,0.00275));
#5510=CARTESIAN_POINT('',(0.015094028070569,-0.01075,0.00275));
#5511=CARTESIAN_POINT('',(0.0220940280705691,-0.0114192350804806,0.00275));
#5512=CARTESIAN_POINT('',(0.0220940280705691,-0.0114192350804806,0.00175));
#5513=CARTESIAN_POINT('',(0.0220940280705691,-0.01075,0.00175));
#5514=CARTESIAN_POINT('',(0.0220940280705691,-0.01075,0.00275));
#5515=CARTESIAN_POINT('',(0.0220940280705691,-0.01075,0.00275));
#5516=CARTESIAN_POINT('',(0.0220940280705691,-0.0114192350804806,0.00275));
#5517=CARTESIAN_POINT('',(0.0451020902171731,0.000223788246512414,0.00275));
#5518=CARTESIAN_POINT('',(0.018594028070569,-0.01075,0.00275));
#5519=CARTESIAN_POINT('',(0.0451020902171731,0.000223788246512414,0.00175));
#5520=CARTESIAN_POINT('',(0.018594028070569,-0.01075,0.00175));
#5521=CARTESIAN_POINT('',(0.018594028070569,-0.01075,0.00275));
#5522=CARTESIAN_POINT('',(0.0220940280705691,0.009875,-0.003));
#5523=CARTESIAN_POINT('',(0.0220940280705691,0.009875,-0.003));
#5524=CARTESIAN_POINT('',(0.0220940280705691,0.009,-0.003));
#5525=CARTESIAN_POINT('',(0.0220940280705691,0.009875,0.));
#5526=CARTESIAN_POINT('',(0.0220940280705691,0.009,0.));
#5527=CARTESIAN_POINT('',(0.0220940280705691,0.009,-0.003));
#5528=CARTESIAN_POINT('',(0.015094028070569,0.009875,-0.003));
#5529=CARTESIAN_POINT('',(0.015094028070569,0.009875,-0.003));
#5530=CARTESIAN_POINT('',(0.015094028070569,0.009,-0.003));
#5531=CARTESIAN_POINT('',(0.015094028070569,0.009,-0.003));
#5532=CARTESIAN_POINT('',(0.015094028070569,0.009,0.));
#5533=CARTESIAN_POINT('',(0.015094028070569,0.009875,0.));
#5534=CARTESIAN_POINT('',(0.0451020902171731,0.000223788246512414,-0.003));
#5535=CARTESIAN_POINT('',(0.018594028070569,0.009,-0.003));
#5536=CARTESIAN_POINT('',(0.0451020902171731,0.000223788246512414,0.));
#5537=CARTESIAN_POINT('',(0.018594028070569,0.009,0.));
#5538=CARTESIAN_POINT('',(0.018594028070569,0.009,-0.003));
#5539=CARTESIAN_POINT('',(0.0751101523637772,-0.009875,-0.003));
#5540=CARTESIAN_POINT('',(0.0751101523637772,-0.009875,0.));
#5541=CARTESIAN_POINT('',(0.0751101523637772,-0.009,0.));
#5542=CARTESIAN_POINT('',(0.0751101523637772,-0.009875,-0.003));
#5543=CARTESIAN_POINT('',(0.0751101523637772,-0.009,-0.003));
#5544=CARTESIAN_POINT('',(0.0751101523637772,-0.009,-0.003));
#5545=CARTESIAN_POINT('',(0.0681101523637772,-0.009875,-0.003));
#5546=CARTESIAN_POINT('',(0.0681101523637772,-0.009875,0.));
#5547=CARTESIAN_POINT('',(0.0681101523637772,-0.009,0.));
#5548=CARTESIAN_POINT('',(0.0681101523637772,-0.009,-0.003));
#5549=CARTESIAN_POINT('',(0.0681101523637772,-0.009,-0.003));
#5550=CARTESIAN_POINT('',(0.0681101523637772,-0.009875,-0.003));
#5551=CARTESIAN_POINT('',(0.0451020902171731,0.000223788246512414,-0.003));
#5552=CARTESIAN_POINT('',(0.0716101523637772,-0.009,-0.003));
#5553=CARTESIAN_POINT('',(0.0451020902171731,0.000223788246512414,0.));
#5554=CARTESIAN_POINT('',(0.0716101523637772,-0.009,0.));
#5555=CARTESIAN_POINT('',(0.0716101523637772,-0.009,-0.003));
#5556=CARTESIAN_POINT('',(0.0751101523637772,0.009875,-0.003));
#5557=CARTESIAN_POINT('',(0.0751101523637772,0.009875,-0.003));
#5558=CARTESIAN_POINT('',(0.0751101523637772,0.009,-0.003));
#5559=CARTESIAN_POINT('',(0.0751101523637772,0.009875,0.));
#5560=CARTESIAN_POINT('',(0.0751101523637772,0.009,0.));
#5561=CARTESIAN_POINT('',(0.0751101523637772,0.009,-0.003));
#5562=CARTESIAN_POINT('',(0.0681101523637772,0.009875,-0.003));
#5563=CARTESIAN_POINT('',(0.0681101523637772,0.009875,-0.003));
#5564=CARTESIAN_POINT('',(0.0681101523637772,0.009,-0.003));
#5565=CARTESIAN_POINT('',(0.0681101523637772,0.009,-0.003));
#5566=CARTESIAN_POINT('',(0.0681101523637772,0.009,0.));
#5567=CARTESIAN_POINT('',(0.0681101523637772,0.009875,0.));
#5568=CARTESIAN_POINT('',(0.0451020902171731,0.000223788246512414,-0.003));
#5569=CARTESIAN_POINT('',(0.0716101523637772,0.009,-0.003));
#5570=CARTESIAN_POINT('',(0.0451020902171731,0.000223788246512414,0.));
#5571=CARTESIAN_POINT('',(0.0716101523637772,0.009,0.));
#5572=CARTESIAN_POINT('',(0.0716101523637772,0.009,-0.003));
#5573=CARTESIAN_POINT('',(0.0220940280705691,-0.0114192350804806,-0.003));
#5574=CARTESIAN_POINT('',(0.0220940280705691,-0.0114192350804806,0.));
#5575=CARTESIAN_POINT('',(0.0220940280705691,-0.009,0.));
#5576=CARTESIAN_POINT('',(0.0220940280705691,-0.0114192350804806,-0.003));
#5577=CARTESIAN_POINT('',(0.0220940280705691,-0.009,-0.003));
#5578=CARTESIAN_POINT('',(0.0220940280705691,-0.009,-0.003));
#5579=CARTESIAN_POINT('',(0.015094028070569,-0.0114192350804806,-0.003));
#5580=CARTESIAN_POINT('',(0.015094028070569,-0.0114192350804806,0.));
#5581=CARTESIAN_POINT('',(0.015094028070569,-0.009,0.));
#5582=CARTESIAN_POINT('',(0.015094028070569,-0.009,-0.003));
#5583=CARTESIAN_POINT('',(0.015094028070569,-0.009,-0.003));
#5584=CARTESIAN_POINT('',(0.015094028070569,-0.0114192350804806,-0.003));
#5585=CARTESIAN_POINT('',(0.0451020902171731,0.000223788246512414,-0.003));
#5586=CARTESIAN_POINT('',(0.018594028070569,-0.009,-0.003));
#5587=CARTESIAN_POINT('',(0.0451020902171731,0.000223788246512414,0.));
#5588=CARTESIAN_POINT('',(0.018594028070569,-0.009,0.));
#5589=CARTESIAN_POINT('',(0.018594028070569,-0.009,-0.003));
#5590=MECHANICAL_DESIGN_GEOMETRIC_PRESENTATION_REPRESENTATION('',(#1511),
#5591);
#5591=(
GEOMETRIC_REPRESENTATION_CONTEXT(3)
GLOBAL_UNCERTAINTY_ASSIGNED_CONTEXT((#5592))
GLOBAL_UNIT_ASSIGNED_CONTEXT((#5595,#5594,#5593))
REPRESENTATION_CONTEXT('Enclosure Middle','TOP_LEVEL_ASSEMBLY_PART')
);
#5592=UNCERTAINTY_MEASURE_WITH_UNIT(LENGTH_MEASURE(2.79841342771107E-5),
#5595,'DISTANCE_ACCURACY_VALUE','Maximum Tolerance applied to model');
#5593=(
NAMED_UNIT(*)
SI_UNIT($,.STERADIAN.)
SOLID_ANGLE_UNIT()
);
#5594=(
NAMED_UNIT(*)
PLANE_ANGLE_UNIT()
SI_UNIT($,.RADIAN.)
);
#5595=(
LENGTH_UNIT()
NAMED_UNIT(*)
SI_UNIT($,.METRE.)
);
#5596=PRODUCT_DEFINITION_SHAPE('','',#5597);
#5597=PRODUCT_DEFINITION('','',#5599,#5598);
#5598=PRODUCT_DEFINITION_CONTEXT('',#5605,'design');
#5599=PRODUCT_DEFINITION_FORMATION_WITH_SPECIFIED_SOURCE('','',#5601,
 .NOT_KNOWN.);
#5600=PRODUCT_RELATED_PRODUCT_CATEGORY('','',(#5601));
#5601=PRODUCT('Enclosure Middle','Enclosure Middle','Enclosure Middle',
(#5603));
#5602=PRODUCT_CATEGORY('','');
#5603=PRODUCT_CONTEXT('',#5605,'mechanical');
#5604=APPLICATION_PROTOCOL_DEFINITION('international standard',
'ap242_managed_model_based_3d_engineering',2020,#5605);
#5605=APPLICATION_CONTEXT('managed model based 3d engineering');
ENDSEC;
END-ISO-10303-21;
