ISO-10303-21;
HEADER;
/* Generated by software containing ST-Developer
 * from STEP Tools, Inc. (www.steptools.com) 
 */
/* OPTION: using custom renumber hook */

FILE_DESCRIPTION(
/* description */ ('STEP AP242 Edition 2',
'CAx-IF Rec.Pracs.---Representation and Presentation of Product Manufa
cturing Information (PMI)---4.0---2014-10-13',
'CAx-IF Rec.Pracs.---3D Tessellated Geometry---0.4---2014-09-14','2;1',
'CAx-IF Rec.Pracs.---User Defined Attributes---1.5---2016-08-15'),
/* implementation_level */ '2;1');

FILE_NAME(
/* name */ 'iWand - Enclosure Top',
/* time_stamp */ '2026-10-08T15:32:32Z',
/* author */ (''),
/* organization */ (''),
/* preprocessor_version */ 'ST-DEVELOPER v20',
/* originating_system */ 'ONSHAPE BY PTC INC, 1.221',
/* authorisation */ '  ');

FILE_SCHEMA (('AP242_MANAGED_MODEL_BASED_3D_ENGINEERING_MIM_LF { 1 0 10303 442 3 1 4 }'));
ENDSEC;

DATA;
#10=SHAPE_REPRESENTATION_RELATIONSHIP('','',#773,#11);
#11=ADVANCED_BREP_SHAPE_REPRESENTATION('',(#771),#3885);
#12=B_SPLINE_SURFACE_WITH_KNOTS('',1,3,((#983,#984,#985,#986,#987,#988,
#989,#990,#991,#992,#993,#994,#995,#996,#997,#998,#999,#1000,#1001,#1002,
#1003,#1004,#1005,#1006,#1007,#1008,#1009,#1010,#1011,#1012,#1013,#1014,
#1015,#1016,#1017,#1018,#1019,#1020,#1021,#1022,#1023,#1024,#1025,#1026,
#1027,#1028,#1029,#1030,#1031,#1032,#1033,#1034,#1035,#1036,#1037,#1038,
#1039,#1040,#1041,#1042,#1043,#1044,#1045,#1046,#1047,#1048,#1049,#1050,
#1051,#1052,#1053,#1054,#1055,#1056,#1057,#1058,#1059,#1060,#1061,#1062,
#1063,#1064,#1065,#1066,#1067),(#1068,#1069,#1070,#1071,#1072,#1073,#1074,
#1075,#1076,#1077,#1078,#1079,#1080,#1081,#1082,#1083,#1084,#1085,#1086,
#1087,#1088,#1089,#1090,#1091,#1092,#1093,#1094,#1095,#1096,#1097,#1098,
#1099,#1100,#1101,#1102,#1103,#1104,#1105,#1106,#1107,#1108,#1109,#1110,
#1111,#1112,#1113,#1114,#1115,#1116,#1117,#1118,#1119,#1120,#1121,#1122,
#1123,#1124,#1125,#1126,#1127,#1128,#1129,#1130,#1131,#1132,#1133,#1134,
#1135,#1136,#1137,#1138,#1139,#1140,#1141,#1142,#1143,#1144,#1145,#1146,
#1147,#1148,#1149,#1150,#1151,#1152)),.RULED_SURF.,.F.,.F.,.F.,(2,2),(4,
2,2,2,2,2,2,2,2,2,2,2,2,2,2,2,2,2,2,2,2,2,2,2,2,2,2,2,2,2,2,2,2,2,2,2,2,
2,2,2,3,4),(0.482097675409131,0.500000002234031),(0.207688035282007,0.209213724863112,
0.210018393035662,0.210823061208213,0.211627729380764,0.212432397553314,
0.213237065725865,0.21363939981214,0.213840566855277,0.214041733898415,
0.214846402070965,0.21524873615724,0.215449903200378,0.215651070243516,
0.216053404329791,0.216455738416066,0.216858072502342,0.217260406588616,
0.218065074761167,0.218467408847442,0.21866857589058,0.218869742933717,
0.219674411106268,0.220076745192543,0.220479079278818,0.221283747451369,
0.222088415623919,0.22369775196902,0.225307088314121,0.228525761004322,
0.230135097349424,0.231744433694524,0.238181779074928,0.244619124455331,
0.257493815216138,0.270368505976945,0.283243196737752,0.308992578259365,
0.334741959780979,0.360491341302594,0.411990104345821,0.413208605751768),
 .UNSPECIFIED.);
#13=B_SPLINE_SURFACE_WITH_KNOTS('',3,3,((#1432,#1433,#1434,#1435,#1436,
#1437,#1438,#1439,#1440,#1441,#1442,#1443,#1444),(#1445,#1446,#1447,#1448,
#1449,#1450,#1451,#1452,#1453,#1454,#1455,#1456,#1457),(#1458,#1459,#1460,
#1461,#1462,#1463,#1464,#1465,#1466,#1467,#1468,#1469,#1470),(#1471,#1472,
#1473,#1474,#1475,#1476,#1477,#1478,#1479,#1480,#1481,#1482,#1483),(#1484,
#1485,#1486,#1487,#1488,#1489,#1490,#1491,#1492,#1493,#1494,#1495,#1496),
(#1497,#1498,#1499,#1500,#1501,#1502,#1503,#1504,#1505,#1506,#1507,#1508,
#1509),(#1510,#1511,#1512,#1513,#1514,#1515,#1516,#1517,#1518,#1519,#1520,
#1521,#1522),(#1523,#1524,#1525,#1526,#1527,#1528,#1529,#1530,#1531,#1532,
#1533,#1534,#1535),(#1536,#1537,#1538,#1539,#1540,#1541,#1542,#1543,#1544,
#1545,#1546,#1547,#1548),(#1549,#1550,#1551,#1552,#1553,#1554,#1555,#1556,
#1557,#1558,#1559,#1560,#1561),(#1562,#1563,#1564,#1565,#1566,#1567,#1568,
#1569,#1570,#1571,#1572,#1573,#1574),(#1575,#1576,#1577,#1578,#1579,#1580,
#1581,#1582,#1583,#1584,#1585,#1586,#1587),(#1588,#1589,#1590,#1591,#1592,
#1593,#1594,#1595,#1596,#1597,#1598,#1599,#1600),(#1601,#1602,#1603,#1604,
#1605,#1606,#1607,#1608,#1609,#1610,#1611,#1612,#1613),(#1614,#1615,#1616,
#1617,#1618,#1619,#1620,#1621,#1622,#1623,#1624,#1625,#1626),(#1627,#1628,
#1629,#1630,#1631,#1632,#1633,#1634,#1635,#1636,#1637,#1638,#1639),(#1640,
#1641,#1642,#1643,#1644,#1645,#1646,#1647,#1648,#1649,#1650,#1651,#1652),
(#1653,#1654,#1655,#1656,#1657,#1658,#1659,#1660,#1661,#1662,#1663,#1664,
#1665),(#1666,#1667,#1668,#1669,#1670,#1671,#1672,#1673,#1674,#1675,#1676,
#1677,#1678),(#1679,#1680,#1681,#1682,#1683,#1684,#1685,#1686,#1687,#1688,
#1689,#1690,#1691),(#1692,#1693,#1694,#1695,#1696,#1697,#1698,#1699,#1700,
#1701,#1702,#1703,#1704),(#1705,#1706,#1707,#1708,#1709,#1710,#1711,#1712,
#1713,#1714,#1715,#1716,#1717),(#1718,#1719,#1720,#1721,#1722,#1723,#1724,
#1725,#1726,#1727,#1728,#1729,#1730),(#1731,#1732,#1733,#1734,#1735,#1736,
#1737,#1738,#1739,#1740,#1741,#1742,#1743),(#1744,#1745,#1746,#1747,#1748,
#1749,#1750,#1751,#1752,#1753,#1754,#1755,#1756),(#1757,#1758,#1759,#1760,
#1761,#1762,#1763,#1764,#1765,#1766,#1767,#1768,#1769),(#1770,#1771,#1772,
#1773,#1774,#1775,#1776,#1777,#1778,#1779,#1780,#1781,#1782),(#1783,#1784,
#1785,#1786,#1787,#1788,#1789,#1790,#1791,#1792,#1793,#1794,#1795),(#1796,
#1797,#1798,#1799,#1800,#1801,#1802,#1803,#1804,#1805,#1806,#1807,#1808),
(#1809,#1810,#1811,#1812,#1813,#1814,#1815,#1816,#1817,#1818,#1819,#1820,
#1821),(#1822,#1823,#1824,#1825,#1826,#1827,#1828,#1829,#1830,#1831,#1832,
#1833,#1834),(#1835,#1836,#1837,#1838,#1839,#1840,#1841,#1842,#1843,#1844,
#1845,#1846,#1847),(#1848,#1849,#1850,#1851,#1852,#1853,#1854,#1855,#1856,
#1857,#1858,#1859,#1860)),.UNSPECIFIED.,.F.,.F.,.F.,(4,1,1,1,1,1,1,1,1,
1,1,1,1,1,1,1,1,1,1,1,1,1,1,1,1,1,1,1,1,1,4),(4,1,1,1,1,1,1,1,1,1,4),(0.758061447947251,
0.788303766850789,0.803424926302557,0.818546085754326,0.833667245206095,
0.848788404657864,0.863909564109633,0.879030723561402,0.89415188301317,
0.909273042464939,0.924394201916708,0.939515361368477,0.954636520820246,
0.969757680272015,0.984878839723783,0.999999999175552,1.01512115862732,
1.03024231807909,1.04536347753086,1.06048463698263,1.0756057964344,1.09072695588617,
1.10584811533793,1.1209692747897,1.13609043424147,1.15121159369324,1.16633275314501,
1.18145391259678,1.19657507204855,1.21169623150032,1.24193855040385),(0.234045586815062,
0.330413935041498,0.378598109154716,0.426782283267934,0.474966457381152,
0.523150631494369,0.571334805607587,0.635580371091878,0.715887327947241,
0.812255676173677,1.00499237262655),.UNSPECIFIED.);
#14=B_SPLINE_SURFACE_WITH_KNOTS('',3,3,((#1983,#1984,#1985,#1986,#1987),
(#1988,#1989,#1990,#1991,#1992),(#1993,#1994,#1995,#1996,#1997),(#1998,
#1999,#2000,#2001,#2002),(#2003,#2004,#2005,#2006,#2007),(#2008,#2009,#2010,
#2011,#2012),(#2013,#2014,#2015,#2016,#2017),(#2018,#2019,#2020,#2021,#2022),
(#2023,#2024,#2025,#2026,#2027),(#2028,#2029,#2030,#2031,#2032),(#2033,
#2034,#2035,#2036,#2037),(#2038,#2039,#2040,#2041,#2042),(#2043,#2044,#2045,
#2046,#2047),(#2048,#2049,#2050,#2051,#2052),(#2053,#2054,#2055,#2056,#2057),
(#2058,#2059,#2060,#2061,#2062),(#2063,#2064,#2065,#2066,#2067),(#2068,
#2069,#2070,#2071,#2072),(#2073,#2074,#2075,#2076,#2077),(#2078,#2079,#2080,
#2081,#2082),(#2083,#2084,#2085,#2086,#2087),(#2088,#2089,#2090,#2091,#2092),
(#2093,#2094,#2095,#2096,#2097),(#2098,#2099,#2100,#2101,#2102),(#2103,
#2104,#2105,#2106,#2107),(#2108,#2109,#2110,#2111,#2112),(#2113,#2114,#2115,
#2116,#2117),(#2118,#2119,#2120,#2121,#2122),(#2123,#2124,#2125,#2126,#2127),
(#2128,#2129,#2130,#2131,#2132),(#2133,#2134,#2135,#2136,#2137),(#2138,
#2139,#2140,#2141,#2142),(#2143,#2144,#2145,#2146,#2147),(#2148,#2149,#2150,
#2151,#2152),(#2153,#2154,#2155,#2156,#2157),(#2158,#2159,#2160,#2161,#2162),
(#2163,#2164,#2165,#2166,#2167),(#2168,#2169,#2170,#2171,#2172),(#2173,
#2174,#2175,#2176,#2177),(#2178,#2179,#2180,#2181,#2182),(#2183,#2184,#2185,
#2186,#2187),(#2188,#2189,#2190,#2191,#2192),(#2193,#2194,#2195,#2196,#2197),
(#2198,#2199,#2200,#2201,#2202),(#2203,#2204,#2205,#2206,#2207),(#2208,
#2209,#2210,#2211,#2212),(#2213,#2214,#2215,#2216,#2217),(#2218,#2219,#2220,
#2221,#2222),(#2223,#2224,#2225,#2226,#2227),(#2228,#2229,#2230,#2231,#2232),
(#2233,#2234,#2235,#2236,#2237),(#2238,#2239,#2240,#2241,#2242),(#2243,
#2244,#2245,#2246,#2247),(#2248,#2249,#2250,#2251,#2252),(#2253,#2254,#2255,
#2256,#2257),(#2258,#2259,#2260,#2261,#2262),(#2263,#2264,#2265,#2266,#2267),
(#2268,#2269,#2270,#2271,#2272),(#2273,#2274,#2275,#2276,#2277),(#2278,
#2279,#2280,#2281,#2282),(#2283,#2284,#2285,#2286,#2287),(#2288,#2289,#2290,
#2291,#2292),(#2293,#2294,#2295,#2296,#2297),(#2298,#2299,#2300,#2301,#2302),
(#2303,#2304,#2305,#2306,#2307),(#2308,#2309,#2310,#2311,#2312),(#2313,
#2314,#2315,#2316,#2317),(#2318,#2319,#2320,#2321,#2322),(#2323,#2324,#2325,
#2326,#2327),(#2328,#2329,#2330,#2331,#2332),(#2333,#2334,#2335,#2336,#2337),
(#2338,#2339,#2340,#2341,#2342),(#2343,#2344,#2345,#2346,#2347),(#2348,
#2349,#2350,#2351,#2352),(#2353,#2354,#2355,#2356,#2357),(#2358,#2359,#2360,
#2361,#2362),(#2363,#2364,#2365,#2366,#2367),(#2368,#2369,#2370,#2371,#2372),
(#2373,#2374,#2375,#2376,#2377),(#2378,#2379,#2380,#2381,#2382),(#2383,
#2384,#2385,#2386,#2387),(#2388,#2389,#2390,#2391,#2392),(#2393,#2394,#2395,
#2396,#2397),(#2398,#2399,#2400,#2401,#2402),(#2403,#2404,#2405,#2406,#2407),
(#2408,#2409,#2410,#2411,#2412),(#2413,#2414,#2415,#2416,#2417),(#2418,
#2419,#2420,#2421,#2422),(#2423,#2424,#2425,#2426,#2427),(#2428,#2429,#2430,
#2431,#2432),(#2433,#2434,#2435,#2436,#2437),(#2438,#2439,#2440,#2441,#2442),
(#2443,#2444,#2445,#2446,#2447),(#2448,#2449,#2450,#2451,#2452),(#2453,
#2454,#2455,#2456,#2457)),.UNSPECIFIED.,.F.,.F.,.F.,(4,2,2,2,2,2,2,2,2,
2,2,2,2,2,2,2,2,2,2,2,2,2,2,3,2,2,2,2,2,2,2,2,2,2,2,2,2,2,2,2,2,2,2,2,2,
2,4),(4,1,4),(0.746924681771157,0.75,0.78125,0.8125,0.828125,0.8359375,
0.837890625,0.83984375,0.84375,0.8515625,0.85546875,0.859375,0.8671875,
0.875,0.90625,0.921875,0.92578125,0.9296875,0.9375,0.94140625,0.9453125,
0.953125,0.96875,1.,1.03125,1.046875,1.0546875,1.05859375,1.0625,1.0703125,
1.07421875,1.078125,1.09375,1.125,1.1328125,1.140625,1.14453125,1.1484375,
1.15625,1.16015625,1.162109375,1.1640625,1.171875,1.1875,1.21875,1.25,1.25307531658189),
(0.200042051767102,0.471251591356163,1.),.UNSPECIFIED.);
#15=B_SPLINE_SURFACE_WITH_KNOTS('',1,3,((#2558,#2559,#2560,#2561,#2562,
#2563,#2564,#2565,#2566,#2567,#2568,#2569,#2570,#2571,#2572,#2573,#2574,
#2575,#2576,#2577,#2578,#2579,#2580,#2581,#2582,#2583,#2584,#2585,#2586,
#2587,#2588,#2589,#2590,#2591,#2592,#2593,#2594,#2595,#2596,#2597,#2598,
#2599,#2600,#2601,#2602,#2603,#2604,#2605,#2606,#2607,#2608,#2609,#2610,
#2611,#2612,#2613,#2614,#2615,#2616,#2617,#2618,#2619,#2620,#2621,#2622,
#2623,#2624,#2625,#2626,#2627,#2628,#2629,#2630,#2631,#2632,#2633,#2634,
#2635,#2636,#2637,#2638,#2639,#2640,#2641,#2642,#2643,#2644,#2645,#2646,
#2647,#2648,#2649,#2650,#2651,#2652,#2653,#2654,#2655,#2656,#2657,#2658,
#2659,#2660,#2661,#2662,#2663,#2664,#2665,#2666,#2667,#2668,#2669,#2670,
#2671,#2672,#2673,#2674,#2675,#2676,#2677,#2678,#2679,#2680,#2681,#2682,
#2683,#2684,#2685,#2686,#2687,#2688,#2689,#2690,#2691,#2692,#2693,#2694,
#2695,#2696,#2697,#2698,#2699,#2700,#2701,#2702,#2703),(#2704,#2705,#2706,
#2707,#2708,#2709,#2710,#2711,#2712,#2713,#2714,#2715,#2716,#2717,#2718,
#2719,#2720,#2721,#2722,#2723,#2724,#2725,#2726,#2727,#2728,#2729,#2730,
#2731,#2732,#2733,#2734,#2735,#2736,#2737,#2738,#2739,#2740,#2741,#2742,
#2743,#2744,#2745,#2746,#2747,#2748,#2749,#2750,#2751,#2752,#2753,#2754,
#2755,#2756,#2757,#2758,#2759,#2760,#2761,#2762,#2763,#2764,#2765,#2766,
#2767,#2768,#2769,#2770,#2771,#2772,#2773,#2774,#2775,#2776,#2777,#2778,
#2779,#2780,#2781,#2782,#2783,#2784,#2785,#2786,#2787,#2788,#2789,#2790,
#2791,#2792,#2793,#2794,#2795,#2796,#2797,#2798,#2799,#2800,#2801,#2802,
#2803,#2804,#2805,#2806,#2807,#2808,#2809,#2810,#2811,#2812,#2813,#2814,
#2815,#2816,#2817,#2818,#2819,#2820,#2821,#2822,#2823,#2824,#2825,#2826,
#2827,#2828,#2829,#2830,#2831,#2832,#2833,#2834,#2835,#2836,#2837,#2838,
#2839,#2840,#2841,#2842,#2843,#2844,#2845,#2846,#2847,#2848,#2849)),
 .RULED_SURF.,.F.,.F.,.F.,(2,2),(4,3,2,2,2,2,2,2,2,2,2,2,2,2,2,2,2,2,2,
2,2,2,2,2,2,2,2,2,2,2,2,2,2,2,2,2,2,2,2,2,2,2,2,2,2,2,2,2,2,2,2,2,2,2,2,
2,2,2,2,2,2,2,2,2,2,2,2,2,2,2,3,4),(0.478643243263768,0.500000000000422),
(-0.00246328275223638,0.,0.051158248720664,0.076737373080996,0.102316497441328,
0.12789562180166,0.140685183981826,0.153474746161992,0.166264308342158,
0.172659089432241,0.179053870522324,0.182251261067365,0.185448651612407,
0.188646042157448,0.190244737429969,0.191044085066229,0.19184343270249,
0.192642780338751,0.193442127975011,0.194241475611271,0.194641149429401,
0.195040823247531,0.195440497065661,0.195840170883792,0.196239844701922,
0.196639518520052,0.197438866156313,0.198238213792573,0.199037561428833,
0.199836909065093,0.200636256701354,0.201435604337614,0.203034299610135,
0.203833647246395,0.204632994882656,0.206231690155177,0.207031037791437,
0.207830385427698,0.208629733063958,0.209429080700218,0.210228428336478,
0.211027775972739,0.211427449790869,0.211827123608999,0.212226797427129,
0.212626471245259,0.21302614506339,0.21342581888152,0.21382549269965,0.214225166517781,
0.214624840335911,0.215024514154041,0.215424187972171,0.215823861790301,
0.216623209426562,0.217422557062822,0.219021252335343,0.220619947607864,
0.223817338152905,0.227014728697947,0.230212119242988,0.236606900333071,
0.243001681423154,0.25579124360332,0.262186024693403,0.268580805783486,
0.281370367963652,0.306949492323984,0.332528616684316,0.358107741044648,
0.409265989765312,0.411729298491168),.UNSPECIFIED.);
#16=B_SPLINE_SURFACE_WITH_KNOTS('',1,3,((#3027,#3028,#3029,#3030,#3031,
#3032,#3033,#3034,#3035,#3036,#3037,#3038,#3039,#3040,#3041,#3042,#3043,
#3044,#3045,#3046,#3047,#3048,#3049,#3050,#3051,#3052,#3053,#3054,#3055,
#3056,#3057,#3058,#3059,#3060,#3061,#3062,#3063,#3064,#3065,#3066,#3067,
#3068,#3069,#3070,#3071,#3072,#3073,#3074,#3075,#3076,#3077,#3078,#3079,
#3080,#3081,#3082,#3083,#3084,#3085,#3086,#3087,#3088,#3089,#3090,#3091,
#3092,#3093,#3094,#3095,#3096,#3097,#3098,#3099,#3100,#3101,#3102,#3103,
#3104,#3105,#3106,#3107,#3108,#3109,#3110,#3111,#3112,#3113),(#3114,#3115,
#3116,#3117,#3118,#3119,#3120,#3121,#3122,#3123,#3124,#3125,#3126,#3127,
#3128,#3129,#3130,#3131,#3132,#3133,#3134,#3135,#3136,#3137,#3138,#3139,
#3140,#3141,#3142,#3143,#3144,#3145,#3146,#3147,#3148,#3149,#3150,#3151,
#3152,#3153,#3154,#3155,#3156,#3157,#3158,#3159,#3160,#3161,#3162,#3163,
#3164,#3165,#3166,#3167,#3168,#3169,#3170,#3171,#3172,#3173,#3174,#3175,
#3176,#3177,#3178,#3179,#3180,#3181,#3182,#3183,#3184,#3185,#3186,#3187,
#3188,#3189,#3190,#3191,#3192,#3193,#3194,#3195,#3196,#3197,#3198,#3199,
#3200)),.RULED_SURF.,.F.,.F.,.F.,(2,2),(4,3,2,2,2,2,2,2,2,2,2,2,2,2,2,2,
2,2,2,2,2,2,2,2,2,2,2,2,2,2,2,2,2,2,2,2,2,2,2,2,2,2,4),(0.482097675408875,
0.5),(-0.00121739354747793,0.,0.0514987630432276,0.0772481445648414,0.102997526086455,
0.128746907608069,0.141621598368876,0.154496289129683,0.16737097989049,
0.173808325270893,0.177026997961095,0.180245670651296,0.183464343341498,
0.1866830160317,0.188292352376801,0.189097020549351,0.189901688721902,0.190706356894453,
0.191108690980727,0.191511025067002,0.192315693239553,0.192718027325829,
0.192919194368966,0.193120361412104,0.193925029584654,0.194327363670929,
0.194729697757205,0.195132031843479,0.195333198886617,0.195534365929755,
0.19593670001603,0.196339034102305,0.196741368188581,0.197143702274856,
0.197948370447406,0.198753038619956,0.199557706792507,0.200362374965057,
0.201167043137608,0.201971711310159,0.202776379482709,0.203581047655259,
0.204116318122835),.UNSPECIFIED.);
#17=B_SPLINE_SURFACE_WITH_KNOTS('',1,3,((#3231,#3232,#3233,#3234,#3235,
#3236,#3237,#3238,#3239,#3240,#3241,#3242,#3243,#3244,#3245,#3246,#3247,
#3248,#3249,#3250,#3251,#3252,#3253,#3254,#3255,#3256,#3257,#3258,#3259,
#3260,#3261,#3262,#3263,#3264,#3265,#3266,#3267,#3268,#3269,#3270,#3271,
#3272,#3273,#3274,#3275,#3276,#3277,#3278,#3279,#3280,#3281,#3282,#3283,
#3284,#3285,#3286,#3287,#3288,#3289,#3290,#3291,#3292,#3293,#3294,#3295,
#3296,#3297,#3298,#3299,#3300,#3301,#3302,#3303,#3304,#3305,#3306,#3307,
#3308,#3309,#3310,#3311,#3312,#3313,#3314,#3315,#3316,#3317,#3318,#3319,
#3320,#3321,#3322,#3323,#3324,#3325,#3326,#3327,#3328,#3329,#3330,#3331,
#3332,#3333,#3334,#3335,#3336,#3337,#3338,#3339,#3340,#3341,#3342,#3343,
#3344,#3345,#3346,#3347,#3348,#3349,#3350,#3351,#3352,#3353,#3354,#3355,
#3356,#3357,#3358,#3359,#3360,#3361,#3362,#3363,#3364,#3365,#3366,#3367,
#3368,#3369,#3370,#3371,#3372,#3373,#3374,#3375,#3376),(#3377,#3378,#3379,
#3380,#3381,#3382,#3383,#3384,#3385,#3386,#3387,#3388,#3389,#3390,#3391,
#3392,#3393,#3394,#3395,#3396,#3397,#3398,#3399,#3400,#3401,#3402,#3403,
#3404,#3405,#3406,#3407,#3408,#3409,#3410,#3411,#3412,#3413,#3414,#3415,
#3416,#3417,#3418,#3419,#3420,#3421,#3422,#3423,#3424,#3425,#3426,#3427,
#3428,#3429,#3430,#3431,#3432,#3433,#3434,#3435,#3436,#3437,#3438,#3439,
#3440,#3441,#3442,#3443,#3444,#3445,#3446,#3447,#3448,#3449,#3450,#3451,
#3452,#3453,#3454,#3455,#3456,#3457,#3458,#3459,#3460,#3461,#3462,#3463,
#3464,#3465,#3466,#3467,#3468,#3469,#3470,#3471,#3472,#3473,#3474,#3475,
#3476,#3477,#3478,#3479,#3480,#3481,#3482,#3483,#3484,#3485,#3486,#3487,
#3488,#3489,#3490,#3491,#3492,#3493,#3494,#3495,#3496,#3497,#3498,#3499,
#3500,#3501,#3502,#3503,#3504,#3505,#3506,#3507,#3508,#3509,#3510,#3511,
#3512,#3513,#3514,#3515,#3516,#3517,#3518,#3519,#3520,#3521,#3522)),
 .RULED_SURF.,.F.,.F.,.F.,(2,2),(4,3,2,2,2,2,2,2,2,2,2,2,2,2,2,2,2,2,2,
2,2,2,2,2,2,2,2,2,2,2,2,2,2,2,2,2,2,2,2,2,2,2,2,2,2,2,2,2,2,2,2,2,2,2,2,
2,2,2,2,2,2,2,2,2,2,2,2,2,2,2,3,4),(0.478643243263325,0.500000000000074),
(-0.00246328275223659,0.,0.051158248720664,0.076737373080996,0.102316497441328,
0.12789562180166,0.140685183981826,0.153474746161992,0.166264308342158,
0.172659089432241,0.179053870522324,0.182251261067365,0.185448651612407,
0.188646042157448,0.190244737429969,0.191044085066229,0.19184343270249,
0.192642780338751,0.193442127975011,0.194241475611271,0.194641149429401,
0.195040823247531,0.195440497065661,0.195840170883792,0.196239844701922,
0.196639518520052,0.197438866156313,0.198238213792573,0.199037561428833,
0.199836909065093,0.200636256701354,0.201435604337614,0.203034299610135,
0.203833647246395,0.204632994882656,0.206231690155177,0.207031037791437,
0.207830385427698,0.208629733063958,0.209429080700218,0.210228428336478,
0.211027775972739,0.211427449790869,0.211827123608999,0.212226797427129,
0.212626471245259,0.21302614506339,0.21342581888152,0.21382549269965,0.214225166517781,
0.214624840335911,0.215024514154041,0.215424187972171,0.215823861790301,
0.216623209426562,0.217422557062822,0.219021252335343,0.220619947607864,
0.223817338152905,0.227014728697947,0.230212119242988,0.236606900333071,
0.243001681423154,0.25579124360332,0.262186024693403,0.268580805783486,
0.281370367963652,0.306949492323984,0.332528616684316,0.358107741044648,
0.409265989765312,0.411729298491168),.UNSPECIFIED.);
#18=B_SPLINE_SURFACE_WITH_KNOTS('',3,1,((#3629,#3630),(#3631,#3632),(#3633,
#3634),(#3635,#3636),(#3637,#3638),(#3639,#3640),(#3641,#3642),(#3643,#3644),
(#3645,#3646),(#3647,#3648),(#3649,#3650),(#3651,#3652),(#3653,#3654),(#3655,
#3656),(#3657,#3658),(#3659,#3660),(#3661,#3662),(#3663,#3664),(#3665,#3666),
(#3667,#3668),(#3669,#3670),(#3671,#3672),(#3673,#3674),(#3675,#3676),(#3677,
#3678),(#3679,#3680),(#3681,#3682),(#3683,#3684),(#3685,#3686),(#3687,#3688),
(#3689,#3690),(#3691,#3692),(#3693,#3694),(#3695,#3696),(#3697,#3698),(#3699,
#3700),(#3701,#3702),(#3703,#3704),(#3705,#3706),(#3707,#3708),(#3709,#3710),
(#3711,#3712),(#3713,#3714),(#3715,#3716),(#3717,#3718),(#3719,#3720),(#3721,
#3722),(#3723,#3724),(#3725,#3726),(#3727,#3728),(#3729,#3730),(#3731,#3732),
(#3733,#3734),(#3735,#3736),(#3737,#3738)),.SURF_OF_LINEAR_EXTRUSION.,.F.,
 .F.,.F.,(4,1,1,1,1,1,1,1,1,1,1,1,1,1,1,1,1,1,1,1,1,1,1,1,1,1,1,1,1,1,1,
1,1,1,1,1,1,1,1,1,1,1,1,1,1,1,1,1,1,1,1,1,4),(2,2),(0.00165925942958037,
0.027415243825461,0.0531712282213416,0.0789272126172222,0.0918052048151625,
0.104683197013103,0.117561189211043,0.130439181408983,0.143317173606924,
0.149756169705894,0.156195165804864,0.162634161903834,0.169073158002804,
0.175512154101774,0.17873165215126,0.181951150200745,0.18517064825023,0.188390146299715,
0.1916096443492,0.193219393373942,0.194829142398685,0.196438891423427,0.19804864044817,
0.199658389472913,0.201268138497655,0.20448763654714,0.207707134596625,
0.21092663264611,0.214146130695595,0.215755879720338,0.21736562874508,0.218975377769823,
0.220585126794565,0.222194875819308,0.223804624844051,0.227024122893536,
0.230243620943021,0.233463118992506,0.236682617041991,0.239902115091476,
0.246341111190446,0.252780107289416,0.259219103388386,0.265658099487357,
0.272097095586327,0.284975087784267,0.297853079982207,0.310731072180148,
0.323609064378088,0.336487056576028,0.362243040971909,0.387999025367789,
0.41375500976367),(0.,1.),.UNSPECIFIED.);
#19=B_SPLINE_SURFACE_WITH_KNOTS('',3,3,((#3864,#3865,#3866,#3867),(#3868,
#3869,#3870,#3871),(#3872,#3873,#3874,#3875),(#3876,#3877,#3878,#3879),
(#3880,#3881,#3882,#3883)),.UNSPECIFIED.,.F.,.F.,.F.,(4,1,4),(4,4),(0.972988668000857,
1.0000000000596,1.02701133211835),(0.203110227789144,0.232794484274157),
 .UNSPECIFIED.);
#20=CIRCLE('',#778,0.0107524036181829);
#21=CYLINDRICAL_SURFACE('',#777,0.0107524036181829);
#22=CYLINDRICAL_SURFACE('',#789,0.00675);
#23=LINE('',#946,#91);
#24=LINE('',#948,#92);
#25=LINE('',#955,#93);
#26=LINE('',#957,#94);
#27=LINE('',#959,#95);
#28=LINE('',#967,#96);
#29=LINE('',#969,#97);
#30=LINE('',#976,#98);
#31=LINE('',#1297,#99);
#32=LINE('',#1299,#100);
#33=LINE('',#1302,#101);
#34=LINE('',#1304,#102);
#35=LINE('',#1306,#103);
#36=LINE('',#1307,#104);
#37=LINE('',#1310,#105);
#38=LINE('',#1312,#106);
#39=LINE('',#1314,#107);
#40=LINE('',#1348,#108);
#41=LINE('',#1349,#109);
#42=LINE('',#1352,#110);
#43=LINE('',#1354,#111);
#44=LINE('',#1356,#112);
#45=LINE('',#1357,#113);
#46=LINE('',#1360,#114);
#47=LINE('',#1362,#115);
#48=LINE('',#1364,#116);
#49=LINE('',#1366,#117);
#50=LINE('',#1400,#118);
#51=LINE('',#1403,#119);
#52=LINE('',#1405,#120);
#53=LINE('',#1407,#121);
#54=LINE('',#1408,#122);
#55=LINE('',#1411,#123);
#56=LINE('',#1413,#124);
#57=LINE('',#1415,#125);
#58=LINE('',#1416,#126);
#59=LINE('',#1419,#127);
#60=LINE('',#1421,#128);
#61=LINE('',#1423,#129);
#62=LINE('',#1424,#130);
#63=LINE('',#1427,#131);
#64=LINE('',#1429,#132);
#65=LINE('',#1431,#133);
#66=LINE('',#2942,#134);
#67=LINE('',#2944,#135);
#68=LINE('',#2972,#136);
#69=LINE('',#3026,#137);
#70=LINE('',#3532,#138);
#71=LINE('',#3534,#139);
#72=LINE('',#3536,#140);
#73=LINE('',#3537,#141);
#74=LINE('',#3539,#142);
#75=LINE('',#3833,#143);
#76=LINE('',#3834,#144);
#77=LINE('',#3836,#145);
#78=LINE('',#3838,#146);
#79=LINE('',#3841,#147);
#80=LINE('',#3842,#148);
#81=LINE('',#3844,#149);
#82=LINE('',#3846,#150);
#83=LINE('',#3849,#151);
#84=LINE('',#3850,#152);
#85=LINE('',#3852,#153);
#86=LINE('',#3854,#154);
#87=LINE('',#3857,#155);
#88=LINE('',#3858,#156);
#89=LINE('',#3860,#157);
#90=LINE('',#3862,#158);
#91=VECTOR('',#810,1.);
#92=VECTOR('',#811,1.);
#93=VECTOR('',#812,1.);
#94=VECTOR('',#813,1.);
#95=VECTOR('',#816,1.);
#96=VECTOR('',#817,1.);
#97=VECTOR('',#818,1.);
#98=VECTOR('',#819,1.);
#99=VECTOR('',#826,1.);
#100=VECTOR('',#829,1.);
#101=VECTOR('',#830,1.);
#102=VECTOR('',#831,1.);
#103=VECTOR('',#832,1.);
#104=VECTOR('',#833,1.);
#105=VECTOR('',#834,1.);
#106=VECTOR('',#835,1.);
#107=VECTOR('',#836,1.);
#108=VECTOR('',#837,1.);
#109=VECTOR('',#838,1.);
#110=VECTOR('',#839,1.);
#111=VECTOR('',#840,1.);
#112=VECTOR('',#841,1.);
#113=VECTOR('',#842,1.);
#114=VECTOR('',#843,1.);
#115=VECTOR('',#844,1.);
#116=VECTOR('',#845,1.);
#117=VECTOR('',#848,1.);
#118=VECTOR('',#849,1.);
#119=VECTOR('',#850,1.);
#120=VECTOR('',#851,1.);
#121=VECTOR('',#852,1.);
#122=VECTOR('',#853,1.);
#123=VECTOR('',#854,1.);
#124=VECTOR('',#855,1.);
#125=VECTOR('',#856,1.);
#126=VECTOR('',#857,1.);
#127=VECTOR('',#858,1.);
#128=VECTOR('',#859,1.);
#129=VECTOR('',#860,1.);
#130=VECTOR('',#861,1.);
#131=VECTOR('',#862,1.);
#132=VECTOR('',#863,1.);
#133=VECTOR('',#864,1.);
#134=VECTOR('',#867,1.);
#135=VECTOR('',#870,1.);
#136=VECTOR('',#873,1.);
#137=VECTOR('',#874,1.);
#138=VECTOR('',#877,1.);
#139=VECTOR('',#878,1.);
#140=VECTOR('',#879,1.);
#141=VECTOR('',#880,1.);
#142=VECTOR('',#881,1.);
#143=VECTOR('',#892,1.);
#144=VECTOR('',#893,1.);
#145=VECTOR('',#896,1.);
#146=VECTOR('',#899,1.);
#147=VECTOR('',#904,1.);
#148=VECTOR('',#905,1.);
#149=VECTOR('',#908,1.);
#150=VECTOR('',#911,1.);
#151=VECTOR('',#916,1.);
#152=VECTOR('',#917,1.);
#153=VECTOR('',#920,1.);
#154=VECTOR('',#923,1.);
#155=VECTOR('',#928,1.);
#156=VECTOR('',#929,1.);
#157=VECTOR('',#932,1.);
#158=VECTOR('',#935,1.);
#159=ORIENTED_EDGE('',*,*,#375,.F.);
#160=ORIENTED_EDGE('',*,*,#376,.T.);
#161=ORIENTED_EDGE('',*,*,#377,.T.);
#162=ORIENTED_EDGE('',*,*,#378,.T.);
#163=ORIENTED_EDGE('',*,*,#379,.F.);
#164=ORIENTED_EDGE('',*,*,#380,.T.);
#165=ORIENTED_EDGE('',*,*,#381,.F.);
#166=ORIENTED_EDGE('',*,*,#382,.T.);
#167=ORIENTED_EDGE('',*,*,#383,.F.);
#168=ORIENTED_EDGE('',*,*,#384,.T.);
#169=ORIENTED_EDGE('',*,*,#385,.F.);
#170=ORIENTED_EDGE('',*,*,#386,.F.);
#171=ORIENTED_EDGE('',*,*,#376,.F.);
#172=ORIENTED_EDGE('',*,*,#387,.T.);
#173=ORIENTED_EDGE('',*,*,#381,.T.);
#174=ORIENTED_EDGE('',*,*,#388,.F.);
#175=ORIENTED_EDGE('',*,*,#378,.F.);
#176=ORIENTED_EDGE('',*,*,#389,.F.);
#177=ORIENTED_EDGE('',*,*,#390,.F.);
#178=ORIENTED_EDGE('',*,*,#391,.T.);
#179=ORIENTED_EDGE('',*,*,#392,.T.);
#180=ORIENTED_EDGE('',*,*,#379,.T.);
#181=ORIENTED_EDGE('',*,*,#391,.F.);
#182=ORIENTED_EDGE('',*,*,#393,.F.);
#183=ORIENTED_EDGE('',*,*,#394,.F.);
#184=ORIENTED_EDGE('',*,*,#395,.F.);
#185=ORIENTED_EDGE('',*,*,#396,.F.);
#186=ORIENTED_EDGE('',*,*,#397,.F.);
#187=ORIENTED_EDGE('',*,*,#398,.F.);
#188=ORIENTED_EDGE('',*,*,#399,.F.);
#189=ORIENTED_EDGE('',*,*,#400,.F.);
#190=ORIENTED_EDGE('',*,*,#401,.F.);
#191=ORIENTED_EDGE('',*,*,#402,.F.);
#192=ORIENTED_EDGE('',*,*,#403,.F.);
#193=ORIENTED_EDGE('',*,*,#404,.F.);
#194=ORIENTED_EDGE('',*,*,#405,.F.);
#195=ORIENTED_EDGE('',*,*,#406,.F.);
#196=ORIENTED_EDGE('',*,*,#407,.F.);
#197=ORIENTED_EDGE('',*,*,#408,.F.);
#198=ORIENTED_EDGE('',*,*,#409,.F.);
#199=ORIENTED_EDGE('',*,*,#410,.F.);
#200=ORIENTED_EDGE('',*,*,#411,.F.);
#201=ORIENTED_EDGE('',*,*,#412,.T.);
#202=ORIENTED_EDGE('',*,*,#413,.T.);
#203=ORIENTED_EDGE('',*,*,#414,.T.);
#204=ORIENTED_EDGE('',*,*,#415,.T.);
#205=ORIENTED_EDGE('',*,*,#416,.T.);
#206=ORIENTED_EDGE('',*,*,#417,.T.);
#207=ORIENTED_EDGE('',*,*,#418,.T.);
#208=ORIENTED_EDGE('',*,*,#419,.T.);
#209=ORIENTED_EDGE('',*,*,#420,.T.);
#210=ORIENTED_EDGE('',*,*,#421,.T.);
#211=ORIENTED_EDGE('',*,*,#422,.T.);
#212=ORIENTED_EDGE('',*,*,#423,.T.);
#213=ORIENTED_EDGE('',*,*,#424,.T.);
#214=ORIENTED_EDGE('',*,*,#425,.T.);
#215=ORIENTED_EDGE('',*,*,#426,.T.);
#216=ORIENTED_EDGE('',*,*,#427,.T.);
#217=ORIENTED_EDGE('',*,*,#428,.T.);
#218=ORIENTED_EDGE('',*,*,#429,.T.);
#219=ORIENTED_EDGE('',*,*,#430,.F.);
#220=ORIENTED_EDGE('',*,*,#413,.F.);
#221=ORIENTED_EDGE('',*,*,#431,.F.);
#222=ORIENTED_EDGE('',*,*,#402,.T.);
#223=ORIENTED_EDGE('',*,*,#432,.F.);
#224=ORIENTED_EDGE('',*,*,#433,.T.);
#225=ORIENTED_EDGE('',*,*,#434,.F.);
#226=ORIENTED_EDGE('',*,*,#435,.T.);
#227=ORIENTED_EDGE('',*,*,#436,.F.);
#228=ORIENTED_EDGE('',*,*,#437,.F.);
#229=ORIENTED_EDGE('',*,*,#438,.F.);
#230=ORIENTED_EDGE('',*,*,#439,.F.);
#231=ORIENTED_EDGE('',*,*,#440,.F.);
#232=ORIENTED_EDGE('',*,*,#441,.T.);
#233=ORIENTED_EDGE('',*,*,#442,.T.);
#234=ORIENTED_EDGE('',*,*,#443,.T.);
#235=ORIENTED_EDGE('',*,*,#444,.T.);
#236=ORIENTED_EDGE('',*,*,#445,.T.);
#237=ORIENTED_EDGE('',*,*,#446,.F.);
#238=ORIENTED_EDGE('',*,*,#435,.F.);
#239=ORIENTED_EDGE('',*,*,#447,.F.);
#240=ORIENTED_EDGE('',*,*,#448,.T.);
#241=ORIENTED_EDGE('',*,*,#449,.F.);
#242=ORIENTED_EDGE('',*,*,#432,.T.);
#243=ORIENTED_EDGE('',*,*,#446,.T.);
#244=ORIENTED_EDGE('',*,*,#450,.F.);
#245=ORIENTED_EDGE('',*,*,#447,.T.);
#246=ORIENTED_EDGE('',*,*,#434,.T.);
#247=ORIENTED_EDGE('',*,*,#389,.T.);
#248=ORIENTED_EDGE('',*,*,#377,.F.);
#249=ORIENTED_EDGE('',*,*,#388,.T.);
#250=ORIENTED_EDGE('',*,*,#386,.T.);
#251=ORIENTED_EDGE('',*,*,#451,.T.);
#252=ORIENTED_EDGE('',*,*,#452,.T.);
#253=ORIENTED_EDGE('',*,*,#453,.F.);
#254=ORIENTED_EDGE('',*,*,#454,.T.);
#255=ORIENTED_EDGE('',*,*,#451,.F.);
#256=ORIENTED_EDGE('',*,*,#385,.T.);
#257=ORIENTED_EDGE('',*,*,#455,.T.);
#258=ORIENTED_EDGE('',*,*,#456,.F.);
#259=ORIENTED_EDGE('',*,*,#442,.F.);
#260=ORIENTED_EDGE('',*,*,#457,.T.);
#261=ORIENTED_EDGE('',*,*,#453,.T.);
#262=ORIENTED_EDGE('',*,*,#458,.T.);
#263=ORIENTED_EDGE('',*,*,#444,.F.);
#264=ORIENTED_EDGE('',*,*,#443,.F.);
#265=ORIENTED_EDGE('',*,*,#393,.T.);
#266=ORIENTED_EDGE('',*,*,#390,.T.);
#267=ORIENTED_EDGE('',*,*,#454,.F.);
#268=ORIENTED_EDGE('',*,*,#457,.F.);
#269=ORIENTED_EDGE('',*,*,#448,.F.);
#270=ORIENTED_EDGE('',*,*,#450,.T.);
#271=ORIENTED_EDGE('',*,*,#433,.F.);
#272=ORIENTED_EDGE('',*,*,#449,.T.);
#273=ORIENTED_EDGE('',*,*,#445,.F.);
#274=ORIENTED_EDGE('',*,*,#458,.F.);
#275=ORIENTED_EDGE('',*,*,#452,.F.);
#276=ORIENTED_EDGE('',*,*,#456,.T.);
#277=ORIENTED_EDGE('',*,*,#459,.T.);
#278=ORIENTED_EDGE('',*,*,#460,.T.);
#279=ORIENTED_EDGE('',*,*,#461,.T.);
#280=ORIENTED_EDGE('',*,*,#438,.T.);
#281=ORIENTED_EDGE('',*,*,#462,.T.);
#282=ORIENTED_EDGE('',*,*,#463,.F.);
#283=ORIENTED_EDGE('',*,*,#437,.T.);
#284=ORIENTED_EDGE('',*,*,#440,.T.);
#285=ORIENTED_EDGE('',*,*,#439,.T.);
#286=ORIENTED_EDGE('',*,*,#461,.F.);
#287=ORIENTED_EDGE('',*,*,#464,.F.);
#288=ORIENTED_EDGE('',*,*,#462,.F.);
#289=ORIENTED_EDGE('',*,*,#403,.T.);
#290=ORIENTED_EDGE('',*,*,#431,.T.);
#291=ORIENTED_EDGE('',*,*,#412,.F.);
#292=ORIENTED_EDGE('',*,*,#430,.T.);
#293=ORIENTED_EDGE('',*,*,#460,.F.);
#294=ORIENTED_EDGE('',*,*,#465,.F.);
#295=ORIENTED_EDGE('',*,*,#383,.T.);
#296=ORIENTED_EDGE('',*,*,#466,.F.);
#297=ORIENTED_EDGE('',*,*,#380,.F.);
#298=ORIENTED_EDGE('',*,*,#392,.F.);
#299=ORIENTED_EDGE('',*,*,#463,.T.);
#300=ORIENTED_EDGE('',*,*,#464,.T.);
#301=ORIENTED_EDGE('',*,*,#465,.T.);
#302=ORIENTED_EDGE('',*,*,#459,.F.);
#303=ORIENTED_EDGE('',*,*,#455,.F.);
#304=ORIENTED_EDGE('',*,*,#384,.F.);
#305=ORIENTED_EDGE('',*,*,#441,.F.);
#306=ORIENTED_EDGE('',*,*,#436,.T.);
#307=ORIENTED_EDGE('',*,*,#398,.T.);
#308=ORIENTED_EDGE('',*,*,#467,.T.);
#309=ORIENTED_EDGE('',*,*,#415,.F.);
#310=ORIENTED_EDGE('',*,*,#468,.F.);
#311=ORIENTED_EDGE('',*,*,#401,.T.);
#312=ORIENTED_EDGE('',*,*,#469,.T.);
#313=ORIENTED_EDGE('',*,*,#416,.F.);
#314=ORIENTED_EDGE('',*,*,#467,.F.);
#315=ORIENTED_EDGE('',*,*,#399,.T.);
#316=ORIENTED_EDGE('',*,*,#468,.T.);
#317=ORIENTED_EDGE('',*,*,#414,.F.);
#318=ORIENTED_EDGE('',*,*,#470,.F.);
#319=ORIENTED_EDGE('',*,*,#400,.T.);
#320=ORIENTED_EDGE('',*,*,#470,.T.);
#321=ORIENTED_EDGE('',*,*,#417,.F.);
#322=ORIENTED_EDGE('',*,*,#469,.F.);
#323=ORIENTED_EDGE('',*,*,#404,.T.);
#324=ORIENTED_EDGE('',*,*,#471,.T.);
#325=ORIENTED_EDGE('',*,*,#419,.F.);
#326=ORIENTED_EDGE('',*,*,#472,.F.);
#327=ORIENTED_EDGE('',*,*,#407,.T.);
#328=ORIENTED_EDGE('',*,*,#473,.T.);
#329=ORIENTED_EDGE('',*,*,#420,.F.);
#330=ORIENTED_EDGE('',*,*,#471,.F.);
#331=ORIENTED_EDGE('',*,*,#405,.T.);
#332=ORIENTED_EDGE('',*,*,#472,.T.);
#333=ORIENTED_EDGE('',*,*,#418,.F.);
#334=ORIENTED_EDGE('',*,*,#474,.F.);
#335=ORIENTED_EDGE('',*,*,#406,.T.);
#336=ORIENTED_EDGE('',*,*,#474,.T.);
#337=ORIENTED_EDGE('',*,*,#421,.F.);
#338=ORIENTED_EDGE('',*,*,#473,.F.);
#339=ORIENTED_EDGE('',*,*,#394,.T.);
#340=ORIENTED_EDGE('',*,*,#475,.T.);
#341=ORIENTED_EDGE('',*,*,#423,.F.);
#342=ORIENTED_EDGE('',*,*,#476,.F.);
#343=ORIENTED_EDGE('',*,*,#397,.T.);
#344=ORIENTED_EDGE('',*,*,#477,.T.);
#345=ORIENTED_EDGE('',*,*,#424,.F.);
#346=ORIENTED_EDGE('',*,*,#475,.F.);
#347=ORIENTED_EDGE('',*,*,#395,.T.);
#348=ORIENTED_EDGE('',*,*,#476,.T.);
#349=ORIENTED_EDGE('',*,*,#422,.F.);
#350=ORIENTED_EDGE('',*,*,#478,.F.);
#351=ORIENTED_EDGE('',*,*,#396,.T.);
#352=ORIENTED_EDGE('',*,*,#478,.T.);
#353=ORIENTED_EDGE('',*,*,#425,.F.);
#354=ORIENTED_EDGE('',*,*,#477,.F.);
#355=ORIENTED_EDGE('',*,*,#408,.T.);
#356=ORIENTED_EDGE('',*,*,#479,.T.);
#357=ORIENTED_EDGE('',*,*,#427,.F.);
#358=ORIENTED_EDGE('',*,*,#480,.F.);
#359=ORIENTED_EDGE('',*,*,#411,.T.);
#360=ORIENTED_EDGE('',*,*,#481,.T.);
#361=ORIENTED_EDGE('',*,*,#428,.F.);
#362=ORIENTED_EDGE('',*,*,#479,.F.);
#363=ORIENTED_EDGE('',*,*,#409,.T.);
#364=ORIENTED_EDGE('',*,*,#480,.T.);
#365=ORIENTED_EDGE('',*,*,#426,.F.);
#366=ORIENTED_EDGE('',*,*,#482,.F.);
#367=ORIENTED_EDGE('',*,*,#410,.T.);
#368=ORIENTED_EDGE('',*,*,#482,.T.);
#369=ORIENTED_EDGE('',*,*,#429,.F.);
#370=ORIENTED_EDGE('',*,*,#481,.F.);
#371=ORIENTED_EDGE('',*,*,#375,.T.);
#372=ORIENTED_EDGE('',*,*,#466,.T.);
#373=ORIENTED_EDGE('',*,*,#382,.F.);
#374=ORIENTED_EDGE('',*,*,#387,.F.);
#375=EDGE_CURVE('',#483,#484,#557,.T.);
#376=EDGE_CURVE('',#483,#485,#23,.T.);
#377=EDGE_CURVE('',#485,#486,#24,.T.);
#378=EDGE_CURVE('',#486,#487,#558,.T.);
#379=EDGE_CURVE('',#488,#487,#25,.T.);
#380=EDGE_CURVE('',#488,#484,#26,.T.);
#381=EDGE_CURVE('',#489,#490,#27,.T.);
#382=EDGE_CURVE('',#489,#491,#559,.T.);
#383=EDGE_CURVE('',#492,#491,#28,.T.);
#384=EDGE_CURVE('',#492,#493,#29,.T.);
#385=EDGE_CURVE('',#494,#493,#560,.T.);
#386=EDGE_CURVE('',#490,#494,#30,.T.);
#387=EDGE_CURVE('',#483,#489,#561,.F.);
#388=EDGE_CURVE('',#485,#490,#20,.T.);
#389=EDGE_CURVE('',#495,#486,#562,.T.);
#390=EDGE_CURVE('',#496,#495,#563,.T.);
#391=EDGE_CURVE('',#496,#487,#564,.T.);
#392=EDGE_CURVE('',#497,#488,#565,.T.);
#393=EDGE_CURVE('',#497,#496,#31,.T.);
#394=EDGE_CURVE('',#498,#499,#32,.T.);
#395=EDGE_CURVE('',#500,#498,#33,.T.);
#396=EDGE_CURVE('',#501,#500,#34,.T.);
#397=EDGE_CURVE('',#499,#501,#35,.T.);
#398=EDGE_CURVE('',#502,#503,#36,.T.);
#399=EDGE_CURVE('',#504,#502,#37,.T.);
#400=EDGE_CURVE('',#505,#504,#38,.T.);
#401=EDGE_CURVE('',#503,#505,#39,.T.);
#402=EDGE_CURVE('',#506,#507,#566,.T.);
#403=EDGE_CURVE('',#507,#506,#40,.T.);
#404=EDGE_CURVE('',#508,#509,#41,.T.);
#405=EDGE_CURVE('',#510,#508,#42,.T.);
#406=EDGE_CURVE('',#511,#510,#43,.T.);
#407=EDGE_CURVE('',#509,#511,#44,.T.);
#408=EDGE_CURVE('',#512,#513,#45,.T.);
#409=EDGE_CURVE('',#514,#512,#46,.T.);
#410=EDGE_CURVE('',#515,#514,#47,.T.);
#411=EDGE_CURVE('',#513,#515,#48,.T.);
#412=EDGE_CURVE('',#516,#517,#49,.T.);
#413=EDGE_CURVE('',#517,#516,#567,.T.);
#414=EDGE_CURVE('',#518,#519,#50,.T.);
#415=EDGE_CURVE('',#519,#520,#51,.T.);
#416=EDGE_CURVE('',#520,#521,#52,.T.);
#417=EDGE_CURVE('',#521,#518,#53,.T.);
#418=EDGE_CURVE('',#522,#523,#54,.T.);
#419=EDGE_CURVE('',#523,#524,#55,.T.);
#420=EDGE_CURVE('',#524,#525,#56,.T.);
#421=EDGE_CURVE('',#525,#522,#57,.T.);
#422=EDGE_CURVE('',#526,#527,#58,.T.);
#423=EDGE_CURVE('',#527,#528,#59,.T.);
#424=EDGE_CURVE('',#528,#529,#60,.T.);
#425=EDGE_CURVE('',#529,#526,#61,.T.);
#426=EDGE_CURVE('',#530,#531,#62,.T.);
#427=EDGE_CURVE('',#531,#532,#63,.T.);
#428=EDGE_CURVE('',#532,#533,#64,.T.);
#429=EDGE_CURVE('',#533,#530,#65,.T.);
#430=EDGE_CURVE('',#516,#507,#568,.T.);
#431=EDGE_CURVE('',#506,#517,#569,.T.);
#432=EDGE_CURVE('',#534,#535,#570,.T.);
#433=EDGE_CURVE('',#534,#536,#571,.T.);
#434=EDGE_CURVE('',#537,#536,#572,.T.);
#435=EDGE_CURVE('',#537,#535,#573,.T.);
#436=EDGE_CURVE('',#538,#538,#574,.T.);
#437=EDGE_CURVE('',#539,#540,#575,.T.);
#438=EDGE_CURVE('',#541,#539,#576,.F.);
#439=EDGE_CURVE('',#542,#541,#577,.T.);
#440=EDGE_CURVE('',#540,#542,#578,.T.);
#441=EDGE_CURVE('',#543,#543,#579,.T.);
#442=EDGE_CURVE('',#544,#545,#580,.T.);
#443=EDGE_CURVE('',#545,#546,#581,.T.);
#444=EDGE_CURVE('',#546,#547,#582,.F.);
#445=EDGE_CURVE('',#547,#548,#583,.T.);
#446=EDGE_CURVE('',#535,#548,#584,.T.);
#447=EDGE_CURVE('',#549,#537,#585,.T.);
#448=EDGE_CURVE('',#549,#544,#586,.F.);
#449=EDGE_CURVE('',#534,#548,#66,.T.);
#450=EDGE_CURVE('',#549,#536,#67,.T.);
#451=EDGE_CURVE('',#494,#550,#587,.T.);
#452=EDGE_CURVE('',#550,#551,#68,.T.);
#453=EDGE_CURVE('',#552,#551,#588,.T.);
#454=EDGE_CURVE('',#552,#495,#69,.T.);
#455=EDGE_CURVE('',#493,#553,#589,.T.);
#456=EDGE_CURVE('',#550,#553,#590,.T.);
#457=EDGE_CURVE('',#544,#552,#591,.F.);
#458=EDGE_CURVE('',#551,#547,#592,.T.);
#459=EDGE_CURVE('',#553,#554,#70,.T.);
#460=EDGE_CURVE('',#554,#555,#71,.T.);
#461=EDGE_CURVE('',#555,#541,#72,.T.);
#462=EDGE_CURVE('',#539,#556,#73,.T.);
#463=EDGE_CURVE('',#497,#556,#74,.T.);
#464=EDGE_CURVE('',#556,#555,#593,.T.);
#465=EDGE_CURVE('',#492,#554,#594,.T.);
#466=EDGE_CURVE('',#484,#491,#595,.T.);
#467=EDGE_CURVE('',#503,#520,#75,.F.);
#468=EDGE_CURVE('',#502,#519,#76,.F.);
#469=EDGE_CURVE('',#505,#521,#77,.F.);
#470=EDGE_CURVE('',#504,#518,#78,.F.);
#471=EDGE_CURVE('',#509,#524,#79,.F.);
#472=EDGE_CURVE('',#508,#523,#80,.F.);
#473=EDGE_CURVE('',#511,#525,#81,.F.);
#474=EDGE_CURVE('',#510,#522,#82,.F.);
#475=EDGE_CURVE('',#499,#528,#83,.F.);
#476=EDGE_CURVE('',#498,#527,#84,.F.);
#477=EDGE_CURVE('',#501,#529,#85,.F.);
#478=EDGE_CURVE('',#500,#526,#86,.F.);
#479=EDGE_CURVE('',#513,#532,#87,.F.);
#480=EDGE_CURVE('',#512,#531,#88,.F.);
#481=EDGE_CURVE('',#515,#533,#89,.F.);
#482=EDGE_CURVE('',#514,#530,#90,.F.);
#483=VERTEX_POINT('',#944);
#484=VERTEX_POINT('',#945);
#485=VERTEX_POINT('',#947);
#486=VERTEX_POINT('',#949);
#487=VERTEX_POINT('',#954);
#488=VERTEX_POINT('',#956);
#489=VERTEX_POINT('',#960);
#490=VERTEX_POINT('',#961);
#491=VERTEX_POINT('',#966);
#492=VERTEX_POINT('',#968);
#493=VERTEX_POINT('',#970);
#494=VERTEX_POINT('',#975);
#495=VERTEX_POINT('',#1178);
#496=VERTEX_POINT('',#1183);
#497=VERTEX_POINT('',#1296);
#498=VERTEX_POINT('',#1300);
#499=VERTEX_POINT('',#1301);
#500=VERTEX_POINT('',#1303);
#501=VERTEX_POINT('',#1305);
#502=VERTEX_POINT('',#1308);
#503=VERTEX_POINT('',#1309);
#504=VERTEX_POINT('',#1311);
#505=VERTEX_POINT('',#1313);
#506=VERTEX_POINT('',#1346);
#507=VERTEX_POINT('',#1347);
#508=VERTEX_POINT('',#1350);
#509=VERTEX_POINT('',#1351);
#510=VERTEX_POINT('',#1353);
#511=VERTEX_POINT('',#1355);
#512=VERTEX_POINT('',#1358);
#513=VERTEX_POINT('',#1359);
#514=VERTEX_POINT('',#1361);
#515=VERTEX_POINT('',#1363);
#516=VERTEX_POINT('',#1367);
#517=VERTEX_POINT('',#1368);
#518=VERTEX_POINT('',#1401);
#519=VERTEX_POINT('',#1402);
#520=VERTEX_POINT('',#1404);
#521=VERTEX_POINT('',#1406);
#522=VERTEX_POINT('',#1409);
#523=VERTEX_POINT('',#1410);
#524=VERTEX_POINT('',#1412);
#525=VERTEX_POINT('',#1414);
#526=VERTEX_POINT('',#1417);
#527=VERTEX_POINT('',#1418);
#528=VERTEX_POINT('',#1420);
#529=VERTEX_POINT('',#1422);
#530=VERTEX_POINT('',#1425);
#531=VERTEX_POINT('',#1426);
#532=VERTEX_POINT('',#1428);
#533=VERTEX_POINT('',#1430);
#534=VERTEX_POINT('',#1889);
#535=VERTEX_POINT('',#1890);
#536=VERTEX_POINT('',#1927);
#537=VERTEX_POINT('',#1948);
#538=VERTEX_POINT('',#1982);
#539=VERTEX_POINT('',#2480);
#540=VERTEX_POINT('',#2481);
#541=VERTEX_POINT('',#2493);
#542=VERTEX_POINT('',#2516);
#543=VERTEX_POINT('',#2557);
#544=VERTEX_POINT('',#2875);
#545=VERTEX_POINT('',#2876);
#546=VERTEX_POINT('',#2882);
#547=VERTEX_POINT('',#2908);
#548=VERTEX_POINT('',#2913);
#549=VERTEX_POINT('',#2936);
#550=VERTEX_POINT('',#2971);
#551=VERTEX_POINT('',#2973);
#552=VERTEX_POINT('',#3025);
#553=VERTEX_POINT('',#3226);
#554=VERTEX_POINT('',#3533);
#555=VERTEX_POINT('',#3535);
#556=VERTEX_POINT('',#3538);
#557=B_SPLINE_CURVE_WITH_KNOTS('',3,(#940,#941,#942,#943),.UNSPECIFIED.,
 .F.,.F.,(4,4),(0.00688811580964751,0.0153830961671031),.UNSPECIFIED.);
#558=B_SPLINE_CURVE_WITH_KNOTS('',3,(#950,#951,#952,#953),.UNSPECIFIED.,
 .F.,.F.,(4,4),(0.,0.00250365956676629),.UNSPECIFIED.);
#559=B_SPLINE_CURVE_WITH_KNOTS('',3,(#962,#963,#964,#965),.UNSPECIFIED.,
 .F.,.F.,(4,4),(0.051724774373939,0.0602153615202874),.UNSPECIFIED.);
#560=B_SPLINE_CURVE_WITH_KNOTS('',3,(#971,#972,#973,#974),.UNSPECIFIED.,
 .F.,.F.,(4,4),(0.,0.00250365957583693),.UNSPECIFIED.);
#561=B_SPLINE_CURVE_WITH_KNOTS('',3,(#978,#979,#980,#981),.UNSPECIFIED.,
 .F.,.F.,(4,4),(0.00771077239918874,0.0137842722620802),.UNSPECIFIED.);
#562=B_SPLINE_CURVE_WITH_KNOTS('',3,(#1153,#1154,#1155,#1156,#1157,#1158,
#1159,#1160,#1161,#1162,#1163,#1164,#1165,#1166,#1167,#1168,#1169,#1170,
#1171,#1172,#1173,#1174,#1175,#1176,#1177),.UNSPECIFIED.,.F.,.F.,(4,1,1,
1,1,1,1,1,1,1,1,1,1,1,1,1,1,1,1,1,1,1,4),(0.,0.0253911384004076,0.0507822768008152,
0.0761734152012228,0.10156455360163,0.114260122801834,0.126955692002038,
0.139651261202242,0.152346830402446,0.158694615002547,0.165042399602649,
0.171390184202751,0.177737968802853,0.184085753402955,0.187259645703006,
0.190433538003057,0.192020484153082,0.193607430303108,0.195194376453133,
0.196781322603159,0.198368268753184,0.19995521490321,0.203129107203261),
 .UNSPECIFIED.);
#563=B_SPLINE_CURVE_WITH_KNOTS('',3,(#1179,#1180,#1181,#1182),
 .UNSPECIFIED.,.F.,.F.,(4,4),(0.0122668677826602,0.0147703101872835),
 .UNSPECIFIED.);
#564=B_SPLINE_CURVE_WITH_KNOTS('',3,(#1184,#1185,#1186,#1187,#1188,#1189,
#1190,#1191,#1192,#1193,#1194,#1195,#1196,#1197,#1198,#1199,#1200,#1201,
#1202,#1203,#1204,#1205,#1206,#1207),.UNSPECIFIED.,.F.,.F.,(4,1,1,1,1,1,
1,1,1,1,1,1,1,1,1,1,1,1,1,1,1,4),(0.00160124410928659,0.0269762935180038,
0.0523513429267209,0.0777263923354381,0.103101441744155,0.115788966448514,
0.128476491152872,0.141164015857231,0.15385154056159,0.160195302913769,
0.166539065265948,0.172882827618128,0.179226589970307,0.185570352322486,
0.188742233498576,0.191914114674665,0.19350005526271,0.195085995850755,
0.1966719364388,0.198257877026845,0.201429758202934,0.204601639379024),
 .UNSPECIFIED.);
#565=B_SPLINE_CURVE_WITH_KNOTS('',3,(#1209,#1210,#1211,#1212,#1213,#1214,
#1215,#1216,#1217,#1218,#1219,#1220,#1221,#1222,#1223,#1224,#1225,#1226,
#1227,#1228,#1229,#1230,#1231,#1232,#1233,#1234,#1235,#1236,#1237,#1238,
#1239,#1240,#1241,#1242,#1243,#1244,#1245,#1246,#1247,#1248,#1249,#1250,
#1251,#1252,#1253,#1254,#1255,#1256,#1257,#1258,#1259,#1260,#1261,#1262,
#1263,#1264,#1265,#1266,#1267,#1268,#1269,#1270,#1271,#1272,#1273,#1274,
#1275,#1276,#1277,#1278,#1279,#1280,#1281,#1282,#1283,#1284,#1285,#1286,
#1287,#1288,#1289,#1290,#1291,#1292,#1293,#1294,#1295),.UNSPECIFIED.,.F.,
 .F.,(4,1,1,1,1,1,1,1,1,1,1,1,1,1,1,1,1,1,1,1,1,1,1,1,1,1,1,1,1,1,1,1,1,
1,1,1,1,1,1,1,1,1,1,1,1,1,1,1,1,1,1,1,1,1,1,1,1,1,1,1,1,1,1,1,1,1,1,1,1,
1,1,1,1,1,1,1,1,1,1,1,1,1,1,1,4),(0.00165925942958037,0.0273644827763103,
0.040246102109822,0.0531277214433338,0.0660093407768456,0.0788909601103573,
0.0917725794438691,0.104654198777381,0.117535818110893,0.130417437444404,
0.13685824711116,0.143299056777916,0.149739866444672,0.156180676111428,
0.162621485778184,0.16906229544494,0.172282700278317,0.175503105111696,
0.178723509945073,0.181943914778451,0.185164319611829,0.186774522028518,
0.188384724445208,0.189994926861896,0.191605129278586,0.193215331695275,
0.194020432903619,0.194825534111964,0.195630635320308,0.196435736528653,
0.197240837736997,0.198045938945341,0.198851040153685,0.199253590757858,
0.19965614136203,0.200461242570375,0.201266343778719,0.202071444987064,
0.202876546195408,0.203681647403752,0.204486748612097,0.205291849820442,
0.206096951028786,0.207707153445475,0.20851225465382,0.209317355862164,
0.210927558278853,0.211732659487197,0.212537760695542,0.213342861903887,
0.214147963112231,0.214953064320576,0.21575816552892,0.216563266737265,
0.217368367945609,0.218173469153953,0.218978570362298,0.220588772778987,
0.221393873987331,0.222198975195676,0.223809177612365,0.225419380029054,
0.227029582445743,0.228639784862431,0.23024998727912,0.233470392112499,
0.236690796945876,0.239911201779254,0.243131606612633,0.246352011446011,
0.252792821112767,0.259233630779522,0.265674440446278,0.272115250113034,
0.27855605977979,0.284996869446546,0.297878488780058,0.310760108113569,
0.323641727447081,0.336523346780593,0.349404966114104,0.362286585447616,
0.375168204781128,0.38804982411464,0.41375500976367),.UNSPECIFIED.);
#566=B_SPLINE_CURVE_WITH_KNOTS('',3,(#1315,#1316,#1317,#1318,#1319,#1320,
#1321,#1322,#1323,#1324,#1325,#1326,#1327,#1328,#1329,#1330,#1331,#1332,
#1333,#1334,#1335,#1336,#1337,#1338,#1339,#1340,#1341,#1342,#1343,#1344,
#1345),.UNSPECIFIED.,.F.,.F.,(4,1,1,1,1,1,1,1,1,1,1,1,1,1,1,1,1,1,1,1,1,
1,1,1,1,1,1,1,4),(8.84538885469324E-18,0.00148056341888695,0.00296112683777388,
0.00370140854721735,0.00444169025666082,0.00518197196610429,0.00555211282082602,
0.00592225367554776,0.00629239453026949,0.00666253538499123,0.0074028170944347,
0.00814309880387817,0.00888338051332163,0.0103639439322086,0.0118445073510955,
0.0133250707699824,0.0148056341888694,0.0155459158983129,0.0162861976077563,
0.0170264793171998,0.0173966201719215,0.0177667610266433,0.018136901881365,
0.0185070427360867,0.0192473244455302,0.0199876061549737,0.0207278878644171,
0.0222084512833041,0.023689014702191),.UNSPECIFIED.);
#567=B_SPLINE_CURVE_WITH_KNOTS('',3,(#1369,#1370,#1371,#1372,#1373,#1374,
#1375,#1376,#1377,#1378,#1379,#1380,#1381,#1382,#1383,#1384,#1385,#1386,
#1387,#1388,#1389,#1390,#1391,#1392,#1393,#1394,#1395,#1396,#1397,#1398,
#1399),.UNSPECIFIED.,.F.,.F.,(4,1,1,1,1,1,1,1,1,1,1,1,1,1,1,1,1,1,1,1,1,
1,1,1,1,1,1,1,4),(0.,0.00150642351349373,0.00301284702698746,0.00376605878373433,
0.0045192705404812,0.00527248229722806,0.0056490881756015,0.00602569405397493,
0.00640229993234836,0.00677890581072179,0.00753211756746866,0.00828532932421553,
0.00903854108096239,0.0105449645944561,0.0120513881079499,0.0135578116214436,
0.0150642351349373,0.0158174468916842,0.0165706586484311,0.0173238704051779,
0.0177004762835513,0.0180770821619248,0.0184536880402982,0.0188302939186717,
0.0195835056754185,0.0203367174321654,0.0210899291889122,0.022596352702406,
0.0241027762158997),.UNSPECIFIED.);
#568=B_SPLINE_CURVE_WITH_KNOTS('',3,(#1861,#1862,#1863,#1864),
 .UNSPECIFIED.,.F.,.F.,(4,4),(0.,0.00250363317443354),.UNSPECIFIED.);
#569=B_SPLINE_CURVE_WITH_KNOTS('',3,(#1865,#1866,#1867,#1868),
 .UNSPECIFIED.,.F.,.F.,(4,4),(0.,0.00250363317445019),.UNSPECIFIED.);
#570=B_SPLINE_CURVE_WITH_KNOTS('',3,(#1869,#1870,#1871,#1872,#1873,#1874,
#1875,#1876,#1877,#1878,#1879,#1880,#1881,#1882,#1883,#1884,#1885,#1886,
#1887,#1888),.UNSPECIFIED.,.F.,.F.,(4,1,1,1,1,1,1,1,1,1,1,1,1,1,1,1,1,4),
(0.000131236320923235,0.0236373289424483,0.0471434215639734,0.0706495141854986,
0.0941556068070237,0.105908653117786,0.117661699428549,0.129414745739311,
0.141167792050074,0.152920838360836,0.158797361516218,0.164673884671599,
0.17055040782698,0.176426930982362,0.179365192560052,0.182303454137743,
0.185241715715433,0.188179977293124),.UNSPECIFIED.);
#571=B_SPLINE_CURVE_WITH_KNOTS('',3,(#1891,#1892,#1893,#1894,#1895,#1896,
#1897,#1898,#1899,#1900,#1901,#1902,#1903,#1904,#1905,#1906,#1907,#1908,
#1909,#1910,#1911,#1912,#1913,#1914,#1915,#1916,#1917,#1918,#1919,#1920,
#1921,#1922,#1923,#1924,#1925,#1926),.UNSPECIFIED.,.F.,.F.,(4,1,1,1,1,1,
1,1,1,1,1,1,1,1,1,1,1,1,1,1,1,1,1,1,1,1,1,1,1,1,1,1,1,4),(0.0189529935618485,
0.0209605375842319,0.0229680816066152,0.0249756256289986,0.0259793976401903,
0.026983169651382,0.0279869416625737,0.0284888276681695,0.0289907136737653,
0.0294925996793612,0.0297435426821591,0.029994485684957,0.0304963716905529,
0.0309982576961487,0.0320020297073404,0.0330058017185321,0.0350133457409154,
0.0360171177521071,0.0370208897632988,0.0380246617744905,0.0390284337856822,
0.039530319791278,0.039781262794076,0.0400322057968739,0.0402831487996718,
0.0405340918024697,0.0410359778080656,0.0420397498192572,0.0430435218304489,
0.0440472938416406,0.0450510658528323,0.0470586098752157,0.049066153897599,
0.0510736979199824),.UNSPECIFIED.);
#572=B_SPLINE_CURVE_WITH_KNOTS('',3,(#1928,#1929,#1930,#1931,#1932,#1933,
#1934,#1935,#1936,#1937,#1938,#1939,#1940,#1941,#1942,#1943,#1944,#1945,
#1946,#1947),.UNSPECIFIED.,.F.,.F.,(4,1,1,1,1,1,1,1,1,1,1,1,1,1,1,1,1,4),
(0.20946678085562,0.212406753020866,0.215346725186112,0.218286697351358,
0.221226669516604,0.227106613847097,0.232986558177589,0.238866502508081,
0.244746446838574,0.256506335499558,0.268266224160543,0.280026112821528,
0.291786001482513,0.303545890143497,0.327065667465467,0.350585444787436,
0.374105222109406,0.397624999431375),.UNSPECIFIED.);
#573=B_SPLINE_CURVE_WITH_KNOTS('',3,(#1949,#1950,#1951,#1952,#1953,#1954,
#1955,#1956,#1957,#1958,#1959,#1960,#1961,#1962,#1963,#1964,#1965,#1966),
 .UNSPECIFIED.,.F.,.F.,(4,1,1,1,1,1,1,1,1,1,1,1,1,1,1,4),(3.46944695195361E-18,
0.00206455685480807,0.00412911370961613,0.0061936705644242,0.00825822741923226,
0.0103227842740403,0.0123873411288484,0.0144518979836565,0.0165164548384645,
0.0206455685480806,0.0227101254028887,0.0247746822576968,0.0268392391125048,
0.0289037959673129,0.030968352822121,0.033032909676929),.UNSPECIFIED.);
#574=B_SPLINE_CURVE_WITH_KNOTS('',3,(#1967,#1968,#1969,#1970,#1971,#1972,
#1973,#1974,#1975,#1976,#1977,#1978,#1979,#1980,#1981),.UNSPECIFIED.,.T.,
 .F.,(1,1,1,1,1,1,1,1,1,1,1,1,1,1,1,1,1,1,1),(-0.00792066226749318,-0.00528044151166212,
-0.00264022075583106,7.77915058758349E-18,0.00264022075583107,0.00528044151166213,
0.0105608830233243,0.0158413245349864,0.0211217660466485,0.0264022075583106,
0.0290424283141417,0.0316826490699728,0.0343228698258038,0.0369630905816349,
0.039603311337466,0.042243532093297,0.0448837528491281,0.0475239736049591,
0.0528044151166213),.UNSPECIFIED.);
#575=B_SPLINE_CURVE_WITH_KNOTS('',3,(#2458,#2459,#2460,#2461,#2462,#2463,
#2464,#2465,#2466,#2467,#2468,#2469,#2470,#2471,#2472,#2473,#2474,#2475,
#2476,#2477,#2478,#2479),.UNSPECIFIED.,.F.,.F.,(4,1,1,1,1,1,1,1,1,1,1,1,
1,1,1,1,1,1,1,4),(0.,0.0265831595311518,0.0531663190623036,0.0797494785934554,
0.106332638124607,0.119624217890183,0.132915797655759,0.146207377421335,
0.159498957186911,0.166144747069699,0.172790536952487,0.179436326835275,
0.186082116718063,0.192727906600851,0.196050801542245,0.199373696483639,
0.202696591425033,0.206019486366427,0.209342381307821,0.212665276249214),
 .UNSPECIFIED.);
#576=B_SPLINE_CURVE_WITH_KNOTS('',3,(#2482,#2483,#2484,#2485,#2486,#2487,
#2488,#2489,#2490,#2491,#2492),.UNSPECIFIED.,.T.,.F.,(1,3,1,1,1,1,1,1,1,
3,1),(-0.113627567024913,0.,0.0881878223382545,0.298082282307805,0.386372432975087,
0.5,0.588290150667282,0.798184610636833,0.886372432975087,1.,1.08818782233825),
 .UNSPECIFIED.);
#577=B_SPLINE_CURVE_WITH_KNOTS('',3,(#2494,#2495,#2496,#2497,#2498,#2499,
#2500,#2501,#2502,#2503,#2504,#2505,#2506,#2507,#2508,#2509,#2510,#2511,
#2512,#2513,#2514,#2515),.UNSPECIFIED.,.F.,.F.,(4,1,1,1,1,1,1,1,1,1,1,1,
1,1,1,1,1,1,1,4),(0.218718035205264,0.222048054363226,0.225378073521187,
0.228708092679149,0.232038111837111,0.235368130995072,0.238698150153034,
0.245358188468958,0.252018226784881,0.258678265100804,0.265338303416728,
0.271998341732651,0.285318418364498,0.298638494996345,0.311958571628191,
0.325278648260038,0.351918801523731,0.378558954787425,0.405199108051118,
0.431839261314812),.UNSPECIFIED.);
#578=B_SPLINE_CURVE_WITH_KNOTS('',3,(#2517,#2518,#2519,#2520,#2521,#2522,
#2523,#2524,#2525,#2526,#2527,#2528,#2529,#2530,#2531,#2532,#2533,#2534,
#2535,#2536,#2537,#2538,#2539,#2540,#2541),.UNSPECIFIED.,.F.,.F.,(4,1,1,
1,1,1,1,1,1,1,1,1,1,1,1,1,1,1,1,1,1,1,4),(0.212665276598275,0.212894194504194,
0.213454622149518,0.213874942883512,0.214015049794843,0.214155156706175,
0.214295263617506,0.214365317073172,0.214435370528837,0.214575477440169,
0.214855691262831,0.215135905085494,0.215696332730819,0.216256760376144,
0.216817188021469,0.217377615666795,0.217657829489457,0.217797936400788,
0.217938043312119,0.218008096767785,0.218078150223451,0.218218257134782,
0.218718033897728),.UNSPECIFIED.);
#579=B_SPLINE_CURVE_WITH_KNOTS('',3,(#2542,#2543,#2544,#2545,#2546,#2547,
#2548,#2549,#2550,#2551,#2552,#2553,#2554,#2555,#2556),.UNSPECIFIED.,.T.,
 .F.,(1,1,1,1,1,1,1,1,1,1,1,1,1,1,1,1,1,1,1),(-0.00792065077558787,-0.00528043385039191,
-0.00264021692519596,1.43656787854329E-18,0.00264021692519596,0.00528043385039191,
0.0105608677007838,0.0158413015511757,0.0211217354015676,0.0264021692519596,
0.0290423861771555,0.0316826031023515,0.0343228200275474,0.0369630369527434,
0.0396032538779393,0.0422434708031353,0.0448836877283312,0.0475239046535272,
0.0528043385039191),.UNSPECIFIED.);
#580=B_SPLINE_CURVE_WITH_KNOTS('',3,(#2850,#2851,#2852,#2853,#2854,#2855,
#2856,#2857,#2858,#2859,#2860,#2861,#2862,#2863,#2864,#2865,#2866,#2867,
#2868,#2869,#2870,#2871,#2872,#2873,#2874),.UNSPECIFIED.,.F.,.F.,(4,1,1,
1,1,1,1,1,1,1,1,1,1,1,1,1,1,1,1,1,1,1,4),(0.,0.0251689973381571,0.0503379946763143,
0.0755069920144714,0.100675989352629,0.113260488021707,0.125844986690786,
0.138429485359864,0.151013984028943,0.157306233363482,0.163598482698021,
0.169890732032561,0.1761829813671,0.17932910603437,0.182475230701639,0.185621355368909,
0.188767480036178,0.191913604703448,0.193486667037083,0.195059729370718,
0.196632791704353,0.198205854037987,0.201351978705257),.UNSPECIFIED.);
#581=B_SPLINE_CURVE_WITH_KNOTS('',3,(#2877,#2878,#2879,#2880,#2881),
 .UNSPECIFIED.,.F.,.F.,(4,1,4),(0.20142500829609,0.204479884031261,0.207534759766432),
 .UNSPECIFIED.);
#582=B_SPLINE_CURVE_WITH_KNOTS('',3,(#2883,#2884,#2885,#2886,#2887,#2888,
#2889,#2890,#2891,#2892,#2893,#2894,#2895,#2896,#2897,#2898,#2899,#2900,
#2901,#2902,#2903,#2904,#2905,#2906,#2907),.UNSPECIFIED.,.F.,.F.,(4,1,1,
1,1,1,1,1,1,1,1,1,1,1,1,1,1,1,1,1,1,1,4),(0.0758737681293787,0.101044253816004,
0.126214739502629,0.151385225189254,0.176555710875878,0.189140953719191,
0.201726196562503,0.214311439405816,0.226896682249128,0.233189303670785,
0.239481925092441,0.245774546514097,0.252067167935753,0.255213478646581,
0.258359789357409,0.261506100068238,0.264652410779066,0.267798721489894,
0.269371876845308,0.270945032200722,0.272518187556136,0.27409134291155,
0.277237653622378),.UNSPECIFIED.);
#583=B_SPLINE_CURVE_WITH_KNOTS('',3,(#2909,#2910,#2911,#2912),
 .UNSPECIFIED.,.F.,.F.,(4,4),(0.0075103203450225,0.0100137627496416),
 .UNSPECIFIED.);
#584=B_SPLINE_CURVE_WITH_KNOTS('',3,(#2914,#2915,#2916,#2917,#2918,#2919,
#2920,#2921,#2922,#2923,#2924),.UNSPECIFIED.,.F.,.F.,(4,1,1,1,1,1,1,1,4),
(0.,0.0117462997895999,0.0234925995791999,0.0352388993687998,0.0469851991583998,
0.0704777987375997,0.0939703983167995,0.140955597475199,0.187940796633599),
 .UNSPECIFIED.);
#585=B_SPLINE_CURVE_WITH_KNOTS('',3,(#2925,#2926,#2927,#2928,#2929,#2930,
#2931,#2932,#2933,#2934,#2935),.UNSPECIFIED.,.F.,.F.,(4,1,1,1,1,1,1,1,4),
(0.,0.0469864980687056,0.0939729961374113,0.117466245171764,0.140959494206117,
0.152706118723293,0.16445274324047,0.176199367757646,0.187945992274823),
 .UNSPECIFIED.);
#586=B_SPLINE_CURVE_WITH_KNOTS('',3,(#2937,#2938,#2939,#2940),
 .UNSPECIFIED.,.F.,.F.,(4,4),(0.00650894200940644,0.00901238441402702),
 .UNSPECIFIED.);
#587=B_SPLINE_CURVE_WITH_KNOTS('',3,(#2946,#2947,#2948,#2949,#2950,#2951,
#2952,#2953,#2954,#2955,#2956,#2957,#2958,#2959,#2960,#2961,#2962,#2963,
#2964,#2965,#2966,#2967,#2968,#2969,#2970),.UNSPECIFIED.,.F.,.F.,(4,1,1,
1,1,1,1,1,1,1,1,1,1,1,1,1,1,1,1,1,1,1,4),(4.33680868994202E-19,0.00319504511615244,
0.00479256767422867,0.00639009023230489,0.00798761279038111,0.00958513534845733,
0.0111826579065336,0.0127801804646098,0.0159752255807622,0.0191702706969147,
0.0255603609292195,0.0319504511615244,0.0383405413938293,0.0447306316261342,
0.0511207218584391,0.0639009023230489,0.0766810827876586,0.0894612632522684,
0.102241443716878,0.127801804646098,0.153362165575317,0.178922526504537,
0.204482887433756),.UNSPECIFIED.);
#588=B_SPLINE_CURVE_WITH_KNOTS('',3,(#2974,#2975,#2976,#2977,#2978,#2979,
#2980,#2981,#2982,#2983,#2984,#2985,#2986,#2987,#2988,#2989,#2990,#2991,
#2992,#2993,#2994,#2995,#2996,#2997,#2998,#2999,#3000,#3001,#3002,#3003,
#3004,#3005,#3006,#3007,#3008,#3009,#3010,#3011,#3012,#3013,#3014,#3015,
#3016,#3017,#3018,#3019,#3020,#3021,#3022,#3023,#3024),.UNSPECIFIED.,.F.,
 .F.,(4,1,1,1,1,1,1,1,1,1,1,1,1,1,1,1,1,1,1,1,1,1,1,1,1,1,1,1,1,1,1,1,1,
1,1,1,1,1,1,1,1,1,1,1,1,1,1,1,4),(0.,0.0254272353431388,0.0508544706862776,
0.0762817060294163,0.0889953237009857,0.101708941372555,0.114422559044125,
0.127136176715694,0.139849794387263,0.152563412058833,0.158920220894617,
0.165277029730402,0.171633838566187,0.177990647401971,0.181169051819864,
0.184347456237756,0.187525860655649,0.190704265073541,0.192293467282487,
0.193882669491433,0.195471871700379,0.197061073909326,0.198650276118272,
0.200239478327218,0.20341788274511,0.206596287163003,0.209774691580895,
0.211363893789841,0.212953095998787,0.214542298207733,0.21613150041668,
0.219309904834572,0.222488309252464,0.225666713670357,0.228845118088249,
0.235201926924034,0.241558735759818,0.247915544595603,0.254272353431388,
0.260629162267172,0.266985971102957,0.279699588774527,0.292413206446096,
0.305126824117665,0.317840441789235,0.330554059460804,0.355981294803943,
0.381408530147082,0.406835765490221),.UNSPECIFIED.);
#589=B_SPLINE_CURVE_WITH_KNOTS('',3,(#3201,#3202,#3203,#3204,#3205,#3206,
#3207,#3208,#3209,#3210,#3211,#3212,#3213,#3214,#3215,#3216,#3217,#3218,
#3219,#3220,#3221,#3222,#3223,#3224,#3225),.UNSPECIFIED.,.F.,.F.,(4,1,1,
1,1,1,1,1,1,1,1,1,1,1,1,1,1,1,1,1,1,1,4),(0.210683362969781,0.213857264529342,
0.215444215309123,0.217031166088903,0.218618116868684,0.220205067648464,
0.221792018428245,0.223378969208025,0.226552870767586,0.229726772327147,
0.236074575446268,0.24242237856539,0.248770181684512,0.255117984803634,
0.261465787922755,0.274161394160999,0.286857000399242,0.299552606637486,
0.312248212875729,0.337639425352216,0.363030637828703,0.38842185030519,
0.413813062781677),.UNSPECIFIED.);
#590=B_SPLINE_CURVE_WITH_KNOTS('',3,(#3227,#3228,#3229,#3230),
 .UNSPECIFIED.,.F.,.F.,(4,4),(0.00751031574215427,0.0100137581467776),
 .UNSPECIFIED.);
#591=B_SPLINE_CURVE_WITH_KNOTS('',3,(#3523,#3524,#3525,#3526),
 .UNSPECIFIED.,.F.,.F.,(4,4),(0.00650894200946163,0.00901238441407921),
 .UNSPECIFIED.);
#592=B_SPLINE_CURVE_WITH_KNOTS('',3,(#3527,#3528,#3529,#3530),
 .UNSPECIFIED.,.F.,.F.,(4,4),(0.00751032034506601,0.0100137627496851),
 .UNSPECIFIED.);
#593=B_SPLINE_CURVE_WITH_KNOTS('',3,(#3541,#3542,#3543,#3544,#3545,#3546,
#3547,#3548,#3549,#3550,#3551,#3552,#3553,#3554,#3555,#3556,#3557,#3558,
#3559,#3560,#3561,#3562,#3563,#3564,#3565,#3566,#3567,#3568,#3569,#3570,
#3571,#3572,#3573,#3574,#3575,#3576,#3577,#3578,#3579,#3580,#3581,#3582,
#3583,#3584,#3585,#3586,#3587,#3588,#3589,#3590,#3591,#3592,#3593,#3594,
#3595,#3596,#3597,#3598,#3599,#3600,#3601,#3602,#3603,#3604,#3605,#3606,
#3607,#3608,#3609,#3610,#3611,#3612,#3613,#3614,#3615,#3616,#3617,#3618,
#3619,#3620,#3621,#3622,#3623,#3624,#3625,#3626,#3627),.UNSPECIFIED.,.F.,
 .F.,(4,1,1,1,1,1,1,1,1,1,1,1,1,1,1,1,1,1,1,1,1,1,1,1,1,1,1,1,1,1,1,1,1,
1,1,1,1,1,1,1,1,1,1,1,1,1,1,1,1,1,1,1,1,1,1,1,1,1,1,1,1,1,1,1,1,1,1,1,1,
1,1,1,1,1,1,1,1,1,1,1,1,1,1,1,4),(0.00165925942958037,0.0273644827763103,
0.040246102109822,0.0531277214433338,0.0660093407768456,0.0788909601103573,
0.0917725794438691,0.104654198777381,0.117535818110893,0.130417437444404,
0.13685824711116,0.143299056777916,0.149739866444672,0.156180676111428,
0.162621485778184,0.16906229544494,0.172282700278317,0.175503105111696,
0.178723509945073,0.181943914778451,0.185164319611829,0.186774522028518,
0.188384724445208,0.189994926861896,0.191605129278586,0.193215331695275,
0.194020432903619,0.194825534111964,0.195630635320308,0.196435736528653,
0.197240837736997,0.198045938945341,0.198851040153685,0.199253590757858,
0.19965614136203,0.200461242570375,0.201266343778719,0.202071444987064,
0.202876546195408,0.203681647403752,0.204486748612097,0.205291849820442,
0.206096951028786,0.207707153445475,0.20851225465382,0.209317355862164,
0.210927558278853,0.211732659487197,0.212537760695542,0.213342861903887,
0.214147963112231,0.214953064320576,0.21575816552892,0.216563266737265,
0.217368367945609,0.218173469153953,0.218978570362298,0.220588772778987,
0.221393873987331,0.222198975195676,0.223809177612365,0.225419380029054,
0.227029582445743,0.228639784862431,0.23024998727912,0.233470392112499,
0.236690796945876,0.239911201779254,0.243131606612633,0.246352011446011,
0.252792821112767,0.259233630779522,0.265674440446278,0.272115250113034,
0.27855605977979,0.284996869446546,0.297878488780058,0.310760108113569,
0.323641727447081,0.336523346780593,0.349404966114104,0.362286585447616,
0.375168204781128,0.38804982411464,0.41375500976367),.UNSPECIFIED.);
#594=B_SPLINE_CURVE_WITH_KNOTS('',3,(#3739,#3740,#3741,#3742,#3743,#3744,
#3745,#3746,#3747,#3748,#3749,#3750,#3751,#3752,#3753,#3754,#3755,#3756,
#3757,#3758,#3759,#3760,#3761,#3762,#3763,#3764,#3765,#3766,#3767,#3768,
#3769,#3770,#3771,#3772,#3773,#3774,#3775,#3776,#3777,#3778,#3779,#3780,
#3781,#3782,#3783,#3784,#3785,#3786,#3787,#3788,#3789,#3790,#3791,#3792,
#3793,#3794,#3795,#3796,#3797,#3798,#3799,#3800,#3801,#3802,#3803,#3804,
#3805,#3806,#3807,#3808,#3809,#3810,#3811,#3812,#3813,#3814,#3815,#3816,
#3817,#3818,#3819,#3820,#3821,#3822,#3823,#3824,#3825),.UNSPECIFIED.,.F.,
 .F.,(4,1,1,1,1,1,1,1,1,1,1,1,1,1,1,1,1,1,1,1,1,1,1,1,1,1,1,1,1,1,1,1,1,
1,1,1,1,1,1,1,1,1,1,1,1,1,1,1,1,1,1,1,1,1,1,1,1,1,1,1,1,1,1,1,1,1,1,1,1,
1,1,1,1,1,1,1,1,1,1,1,1,1,1,1,4),(0.00165925942958037,0.0273644827763103,
0.040246102109822,0.0531277214433338,0.0660093407768456,0.0788909601103573,
0.0917725794438691,0.104654198777381,0.117535818110893,0.130417437444404,
0.13685824711116,0.143299056777916,0.149739866444672,0.156180676111428,
0.162621485778184,0.16906229544494,0.172282700278317,0.175503105111696,
0.178723509945073,0.181943914778451,0.185164319611829,0.186774522028518,
0.188384724445208,0.189994926861896,0.191605129278586,0.193215331695275,
0.194020432903619,0.194825534111964,0.195630635320308,0.196435736528653,
0.197240837736997,0.198045938945341,0.198851040153685,0.199253590757858,
0.19965614136203,0.200461242570375,0.201266343778719,0.202071444987064,
0.202876546195408,0.203681647403752,0.204486748612097,0.205291849820442,
0.206096951028786,0.207707153445475,0.20851225465382,0.209317355862164,
0.210927558278853,0.211732659487197,0.212537760695542,0.213342861903887,
0.214147963112231,0.214953064320576,0.21575816552892,0.216563266737265,
0.217368367945609,0.218173469153953,0.218978570362298,0.220588772778987,
0.221393873987331,0.222198975195676,0.223809177612365,0.225419380029054,
0.227029582445743,0.228639784862431,0.23024998727912,0.233470392112499,
0.236690796945876,0.239911201779254,0.243131606612633,0.246352011446011,
0.252792821112767,0.259233630779522,0.265674440446278,0.272115250113034,
0.27855605977979,0.284996869446546,0.297878488780058,0.310760108113569,
0.323641727447081,0.336523346780593,0.349404966114104,0.362286585447616,
0.375168204781128,0.38804982411464,0.41375500976367),.UNSPECIFIED.);
#595=B_SPLINE_CURVE_WITH_KNOTS('',3,(#3826,#3827,#3828,#3829),
 .UNSPECIFIED.,.F.,.F.,(4,4),(0.,0.00602242064567613),.UNSPECIFIED.);
#596=EDGE_LOOP('',(#159,#160,#161,#162,#163,#164));
#597=EDGE_LOOP('',(#165,#166,#167,#168,#169,#170));
#598=EDGE_LOOP('',(#171,#172,#173,#174));
#599=EDGE_LOOP('',(#175,#176,#177,#178));
#600=EDGE_LOOP('',(#179,#180,#181,#182));
#601=EDGE_LOOP('',(#183,#184,#185,#186));
#602=EDGE_LOOP('',(#187,#188,#189,#190));
#603=EDGE_LOOP('',(#191,#192));
#604=EDGE_LOOP('',(#193,#194,#195,#196));
#605=EDGE_LOOP('',(#197,#198,#199,#200));
#606=EDGE_LOOP('',(#201,#202));
#607=EDGE_LOOP('',(#203,#204,#205,#206));
#608=EDGE_LOOP('',(#207,#208,#209,#210));
#609=EDGE_LOOP('',(#211,#212,#213,#214));
#610=EDGE_LOOP('',(#215,#216,#217,#218));
#611=EDGE_LOOP('',(#219,#220,#221,#222));
#612=EDGE_LOOP('',(#223,#224,#225,#226));
#613=EDGE_LOOP('',(#227));
#614=EDGE_LOOP('',(#228,#229,#230,#231));
#615=EDGE_LOOP('',(#232));
#616=EDGE_LOOP('',(#233,#234,#235,#236,#237,#238,#239,#240));
#617=EDGE_LOOP('',(#241,#242,#243));
#618=EDGE_LOOP('',(#244,#245,#246));
#619=EDGE_LOOP('',(#247,#248,#249,#250,#251,#252,#253,#254));
#620=EDGE_LOOP('',(#255,#256,#257,#258));
#621=EDGE_LOOP('',(#259,#260,#261,#262,#263,#264));
#622=EDGE_LOOP('',(#265,#266,#267,#268,#269,#270,#271,#272,#273,#274,#275,
#276,#277,#278,#279,#280,#281,#282));
#623=EDGE_LOOP('',(#283,#284,#285,#286,#287,#288));
#624=EDGE_LOOP('',(#289,#290,#291,#292));
#625=EDGE_LOOP('',(#293,#294,#295,#296,#297,#298,#299,#300));
#626=EDGE_LOOP('',(#301,#302,#303,#304));
#627=EDGE_LOOP('',(#305));
#628=EDGE_LOOP('',(#306));
#629=EDGE_LOOP('',(#307,#308,#309,#310));
#630=EDGE_LOOP('',(#311,#312,#313,#314));
#631=EDGE_LOOP('',(#315,#316,#317,#318));
#632=EDGE_LOOP('',(#319,#320,#321,#322));
#633=EDGE_LOOP('',(#323,#324,#325,#326));
#634=EDGE_LOOP('',(#327,#328,#329,#330));
#635=EDGE_LOOP('',(#331,#332,#333,#334));
#636=EDGE_LOOP('',(#335,#336,#337,#338));
#637=EDGE_LOOP('',(#339,#340,#341,#342));
#638=EDGE_LOOP('',(#343,#344,#345,#346));
#639=EDGE_LOOP('',(#347,#348,#349,#350));
#640=EDGE_LOOP('',(#351,#352,#353,#354));
#641=EDGE_LOOP('',(#355,#356,#357,#358));
#642=EDGE_LOOP('',(#359,#360,#361,#362));
#643=EDGE_LOOP('',(#363,#364,#365,#366));
#644=EDGE_LOOP('',(#367,#368,#369,#370));
#645=EDGE_LOOP('',(#371,#372,#373,#374));
#646=FACE_BOUND('',#596,.T.);
#647=FACE_BOUND('',#597,.T.);
#648=FACE_BOUND('',#598,.T.);
#649=FACE_BOUND('',#599,.T.);
#650=FACE_BOUND('',#600,.T.);
#651=FACE_BOUND('',#601,.T.);
#652=FACE_BOUND('',#602,.T.);
#653=FACE_BOUND('',#603,.T.);
#654=FACE_BOUND('',#604,.T.);
#655=FACE_BOUND('',#605,.T.);
#656=FACE_BOUND('',#606,.T.);
#657=FACE_BOUND('',#607,.T.);
#658=FACE_BOUND('',#608,.T.);
#659=FACE_BOUND('',#609,.T.);
#660=FACE_BOUND('',#610,.T.);
#661=FACE_BOUND('',#611,.T.);
#662=FACE_BOUND('',#612,.T.);
#663=FACE_BOUND('',#613,.T.);
#664=FACE_BOUND('',#614,.T.);
#665=FACE_BOUND('',#615,.T.);
#666=FACE_BOUND('',#616,.T.);
#667=FACE_BOUND('',#617,.T.);
#668=FACE_BOUND('',#618,.T.);
#669=FACE_BOUND('',#619,.T.);
#670=FACE_BOUND('',#620,.T.);
#671=FACE_BOUND('',#621,.T.);
#672=FACE_BOUND('',#622,.T.);
#673=FACE_BOUND('',#623,.T.);
#674=FACE_BOUND('',#624,.T.);
#675=FACE_BOUND('',#625,.T.);
#676=FACE_BOUND('',#626,.T.);
#677=FACE_BOUND('',#627,.T.);
#678=FACE_BOUND('',#628,.T.);
#679=FACE_BOUND('',#629,.T.);
#680=FACE_BOUND('',#630,.T.);
#681=FACE_BOUND('',#631,.T.);
#682=FACE_BOUND('',#632,.T.);
#683=FACE_BOUND('',#633,.T.);
#684=FACE_BOUND('',#634,.T.);
#685=FACE_BOUND('',#635,.T.);
#686=FACE_BOUND('',#636,.T.);
#687=FACE_BOUND('',#637,.T.);
#688=FACE_BOUND('',#638,.T.);
#689=FACE_BOUND('',#639,.T.);
#690=FACE_BOUND('',#640,.T.);
#691=FACE_BOUND('',#641,.T.);
#692=FACE_BOUND('',#642,.T.);
#693=FACE_BOUND('',#643,.T.);
#694=FACE_BOUND('',#644,.T.);
#695=FACE_BOUND('',#645,.T.);
#696=PLANE('',#775);
#697=PLANE('',#776);
#698=PLANE('',#779);
#699=PLANE('',#780);
#700=PLANE('',#781);
#701=PLANE('',#782);
#702=PLANE('',#783);
#703=PLANE('',#784);
#704=PLANE('',#785);
#705=PLANE('',#786);
#706=PLANE('',#787);
#707=PLANE('',#788);
#708=PLANE('',#790);
#709=PLANE('',#791);
#710=PLANE('',#792);
#711=PLANE('',#793);
#712=PLANE('',#794);
#713=PLANE('',#795);
#714=PLANE('',#796);
#715=PLANE('',#797);
#716=PLANE('',#798);
#717=PLANE('',#799);
#718=PLANE('',#800);
#719=PLANE('',#801);
#720=PLANE('',#802);
#721=PLANE('',#803);
#722=PLANE('',#804);
#723=PLANE('',#805);
#724=ADVANCED_FACE('',(#646),#696,.F.);
#725=ADVANCED_FACE('',(#647),#697,.T.);
#726=ADVANCED_FACE('',(#648),#21,.T.);
#727=ADVANCED_FACE('',(#649),#12,.F.);
#728=ADVANCED_FACE('',(#650),#698,.T.);
#729=ADVANCED_FACE('',(#651,#652,#653,#654,#655),#699,.F.);
#730=ADVANCED_FACE('',(#656,#657,#658,#659,#660),#700,.T.);
#731=ADVANCED_FACE('',(#661,#662,#663),#13,.F.);
#732=ADVANCED_FACE('',(#664,#665),#14,.T.);
#733=ADVANCED_FACE('',(#666),#15,.F.);
#734=ADVANCED_FACE('',(#667),#701,.F.);
#735=ADVANCED_FACE('',(#668),#702,.F.);
#736=ADVANCED_FACE('',(#669),#703,.T.);
#737=ADVANCED_FACE('',(#670),#16,.F.);
#738=ADVANCED_FACE('',(#671),#17,.T.);
#739=ADVANCED_FACE('',(#672),#704,.F.);
#740=ADVANCED_FACE('',(#673),#705,.F.);
#741=ADVANCED_FACE('',(#674),#706,.T.);
#742=ADVANCED_FACE('',(#675),#18,.F.);
#743=ADVANCED_FACE('',(#676),#707,.T.);
#744=ADVANCED_FACE('',(#677,#678),#22,.F.);
#745=ADVANCED_FACE('',(#679),#708,.T.);
#746=ADVANCED_FACE('',(#680),#709,.T.);
#747=ADVANCED_FACE('',(#681),#710,.T.);
#748=ADVANCED_FACE('',(#682),#711,.T.);
#749=ADVANCED_FACE('',(#683),#712,.T.);
#750=ADVANCED_FACE('',(#684),#713,.T.);
#751=ADVANCED_FACE('',(#685),#714,.T.);
#752=ADVANCED_FACE('',(#686),#715,.T.);
#753=ADVANCED_FACE('',(#687),#716,.T.);
#754=ADVANCED_FACE('',(#688),#717,.T.);
#755=ADVANCED_FACE('',(#689),#718,.T.);
#756=ADVANCED_FACE('',(#690),#719,.T.);
#757=ADVANCED_FACE('',(#691),#720,.T.);
#758=ADVANCED_FACE('',(#692),#721,.T.);
#759=ADVANCED_FACE('',(#693),#722,.T.);
#760=ADVANCED_FACE('',(#694),#723,.T.);
#761=ADVANCED_FACE('',(#695),#19,.T.);
#762=CLOSED_SHELL('',(#724,#725,#726,#727,#728,#729,#730,#731,#732,#733,
#734,#735,#736,#737,#738,#739,#740,#741,#742,#743,#744,#745,#746,#747,#748,
#749,#750,#751,#752,#753,#754,#755,#756,#757,#758,#759,#760,#761));
#763=STYLED_ITEM('',(#764),#771);
#764=PRESENTATION_STYLE_ASSIGNMENT((#765));
#765=SURFACE_STYLE_USAGE(.BOTH.,#766);
#766=SURFACE_SIDE_STYLE('',(#767));
#767=SURFACE_STYLE_FILL_AREA(#768);
#768=FILL_AREA_STYLE('',(#769));
#769=FILL_AREA_STYLE_COLOUR('',#770);
#770=COLOUR_RGB('',0.325490196078431,0.529411764705882,0.752941176470588);
#771=MANIFOLD_SOLID_BREP('Enclosure Top',#762);
#772=SHAPE_DEFINITION_REPRESENTATION(#3890,#773);
#773=SHAPE_REPRESENTATION('Enclosure Top',(#774),#3885);
#774=AXIS2_PLACEMENT_3D('',#938,#806,#807);
#775=AXIS2_PLACEMENT_3D('',#939,#808,#809);
#776=AXIS2_PLACEMENT_3D('',#958,#814,#815);
#777=AXIS2_PLACEMENT_3D('',#977,#820,#821);
#778=AXIS2_PLACEMENT_3D('',#982,#822,#823);
#779=AXIS2_PLACEMENT_3D('',#1208,#824,#825);
#780=AXIS2_PLACEMENT_3D('',#1298,#827,#828);
#781=AXIS2_PLACEMENT_3D('',#1365,#846,#847);
#782=AXIS2_PLACEMENT_3D('',#2941,#865,#866);
#783=AXIS2_PLACEMENT_3D('',#2943,#868,#869);
#784=AXIS2_PLACEMENT_3D('',#2945,#871,#872);
#785=AXIS2_PLACEMENT_3D('',#3531,#875,#876);
#786=AXIS2_PLACEMENT_3D('',#3540,#882,#883);
#787=AXIS2_PLACEMENT_3D('',#3628,#884,#885);
#788=AXIS2_PLACEMENT_3D('',#3830,#886,#887);
#789=AXIS2_PLACEMENT_3D('',#3831,#888,#889);
#790=AXIS2_PLACEMENT_3D('',#3832,#890,#891);
#791=AXIS2_PLACEMENT_3D('',#3835,#894,#895);
#792=AXIS2_PLACEMENT_3D('',#3837,#897,#898);
#793=AXIS2_PLACEMENT_3D('',#3839,#900,#901);
#794=AXIS2_PLACEMENT_3D('',#3840,#902,#903);
#795=AXIS2_PLACEMENT_3D('',#3843,#906,#907);
#796=AXIS2_PLACEMENT_3D('',#3845,#909,#910);
#797=AXIS2_PLACEMENT_3D('',#3847,#912,#913);
#798=AXIS2_PLACEMENT_3D('',#3848,#914,#915);
#799=AXIS2_PLACEMENT_3D('',#3851,#918,#919);
#800=AXIS2_PLACEMENT_3D('',#3853,#921,#922);
#801=AXIS2_PLACEMENT_3D('',#3855,#924,#925);
#802=AXIS2_PLACEMENT_3D('',#3856,#926,#927);
#803=AXIS2_PLACEMENT_3D('',#3859,#930,#931);
#804=AXIS2_PLACEMENT_3D('',#3861,#933,#934);
#805=AXIS2_PLACEMENT_3D('',#3863,#936,#937);
#806=DIRECTION('',(0.,0.,1.));
#807=DIRECTION('',(1.,0.,0.));
#808=DIRECTION('',(0.,1.,0.));
#809=DIRECTION('',(0.,0.,1.));
#810=DIRECTION('',(-0.0871557427476579,0.,-0.996194698091746));
#811=DIRECTION('',(0.996194698091746,0.,-0.0871557427476579));
#812=DIRECTION('',(0.996194698091746,0.,-0.0871557427476579));
#813=DIRECTION('',(0.0871557427476579,0.,0.996194698091746));
#814=DIRECTION('',(0.,1.,0.));
#815=DIRECTION('',(0.,0.,1.));
#816=DIRECTION('',(-0.0871557427476579,0.,-0.996194698091746));
#817=DIRECTION('',(0.0871557427476579,0.,0.996194698091746));
#818=DIRECTION('',(0.996194698091746,0.,-0.0871557427476579));
#819=DIRECTION('',(0.996194698091746,0.,-0.0871557427476579));
#820=DIRECTION('',(-0.0871557427476579,0.,-0.996194698091746));
#821=DIRECTION('',(-0.996194695472817,7.25111333489155E-5,0.0871557425185314));
#822=DIRECTION('',(-0.0871557427476579,0.,-0.996194698091746));
#823=DIRECTION('',(-0.996194698091746,0.,0.0871557427476579));
#824=DIRECTION('',(-0.0871557427476579,0.,-0.996194698091746));
#825=DIRECTION('',(0.996194698091746,0.,-0.0871557427476579));
#826=DIRECTION('',(0.,1.,0.));
#827=DIRECTION('',(0.996194698091745,0.,-0.0871557427476579));
#828=DIRECTION('',(-0.0871557427476579,0.,-0.996194698091746));
#829=DIRECTION('',(-0.0871557427476579,0.,-0.996194698091746));
#830=DIRECTION('',(0.,1.,0.));
#831=DIRECTION('',(0.0871557427476579,0.,0.996194698091746));
#832=DIRECTION('',(0.,-1.,0.));
#833=DIRECTION('',(-0.0871557427476579,0.,-0.996194698091746));
#834=DIRECTION('',(0.,1.,0.));
#835=DIRECTION('',(0.0871557427476579,0.,0.996194698091746));
#836=DIRECTION('',(0.,-1.,0.));
#837=DIRECTION('',(0.,1.,0.));
#838=DIRECTION('',(-0.0871557427476579,0.,-0.996194698091746));
#839=DIRECTION('',(0.,1.,0.));
#840=DIRECTION('',(0.0871557427476579,0.,0.996194698091746));
#841=DIRECTION('',(0.,-1.,0.));
#842=DIRECTION('',(-0.0871557427476579,0.,-0.996194698091746));
#843=DIRECTION('',(0.,1.,0.));
#844=DIRECTION('',(0.0871557427476579,0.,0.996194698091746));
#845=DIRECTION('',(0.,-1.,0.));
#846=DIRECTION('',(0.996194698091745,0.,-0.0871557427476579));
#847=DIRECTION('',(-0.0871557427476579,0.,-0.996194698091746));
#848=DIRECTION('',(0.,1.,0.));
#849=DIRECTION('',(0.,1.,0.));
#850=DIRECTION('',(-0.0871557427476579,0.,-0.996194698091746));
#851=DIRECTION('',(0.,-1.,0.));
#852=DIRECTION('',(0.0871557427476579,0.,0.996194698091746));
#853=DIRECTION('',(0.,1.,0.));
#854=DIRECTION('',(-0.0871557427476579,0.,-0.996194698091746));
#855=DIRECTION('',(0.,-1.,0.));
#856=DIRECTION('',(0.0871557427476579,0.,0.996194698091746));
#857=DIRECTION('',(0.,1.,0.));
#858=DIRECTION('',(-0.0871557427476579,0.,-0.996194698091746));
#859=DIRECTION('',(0.,-1.,0.));
#860=DIRECTION('',(0.0871557427476579,0.,0.996194698091746));
#861=DIRECTION('',(0.,1.,0.));
#862=DIRECTION('',(-0.0871557427476579,0.,-0.996194698091746));
#863=DIRECTION('',(0.,-1.,0.));
#864=DIRECTION('',(0.0871557427476579,0.,0.996194698091746));
#865=DIRECTION('',(-0.0871557427476579,0.,-0.996194698091746));
#866=DIRECTION('',(0.996194698091746,0.,-0.0871557427476579));
#867=DIRECTION('',(0.,-1.,0.));
#868=DIRECTION('',(-0.0871557427476579,0.,-0.996194698091746));
#869=DIRECTION('',(0.996194698091746,0.,-0.0871557427476579));
#870=DIRECTION('',(0.,-1.,0.));
#871=DIRECTION('',(-0.0871557427476579,0.,-0.996194698091746));
#872=DIRECTION('',(0.996194698091746,0.,-0.0871557427476579));
#873=DIRECTION('',(0.,-1.,0.));
#874=DIRECTION('',(0.,-1.,0.));
#875=DIRECTION('',(-0.996194698091746,0.,0.0871557427476579));
#876=DIRECTION('',(0.,-1.,0.));
#877=DIRECTION('',(0.,1.,0.));
#878=DIRECTION('',(0.0871557427476579,0.,0.996194698091746));
#879=DIRECTION('',(0.,1.,0.));
#880=DIRECTION('',(0.,1.,0.));
#881=DIRECTION('',(0.0871557427476579,0.,0.996194698091746));
#882=DIRECTION('',(0.0871557427476579,0.,0.996194698091746));
#883=DIRECTION('',(0.996194698091746,0.,-0.0871557427476579));
#884=DIRECTION('',(-0.0871557427476579,0.,-0.996194698091746));
#885=DIRECTION('',(0.,1.,0.));
#886=DIRECTION('',(-0.0871557427476579,0.,-0.996194698091746));
#887=DIRECTION('',(0.996194698091746,0.,-0.0871557427476579));
#888=DIRECTION('',(0.13622812691946,-0.004706039506492,-0.990666316490159));
#889=DIRECTION('',(-0.990677286720646,0.,-0.136229635453591));
#890=DIRECTION('',(0.,-1.,0.));
#891=DIRECTION('',(0.0871557427476579,0.,0.996194698091746));
#892=DIRECTION('',(-0.996194698091746,0.,0.0871557427476579));
#893=DIRECTION('',(-0.996194698091746,0.,0.0871557427476579));
#894=DIRECTION('',(0.0871557427476579,0.,0.996194698091746));
#895=DIRECTION('',(0.,1.,0.));
#896=DIRECTION('',(-0.996194698091746,0.,0.0871557427476579));
#897=DIRECTION('',(-0.0871557427476579,0.,-0.996194698091746));
#898=DIRECTION('',(0.,-1.,0.));
#899=DIRECTION('',(-0.996194698091746,0.,0.0871557427476579));
#900=DIRECTION('',(0.,1.,0.));
#901=DIRECTION('',(-0.0871557427476579,0.,-0.996194698091746));
#902=DIRECTION('',(0.,-1.,0.));
#903=DIRECTION('',(0.0871557427476579,0.,0.996194698091746));
#904=DIRECTION('',(-0.996194698091746,0.,0.0871557427476579));
#905=DIRECTION('',(-0.996194698091746,0.,0.0871557427476579));
#906=DIRECTION('',(0.0871557427476579,0.,0.996194698091746));
#907=DIRECTION('',(0.,1.,0.));
#908=DIRECTION('',(-0.996194698091746,0.,0.0871557427476579));
#909=DIRECTION('',(-0.0871557427476579,0.,-0.996194698091746));
#910=DIRECTION('',(0.,-1.,0.));
#911=DIRECTION('',(-0.996194698091746,0.,0.0871557427476579));
#912=DIRECTION('',(0.,1.,0.));
#913=DIRECTION('',(-0.0871557427476579,0.,-0.996194698091746));
#914=DIRECTION('',(0.,-1.,0.));
#915=DIRECTION('',(0.0871557427476579,0.,0.996194698091746));
#916=DIRECTION('',(-0.996194698091746,0.,0.0871557427476579));
#917=DIRECTION('',(-0.996194698091746,0.,0.0871557427476579));
#918=DIRECTION('',(0.0871557427476579,0.,0.996194698091746));
#919=DIRECTION('',(0.,1.,0.));
#920=DIRECTION('',(-0.996194698091746,0.,0.0871557427476579));
#921=DIRECTION('',(-0.0871557427476579,0.,-0.996194698091746));
#922=DIRECTION('',(0.,-1.,0.));
#923=DIRECTION('',(-0.996194698091746,0.,0.0871557427476579));
#924=DIRECTION('',(0.,1.,0.));
#925=DIRECTION('',(-0.0871557427476579,0.,-0.996194698091746));
#926=DIRECTION('',(0.,-1.,0.));
#927=DIRECTION('',(0.0871557427476579,0.,0.996194698091746));
#928=DIRECTION('',(-0.996194698091746,0.,0.0871557427476579));
#929=DIRECTION('',(-0.996194698091746,0.,0.0871557427476579));
#930=DIRECTION('',(0.0871557427476579,0.,0.996194698091746));
#931=DIRECTION('',(0.,1.,0.));
#932=DIRECTION('',(-0.996194698091746,0.,0.0871557427476579));
#933=DIRECTION('',(-0.0871557427476579,0.,-0.996194698091746));
#934=DIRECTION('',(0.,-1.,0.));
#935=DIRECTION('',(-0.996194698091746,0.,0.0871557427476579));
#936=DIRECTION('',(0.,1.,0.));
#937=DIRECTION('',(-0.0871557427476579,0.,-0.996194698091746));
#938=CARTESIAN_POINT('',(0.,0.,0.));
#939=CARTESIAN_POINT('',(0.0130924126202907,-0.003,0.0184425981943427));
#940=CARTESIAN_POINT('',(0.00773030707454516,-0.00299999999999999,0.0165887783736261));
#941=CARTESIAN_POINT('',(0.0105343891920582,-0.00299999999999999,0.0169830704450442));
#942=CARTESIAN_POINT('',(0.0133419238358869,-0.00299999999999999,0.0173543152946815));
#943=CARTESIAN_POINT('',(0.0161524462216308,-0.00299999999999999,0.0176994591042805));
#944=CARTESIAN_POINT('',(0.00773030707454515,-0.00300000000000009,0.0165887783736261));
#945=CARTESIAN_POINT('',(0.0161524462216308,-0.003,0.0176994591042805));
#946=CARTESIAN_POINT('',(0.00793199450725308,-0.00300000000000008,0.0188940762782874));
#947=CARTESIAN_POINT('',(0.00762695137097792,-0.00300000000000002,0.0154073946631961));
#948=CARTESIAN_POINT('',(0.0127873675206739,-0.003,0.0149559167510216));
#949=CARTESIAN_POINT('',(0.0167803164982421,-0.003,0.014606578981447));
#950=CARTESIAN_POINT('',(0.0167803164982421,-0.003,0.014606578981447));
#951=CARTESIAN_POINT('',(0.0168978640273677,-0.003,0.0154328123647043));
#952=CARTESIAN_POINT('',(0.0170154282825864,-0.00299999999999991,0.0162590433682719));
#953=CARTESIAN_POINT('',(0.0171330099032218,-0.00299999999999991,0.0170852719006423));
#954=CARTESIAN_POINT('',(0.0171330131695313,-0.00300000075069167,0.0170852716148907));
#955=CARTESIAN_POINT('',(0.11219418575855,-0.003,0.00876849667188373));
#956=CARTESIAN_POINT('',(0.0161065684601229,-0.00299999999999904,0.0171750738907136));
#957=CARTESIAN_POINT('',(0.0161065684601231,-0.003,0.0171750738907136));
#958=CARTESIAN_POINT('',(0.0130924163352351,0.003,0.0184425978693272));
#959=CARTESIAN_POINT('',(0.00793199418613912,0.00299999997619125,0.0188940763063812));
#960=CARTESIAN_POINT('',(0.00773030674707611,0.00299999997619126,0.016588778329081));
#961=CARTESIAN_POINT('',(0.00762695102638565,0.00299999999404782,0.015407394693344));
#962=CARTESIAN_POINT('',(0.00773030674730727,0.00299999999999999,0.0165887783274371));
#963=CARTESIAN_POINT('',(0.0105339998391803,0.00299999999999999,0.0169830156983276));
#964=CARTESIAN_POINT('',(0.0133417590655501,0.00299999999999999,0.0173542947124634));
#965=CARTESIAN_POINT('',(0.0161523908877356,0.00299999999999999,0.017699452308694));
#966=CARTESIAN_POINT('',(0.0161523908877356,0.003,0.017699452308694));
#967=CARTESIAN_POINT('',(0.0161065141365716,0.003,0.0171750786434085));
#968=CARTESIAN_POINT('',(0.0161065141342636,0.00299999999025181,0.0171750786436104));
#969=CARTESIAN_POINT('',(0.11219418575855,0.003,0.00876849667188373));
#970=CARTESIAN_POINT('',(0.017132996738872,0.003,0.0170852730524006));
#971=CARTESIAN_POINT('',(0.0167803106244542,0.003,0.0146065794953368));
#972=CARTESIAN_POINT('',(0.0168978581557363,0.003,0.0154328128813416));
#973=CARTESIAN_POINT('',(0.0170154224622573,0.0029999999999999,0.0162590438806643));
#974=CARTESIAN_POINT('',(0.0171330041966115,0.0029999999999999,0.0170852723999055));
#975=CARTESIAN_POINT('',(0.0167803106244541,0.003,0.0146065794953368));
#976=CARTESIAN_POINT('',(0.0127873712356183,0.003,0.0149559164260061));
#977=CARTESIAN_POINT('',(0.0182181213807861,6.35833093973964E-10,0.017994156785264));
#978=CARTESIAN_POINT('',(0.00773030674707611,0.00299999997619125,0.016588778329081));
#979=CARTESIAN_POINT('',(0.00716700452410969,0.00105000321413739,0.0166468757313452));
#980=CARTESIAN_POINT('',(0.00716672852131546,-0.00104901843607041,0.0166469062632711));
#981=CARTESIAN_POINT('',(0.00773030707454515,-0.00300000000000008,0.0165887783736261));
#982=CARTESIAN_POINT('',(0.0179130762811692,6.35833093973964E-10,0.0145074753419427));
#983=CARTESIAN_POINT('',(0.0165399481990479,-0.00180178777183549,0.0146276084826909));
#984=CARTESIAN_POINT('',(0.0166144760800058,-0.00230721119456091,0.01462108813799));
#985=CARTESIAN_POINT('',(0.0167208161592064,-0.00280605715513106,0.0146117845865825));
#986=CARTESIAN_POINT('',(0.0169346124944417,-0.00355741450313389,0.0145930798309454));
#987=CARTESIAN_POINT('',(0.0170178349991013,-0.00381495306954274,0.0145857988052388));
#988=CARTESIAN_POINT('',(0.0172043600347803,-0.0043259086240266,0.0145694799791509));
#989=CARTESIAN_POINT('',(0.0173080523552418,-0.00458001899098004,0.0145604080766173));
#990=CARTESIAN_POINT('',(0.0175329264874273,-0.00507563944170265,0.0145407341393302));
#991=CARTESIAN_POINT('',(0.0176544576127262,-0.00531807733024132,0.0145301015436015));
#992=CARTESIAN_POINT('',(0.0179164507471811,-0.00579166727128572,0.0145071801144146));
#993=CARTESIAN_POINT('',(0.0180568677106494,-0.00602280508543544,0.0144948952219434));
#994=CARTESIAN_POINT('',(0.0183574529109791,-0.00647339280776961,0.0144685974244933));
#995=CARTESIAN_POINT('',(0.0185177009920472,-0.00669282891931709,0.0144545775340475));
#996=CARTESIAN_POINT('',(0.0187745654994959,-0.00701222066188823,0.0144321048015826));
#997=CARTESIAN_POINT('',(0.0188631814124635,-0.00711732161353703,0.01442435191379));
#998=CARTESIAN_POINT('',(0.0189994211458236,-0.0072712332069906,0.0144124324815996));
#999=CARTESIAN_POINT('',(0.019045373981671,-0.00732190689345842,0.0144084121294062));
#1000=CARTESIAN_POINT('',(0.0191383627894818,-0.00742198727515532,0.0144002766628875));
#1001=CARTESIAN_POINT('',(0.0191854695365379,-0.0074714439213872,0.0143961553565449));
#1002=CARTESIAN_POINT('',(0.0194238342671281,-0.00771521582056768,0.0143753011448331));
#1003=CARTESIAN_POINT('',(0.019623675007589,-0.00789956631725316,0.0143578173455307));
#1004=CARTESIAN_POINT('',(0.01993854153463,-0.0081588385894526,0.0143302700938939));
#1005=CARTESIAN_POINT('',(0.0200460296579961,-0.00824236934772214,0.0143208661016345));
#1006=CARTESIAN_POINT('',(0.0202113915464741,-0.00836298467008616,0.0143063988110137));
#1007=CARTESIAN_POINT('',(0.0202672016818996,-0.00840240822746947,0.0143015160568536));
#1008=CARTESIAN_POINT('',(0.0203802726432849,-0.00847961627362928,0.0142916236295592));
#1009=CARTESIAN_POINT('',(0.0204374812156005,-0.00851736673016103,0.0142866185280249));
#1010=CARTESIAN_POINT('',(0.0206111594401577,-0.00862816359706192,0.0142714236522742));
#1011=CARTESIAN_POINT('',(0.0207301096936413,-0.0086989485267993,0.0142610168535715));
#1012=CARTESIAN_POINT('',(0.020970834553057,-0.00883245073458805,0.0142399561573434));
#1013=CARTESIAN_POINT('',(0.0210926462320692,-0.00889523644910885,0.0142292990163446));
#1014=CARTESIAN_POINT('',(0.0213390014022903,-0.00901328532536428,0.0142077457317499));
#1015=CARTESIAN_POINT('',(0.0214635450102301,-0.00906854821434807,0.0141968495779396));
#1016=CARTESIAN_POINT('',(0.0217152232497665,-0.00917190203962558,0.0141748305851252));
#1017=CARTESIAN_POINT('',(0.0218423884299149,-0.00921996790527989,0.0141637050734671));
#1018=CARTESIAN_POINT('',(0.0222272011070205,-0.00935403477574361,0.0141300383266372));
#1019=CARTESIAN_POINT('',(0.0224882133032566,-0.00943000790656117,0.0141072027184251));
#1020=CARTESIAN_POINT('',(0.0228844614090152,-0.00952873195809888,0.0140725355012288));
#1021=CARTESIAN_POINT('',(0.0230175220588377,-0.0095591451340841,0.0140608942028077));
#1022=CARTESIAN_POINT('',(0.0232170202536725,-0.00960142612911132,0.0140434403723656));
#1023=CARTESIAN_POINT('',(0.0232835276928861,-0.00961497118467802,0.0140376217253942));
#1024=CARTESIAN_POINT('',(0.0234165471904555,-0.00964109567066249,0.0140259840273291));
#1025=CARTESIAN_POINT('',(0.0234830067493814,-0.00965368299988176,0.0140201695693401));
#1026=CARTESIAN_POINT('',(0.023815496342285,-0.0097146373040408,0.0139910804992211));
#1027=CARTESIAN_POINT('',(0.0240817031984365,-0.00975687370846464,0.0139677904171556));
#1028=CARTESIAN_POINT('',(0.0244810631525645,-0.00981375796814345,0.0139328509485017));
#1029=CARTESIAN_POINT('',(0.0246141916669138,-0.00983163841484952,0.0139212037127046));
#1030=CARTESIAN_POINT('',(0.0248804220136121,-0.00986576635588326,0.0138979115754819));
#1031=CARTESIAN_POINT('',(0.0250135146617459,-0.00988204763295878,0.0138862674775705));
#1032=CARTESIAN_POINT('',(0.0254129823432476,-0.00992891082134872,0.0138513185839971));
#1033=CARTESIAN_POINT('',(0.0256794163614244,-0.00995743610516982,0.0138280086278277));
#1034=CARTESIAN_POINT('',(0.0262124052959942,-0.0100104552114559,0.0137813781382667));
#1035=CARTESIAN_POINT('',(0.0264789384757943,-0.0100349602770857,0.0137580595065809));
#1036=CARTESIAN_POINT('',(0.0272786900271101,-0.0101044607935885,0.0136880903122049));
#1037=CARTESIAN_POINT('',(0.0278121917515591,-0.0101452160365495,0.013641414959343));
#1038=CARTESIAN_POINT('',(0.0288795469358398,-0.0102192129807191,0.0135480334807631));
#1039=CARTESIAN_POINT('',(0.0294133762714388,-0.0102524717021771,0.0135013294656398));
#1040=CARTESIAN_POINT('',(0.031015079165834,-0.010346344531847,0.0133611986200456));
#1041=CARTESIAN_POINT('',(0.0320834570348444,-0.0104005439557693,0.0132677276681441));
#1042=CARTESIAN_POINT('',(0.0336864165164157,-0.0104747228740535,0.0131274868854149));
#1043=CARTESIAN_POINT('',(0.0342207764322529,-0.0104982614219358,0.0130807364505361));
#1044=CARTESIAN_POINT('',(0.0352894395944997,-0.0105438709988556,0.0129872405387126));
#1045=CARTESIAN_POINT('',(0.0358237354295869,-0.0105659722614602,0.0129404957101739));
#1046=CARTESIAN_POINT('',(0.0384953530132015,-0.0106747728856848,0.012706759458326));
#1047=CARTESIAN_POINT('',(0.0406327457979963,-0.0107543643060874,0.012519761820165));
#1048=CARTESIAN_POINT('',(0.0449074207101699,-0.0109114250797475,0.012145776225078));
#1049=CARTESIAN_POINT('',(0.0470447898824255,-0.0109884251187888,0.0119587806527412));
#1050=CARTESIAN_POINT('',(0.0534568558176204,-0.0112181585288942,0.0113977975736345));
#1051=CARTESIAN_POINT('',(0.0577317184216902,-0.0113699164885406,0.011023795557662));
#1052=CARTESIAN_POINT('',(0.0662826982349418,-0.0116458110919534,0.0102756817619297));
#1053=CARTESIAN_POINT('',(0.0705588518749283,-0.0117690153420707,0.00990156679494086));
#1054=CARTESIAN_POINT('',(0.0791139700737415,-0.0119465476925551,0.00915309093744403));
#1055=CARTESIAN_POINT('',(0.0833903276627008,-0.0119994876125099,0.00877895812719401));
#1056=CARTESIAN_POINT('',(0.0962160137738723,-0.01206385547097,0.00765685599058822));
#1057=CARTESIAN_POINT('',(0.104762100981697,-0.0119817771520601,0.0069091702423566));
#1058=CARTESIAN_POINT('',(0.121847883705094,-0.0116377293031577,0.0054143579465936));
#1059=CARTESIAN_POINT('',(0.130387609255848,-0.0113757607617784,0.00466722877134339));
#1060=CARTESIAN_POINT('',(0.147462670211571,-0.0107295505209283,0.00317335450857524));
#1061=CARTESIAN_POINT('',(0.155998028809784,-0.0103451733811466,0.00242660739218186));
#1062=CARTESIAN_POINT('',(0.181599914234537,-0.00907834598164915,0.000186732652582329));
#1063=CARTESIAN_POINT('',(0.198662406393326,-0.00808341500039294,-0.00130604198281149));
#1064=CARTESIAN_POINT('',(0.215724556888095,-0.00708976620635315,-0.00279878672644785));
#1065=CARTESIAN_POINT('',(0.216128260844031,-0.00706625569112895,-0.00283410624601212));
#1066=CARTESIAN_POINT('',(0.216531964799967,-0.00704274517590475,-0.00286942576557639));
#1067=CARTESIAN_POINT('',(0.216935668755903,-0.00701923466068055,-0.00290474528514066));
#1068=CARTESIAN_POINT('',(0.016886950863263,-0.00178259741465267,0.0171067995903903));
#1069=CARTESIAN_POINT('',(0.016960662470447,-0.00228248470418086,0.0171003506603908));
#1070=CARTESIAN_POINT('',(0.0170658193546948,-0.00277573848340429,0.0170911506251285));
#1071=CARTESIAN_POINT('',(0.0172771532345955,-0.00351844187625409,0.0170726613064177));
#1072=CARTESIAN_POINT('',(0.0173593959272611,-0.00377294052935541,0.0170654660031529));
#1073=CARTESIAN_POINT('',(0.0175436813210495,-0.00427776094248821,0.0170493431203408));
#1074=CARTESIAN_POINT('',(0.0176461172895084,-0.00452878620709977,0.0170403811343648));
#1075=CARTESIAN_POINT('',(0.0178682024981613,-0.00501825989690082,0.0170209511962702));
#1076=CARTESIAN_POINT('',(0.0179881760581455,-0.00525758178254739,0.0170104548698493));
#1077=CARTESIAN_POINT('',(0.0182467254818215,-0.00572494672544127,0.016987834726316));
#1078=CARTESIAN_POINT('',(0.0183852762398345,-0.00595300500459993,0.016975713105666));
#1079=CARTESIAN_POINT('',(0.0186817245290322,-0.00639739135258795,0.016949777241042));
#1080=CARTESIAN_POINT('',(0.018839683510915,-0.00661368216302685,0.0169359576208247));
#1081=CARTESIAN_POINT('',(0.0190927437231462,-0.00692834354995993,0.0169138177210638));
#1082=CARTESIAN_POINT('',(0.0191800261252052,-0.00703186176921061,0.0169061815003585));
#1083=CARTESIAN_POINT('',(0.0193141853469907,-0.00718342298482671,0.0168944440893452));
#1084=CARTESIAN_POINT('',(0.0193594315525106,-0.00723331732058356,0.0168904855592947));
#1085=CARTESIAN_POINT('',(0.0194509811752968,-0.00733184876118463,0.0168824760051504));
#1086=CARTESIAN_POINT('',(0.0194972955716845,-0.00738047280969734,0.0168784240205088));
#1087=CARTESIAN_POINT('',(0.0197317136317664,-0.00762020851041542,0.0168579150977253));
#1088=CARTESIAN_POINT('',(0.0199281540501952,-0.00780140613566209,0.0168407287880529));
#1089=CARTESIAN_POINT('',(0.0202373043819931,-0.008055971489913,0.0168136816386984));
#1090=CARTESIAN_POINT('',(0.0203427836185342,-0.00813793790359089,0.0168044534012625));
#1091=CARTESIAN_POINT('',(0.0205049347435192,-0.00825621128810074,0.0167902670160486));
#1092=CARTESIAN_POINT('',(0.0205596416278259,-0.00829485503201842,0.0167854807838544));
#1093=CARTESIAN_POINT('',(0.0206704318089273,-0.00837050569701336,0.0167757878989789));
#1094=CARTESIAN_POINT('',(0.0207265144119881,-0.00840751344308702,0.0167708813069898));
#1095=CARTESIAN_POINT('',(0.0208967821386599,-0.00851613460555806,0.0167559848111411));
#1096=CARTESIAN_POINT('',(0.0210134212834673,-0.00858554543472061,0.0167457802082477));
#1097=CARTESIAN_POINT('',(0.021249536412233,-0.00871649115862288,0.0167251228111933));
#1098=CARTESIAN_POINT('',(0.0213690485312679,-0.00877809296711196,0.0167146668556236));
#1099=CARTESIAN_POINT('',(0.0216108326961132,-0.00889395150145907,0.0166935134821803));
#1100=CARTESIAN_POINT('',(0.0217331048555332,-0.00894820792496905,0.0166828160543652));
#1101=CARTESIAN_POINT('',(0.0219802821988307,-0.00904971341862156,0.0166611908389475));
#1102=CARTESIAN_POINT('',(0.0221051988694146,-0.00909693191881202,0.0166502620463861));
#1103=CARTESIAN_POINT('',(0.0224836350666567,-0.00922877725452829,0.0166171531692574));
#1104=CARTESIAN_POINT('',(0.0227408153057979,-0.00930366171731231,0.0165946528138503));
#1105=CARTESIAN_POINT('',(0.023132156273379,-0.00940116316971366,0.0165604149156149));
#1106=CARTESIAN_POINT('',(0.0232637180983514,-0.00943123656550408,0.0165489047473768));
#1107=CARTESIAN_POINT('',(0.0234612000888001,-0.00947309025273612,0.0165316273119618));
#1108=CARTESIAN_POINT('',(0.0235270736486526,-0.00948650650889569,0.0165258641222485));
#1109=CARTESIAN_POINT('',(0.0236589021652812,-0.00951239709106996,0.0165143306215143));
#1110=CARTESIAN_POINT('',(0.0237248556114786,-0.00952488889769364,0.0165085604426514));
#1111=CARTESIAN_POINT('',(0.0240547933014163,-0.00958537536923464,0.0164796946351125));
#1112=CARTESIAN_POINT('',(0.0243192978876984,-0.00962734859861532,0.0164565534823628));
#1113=CARTESIAN_POINT('',(0.0247166050563453,-0.00968394046245462,0.016421793609167));
#1114=CARTESIAN_POINT('',(0.0248491326919672,-0.0097017407972805,0.0164101989434467));
#1115=CARTESIAN_POINT('',(0.0251143267090575,-0.00973573589170824,0.0163869974733164));
#1116=CARTESIAN_POINT('',(0.025246990127945,-0.00975196493442749,0.0163753909280982));
#1117=CARTESIAN_POINT('',(0.0256451512459591,-0.00979867484450457,0.0163405563440181));
#1118=CARTESIAN_POINT('',(0.0259108248857277,-0.00982711971600164,0.0163173129123394));
#1119=CARTESIAN_POINT('',(0.0264425177873398,-0.00988000989932783,0.0162707958109697));
#1120=CARTESIAN_POINT('',(0.026708535925468,-0.00990446821488797,0.0162475222395915));
#1121=CARTESIAN_POINT('',(0.0275069353032535,-0.0099738512239479,0.0161776713450705));
#1122=CARTESIAN_POINT('',(0.0280396817204753,-0.010014550060323,0.0161310620730284));
#1123=CARTESIAN_POINT('',(0.0291058213712551,-0.0100884627347321,0.0160377869398501));
#1124=CARTESIAN_POINT('',(0.0296392130213474,-0.0101216948969138,0.0159911212172467));
#1125=CARTESIAN_POINT('',(0.0312398963866076,-0.0102155079738758,0.015851079568894));
#1126=CARTESIAN_POINT('',(0.0323077418139832,-0.0102696812971223,0.0157576551995992));
#1127=CARTESIAN_POINT('',(0.0339101241734991,-0.0103438335083746,0.0156174649085077));
#1128=CARTESIAN_POINT('',(0.0344443286396011,-0.0103673652751215,0.0155707280737185));
#1129=CARTESIAN_POINT('',(0.0355127547700302,-0.0104129647357377,0.0154772528994918));
#1130=CARTESIAN_POINT('',(0.0360469912572506,-0.0104350635653669,0.0154305132632188));
#1131=CARTESIAN_POINT('',(0.038718230800277,-0.0105438487940302,0.0151968100856364));
#1132=CARTESIAN_POINT('',(0.0408554711303494,-0.0106234347886289,0.0150098257855357));
#1133=CARTESIAN_POINT('',(0.0451300224927213,-0.0107804910228028,0.0146358509996555));
#1134=CARTESIAN_POINT('',(0.0472673492883292,-0.0108574895458276,0.0144488591347953));
#1135=CARTESIAN_POINT('',(0.053679371904646,-0.0110872214038913,0.0138878798455987));
#1136=CARTESIAN_POINT('',(0.0579541004880399,-0.0112389743181776,0.013513889554917));
#1137=CARTESIAN_POINT('',(0.0665044809852769,-0.0115148495848525,0.0127658281925408));
#1138=CARTESIAN_POINT('',(0.0707801640779762,-0.0116380389133758,0.0123917543931065));
#1139=CARTESIAN_POINT('',(0.0793338319062517,-0.0118155411663578,0.0116434054265881));
#1140=CARTESIAN_POINT('',(0.0836095030620441,-0.011868472964584,0.0112693326714584));
#1141=CARTESIAN_POINT('',(0.096433288748083,-0.0119328312854417,0.01014739680051));
#1142=CARTESIAN_POINT('',(0.104978285469625,-0.011850765659773,0.00939980645746203));
#1143=CARTESIAN_POINT('',(0.122062242573173,-0.0115067545724631,0.00790515388274406));
#1144=CARTESIAN_POINT('',(0.130601203011686,-0.0112448107849588,0.00715809164614051));
#1145=CARTESIAN_POINT('',(0.147675020607771,-0.0105986475993861,0.00566432616324264));
#1146=CARTESIAN_POINT('',(0.156209873262275,-0.0102142939484507,0.00491762331119161));
#1147=CARTESIAN_POINT('',(0.181810615390555,-0.00894752312132085,0.00267784859706635));
#1148=CARTESIAN_POINT('',(0.19887272977709,-0.00795261585050131,0.00118510701247073));
#1149=CARTESIAN_POINT('',(0.215934886760004,-0.00695896667861455,-0.000307638298809203));
#1150=CARTESIAN_POINT('',(0.216338590869454,-0.00693545615445019,-0.000342957831804364));
#1151=CARTESIAN_POINT('',(0.216742294978905,-0.00691194563028583,-0.00037827736479953));
#1152=CARTESIAN_POINT('',(0.217145999088356,-0.00688843510612147,-0.000413596897794697));
#1153=CARTESIAN_POINT('',(0.215716997376887,-0.0070902064498379,-0.0027981253549089));
#1154=CARTESIAN_POINT('',(0.207299645176756,-0.0075804081378189,-0.00206170246049245));
#1155=CARTESIAN_POINT('',(0.190465013291793,-0.00856137939764558,-0.000588863015926067));
#1156=CARTESIAN_POINT('',(0.165206745660447,-0.0099257305244998,0.00162094906212043));
#1157=CARTESIAN_POINT('',(0.139938578250056,-0.0110727787539717,0.00383162725860491));
#1158=CARTESIAN_POINT('',(0.118870747013473,-0.0117352572765052,0.00567482365688328));
#1159=CARTESIAN_POINT('',(0.102009092767185,-0.012007470353674,0.00715002725172719));
#1160=CARTESIAN_POINT('',(0.089361672133311,-0.0120574612408239,0.00825653318003502));
#1161=CARTESIAN_POINT('',(0.0767136541578784,-0.0119296430699453,0.00936309136895746));
#1162=CARTESIAN_POINT('',(0.0661778647099041,-0.011647251523541,0.0102848535069513));
#1163=CARTESIAN_POINT('',(0.0577508495216386,-0.0113687092235939,0.0110221218032853));
#1164=CARTESIAN_POINT('',(0.0514309637038985,-0.0111460705111456,0.0115750401671158));
#1165=CARTESIAN_POINT('',(0.0451111942031536,-0.0109192796797753,0.0121279483545279));
#1166=CARTESIAN_POINT('',(0.0387917887613378,-0.0106869461236537,0.0126808246909108));
#1167=CARTESIAN_POINT('',(0.0335256570460684,-0.0104784735221683,0.0131415515166312));
#1168=CARTESIAN_POINT('',(0.02931629180064,-0.0102551324432976,0.0135098232562462));
#1169=CARTESIAN_POINT('',(0.0266866545349752,-0.0100687319488071,0.0137398867061772));
#1170=CARTESIAN_POINT('',(0.0245934716158585,-0.00984093952521419,0.013923016482286));
#1171=CARTESIAN_POINT('',(0.0230420146792279,-0.00959853812676546,0.0140587513761898));
#1172=CARTESIAN_POINT('',(0.0215059076266741,-0.00915131363532549,0.0141931433292505));
#1173=CARTESIAN_POINT('',(0.0201083920003554,-0.0083668824609944,0.0143154101036537));
#1174=CARTESIAN_POINT('',(0.0189296581181486,-0.00726776578450207,0.0144185359556607));
#1175=CARTESIAN_POINT('',(0.0176650098411243,-0.00554602284459081,0.0145291783432479));
#1176=CARTESIAN_POINT('',(0.017046884195405,-0.00404241532470093,0.014583257329883));
#1177=CARTESIAN_POINT('',(0.0167803164982421,-0.00300000000000018,0.014606578981447));
#1178=CARTESIAN_POINT('',(0.215716997376887,-0.0070902064498379,-0.00279812535490891));
#1179=CARTESIAN_POINT('',(0.215934886733757,-0.00695896669493702,-0.000307638609679555));
#1180=CARTESIAN_POINT('',(0.215862256948134,-0.00700271327987668,-0.00113780085809077));
#1181=CARTESIAN_POINT('',(0.215789627162511,-0.00704645986484376,-0.00196796310650054));
#1182=CARTESIAN_POINT('',(0.215716997376888,-0.00709020644983789,-0.00279812535490891));
#1183=CARTESIAN_POINT('',(0.215934886733756,-0.00695896669493703,-0.000307638609679553));
#1184=CARTESIAN_POINT('',(0.215934886733757,-0.00695896669493703,-0.000307638609679546));
#1185=CARTESIAN_POINT('',(0.207522867684841,-0.00744885761379868,0.000428317694464673));
#1186=CARTESIAN_POINT('',(0.190698780001987,-0.00842842499601072,0.0019002346408805));
#1187=CARTESIAN_POINT('',(0.165456954899824,-0.00979309043728747,0.00410860818402387));
#1188=CARTESIAN_POINT('',(0.140204111580192,-0.010939616567638,0.00631794569628806));
#1189=CARTESIAN_POINT('',(0.119154900419025,-0.0116025050685872,0.00815951304905355));
#1190=CARTESIAN_POINT('',(0.102309603130114,-0.0118753987489285,0.0096332855955572));
#1191=CARTESIAN_POINT('',(0.0896728377196511,-0.0119266634685436,0.0107388593126092));
#1192=CARTESIAN_POINT('',(0.0770304242429937,-0.0118004385239931,0.0118449271714241));
#1193=CARTESIAN_POINT('',(0.0664979096040623,-0.0115194073557634,0.0127664028007514));
#1194=CARTESIAN_POINT('',(0.0580735942946314,-0.0112409498659807,0.0135034348882945));
#1195=CARTESIAN_POINT('',(0.0517557806012358,-0.011018727645682,0.0140561719647354));
#1196=CARTESIAN_POINT('',(0.0454381498480916,-0.0107920049807287,0.0146088930359784));
#1197=CARTESIAN_POINT('',(0.039120673135663,-0.0105602253555335,0.0151616006304048));
#1198=CARTESIAN_POINT('',(0.0338567639381245,-0.0103509089648056,0.0156221330110195));
#1199=CARTESIAN_POINT('',(0.0296483106157366,-0.0101307838957539,0.015990324967706));
#1200=CARTESIAN_POINT('',(0.0270225564582455,-0.00994698678398722,0.0162200486896929));
#1201=CARTESIAN_POINT('',(0.0249231351111123,-0.00972289907202299,0.0164037242575312));
#1202=CARTESIAN_POINT('',(0.0233630703636702,-0.00948580712714556,0.0165402122372989));
#1203=CARTESIAN_POINT('',(0.0218290432441319,-0.00905305721291365,0.0166744222197998));
#1204=CARTESIAN_POINT('',(0.0199785620893583,-0.00803301344671745,0.0168363183429108));
#1205=CARTESIAN_POINT('',(0.0182026056376812,-0.00597582000327918,0.0169916943993484));
#1206=CARTESIAN_POINT('',(0.0173991571356678,-0.00402826360561916,0.0170619870350014));
#1207=CARTESIAN_POINT('',(0.0171330149572383,-0.00300000028444356,0.0170852714585001));
#1208=CARTESIAN_POINT('',(0.11219418575855,-3.21046037071345E-5,0.00876849667188373));
#1209=CARTESIAN_POINT('',(0.215934886729361,-0.00796064817402315,-0.000307638609294979));
#1210=CARTESIAN_POINT('',(0.207413397544359,-0.00845691386463049,0.000437895090751449));
#1211=CARTESIAN_POINT('',(0.194620474900306,-0.00920175684837517,0.00155713079547023));
#1212=CARTESIAN_POINT('',(0.177551715612022,-0.0101405321261934,0.00305045373364784));
#1213=CARTESIAN_POINT('',(0.164732410298682,-0.0108034027759972,0.00417199762284273));
#1214=CARTESIAN_POINT('',(0.151908626005031,-0.0114088605886807,0.00529393337203894));
#1215=CARTESIAN_POINT('',(0.139082049881138,-0.011940033444069,0.00641611337473188));
#1216=CARTESIAN_POINT('',(0.126251934113111,-0.0123784926157232,0.00753860305615947));
#1217=CARTESIAN_POINT('',(0.113417716758464,-0.0127037131905036,0.0086614515799188));
#1218=CARTESIAN_POINT('',(0.10057872374634,-0.012892870801324,0.00978471791956816));
#1219=CARTESIAN_POINT('',(0.0898749367811578,-0.0129159625046349,0.0107211779358182));
#1220=CARTESIAN_POINT('',(0.0813088834352362,-0.0128401993389687,0.0114706104947446));
#1221=CARTESIAN_POINT('',(0.0748824626998548,-0.0127321179853478,0.0120328494561384));
#1222=CARTESIAN_POINT('',(0.0684593624419343,-0.0125715965510735,0.0125947979133969));
#1223=CARTESIAN_POINT('',(0.0620395868015377,-0.0123749755807069,0.0131564555043115));
#1224=CARTESIAN_POINT('',(0.0556224898061943,-0.0121563936357159,0.0137178787441503));
#1225=CARTESIAN_POINT('',(0.0502765360222479,-0.0119662528254331,0.0141855890959791));
#1226=CARTESIAN_POINT('',(0.04599997715577,-0.0118123707516918,0.0145597395156972));
#1227=CARTESIAN_POINT('',(0.0427923563908411,-0.0116956982171062,0.0148403699695188));
#1228=CARTESIAN_POINT('',(0.0395841998420252,-0.0115764173370831,0.0151210472983567));
#1229=CARTESIAN_POINT('',(0.0363748068328287,-0.0114512310107313,0.0154018328034607));
#1230=CARTESIAN_POINT('',(0.0336985794587873,-0.011336789222247,0.0156359723597071));
#1231=CARTESIAN_POINT('',(0.031555431654632,-0.0112321324328008,0.0158234734968312));
#1232=CARTESIAN_POINT('',(0.0299462882037499,-0.0111437375197711,0.0159642553067704));
#1233=CARTESIAN_POINT('',(0.0283345153310129,-0.0110407109443981,0.0161052671613134));
#1234=CARTESIAN_POINT('',(0.0267178957617943,-0.0109148378954925,0.0162467030468542));
#1235=CARTESIAN_POINT('',(0.0253628671769374,-0.0107792046061931,0.0163652526867828));
#1236=CARTESIAN_POINT('',(0.0242656411062381,-0.0106334339303406,0.0164612475292941));
#1237=CARTESIAN_POINT('',(0.0234345914019135,-0.0104949488247591,0.016533954957249));
#1238=CARTESIAN_POINT('',(0.0225872976771419,-0.0103072109201339,0.0166080835528432));
#1239=CARTESIAN_POINT('',(0.0217242290619276,-0.0100382523692379,0.0166835922725194));
#1240=CARTESIAN_POINT('',(0.0208774480778567,-0.00966858329891451,0.016757676009115));
#1241=CARTESIAN_POINT('',(0.0200857062090812,-0.00920313959998103,0.0168269444470717));
#1242=CARTESIAN_POINT('',(0.0194727381019895,-0.00873388318462023,0.0168805722075451));
#1243=CARTESIAN_POINT('',(0.0190190502553075,-0.00831934785986378,0.0169202647509093));
#1244=CARTESIAN_POINT('',(0.0185959754461112,-0.00788930923182874,0.0169572790005374));
#1245=CARTESIAN_POINT('',(0.0181128814279542,-0.00732078166443513,0.0169995442505433));
#1246=CARTESIAN_POINT('',(0.0175958091726082,-0.00658693375389617,0.0170447822111098));
#1247=CARTESIAN_POINT('',(0.0171477109363926,-0.00581893751605758,0.0170839857269247));
#1248=CARTESIAN_POINT('',(0.0167675486970172,-0.00502843266054807,0.0171172456131707));
#1249=CARTESIAN_POINT('',(0.0164494393094458,-0.00421410641356113,0.0171450765783444));
#1250=CARTESIAN_POINT('',(0.0161909634968939,-0.00337621372324595,0.0171676902817383));
#1251=CARTESIAN_POINT('',(0.0159921301940148,-0.00251803708554287,0.0171850859416716));
#1252=CARTESIAN_POINT('',(0.0158091699046737,-0.00137249093361613,0.0172010928928644));
#1253=CARTESIAN_POINT('',(0.0157411156362908,-0.000219777518675653,0.0172070468698524));
#1254=CARTESIAN_POINT('',(0.0157849408978163,0.000946959721366843,0.0172032126562929));
#1255=CARTESIAN_POINT('',(0.0159049782522342,0.00209961436085462,0.0171927107485817));
#1256=CARTESIAN_POINT('',(0.0161388884628704,0.00323086637261453,0.017172246256868));
#1257=CARTESIAN_POINT('',(0.0164934677842505,0.0043387061904057,0.0171412245859266));
#1258=CARTESIAN_POINT('',(0.0168260137921649,0.00516149691694572,0.0171121305801333));
#1259=CARTESIAN_POINT('',(0.0172193672932432,0.0059517930226683,0.0170777166080307));
#1260=CARTESIAN_POINT('',(0.0176750395834643,0.00670804975216402,0.0170378504483534));
#1261=CARTESIAN_POINT('',(0.0181973343318121,0.00742853955847114,0.0169921555788539));
#1262=CARTESIAN_POINT('',(0.0187947239552787,0.00811123559161198,0.0169398907590925));
#1263=CARTESIAN_POINT('',(0.0194596368880939,0.00873237213865539,0.0168817184152395));
#1264=CARTESIAN_POINT('',(0.0202014351054288,0.00928015880796137,0.0168168194805989));
#1265=CARTESIAN_POINT('',(0.0210191527374384,0.00973913251667424,0.0167452784578328));
#1266=CARTESIAN_POINT('',(0.0221449375238484,0.0102043005659514,0.016646785051452));
#1267=CARTESIAN_POINT('',(0.023300333764269,0.0104774995664877,0.0165457009785347));
#1268=CARTESIAN_POINT('',(0.0244063055535309,0.0106536795740808,0.0164489409847948));
#1269=CARTESIAN_POINT('',(0.0254991813672434,0.0107941944883703,0.0163533267404533));
#1270=CARTESIAN_POINT('',(0.0268504839230361,0.0109262505951338,0.0162351030858278));
#1271=CARTESIAN_POINT('',(0.0284642876833981,0.0110496941081944,0.0160939135516406));
#1272=CARTESIAN_POINT('',(0.0300738783608022,0.0111511942156629,0.0159530926144507));
#1273=CARTESIAN_POINT('',(0.0316812571135595,0.0112385792638885,0.0158124651955921));
#1274=CARTESIAN_POINT('',(0.033822440806815,0.0113423275980074,0.0156251358959057));
#1275=CARTESIAN_POINT('',(0.0364963430208637,0.0114561361260972,0.0153911997647995));
#1276=CARTESIAN_POINT('',(0.039702587551754,0.0115808937081894,0.0151106897158546));
#1277=CARTESIAN_POINT('',(0.0429077140907562,0.0116999259071486,0.0148302774785258));
#1278=CARTESIAN_POINT('',(0.0461122877690757,0.0118164288641272,0.0145499136102393));
#1279=CARTESIAN_POINT('',(0.050384804153858,0.0119701222702932,0.0141761168618421));
#1280=CARTESIAN_POINT('',(0.0557257180206805,0.0121600115502939,0.0137088474456267));
#1281=CARTESIAN_POINT('',(0.0621367398047282,0.0123781425958402,0.0131479557179048));
#1282=CARTESIAN_POINT('',(0.0685505205121304,0.0125741546307234,0.0125868226156658));
#1283=CARTESIAN_POINT('',(0.0749681867483135,0.0127339158776949,0.0120253495737067));
#1284=CARTESIAN_POINT('',(0.0813885059038344,0.0128411846496409,0.0114636444313803));
#1285=CARTESIAN_POINT('',(0.0899468754166674,0.0129161163617923,0.0107148841207415));
#1286=CARTESIAN_POINT('',(0.100643400227817,0.0128922690622219,0.00977905946064217));
#1287=CARTESIAN_POINT('',(0.113476488838729,0.012702501417329,0.00865630968916373));
#1288=CARTESIAN_POINT('',(0.126307047293456,0.0123768227547005,0.00753378127766841));
#1289=CARTESIAN_POINT('',(0.139131045529726,0.0119381517829647,0.00641182681091838));
#1290=CARTESIAN_POINT('',(0.151950308118405,0.0114069882845904,0.00529028665964699));
#1291=CARTESIAN_POINT('',(0.16476557089661,0.0108017426887331,0.00416909644644833));
#1292=CARTESIAN_POINT('',(0.177576613486209,0.0101391899205095,0.00304827545191065));
#1293=CARTESIAN_POINT('',(0.194634361121708,0.00920094819838925,0.00155591590851826));
#1294=CARTESIAN_POINT('',(0.207418942788115,0.00845659092612994,0.000437409944786344));
#1295=CARTESIAN_POINT('',(0.215934886723673,0.00796064817435077,-0.000307638608797278));
#1296=CARTESIAN_POINT('',(0.215934886733756,-0.00796064817262514,-0.000307638609679552));
#1297=CARTESIAN_POINT('',(0.215934886733756,0.,-0.000307638609679552));
#1298=CARTESIAN_POINT('',(0.200584046926394,-0.000145743135362864,0.00781087143156658));
#1299=CARTESIAN_POINT('',(0.200584046926394,-0.00095,0.00781087143156658));
#1300=CARTESIAN_POINT('',(0.201034668017841,-0.00095,0.0129614940755366));
#1301=CARTESIAN_POINT('',(0.200978888342482,-0.00095,0.0123239294687579));
#1302=CARTESIAN_POINT('',(0.201034668017841,-0.000145743135362864,0.0129614940755366));
#1303=CARTESIAN_POINT('',(0.201034668017841,-0.00159,0.0129614940755366));
#1304=CARTESIAN_POINT('',(0.200584046926394,-0.00159,0.00781087143156658));
#1305=CARTESIAN_POINT('',(0.200978888342482,-0.00159,0.0123239294687579));
#1306=CARTESIAN_POINT('',(0.200978888342482,-0.000145743135362864,0.0123239294687579));
#1307=CARTESIAN_POINT('',(0.200584046926394,0.00413,0.00781087143156658));
#1308=CARTESIAN_POINT('',(0.201034668017841,0.00413,0.0129614940755366));
#1309=CARTESIAN_POINT('',(0.200978888342482,0.00413,0.0123239294687579));
#1310=CARTESIAN_POINT('',(0.201034668017841,-0.000145743135362864,0.0129614940755366));
#1311=CARTESIAN_POINT('',(0.201034668017841,0.00349,0.0129614940755366));
#1312=CARTESIAN_POINT('',(0.200584046926394,0.00349,0.00781087143156658));
#1313=CARTESIAN_POINT('',(0.200978888342482,0.00349,0.0123239294687579));
#1314=CARTESIAN_POINT('',(0.200978888342482,-0.000145743135362864,0.0123239294687579));
#1315=CARTESIAN_POINT('',(0.200584046926394,0.0075661562909479,0.00781087143156658));
#1316=CARTESIAN_POINT('',(0.20062703541191,0.00750967154642156,0.00830223206943769));
#1317=CARTESIAN_POINT('',(0.20071265964678,0.00737870478166626,0.0092809215523806));
#1318=CARTESIAN_POINT('',(0.200818529305933,0.0071569608540986,0.0104910172937842));
#1319=CARTESIAN_POINT('',(0.200902217163066,0.00692705228450093,0.0114475738779193));
#1320=CARTESIAN_POINT('',(0.200964174412008,0.00671775373372296,0.0121557484738547));
#1321=CARTESIAN_POINT('',(0.2010152037755,0.00649995841502325,0.0127390167675441));
#1322=CARTESIAN_POINT('',(0.20105429768871,0.00626716136941893,0.013185862240259));
#1323=CARTESIAN_POINT('',(0.201082012188496,0.00605645650915951,0.0135026404223553));
#1324=CARTESIAN_POINT('',(0.201100023994829,0.00572318493100402,0.013708516310811));
#1325=CARTESIAN_POINT('',(0.20110753985256,0.00522067705167573,0.0137944229577788));
#1326=CARTESIAN_POINT('',(0.201110692145243,0.00458751283719669,0.0138304538280142));
#1327=CARTESIAN_POINT('',(0.201111266261191,0.00382702024937684,0.0138370160033245));
#1328=CARTESIAN_POINT('',(0.201112134122373,0.00281305309998209,0.0138469357020325));
#1329=CARTESIAN_POINT('',(0.20111281962424,0.00154549399173749,0.013854771024229));
#1330=CARTESIAN_POINT('',(0.201113157563304,2.44327355674482E-5,0.0138586336854042));
#1331=CARTESIAN_POINT('',(0.201112838966655,-0.00149660655774792,0.0138549921090339));
#1332=CARTESIAN_POINT('',(0.201112166395287,-0.00276419377898735,0.0138473045831253));
#1333=CARTESIAN_POINT('',(0.201111309524244,-0.00377812579862616,0.0138375105022847));
#1334=CARTESIAN_POINT('',(0.201110741124482,-0.00453887651258197,0.0138310136632749));
#1335=CARTESIAN_POINT('',(0.20110798896757,-0.00517139934052309,0.0137995563658253));
#1336=CARTESIAN_POINT('',(0.201100973768457,-0.00567465024954796,0.0137193722730559));
#1337=CARTESIAN_POINT('',(0.201085551795986,-0.00601989594257523,0.0135430983211019));
#1338=CARTESIAN_POINT('',(0.201057886045203,-0.00624278325951198,0.0132268773426614));
#1339=CARTESIAN_POINT('',(0.201019518026462,-0.00647873753501853,0.0127883288816829));
#1340=CARTESIAN_POINT('',(0.200968095780279,-0.00670326006694206,0.0122005699182995));
#1341=CARTESIAN_POINT('',(0.200905303770913,-0.00691781961373496,0.0114828539670412));
#1342=CARTESIAN_POINT('',(0.200820717016389,-0.00715207328698732,0.0105160229387142));
#1343=CARTESIAN_POINT('',(0.200713778363977,-0.00737692621949519,0.00929370854846035));
#1344=CARTESIAN_POINT('',(0.200627398210453,-0.00750919484458267,0.00830637887575454));
#1345=CARTESIAN_POINT('',(0.200584046926394,-0.00756615628863476,0.0078108714315666));
#1346=CARTESIAN_POINT('',(0.200584046926394,0.00756615629094794,0.00781087143156658));
#1347=CARTESIAN_POINT('',(0.200584046926394,-0.00756615628863476,0.00781087143156659));
#1348=CARTESIAN_POINT('',(0.200584046926394,-0.000145743135362864,0.00781087143156658));
#1349=CARTESIAN_POINT('',(0.200584046926394,0.00159,0.00781087143156658));
#1350=CARTESIAN_POINT('',(0.201034668017841,0.00159,0.0129614940755366));
#1351=CARTESIAN_POINT('',(0.200978888342482,0.00159,0.0123239294687579));
#1352=CARTESIAN_POINT('',(0.201034668017841,-0.000145743135362864,0.0129614940755366));
#1353=CARTESIAN_POINT('',(0.201034668017841,0.00095,0.0129614940755366));
#1354=CARTESIAN_POINT('',(0.200584046926394,0.00095,0.00781087143156658));
#1355=CARTESIAN_POINT('',(0.200978888342482,0.00095,0.0123239294687579));
#1356=CARTESIAN_POINT('',(0.200978888342482,-0.000145743135362864,0.0123239294687579));
#1357=CARTESIAN_POINT('',(0.200584046926394,-0.00349,0.00781087143156658));
#1358=CARTESIAN_POINT('',(0.201034668017841,-0.00349,0.0129614940755366));
#1359=CARTESIAN_POINT('',(0.200978888342482,-0.00349,0.0123239294687579));
#1360=CARTESIAN_POINT('',(0.201034668017841,-0.000145743135362864,0.0129614940755366));
#1361=CARTESIAN_POINT('',(0.201034668017841,-0.00413,0.0129614940755366));
#1362=CARTESIAN_POINT('',(0.200584046926394,-0.00413,0.00781087143156658));
#1363=CARTESIAN_POINT('',(0.200978888342482,-0.00413,0.0123239294687579));
#1364=CARTESIAN_POINT('',(0.200978888342482,-0.000145743135362864,0.0123239294687579));
#1365=CARTESIAN_POINT('',(0.203074533671623,-0.000145743135362864,0.00759298207469743));
#1366=CARTESIAN_POINT('',(0.203074533671623,-0.000145743135362864,0.00759298207469743));
#1367=CARTESIAN_POINT('',(0.203074533671623,-0.00743132649918342,0.00759298207469744));
#1368=CARTESIAN_POINT('',(0.203074533671623,0.00743132650118752,0.00759298207469744));
#1369=CARTESIAN_POINT('',(0.203074533671623,0.00743132650118752,0.00759298207469744));
#1370=CARTESIAN_POINT('',(0.203118118017169,0.00737531160078413,0.00809115342386738));
#1371=CARTESIAN_POINT('',(0.203205009750124,0.00724502600535433,0.00908433047622399));
#1372=CARTESIAN_POINT('',(0.203312670439997,0.00702297997036337,0.0103148977924257));
#1373=CARTESIAN_POINT('',(0.203398023152909,0.006790836900488,0.0112904837651925));
#1374=CARTESIAN_POINT('',(0.20346124629255,0.00657827667709578,0.0120131275580283));
#1375=CARTESIAN_POINT('',(0.203512820304767,0.00635744493416855,0.0126026212151417));
#1376=CARTESIAN_POINT('',(0.203551596077115,0.0061231942193455,0.0130458303211493));
#1377=CARTESIAN_POINT('',(0.203579457626588,0.00590488899450629,0.0133642892888643));
#1378=CARTESIAN_POINT('',(0.203594846461582,0.00556304573684622,0.0135401844777247));
#1379=CARTESIAN_POINT('',(0.203601432123078,0.00506581762487364,0.013615458933073));
#1380=CARTESIAN_POINT('',(0.20360398705891,0.00444329510453587,0.013644661983259));
#1381=CARTESIAN_POINT('',(0.203604399338583,0.00369267324067126,0.0136493743614878));
#1382=CARTESIAN_POINT('',(0.203605139879434,0.00269302559548949,0.0136578387821531));
#1383=CARTESIAN_POINT('',(0.203605690915274,0.00144303289912298,0.0136641371506245));
#1384=CARTESIAN_POINT('',(0.203605952272631,-5.68431235560781E-5,0.0136671244788763));
#1385=CARTESIAN_POINT('',(0.203605655435553,-0.00155667839099669,0.0136637316155532));
#1386=CARTESIAN_POINT('',(0.203605065660776,-0.00280675880249625,0.0136569904590065));
#1387=CARTESIAN_POINT('',(0.203604329935205,-0.00380627448354453,0.0136485810772522));
#1388=CARTESIAN_POINT('',(0.203603823710493,-0.00455735268270805,0.0136427949023068));
#1389=CARTESIAN_POINT('',(0.20360056410863,-0.00517811004383578,0.0136055374825399));
#1390=CARTESIAN_POINT('',(0.203592205600726,-0.00567799237774697,0.0135099993000084));
#1391=CARTESIAN_POINT('',(0.203571550535842,-0.00597690371849278,0.0132739108280755));
#1392=CARTESIAN_POINT('',(0.203543680675589,-0.00617554529758111,0.0129553568677127));
#1393=CARTESIAN_POINT('',(0.203504938901047,-0.00639365515897361,0.0125125363583932));
#1394=CARTESIAN_POINT('',(0.203454474123881,-0.0066032000465219,0.0119357213159351));
#1395=CARTESIAN_POINT('',(0.203392246688526,-0.00680773436940988,0.0112244584751737));
#1396=CARTESIAN_POINT('',(0.203308398371982,-0.00703240894231143,0.0102660678315677));
#1397=CARTESIAN_POINT('',(0.203202643770604,-0.00724873490767887,0.00905728720656614));
#1398=CARTESIAN_POINT('',(0.203117326055816,-0.00737632943280018,0.00808210126418702));
#1399=CARTESIAN_POINT('',(0.203074533671623,-0.00743132649918343,0.00759298207469743));
#1400=CARTESIAN_POINT('',(0.20352515476307,-0.000145743135362864,0.0127436047186674));
#1401=CARTESIAN_POINT('',(0.20352515476307,0.00349,0.0127436047186674));
#1402=CARTESIAN_POINT('',(0.20352515476307,0.00413,0.0127436047186674));
#1403=CARTESIAN_POINT('',(0.203074533671623,0.00413,0.00759298207469743));
#1404=CARTESIAN_POINT('',(0.203469375087712,0.00413,0.0121060401118887));
#1405=CARTESIAN_POINT('',(0.203469375087712,-0.000145743135362864,0.0121060401118887));
#1406=CARTESIAN_POINT('',(0.203469375087712,0.00349,0.0121060401118887));
#1407=CARTESIAN_POINT('',(0.203074533671623,0.00349,0.00759298207469743));
#1408=CARTESIAN_POINT('',(0.20352515476307,-0.000145743135362864,0.0127436047186674));
#1409=CARTESIAN_POINT('',(0.20352515476307,0.00095,0.0127436047186674));
#1410=CARTESIAN_POINT('',(0.20352515476307,0.00159,0.0127436047186674));
#1411=CARTESIAN_POINT('',(0.203074533671623,0.00159,0.00759298207469743));
#1412=CARTESIAN_POINT('',(0.203469375087712,0.00159,0.0121060401118887));
#1413=CARTESIAN_POINT('',(0.203469375087712,-0.000145743135362864,0.0121060401118887));
#1414=CARTESIAN_POINT('',(0.203469375087712,0.00095,0.0121060401118887));
#1415=CARTESIAN_POINT('',(0.203074533671623,0.00095,0.00759298207469743));
#1416=CARTESIAN_POINT('',(0.20352515476307,-0.000145743135362864,0.0127436047186674));
#1417=CARTESIAN_POINT('',(0.20352515476307,-0.00159,0.0127436047186674));
#1418=CARTESIAN_POINT('',(0.20352515476307,-0.00095,0.0127436047186674));
#1419=CARTESIAN_POINT('',(0.203074533671623,-0.00095,0.00759298207469743));
#1420=CARTESIAN_POINT('',(0.203469375087712,-0.00095,0.0121060401118887));
#1421=CARTESIAN_POINT('',(0.203469375087712,-0.000145743135362864,0.0121060401118887));
#1422=CARTESIAN_POINT('',(0.203469375087712,-0.00159,0.0121060401118887));
#1423=CARTESIAN_POINT('',(0.203074533671623,-0.00159,0.00759298207469743));
#1424=CARTESIAN_POINT('',(0.20352515476307,-0.000145743135362864,0.0127436047186674));
#1425=CARTESIAN_POINT('',(0.20352515476307,-0.00413,0.0127436047186674));
#1426=CARTESIAN_POINT('',(0.20352515476307,-0.00349,0.0127436047186674));
#1427=CARTESIAN_POINT('',(0.203074533671623,-0.00349,0.00759298207469743));
#1428=CARTESIAN_POINT('',(0.203469375087712,-0.00349,0.0121060401118887));
#1429=CARTESIAN_POINT('',(0.203469375087712,-0.000145743135362864,0.0121060401118887));
#1430=CARTESIAN_POINT('',(0.203469375087712,-0.00413,0.0121060401118887));
#1431=CARTESIAN_POINT('',(0.203074533671623,-0.00413,0.00759298207469743));
#1432=CARTESIAN_POINT('',(0.0149019887043251,0.0114584327989547,0.00493494341644305));
#1433=CARTESIAN_POINT('',(0.0238232349493015,0.0111918260486041,0.00617393800858375));
#1434=CARTESIAN_POINT('',(0.0365440925999165,0.0111814109593318,0.00752807650304492));
#1435=CARTESIAN_POINT('',(0.0528356243066288,0.0114933503601756,0.00857171942858105));
#1436=CARTESIAN_POINT('',(0.0648853927552119,0.0117778551551238,0.00903059063350385));
#1437=CARTESIAN_POINT('',(0.076931156286606,0.0119987834505922,0.00922312441376852));
#1438=CARTESIAN_POINT('',(0.0891477058658851,0.0120516303084631,0.00920453599864173));
#1439=CARTESIAN_POINT('',(0.102896367336249,0.0119462572555428,0.00897008751981912));
#1440=CARTESIAN_POINT('',(0.119614115103792,0.0116112177630104,0.00842108755908781));
#1441=CARTESIAN_POINT('',(0.140811960508953,0.0109077694703884,0.00737040384592285));
#1442=CARTESIAN_POINT('',(0.173756722030204,0.00941263031988218,0.00522889084883775));
#1443=CARTESIAN_POINT('',(0.199917455654273,0.00788961412817274,0.00310524260298313));
#1444=CARTESIAN_POINT('',(0.217359356431219,0.00687811972488706,0.00169442347510343));
#1445=CARTESIAN_POINT('',(0.014996889176897,0.0114223526214651,0.00640730787195265));
#1446=CARTESIAN_POINT('',(0.0239508223484987,0.0111569505884424,0.00770571487112881));
#1447=CARTESIAN_POINT('',(0.0366732334462052,0.011146826555295,0.00909456465027251));
#1448=CARTESIAN_POINT('',(0.05291954915836,0.0114577692532427,0.010124981071072));
#1449=CARTESIAN_POINT('',(0.0649241246005651,0.0117412608716507,0.0105558533541987));
#1450=CARTESIAN_POINT('',(0.0769262788396611,0.011961365978575,0.0107144305304952));
#1451=CARTESIAN_POINT('',(0.0891127946515327,0.0120139924354988,0.0106674222770337));
#1452=CARTESIAN_POINT('',(0.102841156049297,0.0119089327746524,0.0104065578597724));
#1453=CARTESIAN_POINT('',(0.119551318495701,0.0115749390297264,0.0098326546035828));
#1454=CARTESIAN_POINT('',(0.140762666316563,0.0108736354477586,0.00876025345170866));
#1455=CARTESIAN_POINT('',(0.173761948291889,0.009382910694435,0.0065994393716114));
#1456=CARTESIAN_POINT('',(0.199994158459861,0.0078643163477537,0.00447261834707844));
#1457=CARTESIAN_POINT('',(0.217483474451049,0.00685583576854125,0.00305955972853367));
#1458=CARTESIAN_POINT('',(0.0151402901961517,0.0113051821002481,0.00859115197844583));
#1459=CARTESIAN_POINT('',(0.0241413830204199,0.0110475483915058,0.00997725691574385));
#1460=CARTESIAN_POINT('',(0.0368646033749091,0.0110378142316837,0.0114164893616373));
#1461=CARTESIAN_POINT('',(0.0530426174248357,0.0113384238580503,0.0124254437323001));
#1462=CARTESIAN_POINT('',(0.0649796659784969,0.0116118192090268,0.0128133247926484));
#1463=CARTESIAN_POINT('',(0.0769173210334268,0.0118225531272669,0.0129201752283693));
#1464=CARTESIAN_POINT('',(0.0890597219392902,0.0118692122631078,0.0128299996737619));
#1465=CARTESIAN_POINT('',(0.102758360109029,0.0117607069299316,0.0125292030174414));
#1466=CARTESIAN_POINT('',(0.119457717806682,0.0114265314518768,0.0119179635793812));
#1467=CARTESIAN_POINT('',(0.140689557732279,0.01073021316274,0.0108135615236281));
#1468=CARTESIAN_POINT('',(0.173770222861472,0.00925458657765957,0.00862548087622167));
#1469=CARTESIAN_POINT('',(0.200108583681216,0.007754291034085,0.0064958273082677));
#1470=CARTESIAN_POINT('',(0.217668215725741,0.0067581607882444,0.00508063024066808));
#1471=CARTESIAN_POINT('',(0.0153333250311696,0.0110318176942458,0.011194518955266));
#1472=CARTESIAN_POINT('',(0.0243918289201714,0.0107948931468673,0.0126750830115471));
#1473=CARTESIAN_POINT('',(0.0371124452057006,0.0107851965897795,0.0141638780960573));
#1474=CARTESIAN_POINT('',(0.0531992806783772,0.0110556096304522,0.0151387964361958));
#1475=CARTESIAN_POINT('',(0.0650477870099893,0.0112999201254294,0.0154715841955319));
#1476=CARTESIAN_POINT('',(0.0769022427597829,0.0114835257978256,0.0155150037385811));
#1477=CARTESIAN_POINT('',(0.0889880310054827,0.0115121436678305,0.0153732906630663));
#1478=CARTESIAN_POINT('',(0.102648151334637,0.0113920234833302,0.0150264652129862));
#1479=CARTESIAN_POINT('',(0.119333008022184,0.0110543544858562,0.0143746311395862));
#1480=CARTESIAN_POINT('',(0.140589984854434,0.0103674694633277,0.0132396220018409));
#1481=CARTESIAN_POINT('',(0.173772723105802,0.00892619288662866,0.0110343399421998));
#1482=CARTESIAN_POINT('',(0.200244875236976,0.00747028272723668,0.00891656024988615));
#1483=CARTESIAN_POINT('',(0.217893026943042,0.00650428683888864,0.00750899991924169));
#1484=CARTESIAN_POINT('',(0.0154796191787617,0.0107721544714618,0.0129253431817781));
#1485=CARTESIAN_POINT('',(0.0245779969352305,0.0105553685118378,0.0144600029932192));
#1486=CARTESIAN_POINT('',(0.0372944730975282,0.0105455116215396,0.0159728028753838));
#1487=CARTESIAN_POINT('',(0.053312840604215,0.0107861989345474,0.0169174189204768));
#1488=CARTESIAN_POINT('',(0.0650957622014039,0.0110021153843014,0.017209835786687));
#1489=CARTESIAN_POINT('',(0.0768893697251328,0.0111593918220843,0.0172091607033341));
#1490=CARTESIAN_POINT('',(0.0889338403277086,0.0111704390477921,0.0170328914269332));
#1491=CARTESIAN_POINT('',(0.102565500554746,0.0110387840860846,0.0166567396238451));
#1492=CARTESIAN_POINT('',(0.119239092755333,0.0106970612827186,0.0159813900029932));
#1493=CARTESIAN_POINT('',(0.140513143609664,0.0100179749524501,0.0148328918610451));
#1494=CARTESIAN_POINT('',(0.173767804359066,0.00860734978285873,0.0126302356748365));
#1495=CARTESIAN_POINT('',(0.200335060494727,0.00719252553430474,0.0105343172238278));
#1496=CARTESIAN_POINT('',(0.21804610284228,0.00625484412577367,0.00914094971122075));
#1497=CARTESIAN_POINT('',(0.0156293143329911,0.0104680045622039,0.0143515595518739));
#1498=CARTESIAN_POINT('',(0.0247636808860048,0.0102747299871679,0.0159186598667629));
#1499=CARTESIAN_POINT('',(0.0374732274209102,0.0102642139461172,0.0174392826543077));
#1500=CARTESIAN_POINT('',(0.0534226417007814,0.0104695210267937,0.0183491695735366));
#1501=CARTESIAN_POINT('',(0.0651406150345646,0.0106519758499963,0.0186048494366503));
#1502=CARTESIAN_POINT('',(0.0768749639588984,0.0107782965094902,0.0185678288030658));
#1503=CARTESIAN_POINT('',(0.0888792573050655,0.0107685085469187,0.0183653566179238));
#1504=CARTESIAN_POINT('',(0.102482736034847,0.0106228911692027,0.0179692967955906));
#1505=CARTESIAN_POINT('',(0.119144324004041,0.0102756861414274,0.0172813318531935));
#1506=CARTESIAN_POINT('',(0.140432943360328,0.00960464196173538,0.0161317875325868));
#1507=CARTESIAN_POINT('',(0.173753308344195,0.00822806675821139,0.0139487414378681));
#1508=CARTESIAN_POINT('',(0.200408854438391,0.00685967411457236,0.0118874791866429));
#1509=CARTESIAN_POINT('',(0.21817837040573,0.00595439706014209,0.0105177875417854));
#1510=CARTESIAN_POINT('',(0.0157876956121588,0.0101386042747504,0.0153951725694332));
#1511=CARTESIAN_POINT('',(0.0249544861015539,0.00997258282857664,0.0169576174221117));
#1512=CARTESIAN_POINT('',(0.0376524204420567,0.00996366958944829,0.0184555830130143));
#1513=CARTESIAN_POINT('',(0.0535302703209407,0.0101379043676633,0.0193113558593257));
#1514=CARTESIAN_POINT('',(0.0651827232835453,0.0102910417347703,0.0195244058746335));
#1515=CARTESIAN_POINT('',(0.0768589977334467,0.0103908789098201,0.0194515042519677));
#1516=CARTESIAN_POINT('',(0.0888240853278986,0.0103632636714597,0.0192269382958336));
#1517=CARTESIAN_POINT('',(0.102399339941556,0.0102048538450558,0.0188189842547324));
#1518=CARTESIAN_POINT('',(0.11904770419997,0.00985036660969184,0.0181319977204827));
#1519=CARTESIAN_POINT('',(0.140347589867002,0.00918086335564958,0.0170034832865788));
#1520=CARTESIAN_POINT('',(0.173726017309877,0.00782401819040641,0.0148814728810956));
#1521=CARTESIAN_POINT('',(0.200461935194529,0.00649283303277856,0.0128931615455482));
#1522=CARTESIAN_POINT('',(0.21828473510588,0.00561740871286087,0.0115705394967511));
#1523=CARTESIAN_POINT('',(0.0159532124383693,0.00980162175316054,0.0160886153174302));
#1524=CARTESIAN_POINT('',(0.0251508893802293,0.00967228024813039,0.0176016571467184));
#1525=CARTESIAN_POINT('',(0.0378324347492851,0.00967503204981393,0.0190377088290151));
#1526=CARTESIAN_POINT('',(0.0536350739183631,0.00983732069628613,0.0198254425284945));
#1527=CARTESIAN_POINT('',(0.065221694590108,0.00997466124477139,0.020000875525435));
#1528=CARTESIAN_POINT('',(0.0768423045671507,0.0100576087868656,0.019905058082048));
#1529=CARTESIAN_POINT('',(0.0887703359873847,0.0100179218806458,0.0196681049441702));
#1530=CARTESIAN_POINT('',(0.102318341521871,0.00985094517708058,0.019253891263149));
#1531=CARTESIAN_POINT('',(0.11895273461082,0.0094927079221671,0.0185667182156858));
#1532=CARTESIAN_POINT('',(0.14025972159062,0.00882725147499814,0.0174471075978628));
#1533=CARTESIAN_POINT('',(0.173684556549659,0.00748673062577985,0.015356315670476));
#1534=CARTESIAN_POINT('',(0.200487852747414,0.00617282885491212,0.0134268200706645));
#1535=CARTESIAN_POINT('',(0.218356556749744,0.00531316344338636,0.0121560011708056));
#1536=CARTESIAN_POINT('',(0.0161137482463614,0.00948221007621443,0.0165139772212956));
#1537=CARTESIAN_POINT('',(0.0253424341411349,0.00941690969986665,0.01794073606585));
#1538=CARTESIAN_POINT('',(0.0380050835145245,0.00946298912576726,0.0192887315048721));
#1539=CARTESIAN_POINT('',(0.0537329259333941,0.00962633450442059,0.020037320503791));
#1540=CARTESIAN_POINT('',(0.0652578005433506,0.00974142897483971,0.0202108402791286));
#1541=CARTESIAN_POINT('',(0.0768280832780104,0.00979191896577522,0.0201250476285452));
#1542=CARTESIAN_POINT('',(0.0887227007446583,0.00972798907169086,0.0198950008487538));
#1543=CARTESIAN_POINT('',(0.102245889491738,0.00954510903653609,0.0194848904502396));
#1544=CARTESIAN_POINT('',(0.118866970977231,0.00918405643462732,0.018797422289828));
#1545=CARTESIAN_POINT('',(0.140178647426004,0.00853754361963017,0.0176700344548406));
#1546=CARTESIAN_POINT('',(0.173640903210228,0.00725311030478303,0.0155570213843123));
#1547=CARTESIAN_POINT('',(0.20049762192397,0.00597767739211717,0.0136097872722059));
#1548=CARTESIAN_POINT('',(0.218402571696768,0.00512380155467447,0.0123512394705273));
#1549=CARTESIAN_POINT('',(0.016246661816683,0.00912312865080093,0.016825696839123));
#1550=CARTESIAN_POINT('',(0.0255042438851465,0.00914427525897331,0.0181713821493799));
#1551=CARTESIAN_POINT('',(0.0381515666374239,0.00924348214167693,0.0194593788409465));
#1552=CARTESIAN_POINT('',(0.0538185703474045,0.00936429801828372,0.0202048185750526));
#1553=CARTESIAN_POINT('',(0.0652925538279428,0.00941751169729574,0.0203907008714372));
#1554=CARTESIAN_POINT('',(0.0768190472448699,0.00940393926440013,0.0203175273140577));
#1555=CARTESIAN_POINT('',(0.0886833842812718,0.00929923680311771,0.0200921986541266));
#1556=CARTESIAN_POINT('',(0.102183880724568,0.00909395347395738,0.0196824460014304));
#1557=CARTESIAN_POINT('',(0.11879222207503,0.00873558379461784,0.0189905153328345));
#1558=CARTESIAN_POINT('',(0.140107250458465,0.00813313532011753,0.0178508881393961));
#1559=CARTESIAN_POINT('',(0.173602262066521,0.00697458378632027,0.0157052137770971));
#1560=CARTESIAN_POINT('',(0.200505554669798,0.00584156103296409,0.0136994339154092));
#1561=CARTESIAN_POINT('',(0.218439008682195,0.00505524924033597,0.0123905677014504));
#1562=CARTESIAN_POINT('',(0.0163426005788088,0.0085637386974294,0.017124313903067));
#1563=CARTESIAN_POINT('',(0.0256265272159991,0.00864445894361697,0.0184167385974657));
#1564=CARTESIAN_POINT('',(0.0382690296526532,0.00875003526351531,0.0196682715909673));
#1565=CARTESIAN_POINT('',(0.0538927880692013,0.00879979899557767,0.0203936390201117));
#1566=CARTESIAN_POINT('',(0.0653257316448806,0.00878676365253579,0.0205716466372343));
#1567=CARTESIAN_POINT('',(0.0768131882956969,0.008715138727277,0.0204927125915171));
#1568=CARTESIAN_POINT('',(0.0886492698865943,0.00857780405495404,0.0202603878791537));
#1569=CARTESIAN_POINT('',(0.102128282492444,0.00835986666739813,0.0198430051948394));
#1570=CARTESIAN_POINT('',(0.118723687242357,0.00801590102994021,0.0191426678212132));
#1571=CARTESIAN_POINT('',(0.140040049976819,0.00747244834763016,0.0179937840266866));
#1572=CARTESIAN_POINT('',(0.173562635978905,0.00646838911836888,0.0158325438265722));
#1573=CARTESIAN_POINT('',(0.200508749325955,0.00552547349632906,0.0138036726287272));
#1574=CARTESIAN_POINT('',(0.218469000745214,0.00487907573217934,0.0124573203664216));
#1575=CARTESIAN_POINT('',(0.0164117571607566,0.00770281150677204,0.017401817405757));
#1576=CARTESIAN_POINT('',(0.0257214711410776,0.00780184000916917,0.0186496187914449));
#1577=CARTESIAN_POINT('',(0.0383666449462196,0.00788295056830558,0.019858003203457));
#1578=CARTESIAN_POINT('',(0.0539571158180428,0.00787180241546175,0.0205494555400859));
#1579=CARTESIAN_POINT('',(0.0653554521702371,0.007811178858649,0.0207111379606667));
#1580=CARTESIAN_POINT('',(0.0768080872657689,0.00770239842809456,0.0206206734657926));
#1581=CARTESIAN_POINT('',(0.0886182886464715,0.0075487726985625,0.0203776393877121));
#1582=CARTESIAN_POINT('',(0.102077290259066,0.00733272979144843,0.0199497028043277));
#1583=CARTESIAN_POINT('',(0.118659841288118,0.00701629027355173,0.0192385900274247));
#1584=CARTESIAN_POINT('',(0.139975437604091,0.00654231574842309,0.0180790691254255));
#1585=CARTESIAN_POINT('',(0.173519368922068,0.00570053662979278,0.0159053169217994));
#1586=CARTESIAN_POINT('',(0.200501453308615,0.00494303103610219,0.0138684498739989));
#1587=CARTESIAN_POINT('',(0.218485601679827,0.00444007256838115,0.012513363034546));
#1588=CARTESIAN_POINT('',(0.0164645676651356,0.00651333745054244,0.0176464563563925));
#1589=CARTESIAN_POINT('',(0.0257983727892486,0.00660472986365199,0.018852957064738));
#1590=CARTESIAN_POINT('',(0.038448402580116,0.00665786529020718,0.0200190761463107));
#1591=CARTESIAN_POINT('',(0.0540117971243151,0.00661027891894637,0.0206799151611113));
#1592=CARTESIAN_POINT('',(0.0653809215475756,0.00652707468594853,0.0208276081244332));
#1593=CARTESIAN_POINT('',(0.0768034929956832,0.0064061504639558,0.0207275550223475));
#1594=CARTESIAN_POINT('',(0.0885910327969276,0.00625593210699284,0.0204747624522283));
#1595=CARTESIAN_POINT('',(0.102032266073164,0.00605901130680133,0.0200360853014968));
#1596=CARTESIAN_POINT('',(0.118602859264118,0.0057849792600397,0.0193122211901645));
#1597=CARTESIAN_POINT('',(0.139916326388083,0.00539103755541034,0.0181370849609018));
#1598=CARTESIAN_POINT('',(0.173475805378249,0.00471374034900099,0.0159401954712582));
#1599=CARTESIAN_POINT('',(0.200486119505181,0.00412594798587255,0.0138862272640024));
#1600=CARTESIAN_POINT('',(0.218489109050496,0.00374503014202241,0.0125211055044307));
#1601=CARTESIAN_POINT('',(0.0165054487142631,0.00508431536545019,0.0178411143073981));
#1602=CARTESIAN_POINT('',(0.0258595740423488,0.00516138996181595,0.0190119405389207));
#1603=CARTESIAN_POINT('',(0.038514260168756,0.00519806274565375,0.0201428264416697));
#1604=CARTESIAN_POINT('',(0.0540562986766796,0.00514339427800558,0.0207803959924642));
#1605=CARTESIAN_POINT('',(0.0654020446978174,0.00506253070124168,0.0209184843998327));
#1606=CARTESIAN_POINT('',(0.0768003475172115,0.00495273616248255,0.0208124407159304));
#1607=CARTESIAN_POINT('',(0.0885695105722055,0.00482365765912133,0.0205531008988451));
#1608=CARTESIAN_POINT('',(0.101996286936143,0.00466024726593655,0.0201067611933139));
#1609=CARTESIAN_POINT('',(0.118557016039844,0.00443902553382454,0.0193731382574525));
#1610=CARTESIAN_POINT('',(0.139868362919119,0.00412813779250349,0.0181850489868671));
#1611=CARTESIAN_POINT('',(0.17343945543711,0.00360221307276764,0.0159671282192111));
#1612=CARTESIAN_POINT('',(0.200471342159998,0.00315140103043828,0.0138956930354699));
#1613=CARTESIAN_POINT('',(0.218488374196751,0.00285721558205557,0.0125184782730853));
#1614=CARTESIAN_POINT('',(0.0165349115657592,0.00348339089230089,0.0179798731245081));
#1615=CARTESIAN_POINT('',(0.0259044053766031,0.00353874721660605,0.0191233594667122));
#1616=CARTESIAN_POINT('',(0.0385628482605422,0.00356145896594286,0.0202281836696238));
#1617=CARTESIAN_POINT('',(0.0540893473811401,0.00351557680265857,0.0208500669713851));
#1618=CARTESIAN_POINT('',(0.065417917591079,0.00345259357096398,0.0209825291327289));
#1619=CARTESIAN_POINT('',(0.0767982801774918,0.0033701088845412,0.0208735330135988));
#1620=CARTESIAN_POINT('',(0.0885538300704367,0.00327623896927014,0.020610534493464));
#1621=CARTESIAN_POINT('',(0.101969908934757,0.00316002586043096,0.0201595616016327));
#1622=CARTESIAN_POINT('',(0.11852334432363,0.0030056396772606,0.0194196040376433));
#1623=CARTESIAN_POINT('',(0.139833145045552,0.00279228939925249,0.0182225470636708));
#1624=CARTESIAN_POINT('',(0.173412907063039,0.00243625220052143,0.0159893291436882));
#1625=CARTESIAN_POINT('',(0.200460893265437,0.00213528184249658,0.0139046209165168));
#1626=CARTESIAN_POINT('',(0.218488498465845,0.00193951475426984,0.0125185438325606));
#1627=CARTESIAN_POINT('',(0.0165529668868184,0.00177035892883464,0.018062167639512));
#1628=CARTESIAN_POINT('',(0.0259321282522747,0.00179958630017482,0.019188280124341));
#1629=CARTESIAN_POINT('',(0.038593020379649,0.00181059070568095,0.0202771581959693));
#1630=CARTESIAN_POINT('',(0.0541099815704532,0.00178460013256749,0.0208903917999202));
#1631=CARTESIAN_POINT('',(0.0654279403584086,0.00175008351655431,0.0210203351980229));
#1632=CARTESIAN_POINT('',(0.0767971656875203,0.00170570066106724,0.0209104392453672));
#1633=CARTESIAN_POINT('',(0.088544244260605,0.00165610799928319,0.0206458904408062));
#1634=CARTESIAN_POINT('',(0.101953662588737,0.00159551265094804,0.0201926363173546));
#1635=CARTESIAN_POINT('',(0.118502540276585,0.00151593323221285,0.0194491961675936));
#1636=CARTESIAN_POINT('',(0.13981133496017,0.00140711197331581,0.0182467711385537));
#1637=CARTESIAN_POINT('',(0.173396387581455,0.0012270782948353,0.0160038121867751));
#1638=CARTESIAN_POINT('',(0.200454268795333,0.00107621823809587,0.013910186508822));
#1639=CARTESIAN_POINT('',(0.218488356523979,0.000978170214956966,0.0125180665366869));
#1640=CARTESIAN_POINT('',(0.0165591769276104,1.06490474874788E-10,0.0180889741751468));
#1641=CARTESIAN_POINT('',(0.0259417221316656,1.09253593080236E-10,0.0192089624424295));
#1642=CARTESIAN_POINT('',(0.0386035001649382,1.10667847580015E-10,0.0202924449886159));
#1643=CARTESIAN_POINT('',(0.0541171866811268,1.08560720977446E-10,0.0209031416880761));
#1644=CARTESIAN_POINT('',(0.0654314798422585,1.05295314257161E-10,0.0210326163844206));
#1645=CARTESIAN_POINT('',(0.076796839411133,1.00647073903869E-10,0.0209227950922024));
#1646=CARTESIAN_POINT('',(0.0885409711266747,9.4893700665857E-11,0.0206580100649083));
#1647=CARTESIAN_POINT('',(0.101948072505583,8.73752066115E-11,0.0202042183142159));
#1648=CARTESIAN_POINT('',(0.118495361695066,7.69380012565601E-11,0.019459772060604));
#1649=CARTESIAN_POINT('',(0.139803799396586,6.19593521046486E-11,0.0182555988184022));
#1650=CARTESIAN_POINT('',(0.173390677473728,3.61951601658005E-11,0.0160092350172535));
#1651=CARTESIAN_POINT('',(0.200451987528591,1.37271962862593E-11,0.0139123256076755));
#1652=CARTESIAN_POINT('',(0.218488326119108,-1.0906944977468E-12,0.0125179907133988));
#1653=CARTESIAN_POINT('',(0.0165529668881476,-0.00177035871954552,0.0180621676461989));
#1654=CARTESIAN_POINT('',(0.0259321282543236,-0.00179958608566795,0.0191882801297563));
#1655=CARTESIAN_POINT('',(0.0385930203818758,-0.00181059048832253,0.0202771582001456));
#1656=CARTESIAN_POINT('',(0.0541099815719701,-0.00178459991891577,0.0208903918033051));
#1657=CARTESIAN_POINT('',(0.06542794035914,-0.00175008330891303,0.0210203352010925));
#1658=CARTESIAN_POINT('',(0.0767971656874323,-0.00170570046217054,0.0209104392482476));
#1659=CARTESIAN_POINT('',(0.0885442442598958,-0.00165610781141458,0.0206458904434759));
#1660=CARTESIAN_POINT('',(0.10195366258754,-0.00159551247765402,0.0201926363197751));
#1661=CARTESIAN_POINT('',(0.118502540275055,-0.00151593307933099,0.019449196169693));
#1662=CARTESIAN_POINT('',(0.13981133495857,-0.00140711184994573,0.0182467711402221));
#1663=CARTESIAN_POINT('',(0.173396387580249,-0.0012270782225345,0.0160038121877378));
#1664=CARTESIAN_POINT('',(0.200454268794856,-0.00107621821062417,0.0139101865091939));
#1665=CARTESIAN_POINT('',(0.218488356523976,-0.00097817021714085,0.0125180665366589));
#1666=CARTESIAN_POINT('',(0.0165349115683432,-0.00348339069284393,0.0179798731381159));
#1667=CARTESIAN_POINT('',(0.0259044053805562,-0.00353874701238356,0.0191233594779263));
#1668=CARTESIAN_POINT('',(0.0385628482648211,-0.00356145875876212,0.0202281836784019));
#1669=CARTESIAN_POINT('',(0.0540893473840382,-0.0035155765982465,0.0208500669784438));
#1670=CARTESIAN_POINT('',(0.0654179175924591,-0.00345259337161081,0.0209825291390072));
#1671=CARTESIAN_POINT('',(0.0767982801772964,-0.00337010869290447,0.0208735330193466));
#1672=CARTESIAN_POINT('',(0.0885538300690495,-0.00327623878771901,0.0206105344986765));
#1673=CARTESIAN_POINT('',(0.101969908932433,-0.00316002569248845,0.0201595616062564));
#1674=CARTESIAN_POINT('',(0.118523344320669,-0.00300563952867604,0.0194196040415629));
#1675=CARTESIAN_POINT('',(0.13983314504246,-0.00279228927900965,0.018222547066714));
#1676=CARTESIAN_POINT('',(0.173412907060712,-0.0024362521297839,0.0159893291453908));
#1677=CARTESIAN_POINT('',(0.20046089326452,-0.00213528181558865,0.0139046209171723));
#1678=CARTESIAN_POINT('',(0.218488498465846,-0.00193951475640996,0.0125185438325113));
#1679=CARTESIAN_POINT('',(0.0165054487180759,-0.00508431518285328,0.0178411143278779));
#1680=CARTESIAN_POINT('',(0.0258595740481103,-0.0051613897752004,0.0190119405560379));
#1681=CARTESIAN_POINT('',(0.0385142601749595,-0.00519806255581874,0.0201428264552225));
#1682=CARTESIAN_POINT('',(0.054056298680856,-0.00514339408926865,0.0207803960032901));
#1683=CARTESIAN_POINT('',(0.065402044699782,-0.00506253051590913,0.0209184844093115));
#1684=CARTESIAN_POINT('',(0.0768003475168919,-0.00495273598310138,0.0208124407244303));
#1685=CARTESIAN_POINT('',(0.0885695105701617,-0.0048236574882213,0.0205531009064063));
#1686=CARTESIAN_POINT('',(0.101996286932744,-0.00466024710700837,0.0201067611998863));
#1687=CARTESIAN_POINT('',(0.118557016035526,-0.00443902539247909,0.0193731382629016));
#1688=CARTESIAN_POINT('',(0.139868362914617,-0.00412813767753688,0.0181850489909995));
#1689=CARTESIAN_POINT('',(0.173439455433729,-0.00360221300468504,0.015967128221451));
#1690=CARTESIAN_POINT('',(0.200471342158676,-0.00315140100450235,0.013895693036335));
#1691=CARTESIAN_POINT('',(0.218488374196771,-0.00285721558411966,0.0125184782730196));
#1692=CARTESIAN_POINT('',(0.0164645676702113,-0.00651333729149116,0.0176464563836548));
#1693=CARTESIAN_POINT('',(0.0257983727967568,-0.00660472970158462,0.0188529570878951));
#1694=CARTESIAN_POINT('',(0.0384484025881243,-0.00665786512451561,0.0200190761649422));
#1695=CARTESIAN_POINT('',(0.0540117971296627,-0.00661027875206302,0.0206799151760068));
#1696=CARTESIAN_POINT('',(0.0653809215500548,-0.00652707452021742,0.0208276081373572));
#1697=CARTESIAN_POINT('',(0.0768034929952232,-0.00640615030178186,0.0207275550337674));
#1698=CARTESIAN_POINT('',(0.088591032794255,-0.00625593195111447,0.0204747624622431));
#1699=CARTESIAN_POINT('',(0.102032266068751,-0.00605901116065961,0.0200360853100655));
#1700=CARTESIAN_POINT('',(0.118602859258526,-0.00578497912903747,0.0193122211971381));
#1701=CARTESIAN_POINT('',(0.139916326382257,-0.00539103744805166,0.0181370849660769));
#1702=CARTESIAN_POINT('',(0.17347580537387,-0.00471374028481337,0.0159401954739671));
#1703=CARTESIAN_POINT('',(0.200486119503455,-0.00412594796134802,0.0138862272650343));
#1704=CARTESIAN_POINT('',(0.218489109050499,-0.00374503014397778,0.0125211055043538));
#1705=CARTESIAN_POINT('',(0.0164117571672711,-0.0077028113827871,0.0174018174378922));
#1706=CARTESIAN_POINT('',(0.0257214711503212,-0.00780183988374319,0.0186496188190784));
#1707=CARTESIAN_POINT('',(0.0383666449558936,-0.00788295043802106,0.0198580032259989));
#1708=CARTESIAN_POINT('',(0.053957115824424,-0.00787180227974481,0.0205494555579926));
#1709=CARTESIAN_POINT('',(0.0653554521731354,-0.00781117872025305,0.0207111379759543));
#1710=CARTESIAN_POINT('',(0.0768080872651315,-0.00770239828941704,0.0206206734789783));
#1711=CARTESIAN_POINT('',(0.0886182886431783,-0.00754877256283858,0.0203776393989718));
#1712=CARTESIAN_POINT('',(0.102077290253684,-0.00733272966216635,0.0199497028136613));
#1713=CARTESIAN_POINT('',(0.118659841281326,-0.00701629015595429,0.019238590034729));
#1714=CARTESIAN_POINT('',(0.139975437597043,-0.00654231565077827,0.0180790691306057));
#1715=CARTESIAN_POINT('',(0.17351936891683,-0.00570053657052115,0.015905316924343));
#1716=CARTESIAN_POINT('',(0.200501453306662,-0.00494303101349406,0.0138684498750119));
#1717=CARTESIAN_POINT('',(0.218485601680022,-0.004440072570209,0.0125133630344624));
#1718=CARTESIAN_POINT('',(0.016342600587695,-0.00856373861241198,0.0171243139389653));
#1719=CARTESIAN_POINT('',(0.0256265272276845,-0.00864445886178855,0.0184167386286238));
#1720=CARTESIAN_POINT('',(0.0382690296642594,-0.00875003517935443,0.0196682716177863));
#1721=CARTESIAN_POINT('',(0.0538927880766861,-0.00879979890433495,0.0203936390426524));
#1722=CARTESIAN_POINT('',(0.0653257316482487,-0.00878676355609562,0.0205716466571837));
#1723=CARTESIAN_POINT('',(0.0768131882950206,-0.00871513862754856,0.020492712609169));
#1724=CARTESIAN_POINT('',(0.0886492698829131,-0.00857780395530472,0.0202603878945538));
#1725=CARTESIAN_POINT('',(0.1021282824864,-0.00835986657102322,0.0198430052078572));
#1726=CARTESIAN_POINT('',(0.118723687234738,-0.0080159009414126,0.0191426678315747));
#1727=CARTESIAN_POINT('',(0.140040049968948,-0.00747244827405062,0.0179937840340768));
#1728=CARTESIAN_POINT('',(0.17356263597316,-0.00646838907464627,0.0158325438300517));
#1729=CARTESIAN_POINT('',(0.200508749323988,-0.00552547348094223,0.0138036726298185));
#1730=CARTESIAN_POINT('',(0.218469000745697,-0.00487907573343432,0.0124573203663159));
#1731=CARTESIAN_POINT('',(0.0162466618294236,-0.00912312859762479,0.0168256968760889));
#1732=CARTESIAN_POINT('',(0.0255042439008339,-0.00914427521422716,0.0181713821794032));
#1733=CARTESIAN_POINT('',(0.0381515666518298,-0.00924348210045618,0.0194593788665818));
#1734=CARTESIAN_POINT('',(0.0538185703560949,-0.00936429797003216,0.0202048185993276));
#1735=CARTESIAN_POINT('',(0.0652925538316107,-0.00941751164172918,0.0203907008951097));
#1736=CARTESIAN_POINT('',(0.0768190472439784,-0.00940393920255076,0.0203175273367166));
#1737=CARTESIAN_POINT('',(0.0886833842770725,-0.00929923673845226,0.0200921986750193));
#1738=CARTESIAN_POINT('',(0.102183880717762,-0.00909395340935901,0.0196824460198969));
#1739=CARTESIAN_POINT('',(0.118792222066504,-0.00873558373399907,0.018990515347995));
#1740=CARTESIAN_POINT('',(0.140107250449692,-0.00813313526940547,0.0178508881501352));
#1741=CARTESIAN_POINT('',(0.173602262060165,-0.00697458375708531,0.0157052137812363));
#1742=CARTESIAN_POINT('',(0.200505554667689,-0.00584156102357567,0.0136994339152903));
#1743=CARTESIAN_POINT('',(0.218439008682994,-0.005055249241127,0.0123905677014119));
#1744=CARTESIAN_POINT('',(0.0161137482633763,-0.00948221003686856,0.0165139772631526));
#1745=CARTESIAN_POINT('',(0.0253424341615234,-0.00941690966923469,0.0179407360975732));
#1746=CARTESIAN_POINT('',(0.0380050835327365,-0.00946298910209095,0.0192887315270913));
#1747=CARTESIAN_POINT('',(0.0537329259436335,-0.00962633448021255,0.0200373205239577));
#1748=CARTESIAN_POINT('',(0.0652578005471784,-0.00974142894669323,0.0202108403001994));
#1749=CARTESIAN_POINT('',(0.0768280832765732,-0.00979191893266526,0.0201250476505851));
#1750=CARTESIAN_POINT('',(0.0887227007395643,-0.00972798903545443,0.0198950008702745));
#1751=CARTESIAN_POINT('',(0.102245889483755,-0.00954510899888151,0.0194848904699916));
#1752=CARTESIAN_POINT('',(0.118866970967363,-0.00918405639803946,0.0187974223061786));
#1753=CARTESIAN_POINT('',(0.140178647415876,-0.00853754358799922,0.0176700344657873));
#1754=CARTESIAN_POINT('',(0.173640903202791,-0.00725311028540313,0.0155570213865435));
#1755=CARTESIAN_POINT('',(0.200497621921456,-0.00597767738425134,0.0136097872708485));
#1756=CARTESIAN_POINT('',(0.218402571697807,-0.00512380155532178,0.0123512394705474));
#1757=CARTESIAN_POINT('',(0.0159532124571943,-0.0098016217123756,0.016088615382729));
#1758=CARTESIAN_POINT('',(0.0251508894024835,-0.00967228021189975,0.0176016572045582));
#1759=CARTESIAN_POINT('',(0.0378324347694784,-0.00967503201593135,0.0190377088778421));
#1760=CARTESIAN_POINT('',(0.0536350739298948,-0.00983732066350454,0.0198254425693174));
#1761=CARTESIAN_POINT('',(0.0652216945942752,-0.00997466121188292,0.0200008755624202));
#1762=CARTESIAN_POINT('',(0.076842304565215,-0.0100576087532525,0.0199050581165673));
#1763=CARTESIAN_POINT('',(0.0887703359812524,-0.0100179218466107,0.0196681049761762));
#1764=CARTESIAN_POINT('',(0.102318341512419,-0.00985094514312592,0.0192538912919541));
#1765=CARTESIAN_POINT('',(0.118952734599216,-0.00949270788928941,0.0185667182399458));
#1766=CARTESIAN_POINT('',(0.140259721578741,-0.00882725144526368,0.0174471076156897));
#1767=CARTESIAN_POINT('',(0.17368455654095,-0.00748673060419463,0.0153563156784679));
#1768=CARTESIAN_POINT('',(0.200487852744548,-0.00617282884494628,0.013426820073604));
#1769=CARTESIAN_POINT('',(0.218356556750838,-0.00531316344415358,0.0121560011705073));
#1770=CARTESIAN_POINT('',(0.0157876956304943,-0.0101386042330329,0.0153951726732409));
#1771=CARTESIAN_POINT('',(0.0249544861233404,-0.00997258278944409,0.0169576175241844));
#1772=CARTESIAN_POINT('',(0.0376524204623082,-0.00996366955030629,0.0184555831112772));
#1773=CARTESIAN_POINT('',(0.0535302703330077,-0.0101379043265016,0.0193113559490821));
#1774=CARTESIAN_POINT('',(0.0651827232881816,-0.0102910416920797,0.0195244059572936));
#1775=CARTESIAN_POINT('',(0.0768589977315051,-0.010390878866267,0.0194515043275994));
#1776=CARTESIAN_POINT('',(0.0888240853212934,-0.0103632636280569,0.019226938364871));
#1777=CARTESIAN_POINT('',(0.102399339931243,-0.010204853802641,0.0188189843166276));
#1778=CARTESIAN_POINT('',(0.119047704187237,-0.00985036656949077,0.0181319977738382));
#1779=CARTESIAN_POINT('',(0.140347589853981,-0.00918086331995907,0.0170034833290332));
#1780=CARTESIAN_POINT('',(0.173726017300478,-0.00782401816542999,0.0148814729062796));
#1781=CARTESIAN_POINT('',(0.200461935191477,-0.00649283302224857,0.0128931615559175));
#1782=CARTESIAN_POINT('',(0.218284735106934,-0.0056174087136616,0.0115705394959141));
#1783=CARTESIAN_POINT('',(0.0156293143501697,-0.010468004522997,0.0143515597002511));
#1784=CARTESIAN_POINT('',(0.0247636809069326,-0.0102747299500215,0.0159186600189768));
#1785=CARTESIAN_POINT('',(0.0374732274409352,-0.0102642139083516,0.0174392828079938));
#1786=CARTESIAN_POINT('',(0.0534226417131091,-0.0104695209853818,0.0183491697221136));
#1787=CARTESIAN_POINT('',(0.0651406150396043,-0.0106519758056196,0.0186048495788794));
#1788=CARTESIAN_POINT('',(0.0768749639571771,-0.0107782964629576,0.0185678289373216));
#1789=CARTESIAN_POINT('',(0.0888792572984344,-0.0107685084998192,0.0183653567433595));
#1790=CARTESIAN_POINT('',(0.102482736024303,-0.0106228911229119,0.0179692969102925));
#1791=CARTESIAN_POINT('',(0.119144323990905,-0.0102756860978719,0.0172813319537823));
#1792=CARTESIAN_POINT('',(0.14043294334683,-0.00960464192405774,0.0161317876136725));
#1793=CARTESIAN_POINT('',(0.173753308334403,-0.00822806673357742,0.01394874148594));
#1794=CARTESIAN_POINT('',(0.200408854435111,-0.0068596741047194,0.0118874792054485));
#1795=CARTESIAN_POINT('',(0.218178370406668,-0.00595439706089484,0.0105177875403039));
#1796=CARTESIAN_POINT('',(0.0154796191951693,-0.0107721544364476,0.0129253433730898));
#1797=CARTESIAN_POINT('',(0.0245779969558651,-0.0105553684786888,0.01446000319185));
#1798=CARTESIAN_POINT('',(0.0372944731177201,-0.0105455115879043,0.0159728030781272));
#1799=CARTESIAN_POINT('',(0.0533128406169109,-0.0107861988975731,0.0169174191188285));
#1800=CARTESIAN_POINT('',(0.0650957622068156,-0.0110021153445439,0.0172098359779436));
#1801=CARTESIAN_POINT('',(0.0768893697236089,-0.0111593917802475,0.0172091608848384));
#1802=CARTESIAN_POINT('',(0.088933840321093,-0.0111704390053665,0.0170328915971131));
#1803=CARTESIAN_POINT('',(0.102565500544081,-0.0110387840443878,0.0166567397798127));
#1804=CARTESIAN_POINT('',(0.119239092741964,-0.0106970612436055,0.0159813901398525));
#1805=CARTESIAN_POINT('',(0.140513143595869,-0.0100179749188925,0.0148328919711365));
#1806=CARTESIAN_POINT('',(0.17376780434899,-0.00860734976140093,0.012630235739476));
#1807=CARTESIAN_POINT('',(0.200335060491266,-0.00719252552590679,0.0105343172487172));
#1808=CARTESIAN_POINT('',(0.218046102843127,-0.00625484412641503,0.00914094970927599));
#1809=CARTESIAN_POINT('',(0.0153333250473381,-0.011031817665684,0.0111945191768307));
#1810=CARTESIAN_POINT('',(0.0243918289409606,-0.0107948931198311,0.0126750832428943));
#1811=CARTESIAN_POINT('',(0.037112445226332,-0.010785196562369,0.0141638783336318));
#1812=CARTESIAN_POINT('',(0.0531992806915518,-0.01105560960033,0.0151387966701234));
#1813=CARTESIAN_POINT('',(0.0650477870157927,-0.0112999200930156,0.0154715844220077));
#1814=CARTESIAN_POINT('',(0.0769022427584492,-0.0114835257636748,0.0155150039541968));
#1815=CARTESIAN_POINT('',(0.0889880309988689,-0.0115121436331744,0.0153732908656974));
#1816=CARTESIAN_POINT('',(0.102648151323827,-0.0113920234492721,0.0150264653990264));
#1817=CARTESIAN_POINT('',(0.119333008008551,-0.0110543544539542,0.0143746313030297));
#1818=CARTESIAN_POINT('',(0.140589984840309,-0.0103674694360588,0.0132396221333546));
#1819=CARTESIAN_POINT('',(0.173772723095418,-0.00892619286936062,0.0110343400192792));
#1820=CARTESIAN_POINT('',(0.20024487523333,-0.00747028272052991,0.00891656027944193));
#1821=CARTESIAN_POINT('',(0.217893026943801,-0.00650428683939998,0.00750899991694386));
#1822=CARTESIAN_POINT('',(0.0151402902121266,-0.0113051820809973,0.00859115222986417));
#1823=CARTESIAN_POINT('',(0.024141383041466,-0.0110475483732262,0.00997725717933318));
#1824=CARTESIAN_POINT('',(0.0368646033961156,-0.0110378142132094,0.0114164896334265));
#1825=CARTESIAN_POINT('',(0.0530426174386101,-0.0113384238379497,0.0124254440009837));
#1826=CARTESIAN_POINT('',(0.0649796659847828,-0.0116118191875416,0.0128133250534207));
#1827=CARTESIAN_POINT('',(0.0769173210323354,-0.0118225531047423,0.012920175477153));
#1828=CARTESIAN_POINT('',(0.0890597219326988,-0.0118692122403282,0.012829999907947));
#1829=CARTESIAN_POINT('',(0.102758360098072,-0.0117607069076157,0.0125292032327462));
#1830=CARTESIAN_POINT('',(0.119457717792762,-0.0114265314310491,0.0119179637687264));
#1831=CARTESIAN_POINT('',(0.140689557717789,-0.0107302131450237,0.0108135616760321));
#1832=CARTESIAN_POINT('',(0.173770222850733,-0.0092545865665487,0.00862548096542443));
#1833=CARTESIAN_POINT('',(0.20010858367735,-0.00775429102979616,0.00649582734236321));
#1834=CARTESIAN_POINT('',(0.217668215726386,-0.00675816078856979,0.00508063023802937));
#1835=CARTESIAN_POINT('',(0.0149968891927899,-0.0114223526098027,0.00640730813372935));
#1836=CARTESIAN_POINT('',(0.0239508223697177,-0.0111569505772514,0.00770571514589117));
#1837=CARTESIAN_POINT('',(0.0366732334677676,-0.0111468265440272,0.00909456493396489));
#1838=CARTESIAN_POINT('',(0.0529195491725135,-0.0114577692412499,0.0101249813519212));
#1839=CARTESIAN_POINT('',(0.0649241246071677,-0.0117412608590535,0.0105558536270389));
#1840=CARTESIAN_POINT('',(0.0769262788387498,-0.011961365965564,0.0107144307910134));
#1841=CARTESIAN_POINT('',(0.0891127946449912,-0.0120139924224826,0.0106674225224374));
#1842=CARTESIAN_POINT('',(0.102841156038286,-0.0119089327620189,0.010406558085535));
#1843=CARTESIAN_POINT('',(0.119551318481641,-0.0115749390180345,0.00983265480223749));
#1844=CARTESIAN_POINT('',(0.140762666301875,-0.010873635437886,0.0087602536116716));
#1845=CARTESIAN_POINT('',(0.173761948280942,-0.00938291068828898,0.0065994394652508));
#1846=CARTESIAN_POINT('',(0.199994158455851,-0.00786431634537495,0.00447261838285027));
#1847=CARTESIAN_POINT('',(0.217483474451604,-0.00685583576872005,0.00305955972577368));
#1848=CARTESIAN_POINT('',(0.0149019887201218,-0.0114584327923964,0.00493494368035608));
#1849=CARTESIAN_POINT('',(0.0238232349705661,-0.0111918260421736,0.00617393828561618));
#1850=CARTESIAN_POINT('',(0.0365440926216404,-0.0111814109529006,0.00752807678916141));
#1851=CARTESIAN_POINT('',(0.0528356243209842,-0.0114933503536245,0.00857171971197786));
#1852=CARTESIAN_POINT('',(0.0648853927620017,-0.0117778551484941,0.00903059090893946));
#1853=CARTESIAN_POINT('',(0.0769311562858187,-0.0119987834439717,0.00922312467688072));
#1854=CARTESIAN_POINT('',(0.0891477058594007,-0.0120516303020074,0.00920453624658043));
#1855=CARTESIAN_POINT('',(0.10289636732524,-0.0119462572494178,0.00897008774799159));
#1856=CARTESIAN_POINT('',(0.119614115089686,-0.0116112177574613,0.00842108775992611));
#1857=CARTESIAN_POINT('',(0.140811960494181,-0.0109077694657918,0.00737040400768391));
#1858=CARTESIAN_POINT('',(0.173756722019153,-0.009412630317078,0.0052288909435437));
#1859=CARTESIAN_POINT('',(0.19991745565018,-0.00788961412708143,0.00310524263915419));
#1860=CARTESIAN_POINT('',(0.21735935643171,-0.00687811972496724,0.00169442347231864));
#1861=CARTESIAN_POINT('',(0.203074533671623,-0.00743132649918342,0.00759298207469744));
#1862=CARTESIAN_POINT('',(0.202244377264215,-0.00747637847928123,0.00766561134929907));
#1863=CARTESIAN_POINT('',(0.201414215329953,-0.00752132758957834,0.00773824110743773));
#1864=CARTESIAN_POINT('',(0.200584046926394,-0.00756615628863476,0.00781087143156658));
#1865=CARTESIAN_POINT('',(0.200584046926394,0.0075661562909479,0.00781087143156658));
#1866=CARTESIAN_POINT('',(0.201414215329953,0.007521327591792,0.00773824110743771));
#1867=CARTESIAN_POINT('',(0.202244377264215,0.00747637848139188,0.00766561134929906));
#1868=CARTESIAN_POINT('',(0.203074533671623,0.00743132650118752,0.00759298207469745));
#1869=CARTESIAN_POINT('',(0.216152776090626,0.006942500397962,0.00218284813554984));
#1870=CARTESIAN_POINT('',(0.208360126634037,0.00739276584089681,0.00286461662183281));
#1871=CARTESIAN_POINT('',(0.192774905625697,0.00829276050702915,0.00422814677860862));
#1872=CARTESIAN_POINT('',(0.169391665713041,0.00955696112645407,0.0062739151874729));
#1873=CARTESIAN_POINT('',(0.146001443168856,0.0106435759578038,0.00832029449743758));
#1874=CARTESIAN_POINT('',(0.12650178059577,0.0113141829208477,0.0100262939151634));
#1875=CARTESIAN_POINT('',(0.11089556236855,0.0116476912269249,0.0113916610905567));
#1876=CARTESIAN_POINT('',(0.0991858619250962,0.0117783648273897,0.0124161271326434));
#1877=CARTESIAN_POINT('',(0.0874770089915735,0.0117706797339632,0.0134405190272189));
#1878=CARTESIAN_POINT('',(0.0757701501190393,0.0116039961209824,0.0144647364640635));
#1879=CARTESIAN_POINT('',(0.0660154718652375,0.0113168367644687,0.015318160227614));
#1880=CARTESIAN_POINT('',(0.0582139084638595,0.0110391600475584,0.0160007085830134));
#1881=CARTESIAN_POINT('',(0.0523634789753989,0.0108142373660886,0.0165125548400114));
#1882=CARTESIAN_POINT('',(0.046513819243767,0.0105748449166002,0.0170243337520133));
#1883=CARTESIAN_POINT('',(0.0416396429969284,0.0103564332601884,0.0174507689176391));
#1884=CARTESIAN_POINT('',(0.0377426276094741,0.0101471760295282,0.0177917135856274));
#1885=CARTESIAN_POINT('',(0.0348196238555708,0.00995161457169302,0.0180474432775376));
#1886=CARTESIAN_POINT('',(0.0319074230516838,0.00968856879359922,0.0183022278337889));
#1887=CARTESIAN_POINT('',(0.0299594278007732,0.00933501745140839,0.0184726553348459));
#1888=CARTESIAN_POINT('',(0.0290709849677088,0.00893691420190979,0.0185503840109299));
#1889=CARTESIAN_POINT('',(0.216152776090625,0.00694250039796198,0.00218284813554984));
#1890=CARTESIAN_POINT('',(0.0290709849677087,0.00893691420190978,0.0185503840109299));
#1891=CARTESIAN_POINT('',(0.216152776090626,0.00694250039796197,0.00218284813555014));
#1892=CARTESIAN_POINT('',(0.216210296397142,0.0069277026383747,0.00284030824749636));
#1893=CARTESIAN_POINT('',(0.216325357624755,0.00687805953340101,0.00415546409713088));
#1894=CARTESIAN_POINT('',(0.216497378632473,0.00673702293496547,0.00612167321252823));
#1895=CARTESIAN_POINT('',(0.216640421149085,0.0065517545478856,0.00775665665891494));
#1896=CARTESIAN_POINT('',(0.216754180513866,0.00634598500620052,0.00905693214829498));
#1897=CARTESIAN_POINT('',(0.216838954739859,0.00615415919303489,0.0100259059853214));
#1898=CARTESIAN_POINT('',(0.216908769238843,0.00595104580461618,0.0108238893601973));
#1899=CARTESIAN_POINT('',(0.216963562315967,0.00574635622674906,0.0114501770975504));
#1900=CARTESIAN_POINT('',(0.21700358332635,0.00555878391830237,0.0119076193394406));
#1901=CARTESIAN_POINT('',(0.217035377158295,0.00536306013488121,0.0122710245014776));
#1902=CARTESIAN_POINT('',(0.217056156212817,0.00512339601175717,0.012508530181471));
#1903=CARTESIAN_POINT('',(0.217062972366642,0.00479146575950983,0.0125864391761987));
#1904=CARTESIAN_POINT('',(0.217065988549754,0.00438317910231806,0.0126209143069183));
#1905=CARTESIAN_POINT('',(0.217066764704211,0.00372081740509554,0.01262978579295));
#1906=CARTESIAN_POINT('',(0.217066503441679,0.00289437546115378,0.0126267995485547));
#1907=CARTESIAN_POINT('',(0.217066633254607,0.00157121708444858,0.0126282833171041));
#1908=CARTESIAN_POINT('',(0.217066597400745,0.000248311697070177,0.0126278735055897));
#1909=CARTESIAN_POINT('',(0.217066589731841,-0.00107471437354945,0.0126277858496185));
#1910=CARTESIAN_POINT('',(0.217066612194347,-0.00206687449593723,0.0126280425972352));
#1911=CARTESIAN_POINT('',(0.217066471371481,-0.00305941036451614,0.0126264329845061));
#1912=CARTESIAN_POINT('',(0.21706684056466,-0.0038853607140868,0.0126306528818466));
#1913=CARTESIAN_POINT('',(0.217065586988482,-0.00446577769127798,0.0126163244405723));
#1914=CARTESIAN_POINT('',(0.217062376053707,-0.00479340979708549,0.0125796232881494));
#1915=CARTESIAN_POINT('',(0.217058596691816,-0.005041255809282,0.0125364249840685));
#1916=CARTESIAN_POINT('',(0.21704666220864,-0.0052527681495877,0.0124000132171614));
#1917=CARTESIAN_POINT('',(0.217022752475716,-0.00544212675736314,0.0121267237192976));
#1918=CARTESIAN_POINT('',(0.216978260611504,-0.00569678239956127,0.0116181793843059));
#1919=CARTESIAN_POINT('',(0.216910189806826,-0.00594979632949844,0.0108401265265492));
#1920=CARTESIAN_POINT('',(0.216827762400794,-0.00618221665789228,0.00989797696441986));
#1921=CARTESIAN_POINT('',(0.216743918574364,-0.0063661552514636,0.00893963764305739));
#1922=CARTESIAN_POINT('',(0.216631631019433,-0.00656445328473238,0.00765618501725377));
#1923=CARTESIAN_POINT('',(0.216491090887294,-0.00674300522598951,0.0060498039562659));
#1924=CARTESIAN_POINT('',(0.216322079243176,-0.00687967120099097,0.00411799202421466));
#1925=CARTESIAN_POINT('',(0.216209237543044,-0.00692797504076386,0.00282820548977499));
#1926=CARTESIAN_POINT('',(0.216152776090626,-0.00694250039796962,0.00218284813554879));
#1927=CARTESIAN_POINT('',(0.216152776090626,-0.0069425003979696,0.00218284813554983));
#1928=CARTESIAN_POINT('',(0.0290707090721335,-0.00893679056954593,0.018550408148665));
#1929=CARTESIAN_POINT('',(0.0299614843920678,-0.00933599001035858,0.0184724754064221));
#1930=CARTESIAN_POINT('',(0.031910045332174,-0.00968854789696762,0.0183019984139734));
#1931=CARTESIAN_POINT('',(0.034815268081092,-0.00995130065818173,0.0180478243584255));
#1932=CARTESIAN_POINT('',(0.0377377768836901,-0.0101468858496759,0.0177921379691433));
#1933=CARTESIAN_POINT('',(0.0416354412605701,-0.0103562416005554,0.0174511365219376));
#1934=CARTESIAN_POINT('',(0.0465107032904088,-0.0105747125174869,0.0170246063626082));
#1935=CARTESIAN_POINT('',(0.0523613632078331,-0.0108141547086918,0.0165127399456882));
#1936=CARTESIAN_POINT('',(0.058212868997619,-0.0110391223516649,0.0160007995245255));
#1937=CARTESIAN_POINT('',(0.0660153451491365,-0.0113168333188851,0.0153181713138364));
#1938=CARTESIAN_POINT('',(0.0757683056989529,-0.0116039412520959,0.0144648978299119));
#1939=CARTESIAN_POINT('',(0.0874719897612715,-0.0117706259566226,0.01344095815297));
#1940=CARTESIAN_POINT('',(0.0991757108074333,-0.0117783961950403,0.0124170152403611));
#1941=CARTESIAN_POINT('',(0.110879494435044,-0.0116479430576389,0.0113930668525848));
#1942=CARTESIAN_POINT('',(0.126484554394633,-0.0113146943199675,0.0100278010124784));
#1943=CARTESIAN_POINT('',(0.145991254165538,-0.010644027293036,0.00832118591972052));
#1944=CARTESIAN_POINT('',(0.169385293559227,-0.00955729019419378,0.00627447267869392));
#1945=CARTESIAN_POINT('',(0.192771617924558,-0.00829295119295746,0.0042284344151873));
#1946=CARTESIAN_POINT('',(0.208359049760521,-0.00739282806298813,0.00286471083605747));
#1947=CARTESIAN_POINT('',(0.216152776090626,-0.0069425003979696,0.00218284813554982));
#1948=CARTESIAN_POINT('',(0.0290707090721335,-0.00893679056954594,0.018550408148665));
#1949=CARTESIAN_POINT('',(0.0290707090721335,-0.00893679056954591,0.018550408148665));
#1950=CARTESIAN_POINT('',(0.0283852819944162,-0.00889710170900818,0.0184934213660127));
#1951=CARTESIAN_POINT('',(0.0270146088945123,-0.00880817640806762,0.018378830885478));
#1952=CARTESIAN_POINT('',(0.0249698219169113,-0.008611549941395,0.018214534175086));
#1953=CARTESIAN_POINT('',(0.0229175343540573,-0.00829367709632382,0.0180763771868991));
#1954=CARTESIAN_POINT('',(0.0210262751434421,-0.00739164758639735,0.0180699480308575));
#1955=CARTESIAN_POINT('',(0.0196111853728211,-0.0058511569475388,0.0181400125238927));
#1956=CARTESIAN_POINT('',(0.0186242288737825,-0.00404226625840909,0.0181961942923723));
#1957=CARTESIAN_POINT('',(0.0180445320222278,-0.00204614944255431,0.0182334811674922));
#1958=CARTESIAN_POINT('',(0.0178009094498802,0.000702878782888261,0.0182498036261547));
#1959=CARTESIAN_POINT('',(0.018300104197491,0.00345227875617669,0.0182149064800185));
#1960=CARTESIAN_POINT('',(0.0196235868542695,0.00587087403783634,0.0181392346726506));
#1961=CARTESIAN_POINT('',(0.0210512602450089,0.00741118973889841,0.0180690795223913));
#1962=CARTESIAN_POINT('',(0.0229433589315986,0.00829941152270224,0.0180775783082932));
#1963=CARTESIAN_POINT('',(0.0249903464957959,0.00861321258926224,0.0182163807051708));
#1964=CARTESIAN_POINT('',(0.0270235995194636,0.00880902087730462,0.0183794793924537));
#1965=CARTESIAN_POINT('',(0.0283885537085064,0.00889734704645668,0.0184936710321959));
#1966=CARTESIAN_POINT('',(0.0290709849677088,0.00893691420190977,0.0185503840109299));
#1967=CARTESIAN_POINT('',(0.0212895912219729,-0.00243173929391987,0.0185941251964024));
#1968=CARTESIAN_POINT('',(0.0207528238345346,0.0002338023616798,0.0185799672130437));
#1969=CARTESIAN_POINT('',(0.0212900806141477,0.00288456802150842,0.0185764171693417));
#1970=CARTESIAN_POINT('',(0.023302867618676,0.00587870815912033,0.0185884472917478));
#1971=CARTESIAN_POINT('',(0.0276963913902773,0.0077077449730353,0.0187724389340423));
#1972=CARTESIAN_POINT('',(0.0329402462281429,0.00552672951539579,0.0196087077704169));
#1973=CARTESIAN_POINT('',(0.0351089079891507,0.000227037778130594,0.0199514489468158));
#1974=CARTESIAN_POINT('',(0.0332997186257548,-0.0041698992177184,0.0196876732406573));
#1975=CARTESIAN_POINT('',(0.0303291278233745,-0.00616965398256687,0.019246159903413));
#1976=CARTESIAN_POINT('',(0.0276955072785555,-0.00669791465050321,0.0189175902554625));
#1977=CARTESIAN_POINT('',(0.0250478265879403,-0.00616713167257114,0.0187123968457529));
#1978=CARTESIAN_POINT('',(0.0227994259702455,-0.00466786403616007,0.0186256757918363));
#1979=CARTESIAN_POINT('',(0.0212895912219729,-0.00243173929391987,0.0185941251964024));
#1980=CARTESIAN_POINT('',(0.0207528238345346,0.0002338023616798,0.0185799672130437));
#1981=CARTESIAN_POINT('',(0.0212900806141477,0.00288456802150842,0.0185764171693417));
#1982=CARTESIAN_POINT('',(0.0209318278623765,0.000231339695717967,0.0185817352029865));
#1983=CARTESIAN_POINT('',(0.00533441875748018,0.0138641959995468,0.00194934825806277));
#1984=CARTESIAN_POINT('',(0.0310939314365614,0.0125531245837861,0.00587250279736312));
#1985=CARTESIAN_POINT('',(0.0961075978671256,0.0159432933570179,0.00999658150721905));
#1986=CARTESIAN_POINT('',(0.168280883512261,0.0117394798634235,0.00413961951004263));
#1987=CARTESIAN_POINT('',(0.215985278494224,0.00896088418863395,0.000268341848091263));
#1988=CARTESIAN_POINT('',(0.00533841002152738,0.0138639421472839,0.00209605691169371));
#1989=CARTESIAN_POINT('',(0.03111518347373,0.012551908020561,0.0060415646631799));
#1990=CARTESIAN_POINT('',(0.0960870409092948,0.0159447668772254,0.0101453734025452));
#1991=CARTESIAN_POINT('',(0.168280261743889,0.0117406315552124,0.00428522658764131));
#1992=CARTESIAN_POINT('',(0.215997833293101,0.00896182316141104,0.000411843855906015));
#1993=CARTESIAN_POINT('',(0.00534239931249495,0.0138631770575782,0.00224287029553495));
#1994=CARTESIAN_POINT('',(0.0311364249676608,0.0125503919572851,0.0062108016758075));
#1995=CARTESIAN_POINT('',(0.0960664924663842,0.015945392963262,0.0102942323330023));
#1996=CARTESIAN_POINT('',(0.168279646848203,0.0117411713602119,0.00443090016640323));
#1997=CARTESIAN_POINT('',(0.216010393879198,0.00896230593721144,0.000555412011947309));
#1998=CARTESIAN_POINT('',(0.00538689547900125,0.0138489589615986,0.00388189982601832));
#1999=CARTESIAN_POINT('',(0.0313733502448134,0.0125301840447193,0.00810060584005528));
#2000=CARTESIAN_POINT('',(0.0958372840244625,0.0159429024786938,0.0119555459121222));
#2001=CARTESIAN_POINT('',(0.16827284053804,0.011740358701318,0.0060567653512376));
#2002=CARTESIAN_POINT('',(0.216150588762668,0.00896260227118047,0.00215784686258866));
#2003=CARTESIAN_POINT('',(0.00542711318957803,0.0137835166704692,0.00537748295616214));
#2004=CARTESIAN_POINT('',(0.0315874915209347,0.0124815695116543,0.00982916461192916));
#2005=CARTESIAN_POINT('',(0.0956299893429806,0.0158527839314904,0.0134661999157647));
#2006=CARTESIAN_POINT('',(0.168267188433935,0.0116762970513048,0.00753619460241983));
#2007=CARTESIAN_POINT('',(0.216278216404253,0.00891576345513498,0.00361663748119007));
#2008=CARTESIAN_POINT('',(0.00550585252727204,0.0135511191533239,0.00822289631116784));
#2009=CARTESIAN_POINT('',(0.0320067646873073,0.0123253514715603,0.0130888887091999));
#2010=CARTESIAN_POINT('',(0.095225091550825,0.0155012360471228,0.0163150812465239));
#2011=CARTESIAN_POINT('',(0.168252338890136,0.0114232407501255,0.0103418317546014));
#2012=CARTESIAN_POINT('',(0.216521177150443,0.00872780716076312,0.00639369151765098));
#2013=CARTESIAN_POINT('',(0.00554437459802035,0.0133841623421027,0.00957272531716339));
#2014=CARTESIAN_POINT('',(0.0322118989440738,0.0122177395083786,0.0146200475326498));
#2015=CARTESIAN_POINT('',(0.095027486346911,0.0152398141896312,0.0176533143247706));
#2016=CARTESIAN_POINT('',(0.168243140617453,0.0112342490754372,0.0116680419442184));
#2017=CARTESIAN_POINT('',(0.216636510255047,0.00858668968243675,0.00771195493551047));
#2018=CARTESIAN_POINT('',(0.00560005411807074,0.0130601951646989,0.011373732597107));
#2019=CARTESIAN_POINT('',(0.0325084362404188,0.0120131124564421,0.0166085535669487));
#2020=CARTESIAN_POINT('',(0.0947435358615393,0.014722537399653,0.0194047843652063));
#2021=CARTESIAN_POINT('',(0.168223203540464,0.0108583628246017,0.0134286930733276));
#2022=CARTESIAN_POINT('',(0.216791078187794,0.00830425837224429,0.00947867449113682));
#2023=CARTESIAN_POINT('',(0.0056182633604088,0.0129399507788022,0.0119367789855799));
#2024=CARTESIAN_POINT('',(0.0326054213243997,0.0119377019212692,0.0172200168782357));
#2025=CARTESIAN_POINT('',(0.0946509619198319,0.0145292544690368,0.0199459611158624));
#2026=CARTESIAN_POINT('',(0.168215534570142,0.0107176676178561,0.0139774660904779));
#2027=CARTESIAN_POINT('',(0.216839528878016,0.00819832208672965,0.0100324684144851));
#2028=CARTESIAN_POINT('',(0.00564494730378242,0.0127415268496143,0.0127111120458032));
#2029=CARTESIAN_POINT('',(0.0327475566032729,0.0118139145051611,0.0180401316245598));
#2030=CARTESIAN_POINT('',(0.0945158643101773,0.01420846005583,0.0206779353230837));
#2031=CARTESIAN_POINT('',(0.168202061270568,0.010483687191455,0.0147292406304235));
#2032=CARTESIAN_POINT('',(0.216906445629632,0.00802172312328294,0.010797330385391));
#2033=CARTESIAN_POINT('',(0.00565373696488469,0.0126724080141407,0.0129574034262145));
#2034=CARTESIAN_POINT('',(0.0327943779717143,0.0117709147195919,0.018297176805547));
#2035=CARTESIAN_POINT('',(0.0944714589907769,0.0140963470610297,0.0209087577018568));
#2036=CARTESIAN_POINT('',(0.168197241863363,0.010401856246751,0.0149679861648383));
#2037=CARTESIAN_POINT('',(0.216927791332885,0.00795990771293825,0.0110413128900069));
#2038=CARTESIAN_POINT('',(0.00566458197210808,0.0125817068507974,0.0132511820742927));
#2039=CARTESIAN_POINT('',(0.0328521509302772,0.0117142147216835,0.018598798032144));
#2040=CARTESIAN_POINT('',(0.0944168039642966,0.0139504729954294,0.0211766922792126));
#2041=CARTESIAN_POINT('',(0.168190761915264,0.0102950664698609,0.0152491409432736));
#2042=CARTESIAN_POINT('',(0.216953153678606,0.00787895148830441,0.0113312058281143));
#2043=CARTESIAN_POINT('',(0.00566674387009505,0.0125633513254995,0.0133092340970744));
#2044=CARTESIAN_POINT('',(0.0328636678343903,0.0117027270027404,0.0186581387380436));
#2045=CARTESIAN_POINT('',(0.094405915540139,0.0139210117515712,0.0212292487134693));
#2046=CARTESIAN_POINT('',(0.16818944314119,0.0102734835433962,0.0153045077190876));
#2047=CARTESIAN_POINT('',(0.216958160158582,0.00786257589529248,0.0113884301561027));
#2048=CARTESIAN_POINT('',(0.0056710531882587,0.0125261949195224,0.0134239488544464));
#2049=CARTESIAN_POINT('',(0.0328866248316758,0.0116794363210701,0.018774872388345));
#2050=CARTESIAN_POINT('',(0.0943842255441343,0.0138615351334459,0.0213321972596486));
#2051=CARTESIAN_POINT('',(0.168186758891509,0.0102298751931429,0.0154134511466413));
#2052=CARTESIAN_POINT('',(0.216968038141887,0.00782945599809315,0.0115013360219244));
#2053=CARTESIAN_POINT('',(0.00567320060843537,0.0125073940298441,0.0134806116440734));
#2054=CARTESIAN_POINT('',(0.0328980649248481,0.0116676332976119,0.0188322657041661));
#2055=CARTESIAN_POINT('',(0.0943734239722871,0.0138315192212383,0.0213825926615143));
#2056=CARTESIAN_POINT('',(0.168185393415903,0.0102078495552849,0.0154670291075885));
#2057=CARTESIAN_POINT('',(0.216972909645215,0.00781271169390573,0.0115570175597576));
#2058=CARTESIAN_POINT('',(0.00567962074590776,0.0124503004960856,0.0136485474060257));
#2059=CARTESIAN_POINT('',(0.032932267834341,0.0116317170887859,0.0190015809051924));
#2060=CARTESIAN_POINT('',(0.0943411520702607,0.013740627948313,0.0215306246505649));
#2061=CARTESIAN_POINT('',(0.168181225237854,0.0101411039712923,0.0156250835716581));
#2062=CARTESIAN_POINT('',(0.216987317192755,0.00776192569207241,0.0117216965816914));
#2063=CARTESIAN_POINT('',(0.0056838713401458,0.0124113169872819,0.0137577677714222));
#2064=CARTESIAN_POINT('',(0.0329549132806375,0.0116070967649667,0.0191106380439604));
#2065=CARTESIAN_POINT('',(0.094319814553597,0.0136789090512932,0.0216251070212037));
#2066=CARTESIAN_POINT('',(0.168178350784178,0.010095715354739,0.0157268806560089));
#2067=CARTESIAN_POINT('',(0.216996646274522,0.00772733090515544,0.011828328474226));
#2068=CARTESIAN_POINT('',(0.00569653137989128,0.0122914205647435,0.0140774677218813));
#2069=CARTESIAN_POINT('',(0.0330223629105276,0.0115309345150467,0.0194267967269278));
#2070=CARTESIAN_POINT('',(0.0942563535380671,0.0134902924000882,0.0218965964439424));
#2071=CARTESIAN_POINT('',(0.168169426826753,0.00995684056560707,0.0160215689517135));
#2072=CARTESIAN_POINT('',(0.217023769690274,0.00762133400725782,0.0121383505348995));
#2073=CARTESIAN_POINT('',(0.0057048490824301,0.0122075617548815,0.0142799861612133));
#2074=CARTESIAN_POINT('',(0.0330666803851218,0.0114770913104832,0.0196228855377907));
#2075=CARTESIAN_POINT('',(0.0942147815736618,0.0133599346857576,0.0220616458068644));
#2076=CARTESIAN_POINT('',(0.168163076726606,0.00986064545355608,0.01620375720572));
#2077=CARTESIAN_POINT('',(0.21704070019471,0.00754771935913044,0.0123318670861081));
#2078=CARTESIAN_POINT('',(0.00571712914734914,0.0120751519989009,0.0145688386566888));
#2079=CARTESIAN_POINT('',(0.0331321142634023,0.0113906330480836,0.019896778297061));
#2080=CARTESIAN_POINT('',(0.0941536078175736,0.0131571349342244,0.0222879411809203));
#2081=CARTESIAN_POINT('',(0.168152896017701,0.00971079787534433,0.0164556925429932));
#2082=CARTESIAN_POINT('',(0.217064224373179,0.00743287159239604,0.0126007496763947));
#2083=CARTESIAN_POINT('',(0.00572118975495287,0.0120299118233318,0.0146626353034965));
#2084=CARTESIAN_POINT('',(0.0331537518390912,0.0113608647177289,0.0199847025333845));
#2085=CARTESIAN_POINT('',(0.0941334139729812,0.0130883244846303,0.0223598270112851));
#2086=CARTESIAN_POINT('',(0.168149393003399,0.00965992287477306,0.0165361110348687));
#2087=CARTESIAN_POINT('',(0.217071753501222,0.00739385139013023,0.0126868080037205));
#2088=CARTESIAN_POINT('',(0.00572924330337634,0.0119371026671651,0.0148454196925447));
#2089=CARTESIAN_POINT('',(0.033196668037785,0.0112992484233275,0.0201541014347507));
#2090=CARTESIAN_POINT('',(0.0940934343532393,0.0129482253257724,0.0224969431644414));
#2091=CARTESIAN_POINT('',(0.168142160184417,0.00955629835341874,0.0166898511808278));
#2092=CARTESIAN_POINT('',(0.217086165343473,0.00731433551920995,0.0128515361144337));
#2093=CARTESIAN_POINT('',(0.0057332362385063,0.0118895336868912,0.0149344073697504));
#2094=CARTESIAN_POINT('',(0.0332179466228251,0.0112674004614412,0.020235575665854));
#2095=CARTESIAN_POINT('',(0.0940736482687255,0.0128769366341145,0.0225621699511846));
#2096=CARTESIAN_POINT('',(0.168138431730307,0.00950354875577484,0.0167631882719929));
#2097=CARTESIAN_POINT('',(0.217093050505419,0.00727383971125493,0.0129302338755766));
#2098=CARTESIAN_POINT('',(0.00574511009268446,0.0117431511126926,0.0151944040370865));
#2099=CARTESIAN_POINT('',(0.033281225383547,0.0111684644766454,0.0204707549787394));
#2100=CARTESIAN_POINT('',(0.09401491150924,0.012659267974478,0.0227484017479852));
#2101=CARTESIAN_POINT('',(0.168126940134878,0.00934245121900475,0.0169731124362509));
#2102=CARTESIAN_POINT('',(0.217112786558101,0.00715013400396398,0.0131558179899831));
#2103=CARTESIAN_POINT('',(0.0057528860605209,0.0116406618853906,0.0153584466629361));
#2104=CARTESIAN_POINT('',(0.0333226685648303,0.0110979843545987,0.0206152166800969));
#2105=CARTESIAN_POINT('',(0.0939765823283238,0.0125090854218365,0.0228599581946132));
#2106=CARTESIAN_POINT('',(0.168118870760461,0.00923125453604018,0.0170996124001067));
#2107=CARTESIAN_POINT('',(0.217124718015685,0.00706470582120218,0.0132921951742242));
#2108=CARTESIAN_POINT('',(0.00576813981180845,0.0114249087988173,0.0156692732774833));
#2109=CARTESIAN_POINT('',(0.0334039712011176,0.0109465243523769,0.0208817965526916));
#2110=CARTESIAN_POINT('',(0.0939016363132195,0.0121981254349136,0.0230607832177917));
#2111=CARTESIAN_POINT('',(0.168102074860738,0.00900106861087183,0.0173284431629529));
#2112=CARTESIAN_POINT('',(0.217146357612528,0.00688790914818984,0.0135395368979464));
#2113=CARTESIAN_POINT('',(0.00577561758076642,0.0113116465355823,0.0158160573060006));
#2114=CARTESIAN_POINT('',(0.0334438305788091,0.010865552986133,0.0210039149363432));
#2115=CARTESIAN_POINT('',(0.0938650195474165,0.0120373404698532,0.0231500516064565));
#2116=CARTESIAN_POINT('',(0.168093348362648,0.00888207637185286,0.0174307738871756));
#2117=CARTESIAN_POINT('',(0.217156065751786,0.0067965406579393,0.0136505014374275));
#2118=CARTESIAN_POINT('',(0.00581221534932244,0.010715947456693,0.0165101262216913));
#2119=CARTESIAN_POINT('',(0.0336389230437678,0.0104307109359999,0.0215644092347178));
#2120=CARTESIAN_POINT('',(0.0936863533517342,0.0112058806269276,0.0235479468383833));
#2121=CARTESIAN_POINT('',(0.168048471350778,0.00826717935383277,0.0178888299607685));
#2122=CARTESIAN_POINT('',(0.217199619410792,0.00632478522541525,0.014148322037848));
#2123=CARTESIAN_POINT('',(0.00583896276612332,0.0101452762236071,0.0169378556535698));
#2124=CARTESIAN_POINT('',(0.0337815463060653,0.00998650516176184,0.0218524828232823));
#2125=CARTESIAN_POINT('',(0.0935575537742025,0.0104529363144376,0.0237112419208098));
#2126=CARTESIAN_POINT('',(0.168008586059959,0.00771160066273886,0.0180837659996878));
#2127=CARTESIAN_POINT('',(0.217218503818691,0.00589965933932778,0.0143641718078334));
#2128=CARTESIAN_POINT('',(0.00587443569325386,0.00909841642680828,0.0174513668538176));
#2129=CARTESIAN_POINT('',(0.0339707260894929,0.00908998212530405,0.0221543765786526));
#2130=CARTESIAN_POINT('',(0.0933880680374222,0.00918411021393224,0.0238636024903599));
#2131=CARTESIAN_POINT('',(0.167950386321834,0.00677893981191535,0.0182500766723273));
#2132=CARTESIAN_POINT('',(0.21723386081542,0.00518919371914519,0.0145397030836625));
#2133=CARTESIAN_POINT('',(0.0058854853026189,0.00871765433668035,0.0176011900959719));
#2134=CARTESIAN_POINT('',(0.0340296601656323,0.00875277205063467,0.0222333050591966));
#2135=CARTESIAN_POINT('',(0.0933355250634149,0.00873793324180206,0.0238989590045283));
#2136=CARTESIAN_POINT('',(0.167931257775475,0.00645150405927708,0.0182844979989172));
#2137=CARTESIAN_POINT('',(0.21723681821181,0.00494024238057577,0.0145735062790807));
#2138=CARTESIAN_POINT('',(0.00589824018962243,0.00819676517333834,0.0177683691182794));
#2139=CARTESIAN_POINT('',(0.0340976934623116,0.00827436936103703,0.0223163232528739));
#2140=CARTESIAN_POINT('',(0.093275048514659,0.00815036158517195,0.0239384448026975));
#2141=CARTESIAN_POINT('',(0.167908478354643,0.00602112740727808,0.0183149187272291));
#2142=CARTESIAN_POINT('',(0.217238955471215,0.00461376695079608,0.0145979352658617));
#2143=CARTESIAN_POINT('',(0.005900738310788,0.00809034051313582,0.0178007999212216));
#2144=CARTESIAN_POINT('',(0.0341110184067228,0.00817584431830444,0.0223321447712592));
#2145=CARTESIAN_POINT('',(0.0932632133133455,0.00803135473177258,0.0239461064701043));
#2146=CARTESIAN_POINT('',(0.167903979033582,0.00593399797881823,0.0183203725763951));
#2147=CARTESIAN_POINT('',(0.217239304948791,0.00454770755201175,0.0146019298128434));
#2148=CARTESIAN_POINT('',(0.00590562662189624,0.00787286814966205,0.0178638161219932));
#2149=CARTESIAN_POINT('',(0.0341370929410978,0.00797288200401033,0.0223625107187559));
#2150=CARTESIAN_POINT('',(0.0932400696733255,0.00779033581162252,0.0239613232725485));
#2151=CARTESIAN_POINT('',(0.167895113319026,0.00575762102682223,0.0183303612698707));
#2152=CARTESIAN_POINT('',(0.217239876518263,0.00441405701815882,0.0146084628818032));
#2153=CARTESIAN_POINT('',(0.00590801681183893,0.00776181756442212,0.0178944030493837));
#2154=CARTESIAN_POINT('',(0.0341498425310617,0.00786843729707907,0.0223770607557241));
#2155=CARTESIAN_POINT('',(0.093228761234619,0.00766828551648805,0.0239689172370599));
#2156=CARTESIAN_POINT('',(0.167890746925531,0.0056683582905967,0.0183349115660687));
#2157=CARTESIAN_POINT('',(0.217240098610158,0.00434646588309021,0.0146110014037814));
#2158=CARTESIAN_POINT('',(0.00591502215670367,0.00742155760405405,0.0179836308627776));
#2159=CARTESIAN_POINT('',(0.0341872103823861,0.00754596122590748,0.0224191767217347));
#2160=CARTESIAN_POINT('',(0.0931956358810079,0.00729796235595936,0.0239917191287871));
#2161=CARTESIAN_POINT('',(0.167877876838426,0.0053975236576357,0.0183475503319765));
#2162=CARTESIAN_POINT('',(0.217240616651712,0.00414139020751682,0.0146169226458297));
#2163=CARTESIAN_POINT('',(0.00591947208666248,0.00718531067849051,0.0180397096354572));
#2164=CARTESIAN_POINT('',(0.0342109477251793,0.00731889221897298,0.0224451580023517));
#2165=CARTESIAN_POINT('',(0.0931746189286115,0.00704558436274731,0.0240068359284124));
#2166=CARTESIAN_POINT('',(0.167869602238197,0.00521293205736698,0.0183545824573547));
#2167=CARTESIAN_POINT('',(0.217240764367237,0.00400160339664443,0.0146186110420133));
#2168=CARTESIAN_POINT('',(0.00592580321915844,0.00681839892014276,0.0181187490680261));
#2169=CARTESIAN_POINT('',(0.0342447203546482,0.00696218365397019,0.0224811447683791));
#2170=CARTESIAN_POINT('',(0.0931447326994239,0.00665975654554069,0.0240289694441985));
#2171=CARTESIAN_POINT('',(0.16785776733274,0.00493037183085433,0.0183640542684825));
#2172=CARTESIAN_POINT('',(0.217240860849821,0.00378729997583582,0.0146197138429904));
#2173=CARTESIAN_POINT('',(0.00592785630291675,0.00669400477235977,0.0181442490911407));
#2174=CARTESIAN_POINT('',(0.0342556723336844,0.00684059662320241,0.0224926428312385));
#2175=CARTESIAN_POINT('',(0.0931350438229292,0.00652993713524039,0.0240362570021853));
#2176=CARTESIAN_POINT('',(0.167853918530069,0.0048352396176652,0.0183670321427018));
#2177=CARTESIAN_POINT('',(0.217240872162232,0.00371509496814962,0.0146198431444331));
#2178=CARTESIAN_POINT('',(0.00593184566419995,0.00644129752978879,0.018193561383207));
#2179=CARTESIAN_POINT('',(0.0342769532389188,0.00659239127423803,0.0225146703870225));
#2180=CARTESIAN_POINT('',(0.093116219015474,0.00626804187249376,0.0240505823917144));
#2181=CARTESIAN_POINT('',(0.16784643305771,0.00464314757280582,0.0183727981323107));
#2182=CARTESIAN_POINT('',(0.217240881653078,0.00356914077398306,0.0146199516252982));
#2183=CARTESIAN_POINT('',(0.0059337819372428,0.00631298445216446,0.0182173736009283));
#2184=CARTESIAN_POINT('',(0.0342872821352106,0.00646577307056445,0.0225251995381162));
#2185=CARTESIAN_POINT('',(0.0931070828408153,0.0061359669532627,0.0240576174377744));
#2186=CARTESIAN_POINT('',(0.167842797451918,0.00454618366706207,0.0183755984080887));
#2187=CARTESIAN_POINT('',(0.21724088175969,0.00349538420376025,0.0146199528438852));
#2188=CARTESIAN_POINT('',(0.00593941226184727,0.00592255889878635,0.0182862868458064));
#2189=CARTESIAN_POINT('',(0.0343173166445459,0.00607887602700421,0.0225553771350446));
#2190=CARTESIAN_POINT('',(0.0930805158892664,0.00573659433917567,0.0240782709336597));
#2191=CARTESIAN_POINT('',(0.167832228339995,0.00425268455211781,0.0183838516059565));
#2192=CARTESIAN_POINT('',(0.217240886743895,0.00327186432249065,0.0146200098136161));
#2193=CARTESIAN_POINT('',(0.00594292783389322,0.00565496004505496,0.0183288646362226));
#2194=CARTESIAN_POINT('',(0.0343360701781903,0.00581155437109788,0.0225736168691474));
#2195=CARTESIAN_POINT('',(0.0930639275008267,0.00546614566305467,0.0240914470683781));
#2196=CARTESIAN_POINT('',(0.167825628976858,0.00405355558723858,0.0183891161795217));
#2197=CARTESIAN_POINT('',(0.217240889829356,0.00311987556530276,0.0146200450805923));
#2198=CARTESIAN_POINT('',(0.00595273478866968,0.00483335309433875,0.0184465758516077));
#2199=CARTESIAN_POINT('',(0.0343883845823991,0.00498544293428884,0.022623078624562));
#2200=CARTESIAN_POINT('',(0.0930176529421474,0.0046439989488112,0.0241288620529731));
#2201=CARTESIAN_POINT('',(0.167807219518656,0.00344726412282579,0.0184040639813975));
#2202=CARTESIAN_POINT('',(0.217240898373709,0.00265625800030868,0.014620142742988));
#2203=CARTESIAN_POINT('',(0.00595828641003895,0.00426053460783193,0.0185116871207129));
#2204=CARTESIAN_POINT('',(0.0344179992562394,0.00440250668429607,0.0226490431989801));
#2205=CARTESIAN_POINT('',(0.0929914573785476,0.00408150022480823,0.0241509874832898));
#2206=CARTESIAN_POINT('',(0.167796798054798,0.00303119705351709,0.0184129012908881));
#2207=CARTESIAN_POINT('',(0.217240903120571,0.00233697789907213,0.0146201969998742));
#2208=CARTESIAN_POINT('',(0.00597177560238141,0.00249191810955105,0.018667500005723));
#2209=CARTESIAN_POINT('',(0.0344899562589707,0.00258930735002512,0.0227089354918965));
#2210=CARTESIAN_POINT('',(0.0929278080651966,0.00236520222374486,0.0242062314404466));
#2211=CARTESIAN_POINT('',(0.167771476162211,0.0017592503262827,0.0184349635938397));
#2212=CARTESIAN_POINT('',(0.217240914513041,0.00135873414639401,0.0146203272164006));
#2213=CARTESIAN_POINT('',(0.00597654750158923,0.00124595905901659,0.0187186806993224));
#2214=CARTESIAN_POINT('',(0.0345154115690719,0.0012946536814543,0.0227248617800571));
#2215=CARTESIAN_POINT('',(0.0929052916928937,0.00118260111763001,0.0242282176334933));
#2216=CARTESIAN_POINT('',(0.16776251823247,0.000879625149048733,0.0184437389617801));
#2217=CARTESIAN_POINT('',(0.217240918310531,0.000679367045983998,0.0146203706219082));
#2218=CARTESIAN_POINT('',(0.00597654750158923,8.34197516704112E-12,0.0187186806995789));
#2219=CARTESIAN_POINT('',(0.0345154115690719,1.2673565451764E-11,0.0227248617804001));
#2220=CARTESIAN_POINT('',(0.0929052916928938,1.13559087375016E-11,0.0242282176333395));
#2221=CARTESIAN_POINT('',(0.16776251823247,-2.78169884587558E-11,0.0184437389617176));
#2222=CARTESIAN_POINT('',(0.217240918310531,-5.37091089918701E-11,0.014620370621906));
#2223=CARTESIAN_POINT('',(0.00597654750158923,-0.00124595904233264,0.0187186806998354));
#2224=CARTESIAN_POINT('',(0.0345154115690719,-0.00129465365610717,0.0227248617807431));
#2225=CARTESIAN_POINT('',(0.0929052916928938,-0.0011826010949182,0.0242282176331857));
#2226=CARTESIAN_POINT('',(0.16776251823247,-0.00087962520468271,0.018443738961655));
#2227=CARTESIAN_POINT('',(0.21724091831053,-0.000679367153402216,0.0146203706219037));
#2228=CARTESIAN_POINT('',(0.00597177560238141,-0.00249191809314739,0.018667500006749));
#2229=CARTESIAN_POINT('',(0.0344899562589707,-0.00258930732509782,0.0227089354932687));
#2230=CARTESIAN_POINT('',(0.0929278080651967,-0.00236520220135157,0.0242062314398314));
#2231=CARTESIAN_POINT('',(0.16777147616221,-0.00175925038118019,0.0184349635935893));
#2232=CARTESIAN_POINT('',(0.217240914513041,-0.00135873425237841,0.0146203272163915));
#2233=CARTESIAN_POINT('',(0.00595828641003894,-0.00426053459226913,0.0185116871225084));
#2234=CARTESIAN_POINT('',(0.0344179992562394,-0.00440250666062825,0.0226490432013814));
#2235=CARTESIAN_POINT('',(0.0929914573785478,-0.00408150020337049,0.0241509874822132));
#2236=CARTESIAN_POINT('',(0.167796798054797,-0.00303119710620511,0.01841290129045));
#2237=CARTESIAN_POINT('',(0.21724090312057,-0.00233697800075507,0.0146201969998582));
#2238=CARTESIAN_POINT('',(0.00595273478866968,-0.00483335307912632,0.0184465758536598));
#2239=CARTESIAN_POINT('',(0.0343883845823991,-0.0049854429111458,0.0226230786273064));
#2240=CARTESIAN_POINT('',(0.0930176529421476,-0.00464399892777162,0.0241288620517427));
#2241=CARTESIAN_POINT('',(0.167807219518655,-0.0034472641745932,0.0184040639808968));
#2242=CARTESIAN_POINT('',(0.217240898373707,-0.00265625810019935,0.0146201427429697));
#2243=CARTESIAN_POINT('',(0.00594292783389323,-0.00565496003047316,0.0183288646386594));
#2244=CARTESIAN_POINT('',(0.0343360701781903,-0.00581155434889945,0.0225736168724064));
#2245=CARTESIAN_POINT('',(0.093063927500827,-0.00546614564273176,0.0240914470669169));
#2246=CARTESIAN_POINT('',(0.167825628976857,-0.00405355563734889,0.0183891161789272));
#2247=CARTESIAN_POINT('',(0.217240889829354,-0.00311987566196733,0.0146200450805706));
#2248=CARTESIAN_POINT('',(0.0059394122618473,-0.00592255888443229,0.0182862868483714));
#2249=CARTESIAN_POINT('',(0.0343173166445459,-0.00607887600514689,0.0225553771384751));
#2250=CARTESIAN_POINT('',(0.0930805158892667,-0.00573659431911156,0.0240782709321217));
#2251=CARTESIAN_POINT('',(0.167832228339994,-0.00425268460162972,0.0183838516053306));
#2252=CARTESIAN_POINT('',(0.217240886743893,-0.00327186441799025,0.0146200098135932));
#2253=CARTESIAN_POINT('',(0.00593378193724279,-0.00631298443817827,0.0182173736036858));
#2254=CARTESIAN_POINT('',(0.0342872821352107,-0.00646577304925814,0.022525199541804));
#2255=CARTESIAN_POINT('',(0.0931070828408155,-0.00613596693361665,0.024057617436121));
#2256=CARTESIAN_POINT('',(0.167842797451917,-0.00454618371560733,0.018375598407416));
#2257=CARTESIAN_POINT('',(0.217240881759688,-0.00349538429737795,0.0146199528438606));
#2258=CARTESIAN_POINT('',(0.00593184566419997,-0.00644129751592963,0.0181935613860286));
#2259=CARTESIAN_POINT('',(0.0342769532389188,-0.00659239125312208,0.0225146703907958));
#2260=CARTESIAN_POINT('',(0.093116219015474,-0.00626804185299288,0.0240505823900201));
#2261=CARTESIAN_POINT('',(0.167846433057709,-0.00464314762101369,0.0183727981316333));
#2262=CARTESIAN_POINT('',(0.217240881653077,-0.00356914086694441,0.0146199516252929));
#2263=CARTESIAN_POINT('',(0.00592785630291679,-0.00669400475876329,0.0181442490940908));
#2264=CARTESIAN_POINT('',(0.0342556723336846,-0.00684059660247939,0.0224926428351852));
#2265=CARTESIAN_POINT('',(0.0931350438229306,-0.00652993711603281,0.0240362570004299));
#2266=CARTESIAN_POINT('',(0.167853918530063,-0.00483523966520581,0.0183670321419239));
#2267=CARTESIAN_POINT('',(0.21724087216222,-0.0037150950598088,0.0146198431443012));
#2268=CARTESIAN_POINT('',(0.0059258032191585,-0.00681839890668194,0.0181187490710406));
#2269=CARTESIAN_POINT('',(0.0342447203546486,-0.00696218363344983,0.0224811447724136));
#2270=CARTESIAN_POINT('',(0.0931447326994267,-0.00665975652648183,0.0240289694424214));
#2271=CARTESIAN_POINT('',(0.167857767332727,-0.00493037187806253,0.0183640542676163));
#2272=CARTESIAN_POINT('',(0.217240860849798,-0.00378730006684457,0.0146197138427264));
#2273=CARTESIAN_POINT('',(0.00591947208666264,-0.00718531066544965,0.0180397096386654));
#2274=CARTESIAN_POINT('',(0.0342109477251804,-0.00731889219907924,0.0224451580066529));
#2275=CARTESIAN_POINT('',(0.093174618928621,-0.00704558434414076,0.0240068359265959));
#2276=CARTESIAN_POINT('',(0.167869602238155,-0.00521293210358156,0.0183545824561099));
#2277=CARTESIAN_POINT('',(0.217240764367161,-0.00400160348570387,0.0146186110411464));
#2278=CARTESIAN_POINT('',(0.00591502215670396,-0.00742155759131046,0.0179836308661157));
#2279=CARTESIAN_POINT('',(0.0341872103823882,-0.00754596120645629,0.0224191767262179));
#2280=CARTESIAN_POINT('',(0.0931956358810249,-0.00729796233766263,0.0239917191269792));
#2281=CARTESIAN_POINT('',(0.167877876838351,-0.00539752370319274,0.0183475503303273));
#2282=CARTESIAN_POINT('',(0.217240616651577,-0.00414139029527932,0.0146169226442856));
#2283=CARTESIAN_POINT('',(0.00590801681183953,-0.0077618175521504,0.0178944030529175));
#2284=CARTESIAN_POINT('',(0.0341498425310657,-0.00786843727832891,0.0223770607604866));
#2285=CARTESIAN_POINT('',(0.0932287612346519,-0.00766828549866839,0.0239689172353169));
#2286=CARTESIAN_POINT('',(0.167890746925387,-0.00566835833517472,0.0183349115635853));
#2287=CARTESIAN_POINT('',(0.217240098609898,-0.00434646596891125,0.0146110014008085));
#2288=CARTESIAN_POINT('',(0.00590562662189695,-0.00787286813754848,0.0178638161255937));
#2289=CARTESIAN_POINT('',(0.0341370929411025,-0.00797288198549585,0.0223625107236142));
#2290=CARTESIAN_POINT('',(0.0932400696733644,-0.00779033579397078,0.0239613232708315));
#2291=CARTESIAN_POINT('',(0.167895113318856,-0.00575762107107784,0.0183303612670694));
#2292=CARTESIAN_POINT('',(0.217239876517956,-0.00441405710333335,0.0146084628782852));
#2293=CARTESIAN_POINT('',(0.00590073831078897,-0.00809034050133231,0.017800799924962));
#2294=CARTESIAN_POINT('',(0.0341110184067292,-0.00817584430025223,0.022332144776321));
#2295=CARTESIAN_POINT('',(0.093263213313398,-0.00803135471445241,0.0239461064684746));
#2296=CARTESIAN_POINT('',(0.167903979033353,-0.00593399802242811,0.0183203725728894));
#2297=CARTESIAN_POINT('',(0.217239304948376,-0.00454770763589459,0.0146019298080975));
#2298=CARTESIAN_POINT('',(0.00589824018962355,-0.00819676516168792,0.0177683691220924));
#2299=CARTESIAN_POINT('',(0.034097693462319,-0.00827436934321315,0.0223163232580427));
#2300=CARTESIAN_POINT('',(0.093275048514719,-0.00815036156801634,0.0239384448011275));
#2301=CARTESIAN_POINT('',(0.16790847835438,-0.00602112745056501,0.018314918723336));
#2302=CARTESIAN_POINT('',(0.21723895547074,-0.00461376703403374,0.0145979352604332));
#2303=CARTESIAN_POINT('',(0.00588548530262077,-0.00871765432578591,0.0176011901001617));
#2304=CARTESIAN_POINT('',(0.0340296601656448,-0.00875277203393869,0.0222333050649271));
#2305=CARTESIAN_POINT('',(0.0933355250635165,-0.00873793322546292,0.0238989590033365));
#2306=CARTESIAN_POINT('',(0.167931257775033,-0.0064515041009487,0.0182844979929122));
#2307=CARTESIAN_POINT('',(0.217236818211006,-0.00494024246059078,0.0145735062698942));
#2308=CARTESIAN_POINT('',(0.00587443569325657,-0.00909841641648794,0.0174513668583521));
#2309=CARTESIAN_POINT('',(0.033970726089511,-0.00908998210946593,0.0221543765849165));
#2310=CARTESIAN_POINT('',(0.0933880680375692,-0.00918411019822637,0.0238636024897262));
#2311=CARTESIAN_POINT('',(0.167950386321192,-0.00677893985229312,0.0182500766640714));
#2312=CARTESIAN_POINT('',(0.217233860814257,-0.00518919379659258,0.0145397030703685));
#2313=CARTESIAN_POINT('',(0.00583896276612922,-0.0101452762149171,0.0169378556592687));
#2314=CARTESIAN_POINT('',(0.0337815463061046,-0.00998650514836396,0.0218524828313996));
#2315=CARTESIAN_POINT('',(0.0935575537745224,-0.0104529363005718,0.0237112419226177));
#2316=CARTESIAN_POINT('',(0.168008586058563,-0.00771160069923025,0.0180837659829955));
#2317=CARTESIAN_POINT('',(0.217218503816161,-0.00589965940910376,0.0143641717789131));
#2318=CARTESIAN_POINT('',(0.00581221534933133,-0.0107159474489672,0.0165101262283398));
#2319=CARTESIAN_POINT('',(0.0336389230438272,-0.010430710924051,0.0215644092444078));
#2320=CARTESIAN_POINT('',(0.0936863533522178,-0.0112058806142089,0.0235479468428416));
#2321=CARTESIAN_POINT('',(0.168048471348667,-0.00826717938772682,0.0178888299362069));
#2322=CARTESIAN_POINT('',(0.217199619406965,-0.00632478529011892,0.0141483219941052));
#2323=CARTESIAN_POINT('',(0.0057756175807802,-0.0113116465289085,0.0158160573140529));
#2324=CARTESIAN_POINT('',(0.0334438305789011,-0.0108655529757731,0.0210039149484205));
#2325=CARTESIAN_POINT('',(0.0938650195481659,-0.0120373404584689,0.023150051615506));
#2326=CARTESIAN_POINT('',(0.168093348359376,-0.00888207640249222,0.017430773849971));
#2327=CARTESIAN_POINT('',(0.217156065745856,-0.00679654071635505,0.0136505013696502));
#2328=CARTESIAN_POINT('',(0.00576813981182327,-0.0114249087923462,0.0156692732858272));
#2329=CARTESIAN_POINT('',(0.0334039712012165,-0.0109465243423238,0.0208817965652674));
#2330=CARTESIAN_POINT('',(0.0939016363140252,-0.0121981254237912,0.0230607832278234));
#2331=CARTESIAN_POINT('',(0.168102074857222,-0.00900106864085988,0.0173284431230793));
#2332=CARTESIAN_POINT('',(0.217146357606154,-0.00688790920535065,0.0135395368250869));
#2333=CARTESIAN_POINT('',(0.0057528860605379,-0.0116406618793098,0.0153584466718849));
#2334=CARTESIAN_POINT('',(0.0333226685649437,-0.0110979843451368,0.0206152166937118));
#2335=CARTESIAN_POINT('',(0.0939765823292479,-0.012509085411228,0.0228599582067371));
#2336=CARTESIAN_POINT('',(0.168118870756426,-0.00923125456472474,0.0170996123546147));
#2337=CARTESIAN_POINT('',(0.217124718008373,-0.00706470587585831,0.0132921950906497));
#2338=CARTESIAN_POINT('',(0.00574511009270262,-0.0117431511067991,0.0151944040463486));
#2339=CARTESIAN_POINT('',(0.0332812253836681,-0.0111684644674679,0.020470754992895));
#2340=CARTESIAN_POINT('',(0.0940149115102265,-0.0126592679641214,0.0227484017612191));
#2341=CARTESIAN_POINT('',(0.168126940130572,-0.00934245124703718,0.0169731123878093));
#2342=CARTESIAN_POINT('',(0.217112786550296,-0.00715013405737039,0.0131558179007758));
#2343=CARTESIAN_POINT('',(0.00573323623852625,-0.0118895336812673,0.0149344073794986));
#2344=CARTESIAN_POINT('',(0.0332179466229582,-0.0112674004526737,0.0202355756808522));
#2345=CARTESIAN_POINT('',(0.09407364826981,-0.0128769366241284,0.0225621699661794));
#2346=CARTESIAN_POINT('',(0.168138431725573,-0.00950354878282846,0.0167631882189165));
#2347=CARTESIAN_POINT('',(0.217093050496838,-0.0072738397627907,0.0129302337775072));
#2348=CARTESIAN_POINT('',(0.0057292433033969,-0.0119371026616291,0.0148454197024577));
#2349=CARTESIAN_POINT('',(0.0331966680379222,-0.0112992484146939,0.0201541014500349));
#2350=CARTESIAN_POINT('',(0.0940934343543571,-0.0129482253159085,0.0224969431800391));
#2351=CARTESIAN_POINT('',(0.168142160179537,-0.00955629838014599,0.0166898511261714));
#2352=CARTESIAN_POINT('',(0.217086165334629,-0.00731433557012285,0.0128515360133414));
#2353=CARTESIAN_POINT('',(0.00572118975497468,-0.012029911817968,0.0146626353137445));
#2354=CARTESIAN_POINT('',(0.0331537518392368,-0.0113608647093576,0.0199847025492515));
#2355=CARTESIAN_POINT('',(0.0941334139741674,-0.0130883244750084,0.0223598270281207));
#2356=CARTESIAN_POINT('',(0.16814939299822,-0.00965992290084737,0.016536110976982));
#2357=CARTESIAN_POINT('',(0.217071753491836,-0.00739385143979866,0.0126868078964447));
#2358=CARTESIAN_POINT('',(0.00571712914737159,-0.0120751519936212,0.0145688386671068));
#2359=CARTESIAN_POINT('',(0.0331321142635521,-0.0113906330398406,0.0198967783132236));
#2360=CARTESIAN_POINT('',(0.094153607818794,-0.0131571349247223,0.0222879411983818));
#2361=CARTESIAN_POINT('',(0.168152896012373,-0.00971079790109186,0.0164556924834957));
#2362=CARTESIAN_POINT('',(0.217064224363523,-0.00743287164144252,0.0126007495660295));
#2363=CARTESIAN_POINT('',(0.00570484908245442,-0.0122075617498483,0.0142799861721485));
#2364=CARTESIAN_POINT('',(0.0330666803852838,-0.0114770913026169,0.0196228855548487));
#2365=CARTESIAN_POINT('',(0.0942147815749819,-0.0133599346766114,0.0220616458261941));
#2366=CARTESIAN_POINT('',(0.168163076720843,-0.00986064547832176,0.0162037571415355));
#2367=CARTESIAN_POINT('',(0.217040700184264,-0.00754771940631083,0.0123318669667231));
#2368=CARTESIAN_POINT('',(0.00569653137991674,-0.0122914205598671,0.0140774677331708));
#2369=CARTESIAN_POINT('',(0.0330223629106974,-0.0115309345074205,0.0194267967445959));
#2370=CARTESIAN_POINT('',(0.0942563535394512,-0.0134902923911747,0.0218965964645174));
#2371=CARTESIAN_POINT('',(0.168169426820711,-0.00995684058971638,0.0160215688845435));
#2372=CARTESIAN_POINT('',(0.217023769679323,-0.00762133405319425,0.0121383504097325));
#2373=CARTESIAN_POINT('',(0.00568387134017296,-0.0124113169826291,0.0137577677832579));
#2374=CARTESIAN_POINT('',(0.0329549132808186,-0.0116070967576841,0.0191106380625635));
#2375=CARTESIAN_POINT('',(0.0943198145550732,-0.0136789090427216,0.0216251070436467));
#2376=CARTESIAN_POINT('',(0.168178350777734,-0.0100957153778611,0.0157268805845693));
#2377=CARTESIAN_POINT('',(0.216996646262843,-0.00772733094922608,0.0118283283407328));
#2378=CARTESIAN_POINT('',(0.00567962074593547,-0.0124503004915054,0.0136485474180459));
#2379=CARTESIAN_POINT('',(0.0329322678345258,-0.0116317170816149,0.0190015809241106));
#2380=CARTESIAN_POINT('',(0.0943411520717669,-0.0137406279398543,0.0215306246736304));
#2381=CARTESIAN_POINT('',(0.168181225231279,-0.0101411039940849,0.0156250834988301));
#2382=CARTESIAN_POINT('',(0.216987317180838,-0.00776192573552114,0.0117216964454806));
#2383=CARTESIAN_POINT('',(0.00567320060846386,-0.01250739402537,0.0134806116563739));
#2384=CARTESIAN_POINT('',(0.0328980649250383,-0.0116676332906044,0.0188322657235618));
#2385=CARTESIAN_POINT('',(0.0943734239738373,-0.013831519212947,0.0213825926855136));
#2386=CARTESIAN_POINT('',(0.168185393409135,-0.0102078495775825,0.01546702903273));
#2387=CARTESIAN_POINT('',(0.216972909632949,-0.00781271173642165,0.011557017419557));
#2388=CARTESIAN_POINT('',(0.00567105318828746,-0.0125261949150832,0.0134239488668409));
#2389=CARTESIAN_POINT('',(0.0328866248318678,-0.0116794363141164,0.0187748724079006));
#2390=CARTESIAN_POINT('',(0.094384225545699,-0.0138615351252103,0.0213321972839593));
#2391=CARTESIAN_POINT('',(0.168186758884678,-0.0102298752152754,0.0154134510711148));
#2392=CARTESIAN_POINT('',(0.216968038129506,-0.00782945604029814,0.0115013358804083));
#2393=CARTESIAN_POINT('',(0.00566674387012435,-0.0125633513211291,0.0133092341096582));
#2394=CARTESIAN_POINT('',(0.0328636678345858,-0.0117027269958929,0.0186581387579209));
#2395=CARTESIAN_POINT('',(0.0944059155417326,-0.0139210117434461,0.0212292487384025));
#2396=CARTESIAN_POINT('',(0.168189443134233,-0.0102734835651983,0.0153045076422421));
#2397=CARTESIAN_POINT('',(0.216958160145974,-0.00786257593687562,0.0113884300119847));
#2398=CARTESIAN_POINT('',(0.00566458197213765,-0.0125817068464609,0.0132511820869717));
#2399=CARTESIAN_POINT('',(0.0328521509304745,-0.0117142147148885,0.0185987980521824));
#2400=CARTESIAN_POINT('',(0.0944168039659044,-0.0139504729873599,0.0211766923044528));
#2401=CARTESIAN_POINT('',(0.168190761908245,-0.0102950664914979,0.0152491408657757));
#2402=CARTESIAN_POINT('',(0.216953153665884,-0.00787895152957662,0.0113312056827098));
#2403=CARTESIAN_POINT('',(0.00565373696491555,-0.0126724080099716,0.012957403439372));
#2404=CARTESIAN_POINT('',(0.0327943779719202,-0.0117709147130564,0.0182971768263919));
#2405=CARTESIAN_POINT('',(0.0944714589924551,-0.0140963470532418,0.0209087577286029));
#2406=CARTESIAN_POINT('',(0.168197241856037,-0.0104018562675641,0.0149679860841104));
#2407=CARTESIAN_POINT('',(0.216927791319607,-0.00795990775265589,0.0110413127382418));
#2408=CARTESIAN_POINT('',(0.00564494730381425,-0.0127415268455706,0.0127111120593554));
#2409=CARTESIAN_POINT('',(0.0327475566034854,-0.0118139144988223,0.0180401316460585));
#2410=CARTESIAN_POINT('',(0.0945158643119091,-0.0142084600482776,0.0206779353509459));
#2411=CARTESIAN_POINT('',(0.168202061263008,-0.0104836872116132,0.0147292405472154));
#2412=CARTESIAN_POINT('',(0.21690644561593,-0.00802172316175703,0.0107973302287687));
#2413=CARTESIAN_POINT('',(0.00561826336044347,-0.0129399507751191,0.0119367790003171));
#2414=CARTESIAN_POINT('',(0.032605421324631,-0.0119377019155007,0.0172200169016759));
#2415=CARTESIAN_POINT('',(0.0946509619217172,-0.014529254462211,0.0199459611468468));
#2416=CARTESIAN_POINT('',(0.168215534561911,-0.0107176676360575,0.0139774660001568));
#2417=CARTESIAN_POINT('',(0.216839528863099,-0.00819832212147338,0.0100324682439847));
#2418=CARTESIAN_POINT('',(0.00560005411810708,-0.0130601951612584,0.0113737326125541));
#2419=CARTESIAN_POINT('',(0.0325084362406615,-0.0120131124510569,0.0166085535915523));
#2420=CARTESIAN_POINT('',(0.0947435358635167,-0.0147225373933117,0.0194047843980631));
#2421=CARTESIAN_POINT('',(0.168223203531832,-0.0108583628414989,0.0134286929787381));
#2422=CARTESIAN_POINT('',(0.216791078172148,-0.00830425840450151,0.00947867431230917));
#2423=CARTESIAN_POINT('',(0.00554437459806122,-0.0133841623393965,0.00957272533450034));
#2424=CARTESIAN_POINT('',(0.0322118989443466,-0.0122177395041524,0.0146200475603508));
#2425=CARTESIAN_POINT('',(0.095027486349134,-0.015239814184744,0.017653314362618));
#2426=CARTESIAN_POINT('',(0.168243140607748,-0.0112342490884227,0.0116680418382449));
#2427=CARTESIAN_POINT('',(0.216636510237458,-0.00858668970723567,0.00771195473447548));
#2428=CARTESIAN_POINT('',(0.00550585252731517,-0.0135511191511159,0.00822289632944452));
#2429=CARTESIAN_POINT('',(0.0320067646875952,-0.0123253514681188,0.0130888887384419));
#2430=CARTESIAN_POINT('',(0.0952250915531708,-0.0155012360432057,0.0163150812868627));
#2431=CARTESIAN_POINT('',(0.168252338879896,-0.0114232407605045,0.010341831642933));
#2432=CARTESIAN_POINT('',(0.216521177131883,-0.00872780718059146,0.00639369130551027));
#2433=CARTESIAN_POINT('',(0.00542711318962416,-0.013783516669275,0.00537748297567795));
#2434=CARTESIAN_POINT('',(0.0315874915212426,-0.0124815695098065,0.00982916464320576));
#2435=CARTESIAN_POINT('',(0.0956299893454901,-0.0158527839295151,0.0134661999594145));
#2436=CARTESIAN_POINT('',(0.16826718842298,-0.0116762970564733,0.00753619448315069));
#2437=CARTESIAN_POINT('',(0.216278216384398,-0.00891576346502539,0.00361663725423638));
#2438=CARTESIAN_POINT('',(0.00538689547904817,-0.01384895896092,0.00388189984583355));
#2439=CARTESIAN_POINT('',(0.0313733502451264,-0.0125301840436806,0.00810060587182542));
#2440=CARTESIAN_POINT('',(0.0958372840270129,-0.0159429024776901,0.0119555459565916));
#2441=CARTESIAN_POINT('',(0.168272840526905,-0.0117403587038825,0.00605676523006265));
#2442=CARTESIAN_POINT('',(0.216150588742488,-0.00896260227610353,0.0021578466319277));
#2443=CARTESIAN_POINT('',(0.00534239931467682,-0.0138631770567932,0.00224287039396939));
#2444=CARTESIAN_POINT('',(0.0311364249793417,-0.0125503919561787,0.00621080179821875));
#2445=CARTESIAN_POINT('',(0.0960664924579372,-0.0159453929632068,0.0102942324571653));
#2446=CARTESIAN_POINT('',(0.168279646836741,-0.0117411713598786,0.00443090012322625));
#2447=CARTESIAN_POINT('',(0.216010393865744,-0.00896230593669432,0.000555411858163583));
#2448=CARTESIAN_POINT('',(0.00533841002584714,-0.0138639421464133,0.00209605708872999));
#2449=CARTESIAN_POINT('',(0.0311151834967943,-0.0125519080188814,0.00604156487617521));
#2450=CARTESIAN_POINT('',(0.0960870408898359,-0.015944766878056,0.0101453736064273));
#2451=CARTESIAN_POINT('',(0.168280261732096,-0.0117406315552402,0.00428522662249937));
#2452=CARTESIAN_POINT('',(0.215997833286377,-0.00896182316090813,0.000411843779044241));
#2453=CARTESIAN_POINT('',(0.00533441876393953,-0.0138641959991396,0.00194934851354702));
#2454=CARTESIAN_POINT('',(0.0310939314710183,-0.0125531245818568,0.00587250310069715));
#2455=CARTESIAN_POINT('',(0.0961075978366477,-0.015943293359641,0.00999658179069558));
#2456=CARTESIAN_POINT('',(0.168280883500132,-0.0117394798644674,0.00413961962284349));
#2457=CARTESIAN_POINT('',(0.215985278494223,-0.00896088418863388,0.000268341848080594));
#2458=CARTESIAN_POINT('',(0.216022042476503,-0.00896232975758252,0.000688556088394937));
#2459=CARTESIAN_POINT('',(0.207209526141214,-0.00947554083937054,0.00145955136486975));
#2460=CARTESIAN_POINT('',(0.189584370024457,-0.0105015841418503,0.003001552717986));
#2461=CARTESIAN_POINT('',(0.163140367671267,-0.0119198967126406,0.00531510314213271));
#2462=CARTESIAN_POINT('',(0.136683316642525,-0.0130861545862607,0.00762979517747734));
#2463=CARTESIAN_POINT('',(0.114624348294292,-0.013719371060567,0.00955970483702421));
#2464=CARTESIAN_POINT('',(0.0969704238906721,-0.0139241347517026,0.0111042230890847));
#2465=CARTESIAN_POINT('',(0.083731951990752,-0.0139015671860261,0.0122624393027342));
#2466=CARTESIAN_POINT('',(0.0704938506414062,-0.0136584572970573,0.0134206230974092));
#2467=CARTESIAN_POINT('',(0.0594640203638498,-0.013300435181884,0.0143856082073103));
#2468=CARTESIAN_POINT('',(0.0506416383702626,-0.0129927055474696,0.0151574666170445));
#2469=CARTESIAN_POINT('',(0.044024840349779,-0.0127592791635814,0.0157363614326774));
#2470=CARTESIAN_POINT('',(0.0374081690210392,-0.0125242591954995,0.0163152451642193));
#2471=CARTESIAN_POINT('',(0.030792184183746,-0.0122655015747481,0.0168940688355419));
#2472=CARTESIAN_POINT('',(0.0252822178076109,-0.0119710637699671,0.0173761284298627));
#2473=CARTESIAN_POINT('',(0.0208854550017856,-0.0115474141046135,0.0177607953315848));
#2474=CARTESIAN_POINT('',(0.0176174369320379,-0.0110417083305936,0.0180467098648856));
#2475=CARTESIAN_POINT('',(0.0144296537296344,-0.0101948253017959,0.0183256047568743));
#2476=CARTESIAN_POINT('',(0.0114580263653341,-0.00860787308737548,0.018585588463474));
#2477=CARTESIAN_POINT('',(0.00918981440054588,-0.00610851119980625,0.0187840312968668));
#2478=CARTESIAN_POINT('',(0.00823951149684568,-0.00406309963494122,0.0188671720278564));
#2479=CARTESIAN_POINT('',(0.00793199565771691,-0.0029999999999954,0.0188940761776348));
#2480=CARTESIAN_POINT('',(0.216022042476503,-0.00896232975758252,0.000688556088394937));
#2481=CARTESIAN_POINT('',(0.00793199565771824,-0.003,0.0188940761776346));
#2482=CARTESIAN_POINT('',(0.217240880655303,0.00354187609627842,0.0146199402206815));
#2483=CARTESIAN_POINT('',(0.217240841689024,0.00520530573818502,0.0146194948340825));
#2484=CARTESIAN_POINT('',(0.217240607758419,0.0094964928539529,0.0146168209950284));
#2485=CARTESIAN_POINT('',(0.214806288496747,0.00949077926920866,-0.0132075754875106));
#2486=CARTESIAN_POINT('',(0.214802637380771,0.00357407600144291,-0.013249307934069));
#2487=CARTESIAN_POINT('',(0.214802637380771,-0.00357407600144292,-0.013249307934069));
#2488=CARTESIAN_POINT('',(0.214806288496747,-0.00949077926920867,-0.0132075754875106));
#2489=CARTESIAN_POINT('',(0.217240607758419,-0.0094964928539529,0.0146168209950284));
#2490=CARTESIAN_POINT('',(0.217240930862274,-0.00356952534950074,0.0146205140889808));
#2491=CARTESIAN_POINT('',(0.217240930862274,0.00139859306563511,0.0146205140889808));
#2492=CARTESIAN_POINT('',(0.217240880655303,0.00354187609627842,0.0146199402206815));
#2493=CARTESIAN_POINT('',(0.216022042476504,0.0089623297215756,0.000688556088400317));
#2494=CARTESIAN_POINT('',(0.00793199565850372,0.00299999999999376,0.018894076177566));
#2495=CARTESIAN_POINT('',(0.0082416208379597,0.00407039174271005,0.0188669874844214));
#2496=CARTESIAN_POINT('',(0.00919247739662935,0.0061119554183318,0.0187837983148985));
#2497=CARTESIAN_POINT('',(0.0114650705782476,0.0086142211054056,0.0185849721747006));
#2498=CARTESIAN_POINT('',(0.0144445773940593,0.0102018751617615,0.0183242991054189));
#2499=CARTESIAN_POINT('',(0.017663828867329,0.0110513223402675,0.0180426510964684));
#2500=CARTESIAN_POINT('',(0.0209185811802948,0.0115509752001366,0.0177578971664994));
#2501=CARTESIAN_POINT('',(0.0253162089641309,0.0119735187473927,0.017373154589007));
#2502=CARTESIAN_POINT('',(0.0308265172716283,0.012266907742527,0.0168910650795683));
#2503=CARTESIAN_POINT('',(0.03744076545895,0.0125254616490094,0.0163123933454309));
#2504=CARTESIAN_POINT('',(0.0440564002682225,0.0127603857313589,0.0157336002975914));
#2505=CARTESIAN_POINT('',(0.0506719976946849,0.0129937771478999,0.0151548105203254));
#2506=CARTESIAN_POINT('',(0.0594928295737783,0.0133014138905469,0.0143830877280364));
#2507=CARTESIAN_POINT('',(0.0705209286769257,0.0136591903680137,0.0134182540762707));
#2508=CARTESIAN_POINT('',(0.0837567259603309,0.0139017783347784,0.0122602718612455));
#2509=CARTESIAN_POINT('',(0.0969925701344235,0.0139240061071448,0.0111022855438168));
#2510=CARTESIAN_POINT('',(0.114642127374583,0.0137189567529099,0.00955814936905093));
#2511=CARTESIAN_POINT('',(0.136698474731052,0.0130855684288161,0.00762846901656994));
#2512=CARTESIAN_POINT('',(0.163150016958404,0.0119193982322677,0.00531425893889928));
#2513=CARTESIAN_POINT('',(0.189589490718801,0.0105012876710758,0.00300110471527348));
#2514=CARTESIAN_POINT('',(0.207211174603444,0.00947544483878254,0.00145940714312974));
#2515=CARTESIAN_POINT('',(0.216022042476504,0.00896232975758253,0.000688556088412195));
#2516=CARTESIAN_POINT('',(0.00793199565850554,0.003,0.0188940761775658));
#2517=CARTESIAN_POINT('',(0.00793199450725308,-0.00300000000000008,0.0188940762782874));
#2518=CARTESIAN_POINT('',(0.00791080950960503,-0.00292676185540682,0.0188959297254184));
#2519=CARTESIAN_POINT('',(0.0078404104358286,-0.00267341074399494,0.0189020888462966));
#2520=CARTESIAN_POINT('',(0.00774656093364829,-0.00228083917291467,0.0189102996138149));
#2521=CARTESIAN_POINT('',(0.00767597881270915,-0.00191205781844756,0.0189164747492447));
#2522=CARTESIAN_POINT('',(0.00763780094148188,-0.0016797438495679,0.0189198148801746));
#2523=CARTESIAN_POINT('',(0.00761668618163416,-0.00153980871957998,0.0189216621822943));
#2524=CARTESIAN_POINT('',(0.00760059098708312,-0.00142272308682668,0.0189230703293548));
#2525=CARTESIAN_POINT('',(0.00758862567638397,-0.00132880158306793,0.0189241171583966));
#2526=CARTESIAN_POINT('',(0.00757729685294553,-0.00123494573448301,0.0189251083020185));
#2527=CARTESIAN_POINT('',(0.00755912029265651,-0.00107074740967743,0.0189266985449857));
#2528=CARTESIAN_POINT('',(0.00753784402668802,-0.000836382509162873,0.0189285599770601));
#2529=CARTESIAN_POINT('',(0.00751369419727565,-0.000461804933692772,0.0189306728133598));
#2530=CARTESIAN_POINT('',(0.00750187111958637,5.65700697292618E-6,0.0189317071986256));
#2531=CARTESIAN_POINT('',(0.00751662397854122,0.00056541260456312,0.0189304164907124));
#2532=CARTESIAN_POINT('',(0.00756038831149991,0.00112396683543625,0.0189265876077118));
#2533=CARTESIAN_POINT('',(0.0076212219517998,0.00158841994909398,0.0189212653538245));
#2534=CARTESIAN_POINT('',(0.00767677320165964,0.00191300151508091,0.0189164052492171));
#2535=CARTESIAN_POINT('',(0.00771225684772778,0.00209831627972307,0.0189133008324456));
#2536=CARTESIAN_POINT('',(0.00773600395325036,0.00221408664948279,0.0189112232299208));
#2537=CARTESIAN_POINT('',(0.00775594115049526,0.0023066334607198,0.0189094789511793));
#2538=CARTESIAN_POINT('',(0.00777645494955366,0.00239890725714167,0.0189076842263159));
#2539=CARTESIAN_POINT('',(0.00783064820663247,0.00263183168831383,0.018902942930682));
#2540=CARTESIAN_POINT('',(0.00788552498373871,0.00283935469175659,0.0188981418347943));
#2541=CARTESIAN_POINT('',(0.00793199418613912,0.00299999997619125,0.0188940763063812));
#2542=CARTESIAN_POINT('',(0.0210168289039908,-0.00242215833196699,0.0205772603999467));
#2543=CARTESIAN_POINT('',(0.0204803558908318,0.000243191000051108,0.020561554619109));
#2544=CARTESIAN_POINT('',(0.0210173718508041,0.00289392589155299,0.0205593301900771));
#2545=CARTESIAN_POINT('',(0.0230293606531623,0.0058884162998296,0.0205782583366627));
#2546=CARTESIAN_POINT('',(0.0274213260037231,0.00771733716813292,0.0207814828901914));
#2547=CARTESIAN_POINT('',(0.0326676442562659,0.00553566980253751,0.0215928257230799));
#2548=CARTESIAN_POINT('',(0.0348358878269391,0.000236309660601549,0.021936303873977));
#2549=CARTESIAN_POINT('',(0.0330267178812907,-0.00416035105739118,0.0216733613242437));
#2550=CARTESIAN_POINT('',(0.0300551275317742,-0.00616007551518722,0.0212401970444935));
#2551=CARTESIAN_POINT('',(0.0274209147078602,-0.0066883801466301,0.0209179872561006));
#2552=CARTESIAN_POINT('',(0.0247738130835765,-0.00615788562148249,0.0207085204683371));
#2553=CARTESIAN_POINT('',(0.0225260283262365,-0.00465848153155835,0.0206136829376073));
#2554=CARTESIAN_POINT('',(0.0210168289039908,-0.00242215833196699,0.0205772603999467));
#2555=CARTESIAN_POINT('',(0.0204803558908318,0.000243191000051108,0.020561554619109));
#2556=CARTESIAN_POINT('',(0.0210173718508041,0.00289392589155299,0.0205593301900771));
#2557=CARTESIAN_POINT('',(0.020659270719687,0.000240755259965069,0.0205638015110766));
#2558=CARTESIAN_POINT('',(0.218596824109065,0.00568371138726555,0.00196902164078257));
#2559=CARTESIAN_POINT('',(0.217779621599181,0.00573130282594098,0.00204051759621599));
#2560=CARTESIAN_POINT('',(0.216962419089298,0.00577889426461641,0.0021120135516494));
#2561=CARTESIAN_POINT('',(0.216145216579414,0.00582648570329184,0.0021835095070828));
#2562=CARTESIAN_POINT('',(0.199173291932181,0.00681488001349493,0.00366836051221535));
#2563=CARTESIAN_POINT('',(0.182201676073835,0.00780462894138444,0.0051531845011818));
#2564=CARTESIAN_POINT('',(0.156740637925322,0.00906735856839897,0.00738073670088592));
#2565=CARTESIAN_POINT('',(0.148253013346817,0.00945098359187834,0.00812330763171883));
#2566=CARTESIAN_POINT('',(0.131275689950041,0.0100978057208132,0.00960863096597875));
#2567=CARTESIAN_POINT('',(0.122785999281859,0.0103611232796467,0.0103513826562929));
#2568=CARTESIAN_POINT('',(0.10580352047194,0.0107112087954131,0.0118371570306885));
#2569=CARTESIAN_POINT('',(0.0973107390961821,0.0107979153673868,0.012580179122932));
#2570=CARTESIAN_POINT('',(0.0845682933603814,0.0107443178251981,0.0136949986703491));
#2571=CARTESIAN_POINT('',(0.0803202748379313,0.0106954620629858,0.014066652133514));
#2572=CARTESIAN_POINT('',(0.0718229171299138,0.0105278348553275,0.0148100746029252));
#2573=CARTESIAN_POINT('',(0.0675733858861763,0.0104084585915651,0.0151818604120418));
#2574=CARTESIAN_POINT('',(0.0590732914423858,0.0101382929019734,0.0159255223147574));
#2575=CARTESIAN_POINT('',(0.0548227572062828,0.00998821814036509,0.0162973958743628));
#2576=CARTESIAN_POINT('',(0.0484468024393165,0.0097603529105532,0.016855219635612));
#2577=CARTESIAN_POINT('',(0.0463214590431628,0.00968391001768904,0.0170411630888748));
#2578=CARTESIAN_POINT('',(0.0420708112693939,0.00952866193677188,0.0174130465817315));
#2579=CARTESIAN_POINT('',(0.0399454998141392,0.00945022420096203,0.0175989872405175));
#2580=CARTESIAN_POINT('',(0.0367576339487209,0.00932376018384581,0.017877889364591));
#2581=CARTESIAN_POINT('',(0.0356949930784141,0.00928012101943233,0.0179708583941413));
#2582=CARTESIAN_POINT('',(0.0335704133224845,0.00918627737662358,0.0181567350375381));
#2583=CARTESIAN_POINT('',(0.032508392813357,0.00913642792422172,0.0182496497925184));
#2584=CARTESIAN_POINT('',(0.0303857377787415,0.00902237885484521,0.0184353580446281));
#2585=CARTESIAN_POINT('',(0.0293249536471423,0.00895892815853496,0.0185281646305896));
#2586=CARTESIAN_POINT('',(0.0277362788486365,0.00883969719706869,0.0186671556654871));
#2587=CARTESIAN_POINT('',(0.0272070680635947,0.00879590066740766,0.0187134556097941));
#2588=CARTESIAN_POINT('',(0.0264145704623542,0.00871960138123957,0.0187827901657745));
#2589=CARTESIAN_POINT('',(0.0261506291441384,0.00869229376090194,0.0188058820389546));
#2590=CARTESIAN_POINT('',(0.0256232972611933,0.00863256768381892,0.0188520176006274));
#2591=CARTESIAN_POINT('',(0.0253597883599533,0.00860023689779001,0.018875071642223));
#2592=CARTESIAN_POINT('',(0.0248350342435528,0.00852816146677306,0.0189209816785494));
#2593=CARTESIAN_POINT('',(0.0245736809386868,0.00848852562488511,0.0189438471298992));
#2594=CARTESIAN_POINT('',(0.024054531724504,0.00839708704044938,0.0189892668008178));
#2595=CARTESIAN_POINT('',(0.0237966839622948,0.00834545147754467,0.019011825556928));
#2596=CARTESIAN_POINT('',(0.0232871236418662,0.00822166968285942,0.0190564063083463));
#2597=CARTESIAN_POINT('',(0.023034941368979,0.00814907270497564,0.0190784693983671));
#2598=CARTESIAN_POINT('',(0.0226636526572336,0.0080176021583855,0.0191109529515399));
#2599=CARTESIAN_POINT('',(0.0225419591644014,0.00797033537515194,0.0191215997525876));
#2600=CARTESIAN_POINT('',(0.0223029309348139,0.0078683310417612,0.0191425120129392));
#2601=CARTESIAN_POINT('',(0.0221856187511615,0.00781359177477653,0.0191527754991021));
#2602=CARTESIAN_POINT('',(0.021955307923577,0.00769624040164622,0.0191729250856033));
#2603=CARTESIAN_POINT('',(0.0218422892746348,0.00763367512135141,0.0191828129361526));
#2604=CARTESIAN_POINT('',(0.0216206999250458,0.00750064428232852,0.0192021994921998));
#2605=CARTESIAN_POINT('',(0.0215121782711927,0.00743016002003972,0.0192116939066585));
#2606=CARTESIAN_POINT('',(0.0212995553293805,0.00728087026415115,0.0192302960036735));
#2607=CARTESIAN_POINT('',(0.0211954019238195,0.0072020463858731,0.0192394082459271));
#2608=CARTESIAN_POINT('',(0.0209915287672337,0.00703637234666925,0.0192572448359259));
#2609=CARTESIAN_POINT('',(0.020892846163072,0.00695039252029708,0.0192658784450773));
#2610=CARTESIAN_POINT('',(0.0206055852559853,0.00668387855056311,0.0192910105179212));
#2611=CARTESIAN_POINT('',(0.0204256286771086,0.00649478645379256,0.019306754678501));
#2612=CARTESIAN_POINT('',(0.0200851810855477,0.00609792047470215,0.0193365399832853));
#2613=CARTESIAN_POINT('',(0.0199249696614159,0.00589011509481009,0.0193505566666655));
#2614=CARTESIAN_POINT('',(0.0196236308833414,0.00545637912329141,0.0193769203936272));
#2615=CARTESIAN_POINT('',(0.019484570994255,0.00523369838811474,0.0193890865574736));
#2616=CARTESIAN_POINT('',(0.0192276681150671,0.00477829257257326,0.0194115626470299));
#2617=CARTESIAN_POINT('',(0.0191097915660891,0.0045455054632075,0.0194218755087603));
#2618=CARTESIAN_POINT('',(0.018893982305831,0.00407036746060246,0.019440756372518));
#2619=CARTESIAN_POINT('',(0.0187959397621891,0.0038279731325776,0.0194493339836294));
#2620=CARTESIAN_POINT('',(0.0186190019074191,0.00333420149423648,0.0194648140400703));
#2621=CARTESIAN_POINT('',(0.018539996754688,0.00308195707723802,0.0194717260952953));
#2622=CARTESIAN_POINT('',(0.0183326881622803,0.00231675182400447,0.0194898632469799));
#2623=CARTESIAN_POINT('',(0.0182353105501861,0.00180093868529726,0.0194983826841209));
#2624=CARTESIAN_POINT('',(0.0181450048027366,0.00101946933832312,0.0195062834132742));
#2625=CARTESIAN_POINT('',(0.0181243207869906,0.000757702589860447,0.0195080930301701));
#2626=CARTESIAN_POINT('',(0.0181013181083738,0.000231522068495099,0.0195101055037759));
#2627=CARTESIAN_POINT('',(0.0180989416908177,-3.3756396355846E-5,0.0195103134133741));
#2628=CARTESIAN_POINT('',(0.018119741251666,-0.000825711692204185,0.0195084936875927));
#2629=CARTESIAN_POINT('',(0.0181702490805549,-0.00134709466451392,0.0195040748251455));
#2630=CARTESIAN_POINT('',(0.0183023810470166,-0.00211872091580923,0.0194925147759916));
#2631=CARTESIAN_POINT('',(0.0183559023207765,-0.00237423003789595,0.0194878322712786));
#2632=CARTESIAN_POINT('',(0.0184824212537927,-0.00288164921243487,0.0194767632989209));
#2633=CARTESIAN_POINT('',(0.0185554970926348,-0.0031335124806765,0.019470369991443));
#2634=CARTESIAN_POINT('',(0.018722629621157,-0.0036334252498938,0.0194557477898914));
#2635=CARTESIAN_POINT('',(0.0188168038777086,-0.0038814834652467,0.0194475086100449));
#2636=CARTESIAN_POINT('',(0.0190236925635103,-0.00436438006330168,0.0194294081954294));
#2637=CARTESIAN_POINT('',(0.0191367352451244,-0.0046003336992479,0.0194195182422936));
#2638=CARTESIAN_POINT('',(0.0193828652862953,-0.00506085248285811,0.0193979846539342));
#2639=CARTESIAN_POINT('',(0.0195158758339217,-0.00528540715071832,0.0193863477388902));
#2640=CARTESIAN_POINT('',(0.0198034978334855,-0.00572212225729227,0.0193611840745461));
#2641=CARTESIAN_POINT('',(0.019958423071981,-0.00593486309746921,0.0193476298724836));
#2642=CARTESIAN_POINT('',(0.0202075706325577,-0.00624195220725346,0.0193258322853893));
#2643=CARTESIAN_POINT('',(0.0202929342849763,-0.00634169652585744,0.0193183639335246));
#2644=CARTESIAN_POINT('',(0.020468436673146,-0.00653581647393277,0.0193030094641389));
#2645=CARTESIAN_POINT('',(0.0205585591039829,-0.0066302207729067,0.0192951247731116));
#2646=CARTESIAN_POINT('',(0.0207437369558491,-0.00681320762274054,0.0192789238103357));
#2647=CARTESIAN_POINT('',(0.0208388092662754,-0.00690179548424202,0.0192706060609584));
#2648=CARTESIAN_POINT('',(0.0210344396600563,-0.0070724621395591,0.0192534906192626));
#2649=CARTESIAN_POINT('',(0.0211350753903771,-0.00715456199972674,0.0192446861337128));
#2650=CARTESIAN_POINT('',(0.0213424042620457,-0.00731203037443947,0.0192265472078211));
#2651=CARTESIAN_POINT('',(0.0214490809541566,-0.0073873888338905,0.0192172142065997));
#2652=CARTESIAN_POINT('',(0.0216688585258496,-0.0075309650436993,0.0191979861605769));
#2653=CARTESIAN_POINT('',(0.0217810565941114,-0.00759855062715296,0.0191881701015365));
#2654=CARTESIAN_POINT('',(0.0220086927203796,-0.0077248152988444,0.0191682545210775));
#2655=CARTESIAN_POINT('',(0.0221243553680169,-0.00778364020160276,0.019158135350617));
#2656=CARTESIAN_POINT('',(0.0223592349918745,-0.00789335329697737,0.0191375860462355));
#2657=CARTESIAN_POINT('',(0.0224784290619814,-0.00794424643894283,0.019127157916342));
#2658=CARTESIAN_POINT('',(0.0227200799809008,-0.00803858957377419,0.019106016200406));
#2659=CARTESIAN_POINT('',(0.0228425733711553,-0.00808200186000465,0.0190952994174016));
#2660=CARTESIAN_POINT('',(0.0230907695978133,-0.00816222051807927,0.0190735850612395));
#2661=CARTESIAN_POINT('',(0.0232164394619895,-0.00819902810836562,0.0190625903727771));
#2662=CARTESIAN_POINT('',(0.0234705404750755,-0.0082669508923667,0.0190403594147415));
#2663=CARTESIAN_POINT('',(0.0235990454640085,-0.00829807308597915,0.0190291166850034));
#2664=CARTESIAN_POINT('',(0.0238563870755623,-0.00835546235848404,0.0190066022113389));
#2665=CARTESIAN_POINT('',(0.023985526657331,-0.00838181757113989,0.0189953039619216));
#2666=CARTESIAN_POINT('',(0.0243739241959702,-0.00845571353899551,0.0189613235803496));
#2667=CARTESIAN_POINT('',(0.0246340345957541,-0.00849801153904485,0.018938566869104));
#2668=CARTESIAN_POINT('',(0.0251558386713305,-0.00857383618422553,0.0188929149279078));
#2669=CARTESIAN_POINT('',(0.0254175801230199,-0.00860735925957529,0.018870015518112));
#2670=CARTESIAN_POINT('',(0.0262041283249693,-0.00870044767637336,0.0188012014671215));
#2671=CARTESIAN_POINT('',(0.0267300082247215,-0.00875194894992634,0.0187551929375193));
#2672=CARTESIAN_POINT('',(0.0277835173907119,-0.00884387493461534,0.0186630228285743));
#2673=CARTESIAN_POINT('',(0.0283110481765238,-0.00888408535009621,0.0186168698651549));
#2674=CARTESIAN_POINT('',(0.0298951383582641,-0.00899443262955351,0.0184782799322498));
#2675=CARTESIAN_POINT('',(0.0309529834865084,-0.00905468069724489,0.0183857304757653));
#2676=CARTESIAN_POINT('',(0.0330701181261919,-0.00916345810578181,0.0182005051956292));
#2677=CARTESIAN_POINT('',(0.0341291431156043,-0.00921177188236972,0.0181078525146621));
#2678=CARTESIAN_POINT('',(0.0362474866695802,-0.0093031165974749,0.0179225214682474));
#2679=CARTESIAN_POINT('',(0.0373068571256952,-0.00934594102882546,0.0178298385628585));
#2680=CARTESIAN_POINT('',(0.040485206890616,-0.00947043501779656,0.0175517689897042));
#2681=CARTESIAN_POINT('',(0.0426044603612914,-0.00954834586341541,0.0173663583358887));
#2682=CARTESIAN_POINT('',(0.0468430554742931,-0.00970271213227754,0.0169955293142162));
#2683=CARTESIAN_POINT('',(0.0489624296049296,-0.00977889347449292,0.0168101081040087));
#2684=CARTESIAN_POINT('',(0.0553205454453997,-0.0100057433748525,0.0162538450466157));
#2685=CARTESIAN_POINT('',(0.0595592962660438,-0.0101548852235534,0.0158830024022818));
#2686=CARTESIAN_POINT('',(0.0659179729368676,-0.0103551684181198,0.0153266902785497));
#2687=CARTESIAN_POINT('',(0.0680376703099772,-0.0104178045138571,0.0151412407882997));
#2688=CARTESIAN_POINT('',(0.072276379618994,-0.0105301181544507,0.0147704017757789));
#2689=CARTESIAN_POINT('',(0.0743954651494273,-0.0105796465621214,0.0145850058148232));
#2690=CARTESIAN_POINT('',(0.0807518856997566,-0.0107014519836017,0.0140288910760691));
#2691=CARTESIAN_POINT('',(0.0849884765510344,-0.0107479478779934,0.0136582374045809));
#2692=CARTESIAN_POINT('',(0.0976956909392756,-0.0107955233658422,0.0125465002006219));
#2693=CARTESIAN_POINT('',(0.106163727832544,-0.0107060534080477,0.0118056429700906));
#2694=CARTESIAN_POINT('',(0.123094906419932,-0.0103523939652681,0.0103243567836558));
#2695=CARTESIAN_POINT('',(0.131558041987341,-0.0100882360257424,0.00958392836359547));
#2696=CARTESIAN_POINT('',(0.148481022677232,-0.0094410727241357,0.00810335940012544));
#2697=CARTESIAN_POINT('',(0.156940858736641,-0.00905792866013184,0.00736321964967614));
#2698=CARTESIAN_POINT('',(0.182317383536718,-0.0077978752252779,0.00514306140992922));
#2699=CARTESIAN_POINT('',(0.199231131364171,-0.00681151161672936,0.0036633002173904));
#2700=CARTESIAN_POINT('',(0.216145216579418,-0.00582648570329682,0.00218350950708246));
#2701=CARTESIAN_POINT('',(0.216959642693339,-0.00577905595367811,0.00211225645483186));
#2702=CARTESIAN_POINT('',(0.21777406880726,-0.0057316262040594,0.00204100340258127));
#2703=CARTESIAN_POINT('',(0.218588494921182,-0.00568419645444069,0.00196975035033067));
#2704=CARTESIAN_POINT('',(0.218386495018813,0.00581451085469087,-0.000522126542119121));
#2705=CARTESIAN_POINT('',(0.217569292257126,0.00586210230803058,-0.000450630564655662));
#2706=CARTESIAN_POINT('',(0.21675208949544,0.00590969376137029,-0.0003791345871922));
#2707=CARTESIAN_POINT('',(0.215934886733753,0.00595728521471,-0.000307638609728756));
#2708=CARTESIAN_POINT('',(0.198962956856993,0.00694567982946562,0.00117721285293084));
#2709=CARTESIAN_POINT('',(0.181990992678986,0.00793545082069515,0.00266206731591554));
#2710=CARTESIAN_POINT('',(0.156528806548738,0.00919823738138765,0.00488971995100839));
#2711=CARTESIAN_POINT('',(0.148040691071122,0.00958188527305763,0.00563233382994694));
#2712=CARTESIAN_POINT('',(0.131062134015487,0.0102287544033854,0.007117765095374));
#2713=CARTESIAN_POINT('',(0.12257169477042,0.0104920964525261,0.00786058227767895));
#2714=CARTESIAN_POINT('',(0.105587405910835,0.0108422192815829,0.00934651501089935));
#2715=CARTESIAN_POINT('',(0.0970935551158045,0.0109289389327744,0.0100896306652058));
#2716=CARTESIAN_POINT('',(0.0843492309566392,0.0108753334895223,0.0112046145533736));
#2717=CARTESIAN_POINT('',(0.0801005242211774,0.0108264700914209,0.0115763282273746));
#2718=CARTESIAN_POINT('',(0.0716017600532478,0.0106588151385559,0.0123198737460841));
#2719=CARTESIAN_POINT('',(0.0673516910148968,0.010539422745503,0.0126917066061327));
#2720=CARTESIAN_POINT('',(0.0588509464012379,0.0102692363910125,0.0134354253913409));
#2721=CARTESIAN_POINT('',(0.0546002846243424,0.0101191568007574,0.0138073101093199));
#2722=CARTESIAN_POINT('',(0.0482242388589531,0.00989128831882446,0.0143651418318994));
#2723=CARTESIAN_POINT('',(0.04609888085897,0.00981484490876544,0.0145510865628319));
#2724=CARTESIAN_POINT('',(0.0418481191697271,0.00965959266726866,0.014922980022001));
#2725=CARTESIAN_POINT('',(0.0397227225920714,0.00958115201788731,0.0151089281280322));
#2726=CARTESIAN_POINT('',(0.0365344573844629,0.00945467215869373,0.0153878651900202));
#2727=CARTESIAN_POINT('',(0.0354716402986759,0.00941102592493594,0.0154808496364274));
#2728=CARTESIAN_POINT('',(0.0333465120370036,0.00931715805438188,0.0156667742678585));
#2729=CARTESIAN_POINT('',(0.0322841311541561,0.00926729253833701,0.0157597205514537));
#2730=CARTESIAN_POINT('',(0.0301602684398873,0.00915317858100692,0.0159455344618426));
#2731=CARTESIAN_POINT('',(0.0290987392059206,0.00908968848053115,0.0160384062358144));
#2732=CARTESIAN_POINT('',(0.0275079551860115,0.00897029922077779,0.0161775818036734));
#2733=CARTESIAN_POINT('',(0.026977947800075,0.00892644007225576,0.016223951441528));
#2734=CARTESIAN_POINT('',(0.0261836048237455,0.00884996311891796,0.0162934474469087));
#2735=CARTESIAN_POINT('',(0.0259189419104685,0.00882258178898434,0.0163166024514763));
#2736=CARTESIAN_POINT('',(0.0253899381747222,0.00876266635636454,0.0163628842813164));
#2737=CARTESIAN_POINT('',(0.0251254594759169,0.00873021914562069,0.0163860231692049));
#2738=CARTESIAN_POINT('',(0.0245981962715409,0.00865779908918782,0.0164321527222849));
#2739=CARTESIAN_POINT('',(0.0243353009601453,0.00861793756637082,0.0164551530817252));
#2740=CARTESIAN_POINT('',(0.0238120194302005,0.00852577115047516,0.016500934283427));
#2741=CARTESIAN_POINT('',(0.0235515969941908,0.00847364587097082,0.0165237182943069));
#2742=CARTESIAN_POINT('',(0.0230350334532967,0.00834816286201858,0.0165689117481242));
#2743=CARTESIAN_POINT('',(0.0227785289712729,0.00827436382967488,0.0165913529824459));
#2744=CARTESIAN_POINT('',(0.022399897058236,0.00814029311048156,0.0166244789824856));
#2745=CARTESIAN_POINT('',(0.0222756372286374,0.00809203446118078,0.0166353503089072));
#2746=CARTESIAN_POINT('',(0.0220313452782964,0.007987783856105,0.0166567230851526));
#2747=CARTESIAN_POINT('',(0.0219113192288749,0.00793178079469782,0.0166672240038047));
#2748=CARTESIAN_POINT('',(0.0216756749774683,0.00781171185671395,0.0166878402044281));
#2749=CARTESIAN_POINT('',(0.0215600303906827,0.00774769424309636,0.0166979577947698));
#2750=CARTESIAN_POINT('',(0.0213331942693123,0.00761151351233699,0.016717803383868));
#2751=CARTESIAN_POINT('',(0.0212220247553161,0.00753931011522556,0.0167275294560719));
#2752=CARTESIAN_POINT('',(0.0210043097616993,0.00738644505764481,0.0167465770498938));
#2753=CARTESIAN_POINT('',(0.0208977016038668,0.00730575982866786,0.016755904055143));
#2754=CARTESIAN_POINT('',(0.0206892013002589,0.00713632561753625,0.0167741454680507));
#2755=CARTESIAN_POINT('',(0.0205883669363208,0.00704846584129896,0.0167829673317891));
#2756=CARTESIAN_POINT('',(0.0202951049990507,0.00677638425585743,0.0168086244267435));
#2757=CARTESIAN_POINT('',(0.0201118157611878,0.0065837547878648,0.016824660157204));
#2758=CARTESIAN_POINT('',(0.0197654065631825,0.00617993925526877,0.0168549670349687));
#2759=CARTESIAN_POINT('',(0.0196024699636708,0.00596858449104757,0.0168692221403006));
#2760=CARTESIAN_POINT('',(0.0192962374657821,0.00552780467901456,0.0168960140122686));
#2761=CARTESIAN_POINT('',(0.0191550377031851,0.00530168221817485,0.0169083673907885));
#2762=CARTESIAN_POINT('',(0.0188942722648493,0.00483942933306894,0.0169311814104825));
#2763=CARTESIAN_POINT('',(0.0187746788811066,0.00460324126753082,0.016941644475792));
#2764=CARTESIAN_POINT('',(0.0185557973955013,0.00412133927804474,0.0169607941244394));
#2765=CARTESIAN_POINT('',(0.0184564310790712,0.00387566204706126,0.0169694875506627));
#2766=CARTESIAN_POINT('',(0.0182770981401593,0.0033752065670008,0.0169851771498143));
#2767=CARTESIAN_POINT('',(0.0181970504245694,0.00311962298494985,0.0169921804174704));
#2768=CARTESIAN_POINT('',(0.0179870731958637,0.0023445674187958,0.0170105510445782));
#2769=CARTESIAN_POINT('',(0.0178884968343019,0.0018223280843805,0.017019175358708));
#2770=CARTESIAN_POINT('',(0.0177971003838833,0.00103142023591073,0.0170271715120064));
#2771=CARTESIAN_POINT('',(0.0177761699464407,0.000766509608985798,0.0170290026880071));
#2772=CARTESIAN_POINT('',(0.0177528994633848,0.000234203128247563,0.0170310385914654));
#2773=CARTESIAN_POINT('',(0.0177504956998536,-3.41218158857339E-5,0.0170312488935264));
#2774=CARTESIAN_POINT('',(0.0177715385317079,-0.000835339795606021,0.0170294078842899));
#2775=CARTESIAN_POINT('',(0.0178226319345473,-0.00136290481752956,0.0170249377907605));
#2776=CARTESIAN_POINT('',(0.0179564040829976,-0.00214410942827677,0.0170132342442763));
#2777=CARTESIAN_POINT('',(0.0180105913067514,-0.00240280725179485,0.0170084934764883));
#2778=CARTESIAN_POINT('',(0.0181387231693336,-0.00291669527144034,0.0169972833910786));
#2779=CARTESIAN_POINT('',(0.0182127565107292,-0.00317186971978694,0.016990806312982));
#2780=CARTESIAN_POINT('',(0.0183821143643023,-0.0036784386941905,0.0169759894207157));
#2781=CARTESIAN_POINT('',(0.0184775688567828,-0.00392987833717612,0.0169676382347389));
#2782=CARTESIAN_POINT('',(0.0186873438746709,-0.00441951189106364,0.0169492852987865));
#2783=CARTESIAN_POINT('',(0.0188020134892551,-0.00465887188660787,0.0169392530074596));
#2784=CARTESIAN_POINT('',(0.0190517809144264,-0.00512619635568419,0.0169174011892353));
#2785=CARTESIAN_POINT('',(0.0191868224599737,-0.00535419221571746,0.0169055865848975));
#2786=CARTESIAN_POINT('',(0.0194790166788403,-0.00579784961889305,0.0168800229031972));
#2787=CARTESIAN_POINT('',(0.0196364538783847,-0.00601405568895653,0.0168662489330198));
#2788=CARTESIAN_POINT('',(0.0198899152595107,-0.0063264618377408,0.0168440739355309));
#2789=CARTESIAN_POINT('',(0.0199767965593048,-0.00642798183990828,0.0168364728067257));
#2790=CARTESIAN_POINT('',(0.0201554918509008,-0.00662563339941962,0.0168208389944864));
#2791=CARTESIAN_POINT('',(0.0202472831534271,-0.00672178974239809,0.0168128082961054));
#2792=CARTESIAN_POINT('',(0.0204361057877869,-0.00690837825000576,0.0167962884561804));
#2793=CARTESIAN_POINT('',(0.020533143175162,-0.00699880379959564,0.016787798784847));
#2794=CARTESIAN_POINT('',(0.0207330921498251,-0.00717323795604087,0.0167703055162815));
#2795=CARTESIAN_POINT('',(0.0208360292015104,-0.0072572187457387,0.0167612996912013));
#2796=CARTESIAN_POINT('',(0.0210481661096059,-0.00741833887269891,0.0167427401166284));
#2797=CARTESIAN_POINT('',(0.0211573638990431,-0.00749548046791931,0.0167331865479712));
#2798=CARTESIAN_POINT('',(0.0213824100946047,-0.00764249856233319,0.0167134975570876));
#2799=CARTESIAN_POINT('',(0.0214973276005292,-0.00771172194596321,0.0167034435780805));
#2800=CARTESIAN_POINT('',(0.0217303920422532,-0.007840997582952,0.0166830530815571));
#2801=CARTESIAN_POINT('',(0.0218487641899638,-0.00790119713811808,0.0166726968605564));
#2802=CARTESIAN_POINT('',(0.0220889173082044,-0.00801337350126378,0.0166516861851992));
#2803=CARTESIAN_POINT('',(0.022210692097397,-0.00806536521983383,0.0166410322716419));
#2804=CARTESIAN_POINT('',(0.0224574169504761,-0.00816168927353829,0.0166194466439874));
#2805=CARTESIAN_POINT('',(0.0225823865899669,-0.00820597438848024,0.0166085132172469));
#2806=CARTESIAN_POINT('',(0.0228351730575273,-0.00828767664279422,0.0165863972670429));
#2807=CARTESIAN_POINT('',(0.0229629846463295,-0.00832510642029916,0.0165752152019554));
#2808=CARTESIAN_POINT('',(0.0232210448019351,-0.00839408750783982,0.016552637863832));
#2809=CARTESIAN_POINT('',(0.0233513104633997,-0.00842563099692973,0.0165412410952072));
#2810=CARTESIAN_POINT('',(0.0236117306832573,-0.00848370682419626,0.0165184572782167));
#2811=CARTESIAN_POINT('',(0.0237421776452172,-0.00851032566732157,0.0165070446478537));
#2812=CARTESIAN_POINT('',(0.0241340376322655,-0.0085848803957714,0.0164727613412979));
#2813=CARTESIAN_POINT('',(0.024395974545032,-0.00862746559350932,0.0164498448308725));
#2814=CARTESIAN_POINT('',(0.0249207215454583,-0.00870371788243023,0.0164039354171143));
#2815=CARTESIAN_POINT('',(0.0251835327206323,-0.00873737386648426,0.0163809424186405));
#2816=CARTESIAN_POINT('',(0.0259727073003881,-0.00883077311656253,0.0163118985893659));
#2817=CARTESIAN_POINT('',(0.0264998660378661,-0.00888239330961915,0.0162657781759601));
#2818=CARTESIAN_POINT('',(0.0275552750784761,-0.00897448507155365,0.0161734418495239));
#2819=CARTESIAN_POINT('',(0.0280835455909012,-0.00901475023431263,0.0161272241684116));
#2820=CARTESIAN_POINT('',(0.0296693682994109,-0.0091252182011018,0.015988482659055));
#2821=CARTESIAN_POINT('',(0.0307278917079907,-0.00918550159875204,0.0158958738607303));
#2822=CARTESIAN_POINT('',(0.0328460874899244,-0.00929433352829233,0.0157105557426772));
#2823=CARTESIAN_POINT('',(0.033905407757767,-0.00934266007434853,0.0156178772281948));
#2824=CARTESIAN_POINT('',(0.0360242401439651,-0.00943402586830096,0.0154325034145022));
#2825=CARTESIAN_POINT('',(0.0370837601989789,-0.00947685620600734,0.0153398074209056));
#2826=CARTESIAN_POINT('',(0.0402624653891154,-0.00960136411676367,0.0150617067520743));
#2827=CARTESIAN_POINT('',(0.0423817875857978,-0.00967927730432181,0.0148762900855117));
#2828=CARTESIAN_POINT('',(0.0466204850061225,-0.00983364729913539,0.0145054521131092));
#2829=CARTESIAN_POINT('',(0.0487398702450798,-0.00990982903537854,0.0143200299310492));
#2830=CARTESIAN_POINT('',(0.0550980875565522,-0.0101366825561009,0.0137637579960935));
#2831=CARTESIAN_POINT('',(0.0593369751461945,-0.0102858295644216,0.0133929033860241));
#2832=CARTESIAN_POINT('',(0.0656961593033694,-0.0104861287436013,0.0128365468629877));
#2833=CARTESIAN_POINT('',(0.0678160706272682,-0.0105487712859943,0.0126510786544698));
#2834=CARTESIAN_POINT('',(0.0720553124499884,-0.0106610990366737,0.0122801930530365));
#2835=CARTESIAN_POINT('',(0.0741747353470537,-0.0107106354506281,0.0120947675763251));
#2836=CARTESIAN_POINT('',(0.0805322037973401,-0.010832460952576,0.0115385611582044));
#2837=CARTESIAN_POINT('',(0.0847694789218247,-0.0108789640881541,0.0111678476205671));
#2838=CARTESIAN_POINT('',(0.0974785577152347,-0.0109265465562886,0.0100559473022933));
#2839=CARTESIAN_POINT('',(0.105947655567096,-0.0108370632631711,0.00931499724991049));
#2840=CARTESIAN_POINT('',(0.122880630702463,-0.0104833662939929,0.0078335538858963));
#2841=CARTESIAN_POINT('',(0.131344508920669,-0.0102191839230261,0.0070930604923083));
#2842=CARTESIAN_POINT('',(0.148268714511257,-0.00957197377915238,0.00561238436391499));
#2843=CARTESIAN_POINT('',(0.156729037730149,-0.0091888069812804,0.00487220199253324));
#2844=CARTESIAN_POINT('',(0.182106702607494,-0.00792869693669361,0.00265194400894854));
#2845=CARTESIAN_POINT('',(0.199020796247676,-0.00694231143510576,0.00117215256172439));
#2846=CARTESIAN_POINT('',(0.215934886733753,-0.00595728521471521,-0.000307638609728761));
#2847=CARTESIAN_POINT('',(0.216749313101468,-0.00590985545031623,-0.00037889168418385));
#2848=CARTESIAN_POINT('',(0.217563739469184,-0.00586242568591726,-0.000450144758638938));
#2849=CARTESIAN_POINT('',(0.2183781658369,-0.00581499592151829,-0.000521397833094027));
#2850=CARTESIAN_POINT('',(0.215934886733757,-0.00595728521471263,-0.000307638609679588));
#2851=CARTESIAN_POINT('',(0.207591175946302,-0.00644319806399338,0.000422341495891057));
#2852=CARTESIAN_POINT('',(0.190903764386977,-0.00741565479991903,0.00188230083092433));
#2853=CARTESIAN_POINT('',(0.165866896550112,-0.00877029037637866,0.00407274293693835));
#2854=CARTESIAN_POINT('',(0.140819006804038,-0.00991370239588284,0.00626414933492829));
#2855=CARTESIAN_POINT('',(0.119935733668343,-0.0105813234385031,0.0080911989916558));
#2856=CARTESIAN_POINT('',(0.103225350598858,-0.0108651322382861,0.00955316807336536));
#2857=CARTESIAN_POINT('',(0.0906887824765473,-0.0109281757644273,0.0106499756636145));
#2858=CARTESIAN_POINT('',(0.0781516930863682,-0.0108194139577231,0.0117468288588669));
#2859=CARTESIAN_POINT('',(0.0677075233345138,-0.0105549402557966,0.0126605753120716));
#2860=CARTESIAN_POINT('',(0.0593534411965354,-0.0102842627681731,0.0133914627933489));
#2861=CARTESIAN_POINT('',(0.0530884976961033,-0.0100657382340185,0.0139395743272482));
#2862=CARTESIAN_POINT('',(0.0468237181845147,-0.00984109238616132,0.0144876715139904));
#2863=CARTESIAN_POINT('',(0.0416031967800964,-0.00965177108119829,0.0149444079545762));
#2864=CARTESIAN_POINT('',(0.0374269977330624,-0.00949164308101421,0.0153097780278331));
#2865=CARTESIAN_POINT('',(0.0342954757429475,-0.00936219692644691,0.015583750701533));
#2866=CARTESIAN_POINT('',(0.0311639148729253,-0.00921414082497499,0.0158577267768216));
#2867=CARTESIAN_POINT('',(0.0280373688741667,-0.00902451156503834,0.0161312641076886));
#2868=CARTESIAN_POINT('',(0.0254289519401236,-0.00879398080004199,0.0163594710191736));
#2869=CARTESIAN_POINT('',(0.0233814999015185,-0.00847263093547815,0.0165385998616627));
#2870=CARTESIAN_POINT('',(0.021862010749521,-0.00799074949602761,0.0166715379368137));
#2871=CARTESIAN_POINT('',(0.0205452722652731,-0.00709971228168694,0.0167867376270135));
#2872=CARTESIAN_POINT('',(0.0191362621561241,-0.00548839142507924,0.0169100100383539));
#2873=CARTESIAN_POINT('',(0.0184592261555635,-0.00402647455393408,0.0169692430132099));
#2874=CARTESIAN_POINT('',(0.0181656772075273,-0.00299999959554937,0.0169949252183497));
#2875=CARTESIAN_POINT('',(0.215934886733756,-0.00595728521471262,-0.000307638609681035));
#2876=CARTESIAN_POINT('',(0.0181656772075271,-0.00299999959554939,0.0169949252183487));
#2877=CARTESIAN_POINT('',(0.018165677207527,-0.00299999959554871,0.0169949252183487));
#2878=CARTESIAN_POINT('',(0.0178868521806255,-0.00202501089332234,0.0170193192473099));
#2879=CARTESIAN_POINT('',(0.0176210193015697,9.83198782304848E-6,0.0170425766106197));
#2880=CARTESIAN_POINT('',(0.0178854428057442,0.00202018602889164,0.0170194425516346));
#2881=CARTESIAN_POINT('',(0.0181656861494353,0.00299999845332946,0.0169949244360331));
#2882=CARTESIAN_POINT('',(0.0181656861494351,0.00299999845332862,0.016994924436033));
#2883=CARTESIAN_POINT('',(0.215934886733757,0.00595728521470742,-0.000307638609679392));
#2884=CARTESIAN_POINT('',(0.207590682551644,0.00644322679812415,0.000422384662630582));
#2885=CARTESIAN_POINT('',(0.1909023555832,0.00741574323580725,0.00188242408549096));
#2886=CARTESIAN_POINT('',(0.165863725474902,0.00877045491674458,0.00407302037000417));
#2887=CARTESIAN_POINT('',(0.140814147492539,0.00991390487542194,0.00626457446961896));
#2888=CARTESIAN_POINT('',(0.119927927960452,0.0105815496862468,0.00809188190262759));
#2889=CARTESIAN_POINT('',(0.103214000324852,0.0108652669270869,0.00955416109364817));
#2890=CARTESIAN_POINT('',(0.090676042160743,0.0109281676982584,0.0106510902968395));
#2891=CARTESIAN_POINT('',(0.078139655039501,0.010819189116192,0.0117478820514639));
#2892=CARTESIAN_POINT('',(0.067694579933395,0.0105546192653988,0.0126617077129698));
#2893=CARTESIAN_POINT('',(0.0593404195945577,0.0102837789197533,0.0133926020358791));
#2894=CARTESIAN_POINT('',(0.0530752873445792,0.0100653258804695,0.0139407300832538));
#2895=CARTESIAN_POINT('',(0.0468103569044665,0.00984058511839386,0.014488840474519));
#2896=CARTESIAN_POINT('',(0.0415896699969738,0.00965132759004868,0.0149455913947684));
#2897=CARTESIAN_POINT('',(0.0374134090478301,0.00949108081159214,0.0153109668837339));
#2898=CARTESIAN_POINT('',(0.0342817141138502,0.00936158326295256,0.01558495468808));
#2899=CARTESIAN_POINT('',(0.0311503807935851,0.00921331418912084,0.0158589108553245));
#2900=CARTESIAN_POINT('',(0.0280226958996861,0.00902355789488622,0.0161325478266218));
#2901=CARTESIAN_POINT('',(0.0254173624279067,0.00879236688620518,0.0163604849701062));
#2902=CARTESIAN_POINT('',(0.0233660771479739,0.00846967346295492,0.0165399491777594));
#2903=CARTESIAN_POINT('',(0.0218444718801561,0.00798330846272159,0.0166730723890541));
#2904=CARTESIAN_POINT('',(0.0205263872748744,0.00708182354625454,0.0167883898495843));
#2905=CARTESIAN_POINT('',(0.01913475297736,0.00548187551969228,0.0169101420743908));
#2906=CARTESIAN_POINT('',(0.0184582823602047,0.00402300010210965,0.0169693255845976));
#2907=CARTESIAN_POINT('',(0.0181656861494351,0.00299999845332863,0.0169949244360328));
#2908=CARTESIAN_POINT('',(0.215934886733757,0.00595728521470742,-0.000307638609679563));
#2909=CARTESIAN_POINT('',(0.215934886733757,0.00595728521470742,-0.000307638609679576));
#2910=CARTESIAN_POINT('',(0.21600751651938,0.00591353862976774,0.000522523638730212));
#2911=CARTESIAN_POINT('',(0.216080146305003,0.00586979204482806,0.00135268588714005));
#2912=CARTESIAN_POINT('',(0.216152776090626,0.00582604545988838,0.00218284813554984));
#2913=CARTESIAN_POINT('',(0.216152776090626,0.00582604545988835,0.00218284813554983));
#2914=CARTESIAN_POINT('',(0.0290709849677088,0.00893691420190979,0.0185503840109299));
#2915=CARTESIAN_POINT('',(0.0329630717730405,0.00920123501762514,0.0182098705380045));
#2916=CARTESIAN_POINT('',(0.0407604348332083,0.00947599420868541,0.017527689664844));
#2917=CARTESIAN_POINT('',(0.0524539643576027,0.00990788299544771,0.0165046383948538));
#2918=CARTESIAN_POINT('',(0.0641490526319185,0.0103129280264335,0.0154814507519162));
#2919=CARTESIAN_POINT('',(0.0797451519883644,0.0107449851465404,0.0141169688630032));
#2920=CARTESIAN_POINT('',(0.0992498917311372,0.0108381967898667,0.0124105252504871));
#2921=CARTESIAN_POINT('',(0.130450946820087,0.0102564694495196,0.00968078664015617));
#2922=CARTESIAN_POINT('',(0.169423357177057,0.00854757060784709,0.00627114254364096));
#2923=CARTESIAN_POINT('',(0.200576279285729,0.00673317421134537,0.00354561502342603));
#2924=CARTESIAN_POINT('',(0.216152776090626,0.00582604545988838,0.0021828481355498));
#2925=CARTESIAN_POINT('',(0.216152776090626,-0.00582604545989386,0.00218284813554981));
#2926=CARTESIAN_POINT('',(0.200576400697851,-0.00673316714008093,0.00354560440124175));
#2927=CARTESIAN_POINT('',(0.169424159504162,-0.00854754871082277,0.00627107234911483));
#2928=CARTESIAN_POINT('',(0.130450472992623,-0.0102564284342262,0.00968082809468768));
#2929=CARTESIAN_POINT('',(0.0992552398553843,-0.0108381445897889,0.0124100573502443));
#2930=CARTESIAN_POINT('',(0.0797490698377943,-0.0107450259460455,0.0141166260955927));
#2931=CARTESIAN_POINT('',(0.0641516090620852,-0.0103130326960979,0.0154812270932575));
#2932=CARTESIAN_POINT('',(0.052455709240791,-0.00990787147183566,0.0165044857373557));
#2933=CARTESIAN_POINT('',(0.0407609356802784,-0.00947615632057744,0.0175276458464032));
#2934=CARTESIAN_POINT('',(0.0329638771487738,-0.00920089306976261,0.0182098000767579));
#2935=CARTESIAN_POINT('',(0.0290707090721335,-0.00893679056954589,0.018550408148665));
#2936=CARTESIAN_POINT('',(0.216152776090626,-0.00582604545989387,0.00218284813554982));
#2937=CARTESIAN_POINT('',(0.215934886733757,-0.0059572852147127,-0.000307638609681052));
#2938=CARTESIAN_POINT('',(0.21600751651938,-0.00591353862977309,0.000522523638729239));
#2939=CARTESIAN_POINT('',(0.216080146305003,-0.00586979204483348,0.00135268588713953));
#2940=CARTESIAN_POINT('',(0.216152776090626,-0.00582604545989386,0.00218284813554982));
#2941=CARTESIAN_POINT('',(0.11241207511542,-3.21046037071345E-5,0.0112589834171131));
#2942=CARTESIAN_POINT('',(0.216152776090626,-3.21046037071345E-5,0.00218284813554983));
#2943=CARTESIAN_POINT('',(0.11241207511542,-3.21046037071345E-5,0.0112589834171131));
#2944=CARTESIAN_POINT('',(0.216152776090626,-3.21046037071345E-5,0.00218284813554983));
#2945=CARTESIAN_POINT('',(0.111976296401681,-3.21046037071345E-5,0.00627800992665437));
#2946=CARTESIAN_POINT('',(0.0167803106244542,0.003,0.0146065794953368));
#2947=CARTESIAN_POINT('',(0.0170466709982008,0.00404156202155878,0.0145832759822215));
#2948=CARTESIAN_POINT('',(0.0176613362802107,0.00553732873236108,0.0145294997381826));
#2949=CARTESIAN_POINT('',(0.0189218263349251,0.00725978450871727,0.014419221147908));
#2950=CARTESIAN_POINT('',(0.0201076440426729,0.00836563102624114,0.0143154755414717));
#2951=CARTESIAN_POINT('',(0.0214877709921411,0.00914368188050944,0.0141947300791666));
#2952=CARTESIAN_POINT('',(0.023039263654911,0.00959875756411202,0.0140589920596306));
#2953=CARTESIAN_POINT('',(0.0245952725042665,0.00984115235208457,0.013922858924966));
#2954=CARTESIAN_POINT('',(0.0266885586312947,0.0100688977695199,0.013739720119335));
#2955=CARTESIAN_POINT('',(0.0293144505982987,0.0102550420387248,0.0135099843405783));
#2956=CARTESIAN_POINT('',(0.0335258310683162,0.0104784106642919,0.0131415362916573));
#2957=CARTESIAN_POINT('',(0.0387910607164345,0.0106869153956613,0.0126808883865864));
#2958=CARTESIAN_POINT('',(0.04511069423493,0.0109192555620144,0.0121279920960795));
#2959=CARTESIAN_POINT('',(0.0514303519065308,0.0111460424068006,0.0115750936924499));
#2960=CARTESIAN_POINT('',(0.0577501977115702,0.0113686811367454,0.011022178829277));
#2961=CARTESIAN_POINT('',(0.0661773998354275,0.0116472272647216,0.010284894178198));
#2962=CARTESIAN_POINT('',(0.0767133016179225,0.0119296396281916,0.00936312221220706));
#2963=CARTESIAN_POINT('',(0.0893606560090574,0.0120574577514672,0.00825662207938794));
#2964=CARTESIAN_POINT('',(0.102008566354504,0.0120074739274487,0.0071500733068691));
#2965=CARTESIAN_POINT('',(0.118868466340033,0.0117353061407084,0.00567502318995448));
#2966=CARTESIAN_POINT('',(0.139937589033028,0.0110728284436086,0.00383171380388061));
#2967=CARTESIAN_POINT('',(0.165206776824819,0.00992573007176336,0.00162094633559123));
#2968=CARTESIAN_POINT('',(0.19046483889874,0.00856138270887907,-0.000588847758510957));
#2969=CARTESIAN_POINT('',(0.207299608903662,0.00758041024851714,-0.00206169928700783));
#2970=CARTESIAN_POINT('',(0.215716997376888,0.00709020644983379,-0.0027981253549089));
#2971=CARTESIAN_POINT('',(0.215716997376887,0.00709020644983379,-0.0027981253549089));
#2972=CARTESIAN_POINT('',(0.215716997376887,-3.21046037071345E-5,-0.00279812535490891));
#2973=CARTESIAN_POINT('',(0.215716997376887,0.0058260454598884,-0.0027981253549089));
#2974=CARTESIAN_POINT('',(0.215716997376887,-0.00582604545989386,-0.00279812535490891));
#2975=CARTESIAN_POINT('',(0.207287678760165,-0.00631694385401545,-0.00206065553469766));
#2976=CARTESIAN_POINT('',(0.190429063246765,-0.00729938437645127,-0.000585717794532882));
#2977=CARTESIAN_POINT('',(0.165135144148189,-0.00866583003654145,0.00162721338273434));
#2978=CARTESIAN_POINT('',(0.14404763227864,-0.00962286379614555,0.00347213161328824));
#2979=CARTESIAN_POINT('',(0.127170992924588,-0.0102115806995942,0.00494864623518327));
#2980=CARTESIAN_POINT('',(0.11451170110926,-0.0105441550830938,0.00605619075729097));
#2981=CARTESIAN_POINT('',(0.101850051632115,-0.0107470696206854,0.00716394154808012));
#2982=CARTESIAN_POINT('',(0.0891843401823445,-0.01079507354304,0.00827204771542551));
#2983=CARTESIAN_POINT('',(0.0765191799883898,-0.0106638412621686,0.00938010565413637));
#2984=CARTESIAN_POINT('',(0.0659680697090168,-0.0103781749512436,0.0103032081911933));
#2985=CARTESIAN_POINT('',(0.0575285419533549,-0.0100983466341794,0.0110415711953261));
#2986=CARTESIAN_POINT('',(0.051199394680438,-0.00987492282800658,0.0115952998314924));
#2987=CARTESIAN_POINT('',(0.0448703823220847,-0.00964741135146771,0.0121490166641638));
#2988=CARTESIAN_POINT('',(0.0395963163059386,-0.00945433926128426,0.0126104376512639));
#2989=CARTESIAN_POINT('',(0.0353776627872114,-0.00928642955739436,0.0129795220094962));
#2990=CARTESIAN_POINT('',(0.0322140317382111,-0.00914641615657107,0.0132563038618624));
#2991=CARTESIAN_POINT('',(0.0290523835692414,-0.0089749153117189,0.0135329122347047));
#2992=CARTESIAN_POINT('',(0.0264217085510433,-0.00877996280029167,0.0137630664762179));
#2993=CARTESIAN_POINT('',(0.024331062054884,-0.00853357061886631,0.013945974344072));
#2994=CARTESIAN_POINT('',(0.0227622691342499,-0.00824884866275905,0.0140832259400473));
#2995=CARTESIAN_POINT('',(0.0212714811929877,-0.00764938650461934,0.0142136529846289));
#2996=CARTESIAN_POINT('',(0.0200238557951026,-0.00661600911164821,0.0143228060632708));
#2997=CARTESIAN_POINT('',(0.019053192347847,-0.0053282576610847,0.0144077281110047));
#2998=CARTESIAN_POINT('',(0.018106819074952,-0.00342082946796315,0.0144905250438469));
#2999=CARTESIAN_POINT('',(0.0175406387665411,-0.000776960934632821,0.0145400594023445));
#3000=CARTESIAN_POINT('',(0.0177718899303393,0.0024374986052255,0.014519827547085));
#3001=CARTESIAN_POINT('',(0.0187558629490855,0.00494937550134662,0.0144337410627293));
#3002=CARTESIAN_POINT('',(0.0200629109748974,0.00665787659089978,0.0143193891777868));
#3003=CARTESIAN_POINT('',(0.0213190427335118,0.0076770469838005,0.0142094918890132));
#3004=CARTESIAN_POINT('',(0.0228199776767626,0.00826437706675479,0.0140781770967888));
#3005=CARTESIAN_POINT('',(0.0249314214817806,0.00863503217050529,0.0138934497001777));
#3006=CARTESIAN_POINT('',(0.0275720396203761,0.00887480081468285,0.0136624255483496));
#3007=CARTESIAN_POINT('',(0.0307577990649233,0.00907348305677123,0.0133837077122311));
#3008=CARTESIAN_POINT('',(0.0339454984342381,0.00922530922643599,0.0131048201546873));
#3009=CARTESIAN_POINT('',(0.0381969871794502,0.00940161776258684,0.0127328630863733));
#3010=CARTESIAN_POINT('',(0.0435122020857351,0.0095982462803625,0.0122678420378693));
#3011=CARTESIAN_POINT('',(0.0498907355800211,0.00982804413440452,0.0117097926671989));
#3012=CARTESIAN_POINT('',(0.0562693584138811,0.0100547498525565,0.0111517354803285));
#3013=CARTESIAN_POINT('',(0.0626482968831471,0.0102695134410357,0.0105936506789383));
#3014=CARTESIAN_POINT('',(0.0690278556317988,0.0104617480495465,0.0100355116101337));
#3015=CARTESIAN_POINT('',(0.0775352248788837,0.0106673329568037,0.00929121324458469));
#3016=CARTESIAN_POINT('',(0.0881734897712764,0.0107922645993683,0.00836048566691451));
#3017=CARTESIAN_POINT('',(0.100939928754131,0.0107563410497563,0.00724356698231926));
#3018=CARTESIAN_POINT('',(0.113704430093727,0.0105615792625517,0.00612681781954323));
#3019=CARTESIAN_POINT('',(0.126465336256548,0.0102334691564511,0.00501038319397827));
#3020=CARTESIAN_POINT('',(0.143476932798852,0.00964687623832873,0.00352206134804981));
#3021=CARTESIAN_POINT('',(0.16473249400753,0.0086867250739428,0.00166244070540917));
#3022=CARTESIAN_POINT('',(0.190227731977537,0.00731111757400767,-0.000568103590862171));
#3023=CARTESIAN_POINT('',(0.207220579283624,0.00632085152783597,-0.00205478509117182));
#3024=CARTESIAN_POINT('',(0.215716997376888,0.0058260454598884,-0.0027981253549089));
#3025=CARTESIAN_POINT('',(0.215716997376887,-0.00582604545989386,-0.00279812535490892));
#3026=CARTESIAN_POINT('',(0.215716997376887,-3.21046037071345E-5,-0.00279812535490891));
#3027=CARTESIAN_POINT('',(0.216936183797235,0.00701920466615992,-0.00290479034546902));
#3028=CARTESIAN_POINT('',(0.216532308160855,0.00704272517955706,-0.00286945580580725));
#3029=CARTESIAN_POINT('',(0.216128432524476,0.0070662456929542,-0.00283412126614549));
#3030=CARTESIAN_POINT('',(0.215724556888096,0.00708976620635134,-0.00279878672648372));
#3031=CARTESIAN_POINT('',(0.198639616903053,0.00808474219304328,-0.00130404816059255));
#3032=CARTESIAN_POINT('',(0.181554333395278,0.00908098963741378,0.000190720459300369));
#3033=CARTESIAN_POINT('',(0.155921429333211,0.0103487684137731,0.00243330897795582));
#3034=CARTESIAN_POINT('',(0.147376273285274,0.010733273361175,0.00318091326014598));
#3035=CARTESIAN_POINT('',(0.130283353129323,0.0113792481480255,0.00467635000048933));
#3036=CARTESIAN_POINT('',(0.121735562419585,0.0116408210192415,0.00542418478569995));
#3037=CARTESIAN_POINT('',(0.104636203342473,0.0119834706738665,0.00692018485852991));
#3038=CARTESIAN_POINT('',(0.0960846134689882,0.0120645059255047,0.00766835202760448));
#3039=CARTESIAN_POINT('',(0.0832533110985273,0.0119981293862857,0.00879094552324312));
#3040=CARTESIAN_POINT('',(0.0789755236125298,0.0119444434202568,0.00916520343326399));
#3041=CARTESIAN_POINT('',(0.0704186134663176,0.0117653111352499,0.00991383606585478));
#3042=CARTESIAN_POINT('',(0.0661396790125841,0.011641512090734,0.0102881943225327));
#3043=CARTESIAN_POINT('',(0.0575817146576801,0.0113647499621533,0.011036919186447));
#3044=CARTESIAN_POINT('',(0.053302608823136,0.0112126496189638,0.0114112924369979));
#3045=CARTESIAN_POINT('',(0.0468840601217742,0.0109826570288499,0.0119728426846541));
#3046=CARTESIAN_POINT('',(0.0447445030533495,0.0109054940552089,0.0121600296731019));
#3047=CARTESIAN_POINT('',(0.0415351237070677,0.010787488492711,0.012440813982866));
#3048=CARTESIAN_POINT('',(0.0404652925993669,0.0107478367952133,0.0125344120766738));
#3049=CARTESIAN_POINT('',(0.0383255239096169,0.0106663202225522,0.0127216175795947));
#3050=CARTESIAN_POINT('',(0.0372555516510626,0.0106244138037023,0.0128152280224992));
#3051=CARTESIAN_POINT('',(0.0351156193232868,0.0105369777627103,0.0130024478419046));
#3052=CARTESIAN_POINT('',(0.0340455967143614,0.0104918466618294,0.0130960626898958));
#3053=CARTESIAN_POINT('',(0.0319058815139161,0.0103916819484176,0.0132832635131089));
#3054=CARTESIAN_POINT('',(0.0308362172648601,0.0103366645803012,0.013376847008679));
#3055=CARTESIAN_POINT('',(0.0292322091958128,0.0102413407014794,0.0135171795309266));
#3056=CARTESIAN_POINT('',(0.0286975373107378,0.0102073377790952,0.013563957259575));
#3057=CARTESIAN_POINT('',(0.0278956883593453,0.0101503735425523,0.0136341099526836));
#3058=CARTESIAN_POINT('',(0.0276284318630183,0.0101303920458286,0.0136574918663658));
#3059=CARTESIAN_POINT('',(0.0270939991154112,0.0100880044540103,0.0137042486731975));
#3060=CARTESIAN_POINT('',(0.0268268426061957,0.0100656161760215,0.013727621839142));
#3061=CARTESIAN_POINT('',(0.0262925393106764,0.0100178946520898,0.0137743673203835));
#3062=CARTESIAN_POINT('',(0.0260253778401561,0.00999250138811466,0.0137977409203861));
#3063=CARTESIAN_POINT('',(0.0256246824666018,0.00995113087534607,0.0138327972230984));
#3064=CARTESIAN_POINT('',(0.0254911251563066,0.00993679388208721,0.0138444819736801));
#3065=CARTESIAN_POINT('',(0.0252240365650266,0.00990686190760601,0.0138678491975751));
#3066=CARTESIAN_POINT('',(0.0250905197531534,0.00989126434669061,0.0138795304050029));
#3067=CARTESIAN_POINT('',(0.0246899936375388,0.00984240726133784,0.0139145718995677));
#3068=CARTESIAN_POINT('',(0.0244232480519632,0.00980699243999877,0.0139379091143507));
#3069=CARTESIAN_POINT('',(0.0240241414539127,0.00974675926175309,0.0139728264172167));
#3070=CARTESIAN_POINT('',(0.023891274486819,0.00972549716959983,0.0139844507705951));
#3071=CARTESIAN_POINT('',(0.0236923017543541,0.0096914810022491,0.0140018586290366));
#3072=CARTESIAN_POINT('',(0.0236260321249641,0.0096797885184552,0.0140076564703447));
#3073=CARTESIAN_POINT('',(0.0234936145176891,0.00965563927669554,0.0140192415098315));
#3074=CARTESIAN_POINT('',(0.0234274069133014,0.00964316755975677,0.0140250339246552));
#3075=CARTESIAN_POINT('',(0.0230967254715056,0.00957843074963383,0.0140539648020506));
#3076=CARTESIAN_POINT('',(0.0228331613372451,0.00951920782648841,0.0140770236759102));
#3077=CARTESIAN_POINT('',(0.0224403602546422,0.00941364197249227,0.0141113893176591));
#3078=CARTESIAN_POINT('',(0.0223098520103956,0.00937565629442396,0.0141228073095268));
#3079=CARTESIAN_POINT('',(0.0220498949050302,0.00929301122740109,0.0141455506092501));
#3080=CARTESIAN_POINT('',(0.0219202319579729,0.00924821301782417,0.0141568946471971));
#3081=CARTESIAN_POINT('',(0.0216633140304788,0.00915148218148868,0.0141793720533084));
#3082=CARTESIAN_POINT('',(0.0215366584357276,0.00909981748878606,0.0141904529820216));
#3083=CARTESIAN_POINT('',(0.0213495236880792,0.00901716225262094,0.0142068251509928));
#3084=CARTESIAN_POINT('',(0.0212876200991085,0.00898875113568707,0.0142122410132594));
#3085=CARTESIAN_POINT('',(0.0211647847548355,0.00893017924218127,0.0142229877133634));
#3086=CARTESIAN_POINT('',(0.0211038329777881,0.00889999840720525,0.014228320302877));
#3087=CARTESIAN_POINT('',(0.0209225603415903,0.00880682826754549,0.0142441796035514));
#3088=CARTESIAN_POINT('',(0.0208037402696948,0.00874122601292641,0.0142545750128422));
#3089=CARTESIAN_POINT('',(0.020570078915911,0.00860292511012209,0.0142750177324017));
#3090=CARTESIAN_POINT('',(0.0204552237773718,0.00853016073336927,0.0142850662549711));
#3091=CARTESIAN_POINT('',(0.0202298168363554,0.00837737811409538,0.0143047868069917));
#3092=CARTESIAN_POINT('',(0.0201192293463219,0.00829738745022464,0.0143144619586967));
#3093=CARTESIAN_POINT('',(0.0199022374871684,0.00813035876544882,0.0143334462864499));
#3094=CARTESIAN_POINT('',(0.0197955459801275,0.0080430669592102,0.0143427805838104));
#3095=CARTESIAN_POINT('',(0.0194838015184112,0.00777278562083981,0.0143700546901279));
#3096=CARTESIAN_POINT('',(0.0192879976795852,0.00758231288855418,0.0143871853062984));
#3097=CARTESIAN_POINT('',(0.018916880599137,0.00718427586987782,0.0144196538436813));
#3098=CARTESIAN_POINT('',(0.0187413429808455,0.00697668111891839,0.014435011395304));
#3099=CARTESIAN_POINT('',(0.0184088600006808,0.0065453483545875,0.0144640998868812));
#3100=CARTESIAN_POINT('',(0.0182514350554505,0.00632075569371638,0.0144778727849464));
#3101=CARTESIAN_POINT('',(0.0179569665684156,0.00586012968050781,0.0145036354393274));
#3102=CARTESIAN_POINT('',(0.0178205019830458,0.00562511584590276,0.0145155745435201));
#3103=CARTESIAN_POINT('',(0.017567580854944,0.00514644071484154,0.0145377022749953));
#3104=CARTESIAN_POINT('',(0.0174510892280552,0.00490281693144716,0.0145478939717444));
#3105=CARTESIAN_POINT('',(0.0172368426009353,0.00440737659213258,0.0145666381228145));
#3106=CARTESIAN_POINT('',(0.0171390899670285,0.00415559707624836,0.0145751903701131));
#3107=CARTESIAN_POINT('',(0.0169618370815656,0.00364405229050078,0.0145906979881661));
#3108=CARTESIAN_POINT('',(0.016882344576614,0.00338429176105863,0.0145976526811859));
#3109=CARTESIAN_POINT('',(0.0167413610263586,0.00285692950463704,0.0146099871435767));
#3110=CARTESIAN_POINT('',(0.0166804148936451,0.00259114627222488,0.0146153192392743));
#3111=CARTESIAN_POINT('',(0.0165947254026203,0.00214778058547179,0.0146228160983234));
#3112=CARTESIAN_POINT('',(0.0165646258675847,0.00197025042601134,0.0146254494664162));
#3113=CARTESIAN_POINT('',(0.016538540195015,0.0017923033405351,0.0146277316670464));
#3114=CARTESIAN_POINT('',(0.217146513745924,0.00688840514874192,-0.000413642237679469));
#3115=CARTESIAN_POINT('',(0.216742638075202,0.00691192566413913,-0.000378307695012827));
#3116=CARTESIAN_POINT('',(0.216338762404479,0.00693544617953635,-0.000342973152346182));
#3117=CARTESIAN_POINT('',(0.215934886733756,0.00695896669493357,-0.000307638609679535));
#3118=CARTESIAN_POINT('',(0.198849945295916,0.00795394276623368,0.00118710008332548));
#3119=CARTESIAN_POINT('',(0.181765028858507,0.0089501670562854,0.00268183658871242));
#3120=CARTESIAN_POINT('',(0.156133281015999,0.0102178886471381,0.00492432395126342));
#3121=CARTESIAN_POINT('',(0.147588630081981,0.0106023701797471,0.00567188404171242));
#3122=CARTESIAN_POINT('',(0.130496954266994,0.0112482979405256,0.00716721191632711));
#3123=CARTESIAN_POINT('',(0.121949931350261,0.0115098460128575,0.00791497952835652));
#3124=CARTESIAN_POINT('',(0.104852403120259,0.0118524589796088,0.00941081942281516));
#3125=CARTESIAN_POINT('',(0.096301896991985,0.0119334816035872,0.0101588917764704));
#3126=CARTESIAN_POINT('',(0.0834725122850089,0.0118671149844733,0.0112813174982959));
#3127=CARTESIAN_POINT('',(0.0791954418706513,0.0118134379575991,0.0116555126726767));
#3128=CARTESIAN_POINT('',(0.0706399166506628,0.0116343346649498,0.012404024139923));
#3129=CARTESIAN_POINT('',(0.0663614935505879,0.0115105516060221,0.0127783376589525));
#3130=CARTESIAN_POINT('',(0.0578040843641409,0.0112338074314308,0.0135270139519209));
#3131=CARTESIAN_POINT('',(0.0535251149840338,0.0110817121554933,0.0139013752642553));
#3132=CARTESIAN_POINT('',(0.0471066252653315,0.0108517216788752,0.0144629203515974));
#3133=CARTESIAN_POINT('',(0.0449671190904045,0.0107745605380434,0.0146501028874415));
#3134=CARTESIAN_POINT('',(0.0417578162015596,0.0106565577868065,0.0149308805080462));
#3135=CARTESIAN_POINT('',(0.0406880424874513,0.0106169081953461,0.0150244735805654));
#3136=CARTESIAN_POINT('',(0.0385484524064459,0.010535398426959,0.0152116634572459));
#3137=CARTESIAN_POINT('',(0.0374786352646735,0.0104934980975471,0.0153052603291903));
#3138=CARTESIAN_POINT('',(0.035338931016869,0.0104060713757329,0.0154924601941842));
#3139=CARTESIAN_POINT('',(0.0342691656498177,0.010360950698213,0.0155860525364274));
#3140=CARTESIAN_POINT('',(0.0321302515076382,0.0102608234840778,0.0157731832761235));
#3141=CARTESIAN_POINT('',(0.0310611013860733,0.0102058314149626,0.0158667217913665));
#3142=CARTESIAN_POINT('',(0.0294581716372244,0.010110571619151,0.0160069599728211));
#3143=CARTESIAN_POINT('',(0.0289239999017146,0.0100765996871154,0.0160536939440526));
#3144=CARTESIAN_POINT('',(0.0281231121263832,0.0100197037335839,0.016123762545152));
#3145=CARTESIAN_POINT('',(0.0278562111767043,0.00999974867392966,0.0161471133525332));
#3146=CARTESIAN_POINT('',(0.0273225597174339,0.00995742304861995,0.0161938018054925));
#3147=CARTESIAN_POINT('',(0.0270558082157157,0.00993506841291802,0.0162171395378723));
#3148=CARTESIAN_POINT('',(0.0265224873534024,0.00988743463542441,0.0162637990673457));
#3149=CARTESIAN_POINT('',(0.0262559216190842,0.0098620972690779,0.0162871205471841));
#3150=CARTESIAN_POINT('',(0.0258562758106753,0.00982083512054849,0.0163220850248445));
#3151=CARTESIAN_POINT('',(0.0257230943418833,0.00980653835834032,0.0163337368935554));
#3152=CARTESIAN_POINT('',(0.0254568091567774,0.00977669641965407,0.016357033828518));
#3153=CARTESIAN_POINT('',(0.0253236978442652,0.00976114603909178,0.0163686795593486));
#3154=CARTESIAN_POINT('',(0.0249245399999381,0.0097124558585889,0.0164036013456872));
#3155=CARTESIAN_POINT('',(0.0246590185084293,0.00967719911109392,0.0164268314661163));
#3156=CARTESIAN_POINT('',(0.0242621980105323,0.00961731095116034,0.0164615487611351));
#3157=CARTESIAN_POINT('',(0.0241301679308413,0.00959618203359825,0.0164730998963531));
#3158=CARTESIAN_POINT('',(0.0239325589804579,0.00956239901699597,0.0164903884393229));
#3159=CARTESIAN_POINT('',(0.0238667620073575,0.00955078982350992,0.016496144928564));
#3160=CARTESIAN_POINT('',(0.0237353250288718,0.00952681942082714,0.0165076441741486));
#3161=CARTESIAN_POINT('',(0.0236696858070513,0.00951445445765228,0.0165133868619411));
#3162=CARTESIAN_POINT('',(0.023341976084594,0.00945029941481264,0.0165420577475832));
#3163=CARTESIAN_POINT('',(0.0230813247658241,0.0093917101850005,0.0165648617831085));
#3164=CARTESIAN_POINT('',(0.0226937456103096,0.0092875477314758,0.0165987705654353));
#3165=CARTESIAN_POINT('',(0.022565120406484,0.009250106413901,0.0166100238126133));
#3166=CARTESIAN_POINT('',(0.0223092209828219,0.00916875135737236,0.0166324121111873));
#3167=CARTESIAN_POINT('',(0.0221817555584723,0.00912470937141459,0.0166435638908096));
#3168=CARTESIAN_POINT('',(0.0219292424733144,0.00902963697945955,0.0166656559231518));
#3169=CARTESIAN_POINT('',(0.0218048362484572,0.00897888754271663,0.0166765400574992));
#3170=CARTESIAN_POINT('',(0.0216211186524079,0.00889774162259772,0.016692613264444));
#3171=CARTESIAN_POINT('',(0.0215603612515225,0.0088698562979661,0.0166979288482468));
#3172=CARTESIAN_POINT('',(0.0214398275402587,0.00881238189807102,0.0167084741815549));
#3173=CARTESIAN_POINT('',(0.0213800556766624,0.00878278510056655,0.0167137035420176));
#3174=CARTESIAN_POINT('',(0.0212022392056704,0.00869139135363995,0.0167292604674172));
#3175=CARTESIAN_POINT('',(0.0210856703960805,0.00862703155048558,0.0167394589167776));
#3176=CARTESIAN_POINT('',(0.020856514484378,0.00849139735616134,0.0167595074612309));
#3177=CARTESIAN_POINT('',(0.0207439499817202,0.00842008371903272,0.0167693555791284));
#3178=CARTESIAN_POINT('',(0.0205229491125822,0.00827028757033603,0.0167886906498089));
#3179=CARTESIAN_POINT('',(0.0204144926279711,0.0081918399956839,0.0167981793626975));
#3180=CARTESIAN_POINT('',(0.0202015985989111,0.00802796560050464,0.0168168051767726));
#3181=CARTESIAN_POINT('',(0.0200968790336299,0.00794228944582267,0.016825966951584));
#3182=CARTESIAN_POINT('',(0.0197907469401715,0.00767687401068851,0.0168527500393033));
#3183=CARTESIAN_POINT('',(0.0195982721502717,0.0074896628843761,0.0168695894014325));
#3184=CARTESIAN_POINT('',(0.0192329737765102,0.00709786664726014,0.0169015488679439));
#3185=CARTESIAN_POINT('',(0.0190600472267612,0.00689337257045333,0.0169166779806694));
#3186=CARTESIAN_POINT('',(0.0187323885445409,0.00646829840545489,0.0169453444008671));
#3187=CARTESIAN_POINT('',(0.0185771730786111,0.00624686697959205,0.0169589239945411));
#3188=CARTESIAN_POINT('',(0.0182867034533027,0.00579249623582481,0.0169843367938541));
#3189=CARTESIAN_POINT('',(0.0181520563101602,0.0055606190534269,0.0169961168924553));
#3190=CARTESIAN_POINT('',(0.0179024168942457,0.00508815484675279,0.017017957511317));
#3191=CARTESIAN_POINT('',(0.0177873825842133,0.00484758645082204,0.0170280217093621));
#3192=CARTESIAN_POINT('',(0.0175757822633806,0.00435826563316215,0.0170465343386319));
#3193=CARTESIAN_POINT('',(0.0174792039489238,0.00410951866366094,0.0170549838462913));
#3194=CARTESIAN_POINT('',(0.0173040547182743,0.00360404494211222,0.0170703074183961));
#3195=CARTESIAN_POINT('',(0.0172254880141755,0.00334731632351391,0.0170771811143366));
#3196=CARTESIAN_POINT('',(0.01708611746955,0.00282598766665054,0.0170893744570206));
#3197=CARTESIAN_POINT('',(0.0170258614593385,0.00256321989062297,0.0170946461748227));
#3198=CARTESIAN_POINT('',(0.016941128703246,0.00212480444260513,0.0171020593304113));
#3199=CARTESIAN_POINT('',(0.016911360214195,0.00194922845108074,0.0171046637357334));
#3200=CARTESIAN_POINT('',(0.0168855592982131,0.00177322412263425,0.0171069210233903));
#3201=CARTESIAN_POINT('',(0.0171330137378934,0.00299999556652658,0.0170852715651789));
#3202=CARTESIAN_POINT('',(0.0173956854766249,0.00401485233598145,0.0170622907658113));
#3203=CARTESIAN_POINT('',(0.0180071744222461,0.00550215285454739,0.017008792415198));
#3204=CARTESIAN_POINT('',(0.019269219473431,0.00720700594241485,0.0168983777803603));
#3205=CARTESIAN_POINT('',(0.0204353323004136,0.0082856720907144,0.0167963561276072));
#3206=CARTESIAN_POINT('',(0.0218419068588297,0.00905875283517231,0.0166732967993418));
#3207=CARTESIAN_POINT('',(0.0233697830830074,0.00948682507455114,0.0165396249504555));
#3208=CARTESIAN_POINT('',(0.0249394696982437,0.00972511243258741,0.0164022951663339));
#3209=CARTESIAN_POINT('',(0.0270314937180002,0.00994747491090726,0.0162192667807811));
#3210=CARTESIAN_POINT('',(0.0296575482001267,0.0101314066858999,0.0159895167837937));
#3211=CARTESIAN_POINT('',(0.033863989862929,0.0103511601788818,0.0156215008245157));
#3212=CARTESIAN_POINT('',(0.0391271355181062,0.0105604859649091,0.0151610352452015));
#3213=CARTESIAN_POINT('',(0.0454424140711237,0.0107921531033896,0.0146085199648044));
#3214=CARTESIAN_POINT('',(0.0517581573325129,0.0110188135883849,0.0140559640276924));
#3215=CARTESIAN_POINT('',(0.0580739983219252,0.011240961868742,0.0135033995404866));
#3216=CARTESIAN_POINT('',(0.0664955884747625,0.0115193317555863,0.0127666058732517));
#3217=CARTESIAN_POINT('',(0.0770258400815765,0.0118003327425541,0.0118453282335799));
#3218=CARTESIAN_POINT('',(0.0896641030422469,0.011926628896091,0.0107396234978616));
#3219=CARTESIAN_POINT('',(0.102300836548571,0.011875498001831,0.00963405257206003));
#3220=CARTESIAN_POINT('',(0.119149952544446,0.0116026600415286,0.00815994593198774));
#3221=CARTESIAN_POINT('',(0.140205454748584,0.0109395790877903,0.00631782818428052));
#3222=CARTESIAN_POINT('',(0.165457347185086,0.00979306385648556,0.00410857386351057));
#3223=CARTESIAN_POINT('',(0.190699157423796,0.00842840520619094,0.00190020162075082));
#3224=CARTESIAN_POINT('',(0.207522974673084,0.00744885138337206,0.000428308334206285));
#3225=CARTESIAN_POINT('',(0.215934886733738,0.00695896669493468,-0.000307638609677876));
#3226=CARTESIAN_POINT('',(0.215934886733756,0.00695896669493356,-0.000307638609679552));
#3227=CARTESIAN_POINT('',(0.215716997376888,0.00709020644983378,-0.00279812535490891));
#3228=CARTESIAN_POINT('',(0.215789627162511,0.00704645986484018,-0.00196796310650054));
#3229=CARTESIAN_POINT('',(0.215862256948133,0.00700271327987333,-0.00113780085809072));
#3230=CARTESIAN_POINT('',(0.215934886733756,0.00695896669493357,-0.000307638609679536));
#3231=CARTESIAN_POINT('',(0.218161045395322,0.00568371138726563,-0.00301195184972387));
#3232=CARTESIAN_POINT('',(0.217343842885438,0.00573130282594013,-0.00294045589429186));
#3233=CARTESIAN_POINT('',(0.216526640375554,0.00577889426461463,-0.00286895993885984));
#3234=CARTESIAN_POINT('',(0.215709437865671,0.00582648570328913,-0.0027974639834278));
#3235=CARTESIAN_POINT('',(0.198737513218441,0.00681488001347286,-0.00131261297832436));
#3236=CARTESIAN_POINT('',(0.181765897360092,0.00780462894139267,0.000172211010758726));
#3237=CARTESIAN_POINT('',(0.156304859211579,0.00906735856839079,0.00239976321033154));
#3238=CARTESIAN_POINT('',(0.147817234633079,0.00945098359187208,0.00314233414122108));
#3239=CARTESIAN_POINT('',(0.130839911236293,0.0100978057208141,0.00462765747545523));
#3240=CARTESIAN_POINT('',(0.122350220568175,0.0103611232796385,0.00537040916578227));
#3241=CARTESIAN_POINT('',(0.105367741758138,0.0107112087954158,0.00685618354017792));
#3242=CARTESIAN_POINT('',(0.0968749603824418,0.010797915367384,0.00759920563239058));
#3243=CARTESIAN_POINT('',(0.0841325146466374,0.0107443178251954,0.00871402517985393));
#3244=CARTESIAN_POINT('',(0.0798844961241731,0.0106954620629849,0.00908567864301109));
#3245=CARTESIAN_POINT('',(0.0713871384161865,0.010527834855323,0.00982910111240689));
#3246=CARTESIAN_POINT('',(0.0671376071724252,0.0104084585915623,0.0102008869215247));
#3247=CARTESIAN_POINT('',(0.0586375127286514,0.0101382929019707,0.0109445488242533));
#3248=CARTESIAN_POINT('',(0.0543869784925478,0.00998821814036335,0.0113164223838522));
#3249=CARTESIAN_POINT('',(0.0480110237255699,0.00976035291055,0.0118742461451013));
#3250=CARTESIAN_POINT('',(0.0458856803294165,0.00968391001768769,0.0120601895983719));
#3251=CARTESIAN_POINT('',(0.0416350325556548,0.00952866193676779,0.0124320730912131));
#3252=CARTESIAN_POINT('',(0.0395097211004,0.00945022420095932,0.0126180137500066));
#3253=CARTESIAN_POINT('',(0.0363218552349764,0.0093237601838431,0.0128969158740806));
#3254=CARTESIAN_POINT('',(0.0352592143646705,0.00928012101942961,0.0129898849036307));
#3255=CARTESIAN_POINT('',(0.0331346346087427,0.00918627737662087,0.0131757615470275));
#3256=CARTESIAN_POINT('',(0.0320726140996161,0.00913642792421924,0.0132686763020095));
#3257=CARTESIAN_POINT('',(0.029949959064997,0.00902237885484226,0.0134543845541157));
#3258=CARTESIAN_POINT('',(0.0288891749334006,0.00895892815853225,0.013547191140079));
#3259=CARTESIAN_POINT('',(0.0273005001348934,0.00883969719706598,0.0136861821749765));
#3260=CARTESIAN_POINT('',(0.0267712893498521,0.00879590066740495,0.0137324821192844));
#3261=CARTESIAN_POINT('',(0.0259787917486117,0.00871960138123687,0.0138018166752633));
#3262=CARTESIAN_POINT('',(0.0257148504303956,0.00869229376089925,0.0138249085484435));
#3263=CARTESIAN_POINT('',(0.025187518547451,0.00863256768381622,0.0138710441101173));
#3264=CARTESIAN_POINT('',(0.0249240096462108,0.00860023689778732,0.0138940981517124));
#3265=CARTESIAN_POINT('',(0.0243992555298104,0.00852816146677037,0.0139400081880388));
#3266=CARTESIAN_POINT('',(0.0241379022249444,0.00848852562488261,0.0139628736393882));
#3267=CARTESIAN_POINT('',(0.0236187530107617,0.00839708704044654,0.0140082933103076));
#3268=CARTESIAN_POINT('',(0.0233609052485525,0.00834545147754191,0.0140308520664159));
#3269=CARTESIAN_POINT('',(0.0228513449281241,0.00822166968285692,0.0140754328178371));
#3270=CARTESIAN_POINT('',(0.022599162655237,0.00814907270497321,0.014097495907857));
#3271=CARTESIAN_POINT('',(0.0222278739434917,0.00801760215838286,0.0141299794610289));
#3272=CARTESIAN_POINT('',(0.0221061804506594,0.00797033537514945,0.0141406262620774));
#3273=CARTESIAN_POINT('',(0.0218671522210723,0.0078683310417587,0.014161538522428));
#3274=CARTESIAN_POINT('',(0.0217498400374197,0.00781359177477402,0.0141718020085921));
#3275=CARTESIAN_POINT('',(0.0215195292098356,0.00769624040164388,0.0141919515950919));
#3276=CARTESIAN_POINT('',(0.0214065105608933,0.00763367512134904,0.0142018394456418));
#3277=CARTESIAN_POINT('',(0.0211849212113043,0.00750064428232622,0.0142212260016891));
#3278=CARTESIAN_POINT('',(0.0210763995574513,0.00743016002003757,0.0142307204161487));
#3279=CARTESIAN_POINT('',(0.0208637766156392,0.00728087026414885,0.0142493225131618));
#3280=CARTESIAN_POINT('',(0.0207596232100785,0.00720204638587104,0.0142584347554169));
#3281=CARTESIAN_POINT('',(0.0205557500534924,0.0070363723466671,0.0142762713454147));
#3282=CARTESIAN_POINT('',(0.020457067449331,0.00695039252029504,0.0142849049545655));
#3283=CARTESIAN_POINT('',(0.0201698065422443,0.0066838785505612,0.0143100370274122));
#3284=CARTESIAN_POINT('',(0.0199898499633682,0.0064947864537906,0.0143257811879888));
#3285=CARTESIAN_POINT('',(0.0196494023718067,0.00609792047470056,0.0143555664927759));
#3286=CARTESIAN_POINT('',(0.0194891909476753,0.00589011509480846,0.0143695831761546));
#3287=CARTESIAN_POINT('',(0.0191878521696009,0.00545637912328993,0.0143959469031164));
#3288=CARTESIAN_POINT('',(0.0190487922805144,0.00523369838811336,0.0144081130669627));
#3289=CARTESIAN_POINT('',(0.0187918894013267,0.00477829257257197,0.0144305891565191));
#3290=CARTESIAN_POINT('',(0.018674012852349,0.00454550546320631,0.0144409020182495));
#3291=CARTESIAN_POINT('',(0.0184582035920903,0.00407036746060141,0.0144597828820072));
#3292=CARTESIAN_POINT('',(0.0183601610484488,0.00382797313257653,0.014468360493118));
#3293=CARTESIAN_POINT('',(0.0181832231936788,0.00333420149423572,0.0144838405495599));
#3294=CARTESIAN_POINT('',(0.0181042180409475,0.00308195707723721,0.0144907526047844));
#3295=CARTESIAN_POINT('',(0.0178969094485406,0.00231675182400395,0.0145088897564689));
#3296=CARTESIAN_POINT('',(0.0177995318364455,0.00180093868529677,0.0145174091936082));
#3297=CARTESIAN_POINT('',(0.0177092260889967,0.0010194693383229,0.0145253099227643));
#3298=CARTESIAN_POINT('',(0.0176885420732505,0.000757702589860264,0.0145271195396587));
#3299=CARTESIAN_POINT('',(0.0176655393946336,0.000231522068495044,0.0145291320132655));
#3300=CARTESIAN_POINT('',(0.0176631629770777,-3.37563963558438E-5,0.0145293399228623));
#3301=CARTESIAN_POINT('',(0.0176839625379256,-0.000825711692203974,0.0145275201970837));
#3302=CARTESIAN_POINT('',(0.017734470366814,-0.00134709466451351,0.0145231013346348));
#3303=CARTESIAN_POINT('',(0.0178666023332768,-0.00211872091580875,0.0145115412854807));
#3304=CARTESIAN_POINT('',(0.0179201236070364,-0.00237423003789537,0.0145068587807677));
#3305=CARTESIAN_POINT('',(0.0180466425400523,-0.00288164921243413,0.0144957898084101));
#3306=CARTESIAN_POINT('',(0.018119718378895,-0.00313351248067571,0.0144893965009335));
#3307=CARTESIAN_POINT('',(0.0182868509074164,-0.00363342524989287,0.0144747742993791));
#3308=CARTESIAN_POINT('',(0.0183810251639684,-0.0038814834652457,0.014466535119536));
#3309=CARTESIAN_POINT('',(0.0185879138497698,-0.00436438006330054,0.0144484347049167));
#3310=CARTESIAN_POINT('',(0.0187009565313838,-0.00460033369924671,0.0144385447517826));
#3311=CARTESIAN_POINT('',(0.018947086572555,-0.00506085248285673,0.0144170111634234));
#3312=CARTESIAN_POINT('',(0.0190800971201813,-0.0052854071507169,0.0144053742483797));
#3313=CARTESIAN_POINT('',(0.0193677191197447,-0.00572212225729071,0.0143802105840349));
#3314=CARTESIAN_POINT('',(0.0195226443582401,-0.00593486309746757,0.0143666563819729));
#3315=CARTESIAN_POINT('',(0.019771791918817,-0.00624195220725171,0.0143448587948784));
#3316=CARTESIAN_POINT('',(0.0198571555712355,-0.00634169652585565,0.0143373904430145));
#3317=CARTESIAN_POINT('',(0.0200326579594051,-0.0065358164739309,0.0143220359736274));
#3318=CARTESIAN_POINT('',(0.020122780390242,-0.00663022077290471,0.0143141512826008));
#3319=CARTESIAN_POINT('',(0.020307958242108,-0.00681320762273866,0.014297950319825));
#3320=CARTESIAN_POINT('',(0.0204030305525344,-0.00690179548424001,0.014289632570448));
#3321=CARTESIAN_POINT('',(0.0205986609463153,-0.00707246213955702,0.0142725171287514));
#3322=CARTESIAN_POINT('',(0.0206992966766359,-0.00715456199972461,0.0142637126432025));
#3323=CARTESIAN_POINT('',(0.0209066255483046,-0.00731203037443726,0.0142455737173099));
#3324=CARTESIAN_POINT('',(0.0210133022404155,-0.00738738883388835,0.0142362407160889));
#3325=CARTESIAN_POINT('',(0.0212330798121081,-0.00753096504369689,0.0142170126700663));
#3326=CARTESIAN_POINT('',(0.02134527788037,-0.0075985506271507,0.0142071966110258));
#3327=CARTESIAN_POINT('',(0.021572914006638,-0.0077248152988419,0.0141872810305668));
#3328=CARTESIAN_POINT('',(0.0216885766542752,-0.00778364020160032,0.0141771618601062));
#3329=CARTESIAN_POINT('',(0.0219234562781328,-0.00789335329697488,0.0141566125557248));
#3330=CARTESIAN_POINT('',(0.0220426503482397,-0.00794424643894029,0.0141461844258308));
#3331=CARTESIAN_POINT('',(0.0222843012671588,-0.00803858957377167,0.0141250427098957));
#3332=CARTESIAN_POINT('',(0.0224067946574134,-0.00808200186000207,0.0141143259268912));
#3333=CARTESIAN_POINT('',(0.0226549908840713,-0.00816222051807666,0.0140926115707285));
#3334=CARTESIAN_POINT('',(0.0227806607482473,-0.00819902810836293,0.0140816168822664));
#3335=CARTESIAN_POINT('',(0.0230347617613335,-0.00826695089236415,0.0140593859242308));
#3336=CARTESIAN_POINT('',(0.0231632667502663,-0.0082980730859765,0.0140481431944928));
#3337=CARTESIAN_POINT('',(0.02342060836182,-0.00835546235848138,0.0140256287208283));
#3338=CARTESIAN_POINT('',(0.0235497479435887,-0.00838181757113722,0.0140143304714114));
#3339=CARTESIAN_POINT('',(0.0239381454822279,-0.00845571353899283,0.013980350089838));
#3340=CARTESIAN_POINT('',(0.0241982558820117,-0.00849801153904228,0.0139575933785932));
#3341=CARTESIAN_POINT('',(0.024720059957588,-0.00857383618422273,0.0139119414373972));
#3342=CARTESIAN_POINT('',(0.0249818014092776,-0.0086073592595726,0.0138890420276009));
#3343=CARTESIAN_POINT('',(0.0257683496112263,-0.00870044767637066,0.0138202279766118));
#3344=CARTESIAN_POINT('',(0.0262942295109794,-0.00875194894992363,0.0137742194470068));
#3345=CARTESIAN_POINT('',(0.0273477386769689,-0.00884387493461263,0.0136820493380655));
#3346=CARTESIAN_POINT('',(0.0278752694627803,-0.00888408535009372,0.0136358963746424));
#3347=CARTESIAN_POINT('',(0.0294593596445232,-0.00899443262955036,0.0134973064417431));
#3348=CARTESIAN_POINT('',(0.0305172047727666,-0.00905468069724149,0.0134047569852564));
#3349=CARTESIAN_POINT('',(0.0326343394124483,-0.00916345810577978,0.0132195317051168));
#3350=CARTESIAN_POINT('',(0.0336933644018634,-0.00921177188236701,0.0131268790241516));
#3351=CARTESIAN_POINT('',(0.0358117079558356,-0.00930311659747218,0.0129415479777367));
#3352=CARTESIAN_POINT('',(0.0368710784119525,-0.00934594102882205,0.0128488650723463));
#3353=CARTESIAN_POINT('',(0.0400494281768733,-0.00947043501779521,0.0125707954991969));
#3354=CARTESIAN_POINT('',(0.0421686816475486,-0.00954834586341134,0.0123853848453778));
#3355=CARTESIAN_POINT('',(0.0464072767605504,-0.00970271213227619,0.0120145558237058));
#3356=CARTESIAN_POINT('',(0.0485266508911869,-0.00977889347448931,0.0118291346135016));
#3357=CARTESIAN_POINT('',(0.0548847667316569,-0.0100057433748516,0.0112728715560979));
#3358=CARTESIAN_POINT('',(0.0591235175523017,-0.0101548852235497,0.0109020289117937));
#3359=CARTESIAN_POINT('',(0.0654821942231245,-0.0103551684181175,0.0103457167880278));
#3360=CARTESIAN_POINT('',(0.0676018915962415,-0.0104178045138544,0.0101602672977894));
#3361=CARTESIAN_POINT('',(0.0718406009052441,-0.0105301181544479,0.00978942828526796));
#3362=CARTESIAN_POINT('',(0.0739596864356917,-0.0105796465621192,0.00960403232432738));
#3363=CARTESIAN_POINT('',(0.0803161069859997,-0.0107014519835981,0.00904791758552899));
#3364=CARTESIAN_POINT('',(0.0845526978372928,-0.0107479478779907,0.00867726391408436));
#3365=CARTESIAN_POINT('',(0.0972599122255303,-0.0107955233658395,0.007565526710083));
#3366=CARTESIAN_POINT('',(0.105727949118799,-0.010706053408045,0.0068246694796223));
#3367=CARTESIAN_POINT('',(0.122659127706191,-0.0103523939652654,0.00534338329310284));
#3368=CARTESIAN_POINT('',(0.131122263273598,-0.0100882360257397,0.00460295487310023));
#3369=CARTESIAN_POINT('',(0.148045243963489,-0.00944107272413299,0.00312238590959941));
#3370=CARTESIAN_POINT('',(0.156505080022903,-0.00905792866013105,0.00238224615916679));
#3371=CARTESIAN_POINT('',(0.181881604822965,-0.00779787522527134,0.000162087919416095));
#3372=CARTESIAN_POINT('',(0.198795352650437,-0.00681151161674733,-0.00131767327312094));
#3373=CARTESIAN_POINT('',(0.215709437865675,-0.00582648570329411,-0.00279746398342815));
#3374=CARTESIAN_POINT('',(0.216523863979595,-0.0057790559536744,-0.00286871703567871));
#3375=CARTESIAN_POINT('',(0.217338290093516,-0.00573162620405469,-0.00293997008792928));
#3376=CARTESIAN_POINT('',(0.218152716207437,-0.00568419645443499,-0.00301122314017984));
#3377=CARTESIAN_POINT('',(0.218386495018818,0.00581451085469173,-0.000522126542056799));
#3378=CARTESIAN_POINT('',(0.217569292257131,0.00586210230803045,-0.000450630564594848));
#3379=CARTESIAN_POINT('',(0.216752089495444,0.00590969376136916,-0.00037913458713289));
#3380=CARTESIAN_POINT('',(0.215934886733758,0.00595728521470787,-0.000307638609670917));
#3381=CARTESIAN_POINT('',(0.198962956857,0.00694567982944267,0.00117721285295738));
#3382=CARTESIAN_POINT('',(0.18199099267899,0.00793545082070412,0.00266206731606218));
#3383=CARTESIAN_POINT('',(0.156528806548744,0.00919823738137998,0.00488971995102183));
#3384=CARTESIAN_POINT('',(0.148040691071127,0.00958188527305179,0.00563233383001954));
#3385=CARTESIAN_POINT('',(0.131062134015492,0.0102287544033869,0.00711776509541703));
#3386=CARTESIAN_POINT('',(0.122571694770484,0.0104920964525184,0.00786058227773678));
#3387=CARTESIAN_POINT('',(0.10558740591078,0.0108422192815863,0.00934651501095718));
#3388=CARTESIAN_POINT('',(0.0970935551158096,0.0109289389327723,0.0100896306652341));
#3389=CARTESIAN_POINT('',(0.0843492309566444,0.0108753334895202,0.0112046145534462));
#3390=CARTESIAN_POINT('',(0.0801005242211677,0.0108264700914206,0.0115763282274398));
#3391=CARTESIAN_POINT('',(0.0716017600532676,0.010658815138552,0.0123198737461345));
#3392=CARTESIAN_POINT('',(0.0673516910148945,0.0105394227455008,0.0126917066061831));
#3393=CARTESIAN_POINT('',(0.0588509464012504,0.0102692363910104,0.0134354253914061));
#3394=CARTESIAN_POINT('',(0.0546002846243549,0.0101191568007562,0.0138073101093777));
#3395=CARTESIAN_POINT('',(0.0482242388589545,0.00989128831882187,0.0143651418319572));
#3396=CARTESIAN_POINT('',(0.0460988808589715,0.0098148449087647,0.0145510865628971));
#3397=CARTESIAN_POINT('',(0.0418481191697359,0.00965959266726514,0.0149229800220514));
#3398=CARTESIAN_POINT('',(0.0397227225920802,0.00958115201788518,0.0151089281280901));
#3399=CARTESIAN_POINT('',(0.0365344573844662,0.0094546721586916,0.015387865190078));
#3400=CARTESIAN_POINT('',(0.0354716402986802,0.0094110259249338,0.0154808496364852));
#3401=CARTESIAN_POINT('',(0.0333465120370097,0.00931715805437974,0.0156667742679163));
#3402=CARTESIAN_POINT('',(0.0322841311541632,0.00926729253833511,0.0157597205515134));
#3403=CARTESIAN_POINT('',(0.0301602684398907,0.00915317858100455,0.0159455344618986));
#3404=CARTESIAN_POINT('',(0.0290987392059267,0.00908968848052902,0.0160384062358722));
#3405=CARTESIAN_POINT('',(0.0275079551860162,0.00897029922077566,0.0161775818037312));
#3406=CARTESIAN_POINT('',(0.0269779478000802,0.00892644007225364,0.0162239514415867));
#3407=CARTESIAN_POINT('',(0.0261836048237508,0.00884996311891585,0.016293447446966));
#3408=CARTESIAN_POINT('',(0.0259189419104736,0.00882258178898224,0.0163166024515336));
#3409=CARTESIAN_POINT('',(0.0253899381747277,0.00876266635636242,0.0163628842813747));
#3410=CARTESIAN_POINT('',(0.0251254594759222,0.00873021914561858,0.0163860231692627));
#3411=CARTESIAN_POINT('',(0.0245981962715462,0.00865779908918571,0.0164321527223427));
#3412=CARTESIAN_POINT('',(0.0243353009601506,0.00861793756636889,0.0164551530817825));
#3413=CARTESIAN_POINT('',(0.0238120194302059,0.00852577115047289,0.0165009342834852));
#3414=CARTESIAN_POINT('',(0.0235515969941964,0.00847364587096862,0.0165237182943633));
#3415=CARTESIAN_POINT('',(0.0230350334533024,0.00834816286201664,0.0165689117481834));
#3416=CARTESIAN_POINT('',(0.0227785289712785,0.00827436382967302,0.0165913529825041));
#3417=CARTESIAN_POINT('',(0.0223998970582418,0.00814029311047947,0.0166244789825431));
#3418=CARTESIAN_POINT('',(0.0222756372286431,0.00809203446117883,0.0166353503089654));
#3419=CARTESIAN_POINT('',(0.0220313452783024,0.00798778385610303,0.0166567230852099));
#3420=CARTESIAN_POINT('',(0.0219113192288808,0.00793178079469583,0.0166672240038632));
#3421=CARTESIAN_POINT('',(0.0216756749774744,0.00781171185671213,0.0166878402044852));
#3422=CARTESIAN_POINT('',(0.0215600303906889,0.0077476942430945,0.0166979577948275));
#3423=CARTESIAN_POINT('',(0.0213331942693184,0.00761151351233518,0.0167178033839257));
#3424=CARTESIAN_POINT('',(0.0212220247553224,0.00753931011522389,0.0167275294561306));
#3425=CARTESIAN_POINT('',(0.0210043097617056,0.00738644505764298,0.0167465770499506));
#3426=CARTESIAN_POINT('',(0.0208977016038734,0.00730575982866626,0.0167559040552012));
#3427=CARTESIAN_POINT('',(0.0206892013002651,0.00713632561753454,0.0167741454681079));
#3428=CARTESIAN_POINT('',(0.0205883669363273,0.00704846584129736,0.0167829673318458));
#3429=CARTESIAN_POINT('',(0.0202951049990572,0.00677638425585593,0.0168086244268031));
#3430=CARTESIAN_POINT('',(0.0201118157611948,0.00658375478786324,0.0168246601572603));
#3431=CARTESIAN_POINT('',(0.0197654065631889,0.00617993925526755,0.0168549670350277));
#3432=CARTESIAN_POINT('',(0.0196024699636776,0.00596858449104629,0.0168692221403583));
#3433=CARTESIAN_POINT('',(0.019296237465789,0.0055278046790134,0.0168960140123263));
#3434=CARTESIAN_POINT('',(0.019155037703192,0.00530168221817377,0.0169083673908462));
#3435=CARTESIAN_POINT('',(0.0188942722648563,0.00483942933306791,0.0169311814105401));
#3436=CARTESIAN_POINT('',(0.0187746788811139,0.00460324126752989,0.0169416444758496));
#3437=CARTESIAN_POINT('',(0.018555797395508,0.00412133927804391,0.016960794124497));
#3438=CARTESIAN_POINT('',(0.0184564310790783,0.0038756620470604,0.0169694875507199));
#3439=CARTESIAN_POINT('',(0.0182770981401664,0.00337520656700022,0.0169851771498724));
#3440=CARTESIAN_POINT('',(0.0181970504245762,0.00311962298494921,0.016992180417528));
#3441=CARTESIAN_POINT('',(0.0179870731958713,0.00234456741879541,0.0170105510446358));
#3442=CARTESIAN_POINT('',(0.0178884968343086,0.00182232808438011,0.0170191753587638));
#3443=CARTESIAN_POINT('',(0.0177971003838907,0.00103142023591055,0.017027171512065));
#3444=CARTESIAN_POINT('',(0.0177761699464478,0.000766509608985654,0.0170290026880643));
#3445=CARTESIAN_POINT('',(0.017752899463392,0.00023420312824752,0.0170310385915236));
#3446=CARTESIAN_POINT('',(0.0177504956998609,-3.41218158857334E-5,0.0170312488935831));
#3447=CARTESIAN_POINT('',(0.0177715385317148,-0.000835339795605853,0.0170294078843494));
#3448=CARTESIAN_POINT('',(0.0178226319345538,-0.00136290481752922,0.0170249377908181));
#3449=CARTESIAN_POINT('',(0.0179564040830051,-0.0021441094282764,0.0170132342443339));
#3450=CARTESIAN_POINT('',(0.0180105913067587,-0.0024028072517944,0.017008493476546));
#3451=CARTESIAN_POINT('',(0.0181387231693406,-0.00291669527143976,0.0169972833911362));
#3452=CARTESIAN_POINT('',(0.0182127565107366,-0.00317186971978632,0.016990806313041));
#3453=CARTESIAN_POINT('',(0.0183821143643091,-0.00367843869418977,0.016975989420772));
#3454=CARTESIAN_POINT('',(0.0184775688567899,-0.00392987833717533,0.0169676382347984));
#3455=CARTESIAN_POINT('',(0.0186873438746778,-0.00441951189106274,0.0169492852988424));
#3456=CARTESIAN_POINT('',(0.0188020134892618,-0.00465887188660695,0.0169392530075172));
#3457=CARTESIAN_POINT('',(0.0190517809144335,-0.0051261963556831,0.0169174011892929));
#3458=CARTESIAN_POINT('',(0.0191868224599807,-0.00535419221571635,0.0169055865849557));
#3459=CARTESIAN_POINT('',(0.019479016678847,-0.00579784961889181,0.0168800229032545));
#3460=CARTESIAN_POINT('',(0.0196364538783912,-0.00601405568895525,0.0168662489330776));
#3461=CARTESIAN_POINT('',(0.0198899152595176,-0.00632646183773943,0.0168440739355886));
#3462=CARTESIAN_POINT('',(0.0199767965593114,-0.00642798183990687,0.0168364728067841));
#3463=CARTESIAN_POINT('',(0.0201554918509074,-0.00662563339941816,0.0168208389945434));
#3464=CARTESIAN_POINT('',(0.0202472831534338,-0.00672178974239651,0.0168128082961631));
#3465=CARTESIAN_POINT('',(0.0204361057877933,-0.0069083782500043,0.0167962884562381));
#3466=CARTESIAN_POINT('',(0.0205331431751684,-0.00699880379959406,0.0167877987849052));
#3467=CARTESIAN_POINT('',(0.0207330921498316,-0.00717323795603923,0.0167703055163388));
#3468=CARTESIAN_POINT('',(0.0208360292015167,-0.00725721874573703,0.0167612996912594));
#3469=CARTESIAN_POINT('',(0.0210481661096123,-0.00741833887269718,0.0167427401166856));
#3470=CARTESIAN_POINT('',(0.0211573638990495,-0.00749548046791763,0.0167331865480289));
#3471=CARTESIAN_POINT('',(0.0213824100946107,-0.00764249856233128,0.0167134975571454));
#3472=CARTESIAN_POINT('',(0.0214973276005353,-0.00771172194596145,0.0167034435781383));
#3473=CARTESIAN_POINT('',(0.0217303920422592,-0.00784099758295002,0.0166830530816148));
#3474=CARTESIAN_POINT('',(0.0218487641899698,-0.00790119713811616,0.0166726968606141));
#3475=CARTESIAN_POINT('',(0.0220889173082104,-0.00801337350126183,0.0166516861852569));
#3476=CARTESIAN_POINT('',(0.022210692097403,-0.00806536521983183,0.0166410322716992));
#3477=CARTESIAN_POINT('',(0.0224574169504818,-0.00816168927353632,0.0166194466440456));
#3478=CARTESIAN_POINT('',(0.0225823865899726,-0.00820597438847822,0.0166085132173048));
#3479=CARTESIAN_POINT('',(0.022835173057533,-0.00828767664279217,0.0165863972671004));
#3480=CARTESIAN_POINT('',(0.0229629846463351,-0.00832510642029702,0.0165752152020131));
#3481=CARTESIAN_POINT('',(0.0232210448019408,-0.00839408750783783,0.0165526378638898));
#3482=CARTESIAN_POINT('',(0.0233513104634052,-0.00842563099692765,0.016541241095265));
#3483=CARTESIAN_POINT('',(0.0236117306832629,-0.00848370682419418,0.0165184572782745));
#3484=CARTESIAN_POINT('',(0.0237421776452227,-0.00851032566731947,0.016507044647912));
#3485=CARTESIAN_POINT('',(0.024134037632271,-0.00858488039576929,0.0164727613413548));
#3486=CARTESIAN_POINT('',(0.0243959745450374,-0.00862746559350733,0.0164498448309303));
#3487=CARTESIAN_POINT('',(0.0249207215454636,-0.008703717882428,0.0164039354171721));
#3488=CARTESIAN_POINT('',(0.0251835327206378,-0.00873737386648214,0.0163809424186979));
#3489=CARTESIAN_POINT('',(0.0259727073003929,-0.00883077311656041,0.0163118985894247));
#3490=CARTESIAN_POINT('',(0.0264998660378718,-0.00888239330961702,0.016265778176016));
#3491=CARTESIAN_POINT('',(0.0275552750784808,-0.00897448507155152,0.0161734418495836));
#3492=CARTESIAN_POINT('',(0.0280835455909055,-0.00901475023431073,0.0161272241684677));
#3493=CARTESIAN_POINT('',(0.029669368299418,-0.00912521820109921,0.0159884826591166));
#3494=CARTESIAN_POINT('',(0.0307278917079968,-0.00918550159874921,0.01589587386079));
#3495=CARTESIAN_POINT('',(0.0328460874899287,-0.00929433352829089,0.0157105557427331));
#3496=CARTESIAN_POINT('',(0.033905407757774,-0.0093426600743464,0.0156178772282526));
#3497=CARTESIAN_POINT('',(0.0360242401439684,-0.00943402586829882,0.0154325034145601));
#3498=CARTESIAN_POINT('',(0.0370837601989841,-0.00947685620600451,0.0153398074209616));
#3499=CARTESIAN_POINT('',(0.0402624653891205,-0.00960136411676292,0.0150617067521358));
#3500=CARTESIAN_POINT('',(0.0423817875858029,-0.0096792773043183,0.0148762900855696));
#3501=CARTESIAN_POINT('',(0.0466204850061277,-0.00983364729913465,0.014505452113167));
#3502=CARTESIAN_POINT('',(0.048739870245085,-0.00990982903537547,0.0143200299311107));
#3503=CARTESIAN_POINT('',(0.0550980875565573,-0.0101366825561006,0.0137637579961439));
#3504=CARTESIAN_POINT('',(0.0593369751461996,-0.0102858295644185,0.0133929033861041));
#3505=CARTESIAN_POINT('',(0.0656961593033745,-0.0104861287435997,0.0128365468630344));
#3506=CARTESIAN_POINT('',(0.0678160706272807,-0.0105487712859921,0.0126510786545276));
#3507=CARTESIAN_POINT('',(0.0720553124499861,-0.0106610990366716,0.0122801930530943));
#3508=CARTESIAN_POINT('',(0.0741747353470663,-0.0107106354506265,0.0120947675763977));
#3509=CARTESIAN_POINT('',(0.0805322037973304,-0.0108324609525729,0.0115385611582327));
#3510=CARTESIAN_POINT('',(0.0847694789218298,-0.0108789640881519,0.0111678476206397));
#3511=CARTESIAN_POINT('',(0.0974785577152398,-0.0109265465562864,0.0100559473023216));
#3512=CARTESIAN_POINT('',(0.105947655567101,-0.0108370632631689,0.00931499725001254));
#3513=CARTESIAN_POINT('',(0.122880630702468,-0.0104833662939908,0.00783355388590989));
#3514=CARTESIAN_POINT('',(0.131344508920674,-0.010219183923024,0.00709306049238088));
#3515=CARTESIAN_POINT('',(0.148268714511262,-0.00957197377915025,0.00561238436395803));
#3516=CARTESIAN_POINT('',(0.156729037730153,-0.00918880698128011,0.00487220199259109));
#3517=CARTESIAN_POINT('',(0.182106702607498,-0.00792869693668779,0.00265194400900638));
#3518=CARTESIAN_POINT('',(0.199020796247682,-0.00694231143512569,0.00117215256178214));
#3519=CARTESIAN_POINT('',(0.215934886733758,-0.00595728521471308,-0.000307638609670916));
#3520=CARTESIAN_POINT('',(0.216749313101473,-0.00590985545031304,-0.000378891684126007));
#3521=CARTESIAN_POINT('',(0.217563739469189,-0.005862425685913,-0.000450144758581096));
#3522=CARTESIAN_POINT('',(0.218378165836905,-0.00581499592151297,-0.000521397833036185));
#3523=CARTESIAN_POINT('',(0.215716997376888,-0.00582604545989386,-0.00279812535490893));
#3524=CARTESIAN_POINT('',(0.215789627162511,-0.00586979204483342,-0.00196796310649964));
#3525=CARTESIAN_POINT('',(0.215862256948134,-0.00591353862977298,-0.00113780085809035));
#3526=CARTESIAN_POINT('',(0.215934886733757,-0.00595728521471254,-0.000307638609681053));
#3527=CARTESIAN_POINT('',(0.215716997376888,0.00582604545988839,-0.00279812535490892));
#3528=CARTESIAN_POINT('',(0.215789627162511,0.00586979204482806,-0.00196796310649913));
#3529=CARTESIAN_POINT('',(0.215862256948134,0.00591353862976774,-0.00113780085808934));
#3530=CARTESIAN_POINT('',(0.215934886733757,0.00595728521470742,-0.000307638609679547));
#3531=CARTESIAN_POINT('',(0.216612910284987,0.,0.0074422060433854));
#3532=CARTESIAN_POINT('',(0.215934886733756,0.,-0.000307638609679552));
#3533=CARTESIAN_POINT('',(0.215934886733756,0.00796064817293507,-0.000307638609679552));
#3534=CARTESIAN_POINT('',(0.215934886733756,0.00796064817293507,-0.000307638609679552));
#3535=CARTESIAN_POINT('',(0.216022042476504,0.00796064817293507,0.000688556088412194));
#3536=CARTESIAN_POINT('',(0.216022042476504,0.,0.000688556088412194));
#3537=CARTESIAN_POINT('',(0.216022042476504,0.,0.000688556088412194));
#3538=CARTESIAN_POINT('',(0.216022042476504,-0.00796064817262514,0.000688556088412194));
#3539=CARTESIAN_POINT('',(0.215934886733756,-0.00796064817262514,-0.000307638609679552));
#3540=CARTESIAN_POINT('',(0.11543041263823,0.015,0.00948918334485726));
#3541=CARTESIAN_POINT('',(0.216022042472109,-0.00796064817402315,0.000688556088796766));
#3542=CARTESIAN_POINT('',(0.207500553287107,-0.00845691386463049,0.00143408978884319));
#3543=CARTESIAN_POINT('',(0.194707630643053,-0.00920175684837517,0.00255332549356198));
#3544=CARTESIAN_POINT('',(0.17763887135477,-0.0101405321261934,0.00404664843173958));
#3545=CARTESIAN_POINT('',(0.16481956604143,-0.0108034027759972,0.00516819232093447));
#3546=CARTESIAN_POINT('',(0.15199578174778,-0.0114088605886807,0.00629012807013069));
#3547=CARTESIAN_POINT('',(0.139169205623886,-0.011940033444069,0.00741230807282362));
#3548=CARTESIAN_POINT('',(0.126339089855859,-0.0123784926157232,0.00853479775425121));
#3549=CARTESIAN_POINT('',(0.113504872501211,-0.0127037131905036,0.00965764627801055));
#3550=CARTESIAN_POINT('',(0.100665879489088,-0.012892870801324,0.0107809126176599));
#3551=CARTESIAN_POINT('',(0.0899620925239054,-0.0129159625046349,0.0117173726339099));
#3552=CARTESIAN_POINT('',(0.0813960391779838,-0.0128401993389687,0.0124668051928364));
#3553=CARTESIAN_POINT('',(0.0749696184426024,-0.0127321179853478,0.0130290441542302));
#3554=CARTESIAN_POINT('',(0.068546518184682,-0.0125715965510735,0.0135909926114886));
#3555=CARTESIAN_POINT('',(0.0621267425442854,-0.0123749755807069,0.0141526502024032));
#3556=CARTESIAN_POINT('',(0.055709645548942,-0.0121563936357159,0.014714073442242));
#3557=CARTESIAN_POINT('',(0.0503636917649956,-0.0119662528254331,0.0151817837940708));
#3558=CARTESIAN_POINT('',(0.0460871328985176,-0.0118123707516918,0.015555934213789));
#3559=CARTESIAN_POINT('',(0.0428795121335888,-0.0116956982171062,0.0158365646676106));
#3560=CARTESIAN_POINT('',(0.0396713555847729,-0.0115764173370831,0.0161172419964484));
#3561=CARTESIAN_POINT('',(0.0364619625755764,-0.0114512310107313,0.0163980275015524));
#3562=CARTESIAN_POINT('',(0.033785735201535,-0.011336789222247,0.0166321670577988));
#3563=CARTESIAN_POINT('',(0.0316425873973796,-0.0112321324328008,0.0168196681949229));
#3564=CARTESIAN_POINT('',(0.0300334439464976,-0.0111437375197711,0.0169604500048621));
#3565=CARTESIAN_POINT('',(0.0284216710737605,-0.0110407109443981,0.0171014618594051));
#3566=CARTESIAN_POINT('',(0.0268050515045419,-0.0109148378954925,0.0172428977449459));
#3567=CARTESIAN_POINT('',(0.0254500229196851,-0.0107792046061931,0.0173614473848745));
#3568=CARTESIAN_POINT('',(0.0243527968489858,-0.0106334339303406,0.0174574422273858));
#3569=CARTESIAN_POINT('',(0.0235217471446612,-0.0104949488247591,0.0175301496553407));
#3570=CARTESIAN_POINT('',(0.0226744534198896,-0.0103072109201339,0.017604278250935));
#3571=CARTESIAN_POINT('',(0.0218113848046752,-0.0100382523692379,0.0176797869706112));
#3572=CARTESIAN_POINT('',(0.0209646038206044,-0.00966858329891451,0.0177538707072067));
#3573=CARTESIAN_POINT('',(0.0201728619518288,-0.00920313959998103,0.0178231391451634));
#3574=CARTESIAN_POINT('',(0.0195598938447372,-0.00873388318462023,0.0178767669056369));
#3575=CARTESIAN_POINT('',(0.0191062059980552,-0.00831934785986378,0.0179164594490011));
#3576=CARTESIAN_POINT('',(0.0186831311888589,-0.00788930923182874,0.0179534736986291));
#3577=CARTESIAN_POINT('',(0.0182000371707019,-0.00732078166443513,0.017995738948635));
#3578=CARTESIAN_POINT('',(0.0176829649153559,-0.00658693375389617,0.0180409769092016));
#3579=CARTESIAN_POINT('',(0.0172348666791402,-0.00581893751605758,0.0180801804250165));
#3580=CARTESIAN_POINT('',(0.0168547044397649,-0.00502843266054807,0.0181134403112624));
#3581=CARTESIAN_POINT('',(0.0165365950521934,-0.00421410641356113,0.0181412712764361));
#3582=CARTESIAN_POINT('',(0.0162781192396415,-0.00337621372324595,0.01816388497983));
#3583=CARTESIAN_POINT('',(0.0160792859367625,-0.00251803708554287,0.0181812806397634));
#3584=CARTESIAN_POINT('',(0.0158963256474214,-0.00137249093361613,0.0181972875909561));
#3585=CARTESIAN_POINT('',(0.0158282713790385,-0.000219777518675653,0.0182032415679442));
#3586=CARTESIAN_POINT('',(0.0158720966405639,0.000946959721366843,0.0181994073543846));
#3587=CARTESIAN_POINT('',(0.0159921339949818,0.00209961436085462,0.0181889054466734));
#3588=CARTESIAN_POINT('',(0.0162260442056181,0.00323086637261453,0.0181684409549598));
#3589=CARTESIAN_POINT('',(0.0165806235269981,0.0043387061904057,0.0181374192840184));
#3590=CARTESIAN_POINT('',(0.0169131695349126,0.00516149691694572,0.018108325278225));
#3591=CARTESIAN_POINT('',(0.0173065230359908,0.0059517930226683,0.0180739113061224));
#3592=CARTESIAN_POINT('',(0.017762195326212,0.00670804975216402,0.0180340451464452));
#3593=CARTESIAN_POINT('',(0.0182844900745597,0.00742853955847114,0.0179883502769457));
#3594=CARTESIAN_POINT('',(0.0188818796980263,0.00811123559161198,0.0179360854571843));
#3595=CARTESIAN_POINT('',(0.0195467926308415,0.00873237213865539,0.0178779131133312));
#3596=CARTESIAN_POINT('',(0.0202885908481764,0.00928015880796137,0.0178130141786906));
#3597=CARTESIAN_POINT('',(0.0211063084801861,0.00973913251667424,0.0177414731559245));
#3598=CARTESIAN_POINT('',(0.022232093266596,0.0102043005659514,0.0176429797495437));
#3599=CARTESIAN_POINT('',(0.0233874895070167,0.0104774995664877,0.0175418956766265));
#3600=CARTESIAN_POINT('',(0.0244934612962786,0.0106536795740808,0.0174451356828865));
#3601=CARTESIAN_POINT('',(0.0255863371099911,0.0107941944883703,0.017349521438545));
#3602=CARTESIAN_POINT('',(0.0269376396657838,0.0109262505951338,0.0172312977839196));
#3603=CARTESIAN_POINT('',(0.0285514434261458,0.0110496941081944,0.0170901082497323));
#3604=CARTESIAN_POINT('',(0.0301610341035498,0.0111511942156629,0.0169492873125425));
#3605=CARTESIAN_POINT('',(0.0317684128563071,0.0112385792638885,0.0168086598936838));
#3606=CARTESIAN_POINT('',(0.0339095965495626,0.0113423275980074,0.0166213305939974));
#3607=CARTESIAN_POINT('',(0.0365834987636114,0.0114561361260972,0.0163873944628912));
#3608=CARTESIAN_POINT('',(0.0397897432945016,0.0115808937081894,0.0161068844139464));
#3609=CARTESIAN_POINT('',(0.0429948698335039,0.0116999259071486,0.0158264721766176));
#3610=CARTESIAN_POINT('',(0.0461994435118233,0.0118164288641272,0.015546108308331));
#3611=CARTESIAN_POINT('',(0.0504719598966057,0.0119701222702932,0.0151723115599339));
#3612=CARTESIAN_POINT('',(0.0558128737634282,0.0121600115502939,0.0147050421437185));
#3613=CARTESIAN_POINT('',(0.0622238955474759,0.0123781425958402,0.0141441504159965));
#3614=CARTESIAN_POINT('',(0.068637676254878,0.0125741546307234,0.0135830173137576));
#3615=CARTESIAN_POINT('',(0.0750553424910612,0.0127339158776949,0.0130215442717985));
#3616=CARTESIAN_POINT('',(0.081475661646582,0.0128411846496409,0.0124598391294721));
#3617=CARTESIAN_POINT('',(0.090034031159415,0.0129161163617923,0.0117110788188333));
#3618=CARTESIAN_POINT('',(0.100730555970565,0.0128922690622219,0.0107752541587339));
#3619=CARTESIAN_POINT('',(0.113563644581477,0.012702501417329,0.00965250438725548));
#3620=CARTESIAN_POINT('',(0.126394203036204,0.0123768227547005,0.00852997597576015));
#3621=CARTESIAN_POINT('',(0.139218201272474,0.0119381517829647,0.00740802150901012));
#3622=CARTESIAN_POINT('',(0.152037463861152,0.0114069882845904,0.00628648135773873));
#3623=CARTESIAN_POINT('',(0.164852726639357,0.0108017426887331,0.00516529114454008));
#3624=CARTESIAN_POINT('',(0.177663769228956,0.0101391899205095,0.0040444701500024));
#3625=CARTESIAN_POINT('',(0.194721516864456,0.00920094819838925,0.00255211060661001));
#3626=CARTESIAN_POINT('',(0.207506098530863,0.00845659092612994,0.00143360464287809));
#3627=CARTESIAN_POINT('',(0.21602204246642,0.00796064817435077,0.000688556089294467));
#3628=CARTESIAN_POINT('',(0.201829290299008,-0.000145743135362864,0.00770192675313201));
#3629=CARTESIAN_POINT('',(0.215934886729361,-0.00796064817402315,-0.000307638609295017));
#3630=CARTESIAN_POINT('',(0.216022042472109,-0.00796064817402315,0.000688556088796783));
#3631=CARTESIAN_POINT('',(0.20739656984652,-0.00845789385872636,0.000439367323545544));
#3632=CARTESIAN_POINT('',(0.207483725589268,-0.00845789385872636,0.00143556202163734));
#3633=CARTESIAN_POINT('',(0.19031852145581,-0.00945218057040502,0.00193350295287985));
#3634=CARTESIAN_POINT('',(0.190405677198558,-0.00945218057040502,0.00292969765097165));
#3635=CARTESIAN_POINT('',(0.164691060091033,-0.0108340250792622,0.00417561529724641));
#3636=CARTESIAN_POINT('',(0.164778215833781,-0.0108340250792622,0.00517180999533821));
#3637=CARTESIAN_POINT('',(0.143321341311833,-0.0117953142139631,0.00604522343316348));
#3638=CARTESIAN_POINT('',(0.14340849705458,-0.0117953142139631,0.00704141813125528));
#3639=CARTESIAN_POINT('',(0.126219445658165,-0.0123794650143133,0.0075414454276627));
#3640=CARTESIAN_POINT('',(0.126306601400913,-0.0123794650143133,0.0085376401257545));
#3641=CARTESIAN_POINT('',(0.113388852250651,-0.0127043054784488,0.00866397689713058));
#3642=CARTESIAN_POINT('',(0.113476007993399,-0.0127043054784488,0.00966017159522238));
#3643=CARTESIAN_POINT('',(0.100553288742568,-0.0128930009829327,0.00978694319405488));
#3644=CARTESIAN_POINT('',(0.100640444485316,-0.0128930009829327,0.0107831378921467));
#3645=CARTESIAN_POINT('',(0.0877130281745588,-0.01292074735233,0.0109103204304747));
#3646=CARTESIAN_POINT('',(0.0878001839173065,-0.01292074735233,0.0119065151285665));
#3647=CARTESIAN_POINT('',(0.0770050950027994,-0.0127854130903352,0.0118471431927968));
#3648=CARTESIAN_POINT('',(0.0770922507455471,-0.0127854130903352,0.0128433378908886));
#3649=CARTESIAN_POINT('',(0.0684430566809397,-0.0125711069641115,0.0125962244826341));
#3650=CARTESIAN_POINT('',(0.0685302124236874,-0.0125711069641115,0.0135924191807259));
#3651=CARTESIAN_POINT('',(0.0620251618268705,-0.0123745026176895,0.0131577175260665));
#3652=CARTESIAN_POINT('',(0.0621123175696182,-0.0123745026176895,0.0141539122241583));
#3653=CARTESIAN_POINT('',(0.0556098593417552,-0.0121559725333768,0.0137189837666037));
#3654=CARTESIAN_POINT('',(0.0556970150845028,-0.0121559725333768,0.0147151784646955));
#3655=CARTESIAN_POINT('',(0.0491965269072542,-0.0119277441795807,0.0142800776500457));
#3656=CARTESIAN_POINT('',(0.0492836826500019,-0.0119277441795807,0.0152762723481375));
#3657=CARTESIAN_POINT('',(0.043852420629647,-0.0117350682568618,0.014747626366014));
#3658=CARTESIAN_POINT('',(0.0439395763723947,-0.0117350682568618,0.0157438210641058));
#3659=CARTESIAN_POINT('',(0.0395760972964905,-0.0115761242439534,0.0151217561792366));
#3660=CARTESIAN_POINT('',(0.0396632530392382,-0.0115761242439534,0.0161179508773284));
#3661=CARTESIAN_POINT('',(0.0363675567754355,-0.0114509149611568,0.0154024671012925));
#3662=CARTESIAN_POINT('',(0.0364547125181831,-0.0114509149611568,0.0163986617993843));
#3663=CARTESIAN_POINT('',(0.0331571586196496,-0.0113136885507089,0.0156833405453283));
#3664=CARTESIAN_POINT('',(0.0332443143623973,-0.0113136885507089,0.0166795352434201));
#3665=CARTESIAN_POINT('',(0.0299415887382878,-0.0111497552389807,0.0159646664567229));
#3666=CARTESIAN_POINT('',(0.0300287444810355,-0.0111497552389807,0.0169608611548147));
#3667=CARTESIAN_POINT('',(0.0272561396600706,-0.0109692507024572,0.016199612807543));
#3668=CARTESIAN_POINT('',(0.0273432954028183,-0.0109692507024572,0.0171958075056348));
#3669=CARTESIAN_POINT('',(0.0250859718794672,-0.0107502534823432,0.016389477886295));
#3670=CARTESIAN_POINT('',(0.0251731276222148,-0.0107502534823432,0.0173856725843868));
#3671=CARTESIAN_POINT('',(0.0234424671052225,-0.0105193955297105,0.0165332659224921));
#3672=CARTESIAN_POINT('',(0.0235296228479701,-0.0105193955297105,0.0175294606205839));
#3673=CARTESIAN_POINT('',(0.0217128972124041,-0.0100882153979551,0.0166845836808895));
#3674=CARTESIAN_POINT('',(0.0218000529551517,-0.0100882153979551,0.0176807783789813));
#3675=CARTESIAN_POINT('',(0.0200475059901753,-0.00924903429682346,0.0168302865331701));
#3676=CARTESIAN_POINT('',(0.020134661732923,-0.00924903429682346,0.0178264812312619));
#3677=CARTESIAN_POINT('',(0.0186521235995203,-0.00802646385906967,0.0169523666736361));
#3678=CARTESIAN_POINT('',(0.0187392793422679,-0.00802646385906967,0.0179485613717279));
#3679=CARTESIAN_POINT('',(0.0171992125516044,-0.00612799980200084,0.0170794799194403));
#3680=CARTESIAN_POINT('',(0.0172863682943521,-0.00612799980200084,0.0180756746175321));
#3681=CARTESIAN_POINT('',(0.0160399076740416,-0.00340920754952013,0.0171809059537974));
#3682=CARTESIAN_POINT('',(0.0161270634167893,-0.00340920754952013,0.0181771006518892));
#3683=CARTESIAN_POINT('',(0.0156132064056049,7.72018470447667E-5,0.0172182374774977));
#3684=CARTESIAN_POINT('',(0.0157003621483525,7.72018470447667E-5,0.0182144321755895));
#3685=CARTESIAN_POINT('',(0.0160756374904433,0.00353873039513422,0.0171777799999124));
#3686=CARTESIAN_POINT('',(0.0161627932331909,0.00353873039513422,0.0181739746980042));
#3687=CARTESIAN_POINT('',(0.017269399417822,0.00625425205856942,0.0170733393643179));
#3688=CARTESIAN_POINT('',(0.0173565551605696,0.00625425205856942,0.0180695340624097));
#3689=CARTESIAN_POINT('',(0.0187550452560181,0.00813582410256903,0.0169433621954613));
#3690=CARTESIAN_POINT('',(0.0188422009987657,0.00813582410256903,0.0179395568935531));
#3691=CARTESIAN_POINT('',(0.020164125147914,0.00932680574014875,0.016820083678918));
#3692=CARTESIAN_POINT('',(0.0202512808906616,0.00932680574014875,0.0178162783770098));
#3693=CARTESIAN_POINT('',(0.0218570689865071,0.0101388138203205,0.0166719702850551));
#3694=CARTESIAN_POINT('',(0.0219442247292548,0.0101388138203205,0.0176681649831469));
#3695=CARTESIAN_POINT('',(0.0235830880421687,0.0105428424009823,0.016520963184655));
#3696=CARTESIAN_POINT('',(0.0236702437849164,0.0105428424009823,0.0175171578827468));
#3697=CARTESIAN_POINT('',(0.0252239513481288,0.0107663221394164,0.0163774062469878));
#3698=CARTESIAN_POINT('',(0.0253111070908764,0.0107663221394164,0.0173736009450796));
#3699=CARTESIAN_POINT('',(0.0273867004092773,0.0109790578872618,0.0161881902220859));
#3700=CARTESIAN_POINT('',(0.027473856152025,0.0109790578872618,0.0171843849201777));
#3701=CARTESIAN_POINT('',(0.0300691908817989,0.0111570874369716,0.015953502715724));
#3702=CARTESIAN_POINT('',(0.0301563466245466,0.0111570874369716,0.0169496974138158));
#3703=CARTESIAN_POINT('',(0.0332813699528241,0.0113193267204268,0.0156724734617941));
#3704=CARTESIAN_POINT('',(0.0333685256955718,0.0113193267204268,0.0166686681598859));
#3705=CARTESIAN_POINT('',(0.0364890841645901,0.0114558271653217,0.0153918348324336));
#3706=CARTESIAN_POINT('',(0.0365762399073377,0.0114558271653217,0.0163880295305254));
#3707=CARTESIAN_POINT('',(0.0396944499935208,0.0115805979557305,0.0151114016599488));
#3708=CARTESIAN_POINT('',(0.0397816057362684,0.0115805979557305,0.0161075963580406));
#3709=CARTESIAN_POINT('',(0.0439667407477198,0.0117392141101453,0.0147376246516697));
#3710=CARTESIAN_POINT('',(0.0440538964904674,0.0117392141101453,0.0157338193497615));
#3711=CARTESIAN_POINT('',(0.0493057705005308,0.0119316641897106,0.0142705200740712));
#3712=CARTESIAN_POINT('',(0.0493929262432785,0.0119316641897106,0.015266714772163));
#3713=CARTESIAN_POINT('',(0.0557130635732407,0.0121595897252323,0.0137099545663208));
#3714=CARTESIAN_POINT('',(0.0558002193159884,0.0121595897252323,0.0147061492644126));
#3715=CARTESIAN_POINT('',(0.062122289755632,0.0123776688752539,0.0131492199333881));
#3716=CARTESIAN_POINT('',(0.0622094454983797,0.0123776688752539,0.0141454146314799));
#3717=CARTESIAN_POINT('',(0.0685341953062346,0.0125736686735776,0.0125882508861114));
#3718=CARTESIAN_POINT('',(0.0686213510489822,0.0125736686735776,0.0135844455842032));
#3719=CARTESIAN_POINT('',(0.0770889666567726,0.0127869435529233,0.011839805373883));
#3720=CARTESIAN_POINT('',(0.0771761223995203,0.0127869435529233,0.0128360000719748));
#3721=CARTESIAN_POINT('',(0.0877863617615738,0.0129210234824129,0.0109039045729552));
#3722=CARTESIAN_POINT('',(0.0878735175043215,0.0129210234824129,0.011900099271047));
#3723=CARTESIAN_POINT('',(0.100617951615609,0.0128924092769887,0.00978128592571281));
#3724=CARTESIAN_POINT('',(0.100705107358356,0.0128924092769887,0.0107774806238046));
#3725=CARTESIAN_POINT('',(0.113447597297294,0.0127030932961119,0.00865883737151108));
#3726=CARTESIAN_POINT('',(0.113534753040041,0.0127030932961119,0.00965503206960288));
#3727=CARTESIAN_POINT('',(0.126274519888424,0.0123777984924868,0.00753662705686266));
#3728=CARTESIAN_POINT('',(0.126361675631171,0.0123777984924868,0.00853282175495446));
#3729=CARTESIAN_POINT('',(0.143368353215765,0.0117933593097926,0.0060411104245187));
#3730=CARTESIAN_POINT('',(0.143455508958512,0.0117933593097926,0.0070373051226105));
#3731=CARTESIAN_POINT('',(0.164724247111722,0.0108323053632458,0.00417271180915995));
#3732=CARTESIAN_POINT('',(0.164811402854469,0.0108323053632458,0.00516890650725175));
#3733=CARTESIAN_POINT('',(0.190335163959109,0.00945121227707715,0.00193204692250852));
#3734=CARTESIAN_POINT('',(0.190422319701857,0.00945121227707715,0.00292824162060032));
#3735=CARTESIAN_POINT('',(0.207402113527044,0.00845757101126311,0.00043888231434557));
#3736=CARTESIAN_POINT('',(0.207489269269791,0.00845757101126311,0.00143507701243737));
#3737=CARTESIAN_POINT('',(0.215934886723673,0.00796064817435077,-0.000307638608797316));
#3738=CARTESIAN_POINT('',(0.21602204246642,0.00796064817435077,0.000688556089294483));
#3739=CARTESIAN_POINT('',(0.215934886729361,-0.00796064817402315,-0.000307638609294979));
#3740=CARTESIAN_POINT('',(0.207413397544359,-0.00845691386463049,0.000437895090751449));
#3741=CARTESIAN_POINT('',(0.194620474900306,-0.00920175684837517,0.00155713079547023));
#3742=CARTESIAN_POINT('',(0.177551715612022,-0.0101405321261934,0.00305045373364784));
#3743=CARTESIAN_POINT('',(0.164732410298682,-0.0108034027759972,0.00417199762284273));
#3744=CARTESIAN_POINT('',(0.151908626005031,-0.0114088605886807,0.00529393337203894));
#3745=CARTESIAN_POINT('',(0.139082049881138,-0.011940033444069,0.00641611337473188));
#3746=CARTESIAN_POINT('',(0.126251934113111,-0.0123784926157232,0.00753860305615947));
#3747=CARTESIAN_POINT('',(0.113417716758464,-0.0127037131905036,0.0086614515799188));
#3748=CARTESIAN_POINT('',(0.10057872374634,-0.012892870801324,0.00978471791956816));
#3749=CARTESIAN_POINT('',(0.0898749367811578,-0.0129159625046349,0.0107211779358182));
#3750=CARTESIAN_POINT('',(0.0813088834352362,-0.0128401993389687,0.0114706104947446));
#3751=CARTESIAN_POINT('',(0.0748824626998548,-0.0127321179853478,0.0120328494561384));
#3752=CARTESIAN_POINT('',(0.0684593624419343,-0.0125715965510735,0.0125947979133969));
#3753=CARTESIAN_POINT('',(0.0620395868015377,-0.0123749755807069,0.0131564555043115));
#3754=CARTESIAN_POINT('',(0.0556224898061943,-0.0121563936357159,0.0137178787441503));
#3755=CARTESIAN_POINT('',(0.0502765360222479,-0.0119662528254331,0.0141855890959791));
#3756=CARTESIAN_POINT('',(0.04599997715577,-0.0118123707516918,0.0145597395156972));
#3757=CARTESIAN_POINT('',(0.0427923563908411,-0.0116956982171062,0.0148403699695188));
#3758=CARTESIAN_POINT('',(0.0395841998420252,-0.0115764173370831,0.0151210472983567));
#3759=CARTESIAN_POINT('',(0.0363748068328287,-0.0114512310107313,0.0154018328034607));
#3760=CARTESIAN_POINT('',(0.0336985794587873,-0.011336789222247,0.0156359723597071));
#3761=CARTESIAN_POINT('',(0.031555431654632,-0.0112321324328008,0.0158234734968312));
#3762=CARTESIAN_POINT('',(0.0299462882037499,-0.0111437375197711,0.0159642553067704));
#3763=CARTESIAN_POINT('',(0.0283345153310129,-0.0110407109443981,0.0161052671613134));
#3764=CARTESIAN_POINT('',(0.0267178957617943,-0.0109148378954925,0.0162467030468542));
#3765=CARTESIAN_POINT('',(0.0253628671769374,-0.0107792046061931,0.0163652526867828));
#3766=CARTESIAN_POINT('',(0.0242656411062381,-0.0106334339303406,0.0164612475292941));
#3767=CARTESIAN_POINT('',(0.0234345914019135,-0.0104949488247591,0.016533954957249));
#3768=CARTESIAN_POINT('',(0.0225872976771419,-0.0103072109201339,0.0166080835528432));
#3769=CARTESIAN_POINT('',(0.0217242290619276,-0.0100382523692379,0.0166835922725194));
#3770=CARTESIAN_POINT('',(0.0208774480778567,-0.00966858329891451,0.016757676009115));
#3771=CARTESIAN_POINT('',(0.0200857062090812,-0.00920313959998103,0.0168269444470717));
#3772=CARTESIAN_POINT('',(0.0194727381019895,-0.00873388318462023,0.0168805722075451));
#3773=CARTESIAN_POINT('',(0.0190190502553075,-0.00831934785986378,0.0169202647509093));
#3774=CARTESIAN_POINT('',(0.0185959754461112,-0.00788930923182874,0.0169572790005374));
#3775=CARTESIAN_POINT('',(0.0181128814279542,-0.00732078166443513,0.0169995442505433));
#3776=CARTESIAN_POINT('',(0.0175958091726082,-0.00658693375389617,0.0170447822111098));
#3777=CARTESIAN_POINT('',(0.0171477109363926,-0.00581893751605758,0.0170839857269247));
#3778=CARTESIAN_POINT('',(0.0167675486970172,-0.00502843266054807,0.0171172456131707));
#3779=CARTESIAN_POINT('',(0.0164494393094458,-0.00421410641356113,0.0171450765783444));
#3780=CARTESIAN_POINT('',(0.0161909634968939,-0.00337621372324595,0.0171676902817383));
#3781=CARTESIAN_POINT('',(0.0159921301940148,-0.00251803708554287,0.0171850859416716));
#3782=CARTESIAN_POINT('',(0.0158091699046737,-0.00137249093361613,0.0172010928928644));
#3783=CARTESIAN_POINT('',(0.0157411156362908,-0.000219777518675653,0.0172070468698524));
#3784=CARTESIAN_POINT('',(0.0157849408978163,0.000946959721366843,0.0172032126562929));
#3785=CARTESIAN_POINT('',(0.0159049782522342,0.00209961436085462,0.0171927107485817));
#3786=CARTESIAN_POINT('',(0.0161388884628704,0.00323086637261453,0.017172246256868));
#3787=CARTESIAN_POINT('',(0.0164934677842505,0.0043387061904057,0.0171412245859266));
#3788=CARTESIAN_POINT('',(0.0168260137921649,0.00516149691694572,0.0171121305801333));
#3789=CARTESIAN_POINT('',(0.0172193672932432,0.0059517930226683,0.0170777166080307));
#3790=CARTESIAN_POINT('',(0.0176750395834643,0.00670804975216402,0.0170378504483534));
#3791=CARTESIAN_POINT('',(0.0181973343318121,0.00742853955847114,0.0169921555788539));
#3792=CARTESIAN_POINT('',(0.0187947239552787,0.00811123559161198,0.0169398907590925));
#3793=CARTESIAN_POINT('',(0.0194596368880939,0.00873237213865539,0.0168817184152395));
#3794=CARTESIAN_POINT('',(0.0202014351054288,0.00928015880796137,0.0168168194805989));
#3795=CARTESIAN_POINT('',(0.0210191527374384,0.00973913251667424,0.0167452784578328));
#3796=CARTESIAN_POINT('',(0.0221449375238484,0.0102043005659514,0.016646785051452));
#3797=CARTESIAN_POINT('',(0.023300333764269,0.0104774995664877,0.0165457009785347));
#3798=CARTESIAN_POINT('',(0.0244063055535309,0.0106536795740808,0.0164489409847948));
#3799=CARTESIAN_POINT('',(0.0254991813672434,0.0107941944883703,0.0163533267404533));
#3800=CARTESIAN_POINT('',(0.0268504839230361,0.0109262505951338,0.0162351030858278));
#3801=CARTESIAN_POINT('',(0.0284642876833981,0.0110496941081944,0.0160939135516406));
#3802=CARTESIAN_POINT('',(0.0300738783608022,0.0111511942156629,0.0159530926144507));
#3803=CARTESIAN_POINT('',(0.0316812571135595,0.0112385792638885,0.0158124651955921));
#3804=CARTESIAN_POINT('',(0.033822440806815,0.0113423275980074,0.0156251358959057));
#3805=CARTESIAN_POINT('',(0.0364963430208637,0.0114561361260972,0.0153911997647995));
#3806=CARTESIAN_POINT('',(0.039702587551754,0.0115808937081894,0.0151106897158546));
#3807=CARTESIAN_POINT('',(0.0429077140907562,0.0116999259071486,0.0148302774785258));
#3808=CARTESIAN_POINT('',(0.0461122877690757,0.0118164288641272,0.0145499136102393));
#3809=CARTESIAN_POINT('',(0.050384804153858,0.0119701222702932,0.0141761168618421));
#3810=CARTESIAN_POINT('',(0.0557257180206805,0.0121600115502939,0.0137088474456267));
#3811=CARTESIAN_POINT('',(0.0621367398047282,0.0123781425958402,0.0131479557179048));
#3812=CARTESIAN_POINT('',(0.0685505205121304,0.0125741546307234,0.0125868226156658));
#3813=CARTESIAN_POINT('',(0.0749681867483135,0.0127339158776949,0.0120253495737067));
#3814=CARTESIAN_POINT('',(0.0813885059038344,0.0128411846496409,0.0114636444313803));
#3815=CARTESIAN_POINT('',(0.0899468754166674,0.0129161163617923,0.0107148841207415));
#3816=CARTESIAN_POINT('',(0.100643400227817,0.0128922690622219,0.00977905946064217));
#3817=CARTESIAN_POINT('',(0.113476488838729,0.012702501417329,0.00865630968916373));
#3818=CARTESIAN_POINT('',(0.126307047293456,0.0123768227547005,0.00753378127766841));
#3819=CARTESIAN_POINT('',(0.139131045529726,0.0119381517829647,0.00641182681091838));
#3820=CARTESIAN_POINT('',(0.151950308118405,0.0114069882845904,0.00529028665964699));
#3821=CARTESIAN_POINT('',(0.16476557089661,0.0108017426887331,0.00416909644644833));
#3822=CARTESIAN_POINT('',(0.177576613486209,0.0101391899205095,0.00304827545191065));
#3823=CARTESIAN_POINT('',(0.194634361121708,0.00920094819838925,0.00155591590851826));
#3824=CARTESIAN_POINT('',(0.207418942788115,0.00845659092612994,0.000437409944786344));
#3825=CARTESIAN_POINT('',(0.215934886723673,0.00796064817435077,-0.000307638608797278));
#3826=CARTESIAN_POINT('',(0.0161524462216308,-0.003,0.0176994591042805));
#3827=CARTESIAN_POINT('',(0.0156861419009781,-0.00102529005463492,0.0177521951250341));
#3828=CARTESIAN_POINT('',(0.0156861091279443,0.00102618575880999,0.0177521413141823));
#3829=CARTESIAN_POINT('',(0.0161523908877356,0.003,0.017699452308694));
#3830=CARTESIAN_POINT('',(0.11219418575855,-3.21046037071345E-5,0.00876849667188373));
#3831=CARTESIAN_POINT('',(0.027322655407864,0.000241573534040145,0.0216556060677404));
#3832=CARTESIAN_POINT('',(0.197990304248207,0.00413,0.0125853966970008));
#3833=CARTESIAN_POINT('',(0.197990304248207,0.00413,0.0125853966970008));
#3834=CARTESIAN_POINT('',(0.198046083923566,0.00413,0.0132229613037796));
#3835=CARTESIAN_POINT('',(0.197990304248207,0.00349,0.0125853966970008));
#3836=CARTESIAN_POINT('',(0.197990304248207,0.00349,0.0125853966970008));
#3837=CARTESIAN_POINT('',(0.198046083923566,0.00413,0.0132229613037796));
#3838=CARTESIAN_POINT('',(0.198046083923566,0.00349,0.0132229613037796));
#3839=CARTESIAN_POINT('',(0.198046083923566,0.00349,0.0132229613037796));
#3840=CARTESIAN_POINT('',(0.197990304248207,0.00159,0.0125853966970008));
#3841=CARTESIAN_POINT('',(0.197990304248207,0.00159,0.0125853966970008));
#3842=CARTESIAN_POINT('',(0.198046083923566,0.00159,0.0132229613037796));
#3843=CARTESIAN_POINT('',(0.197990304248207,0.00095,0.0125853966970008));
#3844=CARTESIAN_POINT('',(0.197990304248207,0.00095,0.0125853966970008));
#3845=CARTESIAN_POINT('',(0.198046083923566,0.00159,0.0132229613037796));
#3846=CARTESIAN_POINT('',(0.198046083923566,0.00095,0.0132229613037796));
#3847=CARTESIAN_POINT('',(0.198046083923566,0.00095,0.0132229613037796));
#3848=CARTESIAN_POINT('',(0.197990304248207,-0.00095,0.0125853966970008));
#3849=CARTESIAN_POINT('',(0.197990304248207,-0.00095,0.0125853966970008));
#3850=CARTESIAN_POINT('',(0.198046083923566,-0.00095,0.0132229613037796));
#3851=CARTESIAN_POINT('',(0.197990304248207,-0.00159,0.0125853966970008));
#3852=CARTESIAN_POINT('',(0.197990304248207,-0.00159,0.0125853966970008));
#3853=CARTESIAN_POINT('',(0.198046083923566,-0.00095,0.0132229613037796));
#3854=CARTESIAN_POINT('',(0.198046083923566,-0.00159,0.0132229613037796));
#3855=CARTESIAN_POINT('',(0.198046083923566,-0.00159,0.0132229613037796));
#3856=CARTESIAN_POINT('',(0.197990304248207,-0.00349,0.0125853966970008));
#3857=CARTESIAN_POINT('',(0.197990304248207,-0.00349,0.0125853966970008));
#3858=CARTESIAN_POINT('',(0.198046083923566,-0.00349,0.0132229613037796));
#3859=CARTESIAN_POINT('',(0.197990304248207,-0.00413,0.0125853966970008));
#3860=CARTESIAN_POINT('',(0.197990304248207,-0.00413,0.0125853966970008));
#3861=CARTESIAN_POINT('',(0.198046083923566,-0.00349,0.0132229613037796));
#3862=CARTESIAN_POINT('',(0.198046083923566,-0.00413,0.0132229613037796));
#3863=CARTESIAN_POINT('',(0.198046083923566,-0.00413,0.0132229613037796));
#3864=CARTESIAN_POINT('',(0.00724469238439689,0.00303100286237038,0.0165180335262205));
#3865=CARTESIAN_POINT('',(0.0103289995831315,0.00305523972882704,0.0169531515093693));
#3866=CARTESIAN_POINT('',(0.0133103934779399,0.00307539560488985,0.0173461032604628));
#3867=CARTESIAN_POINT('',(0.0162028103872206,0.00309195014236969,0.0177004351026485));
#3868=CARTESIAN_POINT('',(0.00724867264019813,0.00205484597517118,0.0165891959388197));
#3869=CARTESIAN_POINT('',(0.0103362518013677,0.00207212632579295,0.0170197813810941));
#3870=CARTESIAN_POINT('',(0.0133203165757788,0.00208639338506805,0.0174086286865388));
#3871=CARTESIAN_POINT('',(0.0162148723616675,0.00209803261874809,0.0177592686395595));
#3872=CARTESIAN_POINT('',(0.00725255296646552,1.22313384102781E-12,0.0166600095836969));
#3873=CARTESIAN_POINT('',(0.0103436301556134,1.61245532262026E-12,0.0170856009110082));
#3874=CARTESIAN_POINT('',(0.0133305545879453,1.96067613822866E-12,0.0174699540423733));
#3875=CARTESIAN_POINT('',(0.0162274048093991,2.26539036372412E-12,0.0178165873461079));
#3876=CARTESIAN_POINT('',(0.00724867264015868,-0.00205484597273309,0.0165891959390466));
#3877=CARTESIAN_POINT('',(0.0103362518012975,-0.00207212632257297,0.0170197813813967));
#3878=CARTESIAN_POINT('',(0.0133203165756829,-0.00208639338115171,0.0174086286869025));
#3879=CARTESIAN_POINT('',(0.0162148723615503,-0.00209803261422276,0.0177592686399712));
#3880=CARTESIAN_POINT('',(0.00724469238433726,-0.00303100285998341,0.0165180335265497));
#3881=CARTESIAN_POINT('',(0.0103289995830275,-0.00305523972567208,0.0169531515098078));
#3882=CARTESIAN_POINT('',(0.0133103934777988,-0.00307539560105076,0.0173461032609896));
#3883=CARTESIAN_POINT('',(0.016202810387049,-0.00309195013793292,0.0177004351032447));
#3884=MECHANICAL_DESIGN_GEOMETRIC_PRESENTATION_REPRESENTATION('',(#763),
#3885);
#3885=(
GEOMETRIC_REPRESENTATION_CONTEXT(3)
GLOBAL_UNCERTAINTY_ASSIGNED_CONTEXT((#3886))
GLOBAL_UNIT_ASSIGNED_CONTEXT((#3889,#3888,#3887))
REPRESENTATION_CONTEXT('Enclosure Top','TOP_LEVEL_ASSEMBLY_PART')
);
#3886=UNCERTAINTY_MEASURE_WITH_UNIT(LENGTH_MEASURE(2.E-5),#3889,
'DISTANCE_ACCURACY_VALUE','Maximum Tolerance applied to model');
#3887=(
NAMED_UNIT(*)
SI_UNIT($,.STERADIAN.)
SOLID_ANGLE_UNIT()
);
#3888=(
NAMED_UNIT(*)
PLANE_ANGLE_UNIT()
SI_UNIT($,.RADIAN.)
);
#3889=(
LENGTH_UNIT()
NAMED_UNIT(*)
SI_UNIT($,.METRE.)
);
#3890=PRODUCT_DEFINITION_SHAPE('','',#3891);
#3891=PRODUCT_DEFINITION('','',#3893,#3892);
#3892=PRODUCT_DEFINITION_CONTEXT('',#3899,'design');
#3893=PRODUCT_DEFINITION_FORMATION_WITH_SPECIFIED_SOURCE('','',#3895,
 .NOT_KNOWN.);
#3894=PRODUCT_RELATED_PRODUCT_CATEGORY('','',(#3895));
#3895=PRODUCT('Enclosure Top','Enclosure Top','Enclosure Top',(#3897));
#3896=PRODUCT_CATEGORY('','');
#3897=PRODUCT_CONTEXT('',#3899,'mechanical');
#3898=APPLICATION_PROTOCOL_DEFINITION('international standard',
'ap242_managed_model_based_3d_engineering',2020,#3899);
#3899=APPLICATION_CONTEXT('managed model based 3d engineering');
ENDSEC;
END-ISO-10303-21;
