ISO-10303-21;
HEADER;
/* Generated by software containing ST-Developer
 * from STEP Tools, Inc. (www.steptools.com) 
 */
/* OPTION: using custom renumber hook */

FILE_DESCRIPTION(
/* description */ ('STEP AP242 Edition 2',
'CAx-IF Rec.Pracs.---Representation and Presentation of Product Manufa
cturing Information (PMI)---4.0---2014-10-13',
'CAx-IF Rec.Pracs.---3D Tessellated Geometry---0.4---2014-09-14','2;1',
'CAx-IF Rec.Pracs.---User Defined Attributes---1.5---2016-08-15'),
/* implementation_level */ '2;1');

FILE_NAME(
/* name */ 'iwand-pcb - iWand_Enclosure',
/* time_stamp */ '2026-09-28T15:58:40Z',
/* author */ (''),
/* organization */ (''),
/* preprocessor_version */ 'ST-DEVELOPER v20',
/* originating_system */ 'ONSHAPE BY PTC INC, 1.221',
/* authorisation */ '  ');

FILE_SCHEMA (('AP242_MANAGED_MODEL_BASED_3D_ENGINEERING_MIM_LF { 1 0 10303 442 3 1 4 }'));
ENDSEC;

DATA;
#10=SHAPE_REPRESENTATION_RELATIONSHIP('','',#502,#11);
#11=ADVANCED_BREP_SHAPE_REPRESENTATION('',(#500),#5408);
#12=CYLINDRICAL_SURFACE('',#515,0.00125);
#13=CYLINDRICAL_SURFACE('',#517,0.00125);
#14=CYLINDRICAL_SURFACE('',#519,0.00125);
#15=CYLINDRICAL_SURFACE('',#521,0.00125);
#16=(
BOUNDED_SURFACE()
B_SPLINE_SURFACE(3,2,((#4218,#4219,#4220),(#4221,#4222,#4223),(#4224,#4225,
#4226),(#4227,#4228,#4229),(#4230,#4231,#4232),(#4233,#4234,#4235),(#4236,
#4237,#4238),(#4239,#4240,#4241),(#4242,#4243,#4244),(#4245,#4246,#4247),
(#4248,#4249,#4250),(#4251,#4252,#4253),(#4254,#4255,#4256),(#4257,#4258,
#4259),(#4260,#4261,#4262),(#4263,#4264,#4265),(#4266,#4267,#4268),(#4269,
#4270,#4271),(#4272,#4273,#4274),(#4275,#4276,#4277),(#4278,#4279,#4280),
(#4281,#4282,#4283),(#4284,#4285,#4286),(#4287,#4288,#4289),(#4290,#4291,
#4292),(#4293,#4294,#4295),(#4296,#4297,#4298),(#4299,#4300,#4301),(#4302,
#4303,#4304),(#4305,#4306,#4307),(#4308,#4309,#4310),(#4311,#4312,#4313),
(#4314,#4315,#4316),(#4317,#4318,#4319),(#4320,#4321,#4322)),
 .UNSPECIFIED.,.T.,.F.,.F.)
B_SPLINE_SURFACE_WITH_KNOTS((1,3,1,1,1,1,1,1,1,1,1,1,1,1,1,1,1,1,1,1,1,
1,1,1,1,1,1,1,1,1,1,1,1,3,1),(3,3),(-0.00365068084583997,-0.00124660434464276,
0.00115747215655445,0.00356154865775166,0.00596562515894887,0.00836970166014608,
0.0107737781613433,0.0131778546625405,0.0155819311637377,0.0179860076649349,
0.0203900841661321,0.0227941606673293,0.0251982371685265,0.0276023136697237,
0.030006390170921,0.0324104666721182,0.0348145431733154,0.0372186196745126,
0.0396226961757098,0.042026772676907,0.0444308491781042,0.0468349256793014,
0.0492390021804986,0.0516430786816958,0.054047155182893,0.0564512316840902,
0.0588553081852875,0.0612593846864847,0.0636634611876819,0.0660675376888791,
0.0684716141900763,0.0708756906912735,0.0732797671924707,0.0756838436936679,
0.0780879201948651),(0.,1.),.UNSPECIFIED.)
GEOMETRIC_REPRESENTATION_ITEM()
RATIONAL_B_SPLINE_SURFACE(((1.,0.532310498750818,1.),(1.,0.53925061681436,
1.),(1.,0.556493944433556,1.),(1.,0.586552723235975,1.),(1.,0.613744243784691,
1.),(1.,0.638436467317497,1.),(1.,0.662655614155913,1.),(1.,0.69282356669867,
1.),(1.,0.727547362227365,1.),(1.,0.763759848607578,1.),(1.,0.792156643449266,
1.),(1.,0.80489983453764,1.),(1.,0.809206703035965,1.),(1.,0.809234086014975,
1.),(1.,0.808135866249782,1.),(1.,0.808347836736599,1.),(1.,0.809065953815347,
1.),(1.,0.807270426200027,1.),(1.,0.799663760879735,1.),(1.,0.779037712773244,
1.),(1.,0.74541216559247,1.),(1.,0.70836122720901,1.),(1.,0.675788100912516,
1.),(1.,0.648600065698349,1.),(1.,0.625890234202015,1.),(1.,0.600144745504701,
1.),(1.,0.571251139963121,1.),(1.,0.541797529409486,1.),(1.,0.521582227855258,
1.),(1.,0.509805218186587,1.),(1.,0.504916855946237,1.),(1.,0.506571051882187,
1.),(1.,0.514853236052299,1.),(1.,0.525370380687275,1.),(1.,0.532310498750818,
1.)))
REPRESENTATION_ITEM('')
SURFACE()
);
#17=(
BOUNDED_SURFACE()
B_SPLINE_SURFACE(3,2,((#5281,#5282,#5283),(#5284,#5285,#5286),(#5287,#5288,
#5289),(#5290,#5291,#5292),(#5293,#5294,#5295),(#5296,#5297,#5298),(#5299,
#5300,#5301),(#5302,#5303,#5304),(#5305,#5306,#5307),(#5308,#5309,#5310),
(#5311,#5312,#5313),(#5314,#5315,#5316),(#5317,#5318,#5319),(#5320,#5321,
#5322),(#5323,#5324,#5325),(#5326,#5327,#5328),(#5329,#5330,#5331),(#5332,
#5333,#5334),(#5335,#5336,#5337),(#5338,#5339,#5340),(#5341,#5342,#5343),
(#5344,#5345,#5346),(#5347,#5348,#5349),(#5350,#5351,#5352),(#5353,#5354,
#5355),(#5356,#5357,#5358),(#5359,#5360,#5361),(#5362,#5363,#5364),(#5365,
#5366,#5367),(#5368,#5369,#5370),(#5371,#5372,#5373),(#5374,#5375,#5376),
(#5377,#5378,#5379),(#5380,#5381,#5382)),.UNSPECIFIED.,.T.,.F.,.F.)
B_SPLINE_SURFACE_WITH_KNOTS((1,3,1,1,1,1,1,1,1,1,1,1,1,1,1,1,1,1,1,1,1,
1,1,1,1,1,1,1,1,1,1,1,3,1),(3,3),(-0.00365068084583997,-0.00124660434464276,
0.00115747215655445,0.00356154865775166,0.00596562515894887,0.00836970166014608,
0.0107737781613433,0.0131778546625405,0.0155819311637377,0.0179860076649349,
0.0203900841661321,0.0227941606673293,0.0251982371685265,0.0276023136697237,
0.030006390170921,0.0324104666721182,0.0348145431733154,0.0372186196745126,
0.0396226961757098,0.042026772676907,0.0444308491781042,0.0468349256793014,
0.0492390021804986,0.0516430786816958,0.054047155182893,0.0564512316840902,
0.0588553081852875,0.0612593846864847,0.0636634611876819,0.0660675376888791,
0.0708756906912735,0.0732797671924707,0.0756838436936679,0.0780879201948651),
(0.,1.),.UNSPECIFIED.)
GEOMETRIC_REPRESENTATION_ITEM()
RATIONAL_B_SPLINE_SURFACE(((1.,0.532310498750818,1.),(1.,0.539251195163138,
1.),(1.,0.556493676020954,1.),(1.,0.586552795156914,1.),(1.,0.613744224513533,
1.),(1.,0.638436472481189,1.),(1.,0.662655612772305,1.),(1.,0.692823567069408,
1.),(1.,0.727547362128026,1.),(1.,0.763759848634196,1.),(1.,0.792156643442133,
1.),(1.,0.804899834539551,1.),(1.,0.80920670303545,1.),(1.,0.809234086015122,
1.),(1.,0.808135866249709,1.),(1.,0.808347836736747,1.),(1.,0.809065953814833,
1.),(1.,0.807270426201939,1.),(1.,0.799663760872602,1.),(1.,0.779037712799862,
1.),(1.,0.745412165493132,1.),(1.,0.708361227579747,1.),(1.,0.675788099528908,
1.),(1.,0.648600070862043,1.),(1.,0.625890214930858,1.),(1.,0.600144817425637,
1.),(1.,0.571250871550531,1.),(1.,0.541798531138948,1.),(1.,0.521578489349995,
1.),(1.,0.505899397520908,1.),(1.,0.50383017304936,1.),(1.,0.514849497547036,
1.),(1.,0.525369802338498,1.),(1.,0.532310498750818,1.)))
REPRESENTATION_ITEM('')
SURFACE()
);
#18=PLANE('',#508);
#19=PLANE('',#509);
#20=PLANE('',#510);
#21=PLANE('',#511);
#22=PLANE('',#512);
#23=PLANE('',#513);
#24=PLANE('',#514);
#25=PLANE('',#516);
#26=PLANE('',#518);
#27=PLANE('',#520);
#28=PLANE('',#522);
#29=LINE('',#2627,#45);
#30=LINE('',#2631,#46);
#31=LINE('',#2635,#47);
#32=LINE('',#2639,#48);
#33=LINE('',#5384,#49);
#34=LINE('',#5385,#50);
#35=LINE('',#5387,#51);
#36=LINE('',#5389,#52);
#37=LINE('',#5392,#53);
#38=LINE('',#5393,#54);
#39=LINE('',#5395,#55);
#40=LINE('',#5397,#56);
#41=LINE('',#5399,#57);
#42=LINE('',#5401,#58);
#43=LINE('',#5403,#59);
#44=LINE('',#5405,#60);
#45=VECTOR('',#527,1.);
#46=VECTOR('',#530,1.);
#47=VECTOR('',#533,1.);
#48=VECTOR('',#536,1.);
#49=VECTOR('',#545,1.);
#50=VECTOR('',#546,1.);
#51=VECTOR('',#549,1.);
#52=VECTOR('',#552,1.);
#53=VECTOR('',#557,1.);
#54=VECTOR('',#558,1.);
#55=VECTOR('',#561,1.);
#56=VECTOR('',#564,1.);
#57=VECTOR('',#567,1.);
#58=VECTOR('',#570,1.);
#59=VECTOR('',#573,1.);
#60=VECTOR('',#576,1.);
#61=CIRCLE('',#504,0.003);
#62=CIRCLE('',#505,0.003);
#63=CIRCLE('',#506,0.003);
#64=CIRCLE('',#507,0.003);
#65=ORIENTED_EDGE('',*,*,#215,.F.);
#66=ORIENTED_EDGE('',*,*,#216,.T.);
#67=ORIENTED_EDGE('',*,*,#217,.T.);
#68=ORIENTED_EDGE('',*,*,#218,.T.);
#69=ORIENTED_EDGE('',*,*,#219,.T.);
#70=ORIENTED_EDGE('',*,*,#220,.T.);
#71=ORIENTED_EDGE('',*,*,#221,.T.);
#72=ORIENTED_EDGE('',*,*,#222,.T.);
#73=ORIENTED_EDGE('',*,*,#223,.T.);
#74=ORIENTED_EDGE('',*,*,#224,.T.);
#75=ORIENTED_EDGE('',*,*,#225,.T.);
#76=ORIENTED_EDGE('',*,*,#226,.T.);
#77=ORIENTED_EDGE('',*,*,#227,.F.);
#78=ORIENTED_EDGE('',*,*,#228,.F.);
#79=ORIENTED_EDGE('',*,*,#229,.F.);
#80=ORIENTED_EDGE('',*,*,#230,.F.);
#81=ORIENTED_EDGE('',*,*,#231,.F.);
#82=ORIENTED_EDGE('',*,*,#232,.F.);
#83=ORIENTED_EDGE('',*,*,#233,.F.);
#84=ORIENTED_EDGE('',*,*,#234,.F.);
#85=ORIENTED_EDGE('',*,*,#235,.T.);
#86=ORIENTED_EDGE('',*,*,#236,.T.);
#87=ORIENTED_EDGE('',*,*,#237,.T.);
#88=ORIENTED_EDGE('',*,*,#238,.T.);
#89=ORIENTED_EDGE('',*,*,#239,.T.);
#90=ORIENTED_EDGE('',*,*,#240,.T.);
#91=ORIENTED_EDGE('',*,*,#241,.T.);
#92=ORIENTED_EDGE('',*,*,#242,.T.);
#93=ORIENTED_EDGE('',*,*,#243,.F.);
#94=ORIENTED_EDGE('',*,*,#244,.F.);
#95=ORIENTED_EDGE('',*,*,#245,.F.);
#96=ORIENTED_EDGE('',*,*,#246,.T.);
#97=ORIENTED_EDGE('',*,*,#247,.T.);
#98=ORIENTED_EDGE('',*,*,#248,.T.);
#99=ORIENTED_EDGE('',*,*,#249,.T.);
#100=ORIENTED_EDGE('',*,*,#246,.F.);
#101=ORIENTED_EDGE('',*,*,#250,.F.);
#102=ORIENTED_EDGE('',*,*,#251,.F.);
#103=ORIENTED_EDGE('',*,*,#252,.T.);
#104=ORIENTED_EDGE('',*,*,#253,.F.);
#105=ORIENTED_EDGE('',*,*,#254,.F.);
#106=ORIENTED_EDGE('',*,*,#255,.F.);
#107=ORIENTED_EDGE('',*,*,#256,.F.);
#108=ORIENTED_EDGE('',*,*,#257,.F.);
#109=ORIENTED_EDGE('',*,*,#258,.F.);
#110=ORIENTED_EDGE('',*,*,#259,.F.);
#111=ORIENTED_EDGE('',*,*,#260,.F.);
#112=ORIENTED_EDGE('',*,*,#261,.F.);
#113=ORIENTED_EDGE('',*,*,#262,.F.);
#114=ORIENTED_EDGE('',*,*,#263,.F.);
#115=ORIENTED_EDGE('',*,*,#264,.F.);
#116=ORIENTED_EDGE('',*,*,#265,.F.);
#117=ORIENTED_EDGE('',*,*,#234,.T.);
#118=ORIENTED_EDGE('',*,*,#233,.T.);
#119=ORIENTED_EDGE('',*,*,#232,.T.);
#120=ORIENTED_EDGE('',*,*,#231,.T.);
#121=ORIENTED_EDGE('',*,*,#230,.T.);
#122=ORIENTED_EDGE('',*,*,#229,.T.);
#123=ORIENTED_EDGE('',*,*,#228,.T.);
#124=ORIENTED_EDGE('',*,*,#227,.T.);
#125=ORIENTED_EDGE('',*,*,#266,.T.);
#126=ORIENTED_EDGE('',*,*,#267,.T.);
#127=ORIENTED_EDGE('',*,*,#268,.T.);
#128=ORIENTED_EDGE('',*,*,#269,.T.);
#129=ORIENTED_EDGE('',*,*,#270,.T.);
#130=ORIENTED_EDGE('',*,*,#271,.T.);
#131=ORIENTED_EDGE('',*,*,#272,.T.);
#132=ORIENTED_EDGE('',*,*,#273,.T.);
#133=ORIENTED_EDGE('',*,*,#223,.F.);
#134=ORIENTED_EDGE('',*,*,#222,.F.);
#135=ORIENTED_EDGE('',*,*,#221,.F.);
#136=ORIENTED_EDGE('',*,*,#220,.F.);
#137=ORIENTED_EDGE('',*,*,#219,.F.);
#138=ORIENTED_EDGE('',*,*,#226,.F.);
#139=ORIENTED_EDGE('',*,*,#225,.F.);
#140=ORIENTED_EDGE('',*,*,#224,.F.);
#141=ORIENTED_EDGE('',*,*,#273,.F.);
#142=ORIENTED_EDGE('',*,*,#272,.F.);
#143=ORIENTED_EDGE('',*,*,#271,.F.);
#144=ORIENTED_EDGE('',*,*,#270,.F.);
#145=ORIENTED_EDGE('',*,*,#269,.F.);
#146=ORIENTED_EDGE('',*,*,#268,.F.);
#147=ORIENTED_EDGE('',*,*,#267,.F.);
#148=ORIENTED_EDGE('',*,*,#266,.F.);
#149=ORIENTED_EDGE('',*,*,#249,.F.);
#150=ORIENTED_EDGE('',*,*,#274,.T.);
#151=ORIENTED_EDGE('',*,*,#265,.T.);
#152=ORIENTED_EDGE('',*,*,#275,.F.);
#153=ORIENTED_EDGE('',*,*,#248,.F.);
#154=ORIENTED_EDGE('',*,*,#276,.T.);
#155=ORIENTED_EDGE('',*,*,#263,.T.);
#156=ORIENTED_EDGE('',*,*,#274,.F.);
#157=ORIENTED_EDGE('',*,*,#275,.T.);
#158=ORIENTED_EDGE('',*,*,#264,.T.);
#159=ORIENTED_EDGE('',*,*,#276,.F.);
#160=ORIENTED_EDGE('',*,*,#247,.F.);
#161=ORIENTED_EDGE('',*,*,#277,.F.);
#162=ORIENTED_EDGE('',*,*,#244,.T.);
#163=ORIENTED_EDGE('',*,*,#243,.T.);
#164=ORIENTED_EDGE('',*,*,#250,.T.);
#165=ORIENTED_EDGE('',*,*,#245,.T.);
#166=ORIENTED_EDGE('',*,*,#277,.T.);
#167=ORIENTED_EDGE('',*,*,#215,.T.);
#168=ORIENTED_EDGE('',*,*,#278,.T.);
#169=ORIENTED_EDGE('',*,*,#252,.F.);
#170=ORIENTED_EDGE('',*,*,#279,.F.);
#171=ORIENTED_EDGE('',*,*,#280,.T.);
#172=ORIENTED_EDGE('',*,*,#253,.T.);
#173=ORIENTED_EDGE('',*,*,#278,.F.);
#174=ORIENTED_EDGE('',*,*,#218,.F.);
#175=ORIENTED_EDGE('',*,*,#281,.T.);
#176=ORIENTED_EDGE('',*,*,#254,.T.);
#177=ORIENTED_EDGE('',*,*,#280,.F.);
#178=ORIENTED_EDGE('',*,*,#217,.F.);
#179=ORIENTED_EDGE('',*,*,#279,.T.);
#180=ORIENTED_EDGE('',*,*,#251,.T.);
#181=ORIENTED_EDGE('',*,*,#281,.F.);
#182=ORIENTED_EDGE('',*,*,#216,.F.);
#183=ORIENTED_EDGE('',*,*,#282,.T.);
#184=ORIENTED_EDGE('',*,*,#255,.T.);
#185=ORIENTED_EDGE('',*,*,#283,.F.);
#186=ORIENTED_EDGE('',*,*,#236,.F.);
#187=ORIENTED_EDGE('',*,*,#284,.T.);
#188=ORIENTED_EDGE('',*,*,#256,.T.);
#189=ORIENTED_EDGE('',*,*,#282,.F.);
#190=ORIENTED_EDGE('',*,*,#235,.F.);
#191=ORIENTED_EDGE('',*,*,#285,.T.);
#192=ORIENTED_EDGE('',*,*,#257,.T.);
#193=ORIENTED_EDGE('',*,*,#284,.F.);
#194=ORIENTED_EDGE('',*,*,#242,.F.);
#195=ORIENTED_EDGE('',*,*,#286,.T.);
#196=ORIENTED_EDGE('',*,*,#258,.T.);
#197=ORIENTED_EDGE('',*,*,#285,.F.);
#198=ORIENTED_EDGE('',*,*,#241,.F.);
#199=ORIENTED_EDGE('',*,*,#287,.T.);
#200=ORIENTED_EDGE('',*,*,#259,.T.);
#201=ORIENTED_EDGE('',*,*,#286,.F.);
#202=ORIENTED_EDGE('',*,*,#240,.F.);
#203=ORIENTED_EDGE('',*,*,#288,.T.);
#204=ORIENTED_EDGE('',*,*,#260,.T.);
#205=ORIENTED_EDGE('',*,*,#287,.F.);
#206=ORIENTED_EDGE('',*,*,#239,.F.);
#207=ORIENTED_EDGE('',*,*,#289,.T.);
#208=ORIENTED_EDGE('',*,*,#261,.T.);
#209=ORIENTED_EDGE('',*,*,#288,.F.);
#210=ORIENTED_EDGE('',*,*,#238,.F.);
#211=ORIENTED_EDGE('',*,*,#283,.T.);
#212=ORIENTED_EDGE('',*,*,#262,.T.);
#213=ORIENTED_EDGE('',*,*,#289,.F.);
#214=ORIENTED_EDGE('',*,*,#237,.F.);
#215=EDGE_CURVE('',#290,#291,#349,.T.);
#216=EDGE_CURVE('',#290,#292,#350,.T.);
#217=EDGE_CURVE('',#292,#293,#351,.T.);
#218=EDGE_CURVE('',#293,#291,#352,.T.);
#219=EDGE_CURVE('',#294,#295,#353,.T.);
#220=EDGE_CURVE('',#295,#296,#354,.T.);
#221=EDGE_CURVE('',#296,#297,#355,.T.);
#222=EDGE_CURVE('',#297,#298,#356,.T.);
#223=EDGE_CURVE('',#298,#299,#357,.T.);
#224=EDGE_CURVE('',#299,#300,#358,.T.);
#225=EDGE_CURVE('',#300,#301,#359,.T.);
#226=EDGE_CURVE('',#301,#294,#360,.T.);
#227=EDGE_CURVE('',#302,#303,#61,.T.);
#228=EDGE_CURVE('',#304,#302,#29,.F.);
#229=EDGE_CURVE('',#305,#304,#62,.T.);
#230=EDGE_CURVE('',#306,#305,#30,.T.);
#231=EDGE_CURVE('',#307,#306,#63,.T.);
#232=EDGE_CURVE('',#308,#307,#31,.T.);
#233=EDGE_CURVE('',#309,#308,#64,.T.);
#234=EDGE_CURVE('',#303,#309,#32,.F.);
#235=EDGE_CURVE('',#310,#311,#361,.T.);
#236=EDGE_CURVE('',#311,#312,#362,.T.);
#237=EDGE_CURVE('',#312,#313,#363,.T.);
#238=EDGE_CURVE('',#313,#314,#364,.T.);
#239=EDGE_CURVE('',#314,#315,#365,.T.);
#240=EDGE_CURVE('',#315,#316,#366,.T.);
#241=EDGE_CURVE('',#316,#317,#367,.T.);
#242=EDGE_CURVE('',#317,#310,#368,.T.);
#243=EDGE_CURVE('',#318,#319,#369,.T.);
#244=EDGE_CURVE('',#320,#318,#370,.T.);
#245=EDGE_CURVE('',#321,#320,#371,.T.);
#246=EDGE_CURVE('',#321,#322,#372,.T.);
#247=EDGE_CURVE('',#322,#323,#373,.T.);
#248=EDGE_CURVE('',#323,#324,#374,.T.);
#249=EDGE_CURVE('',#324,#322,#375,.T.);
#250=EDGE_CURVE('',#319,#321,#376,.T.);
#251=EDGE_CURVE('',#325,#326,#377,.T.);
#252=EDGE_CURVE('',#325,#327,#378,.T.);
#253=EDGE_CURVE('',#328,#327,#379,.T.);
#254=EDGE_CURVE('',#326,#328,#380,.T.);
#255=EDGE_CURVE('',#329,#330,#381,.T.);
#256=EDGE_CURVE('',#331,#329,#382,.T.);
#257=EDGE_CURVE('',#332,#331,#383,.T.);
#258=EDGE_CURVE('',#333,#332,#384,.T.);
#259=EDGE_CURVE('',#334,#333,#385,.T.);
#260=EDGE_CURVE('',#335,#334,#386,.T.);
#261=EDGE_CURVE('',#336,#335,#387,.T.);
#262=EDGE_CURVE('',#330,#336,#388,.T.);
#263=EDGE_CURVE('',#337,#338,#389,.F.);
#264=EDGE_CURVE('',#339,#337,#390,.T.);
#265=EDGE_CURVE('',#338,#339,#391,.T.);
#266=EDGE_CURVE('',#340,#341,#392,.T.);
#267=EDGE_CURVE('',#341,#342,#393,.T.);
#268=EDGE_CURVE('',#342,#343,#394,.T.);
#269=EDGE_CURVE('',#343,#344,#395,.T.);
#270=EDGE_CURVE('',#344,#345,#396,.T.);
#271=EDGE_CURVE('',#345,#346,#397,.T.);
#272=EDGE_CURVE('',#346,#347,#398,.T.);
#273=EDGE_CURVE('',#347,#340,#399,.T.);
#274=EDGE_CURVE('',#324,#338,#400,.T.);
#275=EDGE_CURVE('',#322,#339,#401,.T.);
#276=EDGE_CURVE('',#323,#337,#402,.T.);
#277=EDGE_CURVE('',#348,#348,#403,.F.);
#278=EDGE_CURVE('',#291,#327,#33,.T.);
#279=EDGE_CURVE('',#290,#325,#34,.T.);
#280=EDGE_CURVE('',#293,#328,#35,.T.);
#281=EDGE_CURVE('',#292,#326,#36,.T.);
#282=EDGE_CURVE('',#311,#329,#37,.T.);
#283=EDGE_CURVE('',#312,#330,#38,.T.);
#284=EDGE_CURVE('',#310,#331,#39,.T.);
#285=EDGE_CURVE('',#317,#332,#40,.T.);
#286=EDGE_CURVE('',#316,#333,#41,.T.);
#287=EDGE_CURVE('',#315,#334,#42,.T.);
#288=EDGE_CURVE('',#314,#335,#43,.T.);
#289=EDGE_CURVE('',#313,#336,#44,.T.);
#290=VERTEX_POINT('',#2552);
#291=VERTEX_POINT('',#2553);
#292=VERTEX_POINT('',#2558);
#293=VERTEX_POINT('',#2563);
#294=VERTEX_POINT('',#2574);
#295=VERTEX_POINT('',#2575);
#296=VERTEX_POINT('',#2582);
#297=VERTEX_POINT('',#2590);
#298=VERTEX_POINT('',#2597);
#299=VERTEX_POINT('',#2604);
#300=VERTEX_POINT('',#2611);
#301=VERTEX_POINT('',#2617);
#302=VERTEX_POINT('',#2625);
#303=VERTEX_POINT('',#2626);
#304=VERTEX_POINT('',#2628);
#305=VERTEX_POINT('',#2630);
#306=VERTEX_POINT('',#2632);
#307=VERTEX_POINT('',#2634);
#308=VERTEX_POINT('',#2636);
#309=VERTEX_POINT('',#2638);
#310=VERTEX_POINT('',#2644);
#311=VERTEX_POINT('',#2645);
#312=VERTEX_POINT('',#2651);
#313=VERTEX_POINT('',#2656);
#314=VERTEX_POINT('',#2662);
#315=VERTEX_POINT('',#2667);
#316=VERTEX_POINT('',#2673);
#317=VERTEX_POINT('',#2678);
#318=VERTEX_POINT('',#3904);
#319=VERTEX_POINT('',#3905);
#320=VERTEX_POINT('',#3918);
#321=VERTEX_POINT('',#3924);
#322=VERTEX_POINT('',#3935);
#323=VERTEX_POINT('',#3940);
#324=VERTEX_POINT('',#3954);
#325=VERTEX_POINT('',#4024);
#326=VERTEX_POINT('',#4025);
#327=VERTEX_POINT('',#4030);
#328=VERTEX_POINT('',#4035);
#329=VERTEX_POINT('',#4046);
#330=VERTEX_POINT('',#4047);
#331=VERTEX_POINT('',#4052);
#332=VERTEX_POINT('',#4058);
#333=VERTEX_POINT('',#4063);
#334=VERTEX_POINT('',#4069);
#335=VERTEX_POINT('',#4074);
#336=VERTEX_POINT('',#4081);
#337=VERTEX_POINT('',#4100);
#338=VERTEX_POINT('',#4101);
#339=VERTEX_POINT('',#4106);
#340=VERTEX_POINT('',#4169);
#341=VERTEX_POINT('',#4170);
#342=VERTEX_POINT('',#4177);
#343=VERTEX_POINT('',#4184);
#344=VERTEX_POINT('',#4190);
#345=VERTEX_POINT('',#4196);
#346=VERTEX_POINT('',#4203);
#347=VERTEX_POINT('',#4211);
#348=VERTEX_POINT('',#5280);
#349=B_SPLINE_CURVE_WITH_KNOTS('',3,(#2548,#2549,#2550,#2551),
 .UNSPECIFIED.,.F.,.F.,(4,4),(0.,0.00291241906054002),.UNSPECIFIED.);
#350=B_SPLINE_CURVE_WITH_KNOTS('',3,(#2554,#2555,#2556,#2557),
 .UNSPECIFIED.,.F.,.F.,(4,4),(0.,0.00770229665937591),.UNSPECIFIED.);
#351=B_SPLINE_CURVE_WITH_KNOTS('',3,(#2559,#2560,#2561,#2562),
 .UNSPECIFIED.,.F.,.F.,(4,4),(0.,0.00291264350180695),.UNSPECIFIED.);
#352=B_SPLINE_CURVE_WITH_KNOTS('',3,(#2564,#2565,#2566,#2567),
 .UNSPECIFIED.,.F.,.F.,(4,4),(0.,0.00770234997142717),.UNSPECIFIED.);
#353=B_SPLINE_CURVE_WITH_KNOTS('',3,(#2568,#2569,#2570,#2571,#2572,#2573),
 .UNSPECIFIED.,.F.,.F.,(4,1,1,4),(0.,0.00658688271898634,0.00988032407847951,
0.0131737654379727),.UNSPECIFIED.);
#354=B_SPLINE_CURVE_WITH_KNOTS('',3,(#2576,#2577,#2578,#2579,#2580,#2581),
 .UNSPECIFIED.,.F.,.F.,(4,1,1,4),(0.,0.00732323359831047,0.0109848503974657,
0.0146464671966209),.UNSPECIFIED.);
#355=B_SPLINE_CURVE_WITH_KNOTS('',3,(#2583,#2584,#2585,#2586,#2587,#2588,
#2589),.UNSPECIFIED.,.F.,.F.,(4,1,1,1,4),(0.,0.0037369182379127,0.0074738364758254,
0.0112107547137381,0.0149476729516508),.UNSPECIFIED.);
#356=B_SPLINE_CURVE_WITH_KNOTS('',3,(#2591,#2592,#2593,#2594,#2595,#2596),
 .UNSPECIFIED.,.F.,.F.,(4,1,1,4),(0.,0.00750241007290486,0.0112536151093573,
0.0150048201458097),.UNSPECIFIED.);
#357=B_SPLINE_CURVE_WITH_KNOTS('',3,(#2598,#2599,#2600,#2601,#2602,#2603),
 .UNSPECIFIED.,.F.,.F.,(4,1,1,4),(0.,0.00724197507567016,0.0108629626135052,
0.0144839501513403),.UNSPECIFIED.);
#358=B_SPLINE_CURVE_WITH_KNOTS('',3,(#2605,#2606,#2607,#2608,#2609,#2610),
 .UNSPECIFIED.,.F.,.F.,(4,1,1,4),(0.,0.0064665732331704,0.0096998598497556,
0.0129331464663408),.UNSPECIFIED.);
#359=B_SPLINE_CURVE_WITH_KNOTS('',3,(#2612,#2613,#2614,#2615,#2616),
 .UNSPECIFIED.,.F.,.F.,(4,1,4),(0.,0.00561284132814978,0.0112256826562996),
 .UNSPECIFIED.);
#360=B_SPLINE_CURVE_WITH_KNOTS('',3,(#2618,#2619,#2620,#2621,#2622,#2623),
 .UNSPECIFIED.,.F.,.F.,(4,1,1,4),(0.,0.00571326717964372,0.00856990076946557,
0.0114265343592874),.UNSPECIFIED.);
#361=B_SPLINE_CURVE_WITH_KNOTS('',3,(#2640,#2641,#2642,#2643),
 .UNSPECIFIED.,.F.,.F.,(4,4),(0.,0.000717803196097733),.UNSPECIFIED.);
#362=B_SPLINE_CURVE_WITH_KNOTS('',3,(#2646,#2647,#2648,#2649,#2650),
 .UNSPECIFIED.,.F.,.F.,(4,1,4),(0.,0.00100304577436341,0.00200609154872681),
 .UNSPECIFIED.);
#363=B_SPLINE_CURVE_WITH_KNOTS('',3,(#2652,#2653,#2654,#2655),
 .UNSPECIFIED.,.F.,.F.,(4,4),(0.,0.00644083496160447),.UNSPECIFIED.);
#364=B_SPLINE_CURVE_WITH_KNOTS('',3,(#2657,#2658,#2659,#2660,#2661),
 .UNSPECIFIED.,.F.,.F.,(4,1,4),(0.,0.000993132734465432,0.00198626546893086),
 .UNSPECIFIED.);
#365=B_SPLINE_CURVE_WITH_KNOTS('',3,(#2663,#2664,#2665,#2666),
 .UNSPECIFIED.,.F.,.F.,(4,4),(0.,0.000713706963512488),.UNSPECIFIED.);
#366=B_SPLINE_CURVE_WITH_KNOTS('',3,(#2668,#2669,#2670,#2671,#2672),
 .UNSPECIFIED.,.F.,.F.,(4,1,4),(1.93947980722443E-17,0.000976587358260515,
0.00195317471652101),.UNSPECIFIED.);
#367=B_SPLINE_CURVE_WITH_KNOTS('',3,(#2674,#2675,#2676,#2677),
 .UNSPECIFIED.,.F.,.F.,(4,4),(0.,0.00644325302817482),.UNSPECIFIED.);
#368=B_SPLINE_CURVE_WITH_KNOTS('',3,(#2679,#2680,#2681,#2682,#2683),
 .UNSPECIFIED.,.F.,.F.,(4,1,4),(0.,0.0009771956504341,0.0019543913008682),
 .UNSPECIFIED.);
#369=B_SPLINE_CURVE_WITH_KNOTS('',3,(#3899,#3900,#3901,#3902,#3903),
 .UNSPECIFIED.,.F.,.F.,(4,1,4),(1.91048521944043E-6,0.50000095524261,1.),
 .UNSPECIFIED.);
#370=B_SPLINE_CURVE_WITH_KNOTS('',3,(#3906,#3907,#3908,#3909,#3910,#3911,
#3912,#3913,#3914,#3915,#3916,#3917),.UNSPECIFIED.,.F.,.F.,(4,1,1,1,1,1,
1,1,1,4),(0.,0.125,0.1875,0.25,0.375,0.5,0.625,0.75,0.875,1.),
 .UNSPECIFIED.);
#371=B_SPLINE_CURVE_WITH_KNOTS('',3,(#3919,#3920,#3921,#3922,#3923),
 .UNSPECIFIED.,.F.,.F.,(4,1,4),(0.,0.499999787847991,0.999999575695981),
 .UNSPECIFIED.);
#372=B_SPLINE_CURVE_WITH_KNOTS('',3,(#3925,#3926,#3927,#3928,#3929,#3930,
#3931,#3932,#3933,#3934),.UNSPECIFIED.,.F.,.F.,(4,1,1,1,1,1,1,4),(0.0175987812109615,
0.101336433559591,0.185074085908221,0.268811738256851,0.352549390605481,
0.52002469530274,0.60376234765137,0.6875),.UNSPECIFIED.);
#373=B_SPLINE_CURVE_WITH_KNOTS('',3,(#3936,#3937,#3938,#3939),
 .UNSPECIFIED.,.F.,.F.,(4,4),(0.,0.03125),.UNSPECIFIED.);
#374=B_SPLINE_CURVE_WITH_KNOTS('',3,(#3941,#3942,#3943,#3944,#3945,#3946,
#3947,#3948,#3949,#3950,#3951,#3952,#3953),.UNSPECIFIED.,.F.,.F.,(4,1,1,
1,1,1,1,1,1,1,4),(0.03125,0.04296875,0.048828125,0.0546875,0.060546875,
0.06640625,0.078125,0.08984375,0.1015625,0.11328125,0.125),
 .UNSPECIFIED.);
#375=B_SPLINE_CURVE_WITH_KNOTS('',3,(#3955,#3956,#3957,#3958,#3959,#3960,
#3961,#3962,#3963,#3964,#3965,#3966,#3967,#3968,#3969,#3970,#3971,#3972,
#3973,#3974,#3975,#3976,#3977,#3978,#3979,#3980,#3981,#3982,#3983,#3984,
#3985,#3986,#3987,#3988,#3989,#3990,#3991,#3992,#3993,#3994,#3995,#3996,
#3997,#3998,#3999,#4000,#4001,#4002,#4003,#4004),.UNSPECIFIED.,.F.,.F.,
(4,1,1,1,1,1,1,1,1,1,1,1,1,1,1,1,1,1,1,1,1,1,1,1,1,1,1,1,1,1,1,1,1,1,1,
1,1,1,1,1,1,1,1,1,1,1,1,4),(0.125,0.15234375,0.1796875,0.20703125,0.234375,
0.2412109375,0.248046875,0.26171875,0.2890625,0.302734375,0.31640625,0.330078125,
0.3369140625,0.34375,0.357421875,0.37109375,0.3984375,0.42578125,0.453125,
0.48046875,0.5078125,0.53515625,0.5625,0.576171875,0.58984375,0.603515625,
0.6171875,0.6240234375,0.630859375,0.64453125,0.671875,0.69921875,0.7265625,
0.740234375,0.75390625,0.767578125,0.78125,0.80859375,0.822265625,0.8359375,
0.849609375,0.86328125,0.876953125,0.890625,0.91796875,0.9453125,0.97265625,
1.),.UNSPECIFIED.);
#376=B_SPLINE_CURVE_WITH_KNOTS('',3,(#4005,#4006,#4007,#4008,#4009,#4010,
#4011,#4012,#4013,#4014,#4015,#4016,#4017,#4018,#4019),.UNSPECIFIED.,.F.,
 .F.,(4,1,1,1,1,1,1,1,1,1,1,1,4),(4.42733850260533E-8,0.0625000415062985,
0.125000038739212,0.187500035972125,0.250000033205039,0.375000027670866,
0.437500024903779,0.500000022136692,0.625000016602519,0.687500013835433,
0.750000011068346,0.875000005534173,1.),.UNSPECIFIED.);
#377=B_SPLINE_CURVE_WITH_KNOTS('',3,(#4020,#4021,#4022,#4023),
 .UNSPECIFIED.,.F.,.F.,(4,4),(0.,0.00770227206790953),.UNSPECIFIED.);
#378=B_SPLINE_CURVE_WITH_KNOTS('',3,(#4026,#4027,#4028,#4029),
 .UNSPECIFIED.,.F.,.F.,(4,4),(0.,0.00291281336387063),.UNSPECIFIED.);
#379=B_SPLINE_CURVE_WITH_KNOTS('',3,(#4031,#4032,#4033,#4034),
 .UNSPECIFIED.,.F.,.F.,(4,4),(0.,0.00770232207322766),.UNSPECIFIED.);
#380=B_SPLINE_CURVE_WITH_KNOTS('',3,(#4036,#4037,#4038,#4039),
 .UNSPECIFIED.,.F.,.F.,(4,4),(0.,0.00291300593312441),.UNSPECIFIED.);
#381=B_SPLINE_CURVE_WITH_KNOTS('',3,(#4040,#4041,#4042,#4043,#4044,#4045),
 .UNSPECIFIED.,.F.,.F.,(4,1,1,4),(0.,0.00109295526919361,0.00163943290379042,
0.00218591053838722),.UNSPECIFIED.);
#382=B_SPLINE_CURVE_WITH_KNOTS('',3,(#4048,#4049,#4050,#4051),
 .UNSPECIFIED.,.F.,.F.,(4,4),(5.68237795503496E-17,0.000726987294263208),
 .UNSPECIFIED.);
#383=B_SPLINE_CURVE_WITH_KNOTS('',3,(#4053,#4054,#4055,#4056,#4057),
 .UNSPECIFIED.,.F.,.F.,(4,1,4),(3.46944695195361E-18,0.000977659028785079,
0.00195531805757015),.UNSPECIFIED.);
#384=B_SPLINE_CURVE_WITH_KNOTS('',3,(#4059,#4060,#4061,#4062),
 .UNSPECIFIED.,.F.,.F.,(4,4),(0.,0.00644330204792299),.UNSPECIFIED.);
#385=B_SPLINE_CURVE_WITH_KNOTS('',3,(#4064,#4065,#4066,#4067,#4068),
 .UNSPECIFIED.,.F.,.F.,(4,1,4),(7.93624140966861E-17,0.000976659720039371,
0.00195331944007866),.UNSPECIFIED.);
#386=B_SPLINE_CURVE_WITH_KNOTS('',3,(#4070,#4071,#4072,#4073),
 .UNSPECIFIED.,.F.,.F.,(4,4),(1.38615152349232E-16,0.000717906491236573),
 .UNSPECIFIED.);
#387=B_SPLINE_CURVE_WITH_KNOTS('',3,(#4075,#4076,#4077,#4078,#4079,#4080),
 .UNSPECIFIED.,.F.,.F.,(4,1,1,4),(1.06935536865904E-17,0.000541558278936668,
0.00108311655787333,0.00216623311574664),.UNSPECIFIED.);
#388=B_SPLINE_CURVE_WITH_KNOTS('',3,(#4082,#4083,#4084,#4085),
 .UNSPECIFIED.,.F.,.F.,(4,4),(0.,0.00644059495207061),.UNSPECIFIED.);
#389=B_SPLINE_CURVE_WITH_KNOTS('',3,(#4087,#4088,#4089,#4090,#4091,#4092,
#4093,#4094,#4095,#4096,#4097,#4098,#4099),.UNSPECIFIED.,.F.,.F.,(4,1,1,
1,1,1,1,1,1,1,4),(0.00810730120994635,0.0086050681028899,0.00910283499583344,
0.00922727671906933,0.00928949758068728,0.00935171844230522,0.00947616016554111,
0.00960060188877699,0.00972504361201288,0.00984948533524877,0.0100983687817205),
 .UNSPECIFIED.);
#390=B_SPLINE_CURVE_WITH_KNOTS('',3,(#4102,#4103,#4104,#4105),
 .UNSPECIFIED.,.F.,.F.,(4,4),(0.,0.000534374640578654),.UNSPECIFIED.);
#391=B_SPLINE_CURVE_WITH_KNOTS('',3,(#4107,#4108,#4109,#4110,#4111,#4112,
#4113,#4114,#4115,#4116,#4117,#4118,#4119,#4120,#4121,#4122,#4123,#4124,
#4125,#4126,#4127,#4128,#4129,#4130,#4131,#4132,#4133,#4134,#4135,#4136,
#4137,#4138,#4139,#4140,#4141,#4142,#4143,#4144,#4145,#4146,#4147,#4148,
#4149,#4150,#4151,#4152,#4153,#4154,#4155,#4156,#4157,#4158,#4159,#4160),
 .UNSPECIFIED.,.F.,.F.,(4,1,1,1,1,1,1,1,1,1,1,1,1,1,1,1,1,1,1,1,1,1,1,1,
1,1,1,1,1,1,1,1,1,1,1,1,1,1,1,1,1,1,1,1,1,1,1,1,1,1,1,4),(0.0843410655649664,
0.087465230725645,0.0890273133059843,0.0905893958863236,0.0921514784666629,
0.0929325197568326,0.0937135610470022,0.0944946023371719,0.0948851229822567,
0.0952756436273415,0.0956661642724264,0.0960566849175112,0.096447205562596,
0.0968377262076809,0.0976187674978505,0.0983998087880202,0.0999618913683595,
0.101523973948699,0.103086056529038,0.104648139109377,0.106210221689717,
0.106991262979886,0.107772304270056,0.108553345560226,0.10894386620531,
0.109334386850395,0.10972490749548,0.110115428140565,0.110896469430735,
0.111677510720904,0.112458552011074,0.114020634591413,0.115582717171753,
0.117144799752092,0.118706882332431,0.119487923622601,0.12026896491277,
0.120659485557855,0.12105000620294,0.121440526848025,0.12183104749311,0.122221568138195,
0.122612088783279,0.123002609428364,0.123393130073449,0.124174171363619,
0.124955212653788,0.126517295234128,0.128079377814467,0.129641460394806,
0.131203542975146,0.134327708135824),.UNSPECIFIED.);
#392=B_SPLINE_CURVE_WITH_KNOTS('',3,(#4162,#4163,#4164,#4165,#4166,#4167,
#4168),.UNSPECIFIED.,.F.,.F.,(4,1,1,1,4),(0.,0.00272352829871968,0.00544705659743936,
0.00817058489615904,0.0108941131948787),.UNSPECIFIED.);
#393=B_SPLINE_CURVE_WITH_KNOTS('',3,(#4171,#4172,#4173,#4174,#4175,#4176),
 .UNSPECIFIED.,.F.,.F.,(4,1,1,4),(2.63974530590284E-16,0.00253892971744671,
0.00507785943489316,0.0101557188697861),.UNSPECIFIED.);
#394=B_SPLINE_CURVE_WITH_KNOTS('',3,(#4178,#4179,#4180,#4181,#4182,#4183),
 .UNSPECIFIED.,.F.,.F.,(4,1,1,4),(0.,0.00227971601528215,0.00455943203056429,
0.00911886406112859),.UNSPECIFIED.);
#395=B_SPLINE_CURVE_WITH_KNOTS('',3,(#4185,#4186,#4187,#4188,#4189),
 .UNSPECIFIED.,.F.,.F.,(4,1,4),(0.,0.00423624185601225,0.00847248371202449),
 .UNSPECIFIED.);
#396=B_SPLINE_CURVE_WITH_KNOTS('',3,(#4191,#4192,#4193,#4194,#4195),
 .UNSPECIFIED.,.F.,.F.,(4,1,4),(0.,0.00423600032342555,0.00847200064685109),
 .UNSPECIFIED.);
#397=B_SPLINE_CURVE_WITH_KNOTS('',3,(#4197,#4198,#4199,#4200,#4201,#4202),
 .UNSPECIFIED.,.F.,.F.,(4,1,1,4),(0.,0.00222383071841426,0.00444766143682853,
0.00889532287365706),.UNSPECIFIED.);
#398=B_SPLINE_CURVE_WITH_KNOTS('',3,(#4204,#4205,#4206,#4207,#4208,#4209,
#4210),.UNSPECIFIED.,.F.,.F.,(4,1,1,1,4),(0.,0.00254735387213372,0.00509470774426745,
0.00764206161640117,0.0101894154885349),.UNSPECIFIED.);
#399=B_SPLINE_CURVE_WITH_KNOTS('',3,(#4212,#4213,#4214,#4215,#4216,#4217),
 .UNSPECIFIED.,.F.,.F.,(4,1,1,4),(0.,0.00268315915582673,0.00536631831165346,
0.0107326366233069),.UNSPECIFIED.);
#400=B_SPLINE_CURVE_WITH_KNOTS('',3,(#4568,#4569,#4570,#4571,#4572),
 .UNSPECIFIED.,.F.,.F.,(4,1,4),(0.6875,0.843827717508808,1.00015543501762),
 .UNSPECIFIED.);
#401=B_SPLINE_CURVE_WITH_KNOTS('',3,(#4573,#4574,#4575,#4576),
 .UNSPECIFIED.,.F.,.F.,(4,4),(0.6875,1.00519187505768),.UNSPECIFIED.);
#402=B_SPLINE_CURVE_WITH_KNOTS('',3,(#5221,#5222,#5223,#5224,#5225),
 .UNSPECIFIED.,.F.,.F.,(4,1,4),(0.6875,0.845984276037565,1.00446855207513),
 .UNSPECIFIED.);
#403=B_SPLINE_CURVE_WITH_KNOTS('',3,(#5252,#5253,#5254,#5255,#5256,#5257,
#5258,#5259,#5260,#5261,#5262,#5263,#5264,#5265,#5266,#5267,#5268,#5269,
#5270,#5271,#5272,#5273,#5274,#5275,#5276,#5277,#5278,#5279),
 .UNSPECIFIED.,.T.,.F.,(1,1,1,1,1,1,1,1,1,1,1,1,1,1,1,1,1,1,1,1,1,1,1,1,
1,1,1,1,1,1,1,1),(0.00607761313349728,0.00847782528480577,0.0108780374361143,
0.0156784617387312,0.0180786738900397,0.0204788860413482,0.0252793103439652,
0.0276795224952737,0.0300797346465821,0.0324799467978906,0.0348801589491991,
0.0396805832518161,0.0420807954031246,0.0444810075544331,0.04928143185705,
0.054081856159667,0.0564820683109755,0.058882280462284,0.0612824926135925,
0.063682704764901,0.0660829169162094,0.0684831290675179,0.0732835533701349,
0.0780839776727519,0.0804841898240604,0.0828844019753688,0.0852846141266773,
0.0876848262779858,0.0924852505806028,0.0948854627319113,0.0972856748832198,
0.102086099185837),.UNSPECIFIED.);
#404=EDGE_LOOP('',(#65,#66,#67,#68));
#405=EDGE_LOOP('',(#69,#70,#71,#72,#73,#74,#75,#76));
#406=EDGE_LOOP('',(#77,#78,#79,#80,#81,#82,#83,#84));
#407=EDGE_LOOP('',(#85,#86,#87,#88,#89,#90,#91,#92));
#408=EDGE_LOOP('',(#93,#94,#95,#96,#97,#98,#99,#100,#101));
#409=EDGE_LOOP('',(#102,#103,#104,#105));
#410=EDGE_LOOP('',(#106,#107,#108,#109,#110,#111,#112,#113));
#411=EDGE_LOOP('',(#114,#115,#116));
#412=EDGE_LOOP('',(#117,#118,#119,#120,#121,#122,#123,#124));
#413=EDGE_LOOP('',(#125,#126,#127,#128,#129,#130,#131,#132));
#414=EDGE_LOOP('',(#133,#134,#135,#136,#137,#138,#139,#140));
#415=EDGE_LOOP('',(#141,#142,#143,#144,#145,#146,#147,#148));
#416=EDGE_LOOP('',(#149,#150,#151,#152));
#417=EDGE_LOOP('',(#153,#154,#155,#156));
#418=EDGE_LOOP('',(#157,#158,#159,#160));
#419=EDGE_LOOP('',(#161));
#420=EDGE_LOOP('',(#162,#163,#164,#165));
#421=EDGE_LOOP('',(#166));
#422=EDGE_LOOP('',(#167,#168,#169,#170));
#423=EDGE_LOOP('',(#171,#172,#173,#174));
#424=EDGE_LOOP('',(#175,#176,#177,#178));
#425=EDGE_LOOP('',(#179,#180,#181,#182));
#426=EDGE_LOOP('',(#183,#184,#185,#186));
#427=EDGE_LOOP('',(#187,#188,#189,#190));
#428=EDGE_LOOP('',(#191,#192,#193,#194));
#429=EDGE_LOOP('',(#195,#196,#197,#198));
#430=EDGE_LOOP('',(#199,#200,#201,#202));
#431=EDGE_LOOP('',(#203,#204,#205,#206));
#432=EDGE_LOOP('',(#207,#208,#209,#210));
#433=EDGE_LOOP('',(#211,#212,#213,#214));
#434=FACE_BOUND('',#404,.T.);
#435=FACE_BOUND('',#405,.T.);
#436=FACE_BOUND('',#406,.T.);
#437=FACE_BOUND('',#407,.T.);
#438=FACE_BOUND('',#408,.T.);
#439=FACE_BOUND('',#409,.T.);
#440=FACE_BOUND('',#410,.T.);
#441=FACE_BOUND('',#411,.T.);
#442=FACE_BOUND('',#412,.T.);
#443=FACE_BOUND('',#413,.T.);
#444=FACE_BOUND('',#414,.T.);
#445=FACE_BOUND('',#415,.T.);
#446=FACE_BOUND('',#416,.T.);
#447=FACE_BOUND('',#417,.T.);
#448=FACE_BOUND('',#418,.T.);
#449=FACE_BOUND('',#419,.T.);
#450=FACE_BOUND('',#420,.T.);
#451=FACE_BOUND('',#421,.T.);
#452=FACE_BOUND('',#422,.T.);
#453=FACE_BOUND('',#423,.T.);
#454=FACE_BOUND('',#424,.T.);
#455=FACE_BOUND('',#425,.T.);
#456=FACE_BOUND('',#426,.T.);
#457=FACE_BOUND('',#427,.T.);
#458=FACE_BOUND('',#428,.T.);
#459=FACE_BOUND('',#429,.T.);
#460=FACE_BOUND('',#430,.T.);
#461=FACE_BOUND('',#431,.T.);
#462=FACE_BOUND('',#432,.T.);
#463=FACE_BOUND('',#433,.T.);
#464=B_SPLINE_SURFACE_WITH_KNOTS('',3,3,((#580,#581,#582,#583,#584,#585),
(#586,#587,#588,#589,#590,#591),(#592,#593,#594,#595,#596,#597),(#598,#599,
#600,#601,#602,#603),(#604,#605,#606,#607,#608,#609),(#610,#611,#612,#613,
#614,#615),(#616,#617,#618,#619,#620,#621),(#622,#623,#624,#625,#626,#627),
(#628,#629,#630,#631,#632,#633),(#634,#635,#636,#637,#638,#639),(#640,#641,
#642,#643,#644,#645),(#646,#647,#648,#649,#650,#651),(#652,#653,#654,#655,
#656,#657),(#658,#659,#660,#661,#662,#663),(#664,#665,#666,#667,#668,#669),
(#670,#671,#672,#673,#674,#675),(#676,#677,#678,#679,#680,#681),(#682,#683,
#684,#685,#686,#687),(#688,#689,#690,#691,#692,#693),(#694,#695,#696,#697,
#698,#699),(#700,#701,#702,#703,#704,#705),(#706,#707,#708,#709,#710,#711),
(#712,#713,#714,#715,#716,#717),(#718,#719,#720,#721,#722,#723),(#724,#725,
#726,#727,#728,#729),(#730,#731,#732,#733,#734,#735),(#736,#737,#738,#739,
#740,#741),(#742,#743,#744,#745,#746,#747),(#748,#749,#750,#751,#752,#753),
(#754,#755,#756,#757,#758,#759),(#760,#761,#762,#763,#764,#765),(#766,#767,
#768,#769,#770,#771),(#772,#773,#774,#775,#776,#777),(#778,#779,#780,#781,
#782,#783),(#784,#785,#786,#787,#788,#789),(#790,#791,#792,#793,#794,#795),
(#796,#797,#798,#799,#800,#801),(#802,#803,#804,#805,#806,#807),(#808,#809,
#810,#811,#812,#813),(#814,#815,#816,#817,#818,#819),(#820,#821,#822,#823,
#824,#825),(#826,#827,#828,#829,#830,#831),(#832,#833,#834,#835,#836,#837),
(#838,#839,#840,#841,#842,#843),(#844,#845,#846,#847,#848,#849),(#850,#851,
#852,#853,#854,#855),(#856,#857,#858,#859,#860,#861),(#862,#863,#864,#865,
#866,#867),(#868,#869,#870,#871,#872,#873),(#874,#875,#876,#877,#878,#879),
(#880,#881,#882,#883,#884,#885),(#886,#887,#888,#889,#890,#891),(#892,#893,
#894,#895,#896,#897),(#898,#899,#900,#901,#902,#903),(#904,#905,#906,#907,
#908,#909),(#910,#911,#912,#913,#914,#915),(#916,#917,#918,#919,#920,#921),
(#922,#923,#924,#925,#926,#927),(#928,#929,#930,#931,#932,#933),(#934,#935,
#936,#937,#938,#939),(#940,#941,#942,#943,#944,#945),(#946,#947,#948,#949,
#950,#951),(#952,#953,#954,#955,#956,#957),(#958,#959,#960,#961,#962,#963),
(#964,#965,#966,#967,#968,#969),(#970,#971,#972,#973,#974,#975),(#976,#977,
#978,#979,#980,#981),(#982,#983,#984,#985,#986,#987),(#988,#989,#990,#991,
#992,#993),(#994,#995,#996,#997,#998,#999),(#1000,#1001,#1002,#1003,#1004,
#1005),(#1006,#1007,#1008,#1009,#1010,#1011),(#1012,#1013,#1014,#1015,#1016,
#1017),(#1018,#1019,#1020,#1021,#1022,#1023),(#1024,#1025,#1026,#1027,#1028,
#1029),(#1030,#1031,#1032,#1033,#1034,#1035),(#1036,#1037,#1038,#1039,#1040,
#1041),(#1042,#1043,#1044,#1045,#1046,#1047),(#1048,#1049,#1050,#1051,#1052,
#1053),(#1054,#1055,#1056,#1057,#1058,#1059),(#1060,#1061,#1062,#1063,#1064,
#1065),(#1066,#1067,#1068,#1069,#1070,#1071),(#1072,#1073,#1074,#1075,#1076,
#1077),(#1078,#1079,#1080,#1081,#1082,#1083),(#1084,#1085,#1086,#1087,#1088,
#1089),(#1090,#1091,#1092,#1093,#1094,#1095),(#1096,#1097,#1098,#1099,#1100,
#1101),(#1102,#1103,#1104,#1105,#1106,#1107),(#1108,#1109,#1110,#1111,#1112,
#1113),(#1114,#1115,#1116,#1117,#1118,#1119),(#1120,#1121,#1122,#1123,#1124,
#1125),(#1126,#1127,#1128,#1129,#1130,#1131),(#1132,#1133,#1134,#1135,#1136,
#1137),(#1138,#1139,#1140,#1141,#1142,#1143),(#1144,#1145,#1146,#1147,#1148,
#1149),(#1150,#1151,#1152,#1153,#1154,#1155),(#1156,#1157,#1158,#1159,#1160,
#1161),(#1162,#1163,#1164,#1165,#1166,#1167),(#1168,#1169,#1170,#1171,#1172,
#1173),(#1174,#1175,#1176,#1177,#1178,#1179),(#1180,#1181,#1182,#1183,#1184,
#1185),(#1186,#1187,#1188,#1189,#1190,#1191),(#1192,#1193,#1194,#1195,#1196,
#1197),(#1198,#1199,#1200,#1201,#1202,#1203),(#1204,#1205,#1206,#1207,#1208,
#1209),(#1210,#1211,#1212,#1213,#1214,#1215),(#1216,#1217,#1218,#1219,#1220,
#1221),(#1222,#1223,#1224,#1225,#1226,#1227),(#1228,#1229,#1230,#1231,#1232,
#1233),(#1234,#1235,#1236,#1237,#1238,#1239),(#1240,#1241,#1242,#1243,#1244,
#1245),(#1246,#1247,#1248,#1249,#1250,#1251),(#1252,#1253,#1254,#1255,#1256,
#1257),(#1258,#1259,#1260,#1261,#1262,#1263),(#1264,#1265,#1266,#1267,#1268,
#1269),(#1270,#1271,#1272,#1273,#1274,#1275),(#1276,#1277,#1278,#1279,#1280,
#1281),(#1282,#1283,#1284,#1285,#1286,#1287),(#1288,#1289,#1290,#1291,#1292,
#1293),(#1294,#1295,#1296,#1297,#1298,#1299),(#1300,#1301,#1302,#1303,#1304,
#1305),(#1306,#1307,#1308,#1309,#1310,#1311),(#1312,#1313,#1314,#1315,#1316,
#1317),(#1318,#1319,#1320,#1321,#1322,#1323),(#1324,#1325,#1326,#1327,#1328,
#1329),(#1330,#1331,#1332,#1333,#1334,#1335),(#1336,#1337,#1338,#1339,#1340,
#1341),(#1342,#1343,#1344,#1345,#1346,#1347),(#1348,#1349,#1350,#1351,#1352,
#1353),(#1354,#1355,#1356,#1357,#1358,#1359),(#1360,#1361,#1362,#1363,#1364,
#1365),(#1366,#1367,#1368,#1369,#1370,#1371),(#1372,#1373,#1374,#1375,#1376,
#1377),(#1378,#1379,#1380,#1381,#1382,#1383),(#1384,#1385,#1386,#1387,#1388,
#1389),(#1390,#1391,#1392,#1393,#1394,#1395),(#1396,#1397,#1398,#1399,#1400,
#1401),(#1402,#1403,#1404,#1405,#1406,#1407),(#1408,#1409,#1410,#1411,#1412,
#1413),(#1414,#1415,#1416,#1417,#1418,#1419),(#1420,#1421,#1422,#1423,#1424,
#1425),(#1426,#1427,#1428,#1429,#1430,#1431),(#1432,#1433,#1434,#1435,#1436,
#1437),(#1438,#1439,#1440,#1441,#1442,#1443),(#1444,#1445,#1446,#1447,#1448,
#1449),(#1450,#1451,#1452,#1453,#1454,#1455),(#1456,#1457,#1458,#1459,#1460,
#1461),(#1462,#1463,#1464,#1465,#1466,#1467),(#1468,#1469,#1470,#1471,#1472,
#1473),(#1474,#1475,#1476,#1477,#1478,#1479),(#1480,#1481,#1482,#1483,#1484,
#1485),(#1486,#1487,#1488,#1489,#1490,#1491),(#1492,#1493,#1494,#1495,#1496,
#1497),(#1498,#1499,#1500,#1501,#1502,#1503),(#1504,#1505,#1506,#1507,#1508,
#1509),(#1510,#1511,#1512,#1513,#1514,#1515),(#1516,#1517,#1518,#1519,#1520,
#1521),(#1522,#1523,#1524,#1525,#1526,#1527),(#1528,#1529,#1530,#1531,#1532,
#1533),(#1534,#1535,#1536,#1537,#1538,#1539),(#1540,#1541,#1542,#1543,#1544,
#1545),(#1546,#1547,#1548,#1549,#1550,#1551),(#1552,#1553,#1554,#1555,#1556,
#1557),(#1558,#1559,#1560,#1561,#1562,#1563),(#1564,#1565,#1566,#1567,#1568,
#1569),(#1570,#1571,#1572,#1573,#1574,#1575),(#1576,#1577,#1578,#1579,#1580,
#1581),(#1582,#1583,#1584,#1585,#1586,#1587),(#1588,#1589,#1590,#1591,#1592,
#1593),(#1594,#1595,#1596,#1597,#1598,#1599),(#1600,#1601,#1602,#1603,#1604,
#1605),(#1606,#1607,#1608,#1609,#1610,#1611),(#1612,#1613,#1614,#1615,#1616,
#1617),(#1618,#1619,#1620,#1621,#1622,#1623),(#1624,#1625,#1626,#1627,#1628,
#1629),(#1630,#1631,#1632,#1633,#1634,#1635),(#1636,#1637,#1638,#1639,#1640,
#1641),(#1642,#1643,#1644,#1645,#1646,#1647),(#1648,#1649,#1650,#1651,#1652,
#1653),(#1654,#1655,#1656,#1657,#1658,#1659),(#1660,#1661,#1662,#1663,#1664,
#1665),(#1666,#1667,#1668,#1669,#1670,#1671),(#1672,#1673,#1674,#1675,#1676,
#1677),(#1678,#1679,#1680,#1681,#1682,#1683),(#1684,#1685,#1686,#1687,#1688,
#1689),(#1690,#1691,#1692,#1693,#1694,#1695),(#1696,#1697,#1698,#1699,#1700,
#1701),(#1702,#1703,#1704,#1705,#1706,#1707),(#1708,#1709,#1710,#1711,#1712,
#1713),(#1714,#1715,#1716,#1717,#1718,#1719),(#1720,#1721,#1722,#1723,#1724,
#1725),(#1726,#1727,#1728,#1729,#1730,#1731),(#1732,#1733,#1734,#1735,#1736,
#1737),(#1738,#1739,#1740,#1741,#1742,#1743),(#1744,#1745,#1746,#1747,#1748,
#1749),(#1750,#1751,#1752,#1753,#1754,#1755),(#1756,#1757,#1758,#1759,#1760,
#1761),(#1762,#1763,#1764,#1765,#1766,#1767),(#1768,#1769,#1770,#1771,#1772,
#1773),(#1774,#1775,#1776,#1777,#1778,#1779),(#1780,#1781,#1782,#1783,#1784,
#1785),(#1786,#1787,#1788,#1789,#1790,#1791),(#1792,#1793,#1794,#1795,#1796,
#1797),(#1798,#1799,#1800,#1801,#1802,#1803),(#1804,#1805,#1806,#1807,#1808,
#1809),(#1810,#1811,#1812,#1813,#1814,#1815),(#1816,#1817,#1818,#1819,#1820,
#1821),(#1822,#1823,#1824,#1825,#1826,#1827),(#1828,#1829,#1830,#1831,#1832,
#1833),(#1834,#1835,#1836,#1837,#1838,#1839),(#1840,#1841,#1842,#1843,#1844,
#1845),(#1846,#1847,#1848,#1849,#1850,#1851),(#1852,#1853,#1854,#1855,#1856,
#1857),(#1858,#1859,#1860,#1861,#1862,#1863),(#1864,#1865,#1866,#1867,#1868,
#1869),(#1870,#1871,#1872,#1873,#1874,#1875),(#1876,#1877,#1878,#1879,#1880,
#1881),(#1882,#1883,#1884,#1885,#1886,#1887),(#1888,#1889,#1890,#1891,#1892,
#1893),(#1894,#1895,#1896,#1897,#1898,#1899),(#1900,#1901,#1902,#1903,#1904,
#1905),(#1906,#1907,#1908,#1909,#1910,#1911),(#1912,#1913,#1914,#1915,#1916,
#1917),(#1918,#1919,#1920,#1921,#1922,#1923),(#1924,#1925,#1926,#1927,#1928,
#1929),(#1930,#1931,#1932,#1933,#1934,#1935),(#1936,#1937,#1938,#1939,#1940,
#1941),(#1942,#1943,#1944,#1945,#1946,#1947),(#1948,#1949,#1950,#1951,#1952,
#1953),(#1954,#1955,#1956,#1957,#1958,#1959),(#1960,#1961,#1962,#1963,#1964,
#1965),(#1966,#1967,#1968,#1969,#1970,#1971),(#1972,#1973,#1974,#1975,#1976,
#1977),(#1978,#1979,#1980,#1981,#1982,#1983),(#1984,#1985,#1986,#1987,#1988,
#1989),(#1990,#1991,#1992,#1993,#1994,#1995),(#1996,#1997,#1998,#1999,#2000,
#2001),(#2002,#2003,#2004,#2005,#2006,#2007),(#2008,#2009,#2010,#2011,#2012,
#2013),(#2014,#2015,#2016,#2017,#2018,#2019),(#2020,#2021,#2022,#2023,#2024,
#2025),(#2026,#2027,#2028,#2029,#2030,#2031),(#2032,#2033,#2034,#2035,#2036,
#2037),(#2038,#2039,#2040,#2041,#2042,#2043),(#2044,#2045,#2046,#2047,#2048,
#2049),(#2050,#2051,#2052,#2053,#2054,#2055),(#2056,#2057,#2058,#2059,#2060,
#2061),(#2062,#2063,#2064,#2065,#2066,#2067),(#2068,#2069,#2070,#2071,#2072,
#2073),(#2074,#2075,#2076,#2077,#2078,#2079),(#2080,#2081,#2082,#2083,#2084,
#2085),(#2086,#2087,#2088,#2089,#2090,#2091),(#2092,#2093,#2094,#2095,#2096,
#2097),(#2098,#2099,#2100,#2101,#2102,#2103),(#2104,#2105,#2106,#2107,#2108,
#2109),(#2110,#2111,#2112,#2113,#2114,#2115),(#2116,#2117,#2118,#2119,#2120,
#2121),(#2122,#2123,#2124,#2125,#2126,#2127),(#2128,#2129,#2130,#2131,#2132,
#2133),(#2134,#2135,#2136,#2137,#2138,#2139),(#2140,#2141,#2142,#2143,#2144,
#2145),(#2146,#2147,#2148,#2149,#2150,#2151),(#2152,#2153,#2154,#2155,#2156,
#2157),(#2158,#2159,#2160,#2161,#2162,#2163),(#2164,#2165,#2166,#2167,#2168,
#2169),(#2170,#2171,#2172,#2173,#2174,#2175),(#2176,#2177,#2178,#2179,#2180,
#2181),(#2182,#2183,#2184,#2185,#2186,#2187),(#2188,#2189,#2190,#2191,#2192,
#2193),(#2194,#2195,#2196,#2197,#2198,#2199),(#2200,#2201,#2202,#2203,#2204,
#2205),(#2206,#2207,#2208,#2209,#2210,#2211),(#2212,#2213,#2214,#2215,#2216,
#2217),(#2218,#2219,#2220,#2221,#2222,#2223),(#2224,#2225,#2226,#2227,#2228,
#2229),(#2230,#2231,#2232,#2233,#2234,#2235),(#2236,#2237,#2238,#2239,#2240,
#2241),(#2242,#2243,#2244,#2245,#2246,#2247),(#2248,#2249,#2250,#2251,#2252,
#2253),(#2254,#2255,#2256,#2257,#2258,#2259),(#2260,#2261,#2262,#2263,#2264,
#2265),(#2266,#2267,#2268,#2269,#2270,#2271),(#2272,#2273,#2274,#2275,#2276,
#2277),(#2278,#2279,#2280,#2281,#2282,#2283),(#2284,#2285,#2286,#2287,#2288,
#2289),(#2290,#2291,#2292,#2293,#2294,#2295),(#2296,#2297,#2298,#2299,#2300,
#2301),(#2302,#2303,#2304,#2305,#2306,#2307),(#2308,#2309,#2310,#2311,#2312,
#2313),(#2314,#2315,#2316,#2317,#2318,#2319),(#2320,#2321,#2322,#2323,#2324,
#2325),(#2326,#2327,#2328,#2329,#2330,#2331),(#2332,#2333,#2334,#2335,#2336,
#2337),(#2338,#2339,#2340,#2341,#2342,#2343),(#2344,#2345,#2346,#2347,#2348,
#2349),(#2350,#2351,#2352,#2353,#2354,#2355),(#2356,#2357,#2358,#2359,#2360,
#2361),(#2362,#2363,#2364,#2365,#2366,#2367),(#2368,#2369,#2370,#2371,#2372,
#2373),(#2374,#2375,#2376,#2377,#2378,#2379),(#2380,#2381,#2382,#2383,#2384,
#2385),(#2386,#2387,#2388,#2389,#2390,#2391),(#2392,#2393,#2394,#2395,#2396,
#2397),(#2398,#2399,#2400,#2401,#2402,#2403),(#2404,#2405,#2406,#2407,#2408,
#2409),(#2410,#2411,#2412,#2413,#2414,#2415),(#2416,#2417,#2418,#2419,#2420,
#2421),(#2422,#2423,#2424,#2425,#2426,#2427),(#2428,#2429,#2430,#2431,#2432,
#2433),(#2434,#2435,#2436,#2437,#2438,#2439),(#2440,#2441,#2442,#2443,#2444,
#2445),(#2446,#2447,#2448,#2449,#2450,#2451),(#2452,#2453,#2454,#2455,#2456,
#2457),(#2458,#2459,#2460,#2461,#2462,#2463),(#2464,#2465,#2466,#2467,#2468,
#2469),(#2470,#2471,#2472,#2473,#2474,#2475),(#2476,#2477,#2478,#2479,#2480,
#2481),(#2482,#2483,#2484,#2485,#2486,#2487),(#2488,#2489,#2490,#2491,#2492,
#2493),(#2494,#2495,#2496,#2497,#2498,#2499),(#2500,#2501,#2502,#2503,#2504,
#2505),(#2506,#2507,#2508,#2509,#2510,#2511),(#2512,#2513,#2514,#2515,#2516,
#2517),(#2518,#2519,#2520,#2521,#2522,#2523),(#2524,#2525,#2526,#2527,#2528,
#2529),(#2530,#2531,#2532,#2533,#2534,#2535),(#2536,#2537,#2538,#2539,#2540,
#2541),(#2542,#2543,#2544,#2545,#2546,#2547)),.UNSPECIFIED.,.T.,.F.,.F.,
(2,2,2,2,2,2,2,2,2,2,2,2,2,2,2,2,2,2,2,2,2,2,2,2,2,2,2,2,2,2,2,2,2,2,2,
2,2,2,2,2,2,2,2,2,2,2,2,2,2,2,2,2,2,2,2,2,2,2,2,2,2,2,2,2,2,2,2,2,2,2,2,
2,2,2,2,2,2,2,2,2,2,2,2,2,2,2,2,2,2,2,2,2,2,2,2,2,2,2,2,2,2,2,2,2,2,2,2,
2,2,2,2,2,2,2,2,2,2,2,2,2,2,2,2,2,2,2,2,2,2,2,2,2,2,2,2,2,2,2,2,2,2,2,2,
2,2,2,2,2,2,2,2,2,2,2,2,2,2,2,2,2,2,2,2,2,2,2),(4,1,1,4),(-0.00433076987230652,
0.,0.00333535893773038,0.00667071787546077,0.0133414357509215,0.0200121536263823,
0.0266828715018431,0.0333535893773039,0.0400243072527646,0.0466950251282254,
0.0533657430036862,0.0600364608791469,0.0667071787546077,0.0733778966300685,
0.0800486145055293,0.08671933238099,0.0933900502564508,0.100060768131912,
0.103396127069642,0.106731486007372,0.110919957343886,0.1151084286804,0.119296900016914,
0.123485371353429,0.131862314026457,0.140239256699485,0.148616199372513,
0.156993142045541,0.165370084718569,0.173747027391598,0.182123970064625,
0.190500912737653,0.198877855410682,0.20725479808371,0.215631740756738,
0.224008683429766,0.232385626102795,0.240762568775822,0.244016312302972,
0.24727005583012,0.250523799357269,0.253777542884419,0.255404414647994,
0.257031286411568,0.260285029938717,0.266792516993015,0.273300004047313,
0.279807491101612,0.28631497815591,0.292822465210207,0.299329952264506,
0.305837439318804,0.312344926373102,0.318852413427401,0.325359900481698,
0.331867387535997,0.338374874590295,0.341628618117444,0.344882361644593,
0.349795806667081,0.354709251689569,0.359622696712057,0.362079419223301,
0.364536141734545,0.366992864245789,0.369449586757033,0.374363031779521,
0.379276476802008,0.384189921824497,0.389103366846984,0.394016811869473,
0.39893025689196,0.403843701914449,0.413670591959424,0.4234974820044,0.433324372049376,
0.443151262094352,0.452978152139328,0.462805042184304,0.47263193222928,
0.482458822274256,0.492285712319232,0.502112602364208,0.505883712267919,
0.509654822171631,0.517197041979055,0.524739261786479,0.532281481593902,
0.539823701401326,0.547365921208749,0.554908141016173,0.562450360823597,
0.56999258063102,0.577534800438444,0.581305910342156,0.583191465294012,
0.585077020245867,0.586962575197723,0.588848130149579,0.592619240053291,
0.600161459860715,0.607703679668138,0.61147478957185,0.615245899475562,
0.619017009379274,0.622788119282986,0.631166695709482,0.639545272135979,
0.647923848562475,0.656302424988972,0.664681001415468,0.673059577841965,
0.681438154268461,0.689816730694958,0.698195307121454,0.706573883547951,
0.710763171761199,0.712857815867823,0.714952459974447,0.719141748187695,
0.723331036400944,0.73170961282744,0.740088189253937,0.748466765680433,
0.75684534210693,0.760113155293781,0.763380968480633,0.769916594854337,
0.776452221228041,0.782987847601745,0.789523473975448,0.796059100349152,
0.802594726722856,0.80913035309656,0.815665979470264,0.822201605843967,
0.828737232217671,0.835272858591375,0.836906765184801,0.838540671778227,
0.841808484965079,0.845076298151931,0.848344111338783,0.854879737712486,
0.858147550899338,0.86141536408619,0.870076903830803,0.878738443575416,
0.88739998332003,0.896061523064643,0.904723062809256,0.913384602553869,
0.922046142298482,0.930707682043095,0.939369221787708,0.948030761532321,
0.956692301276934,0.965353841021548,0.974015380766161,0.982676920510774,
0.98700769038308,0.989173075319234,0.991338460255387,0.995669230127693,
1.,1.00333535893773),(0.0116175456383818,0.200740545945742,0.554412546161928,
1.),.UNSPECIFIED.);
#465=B_SPLINE_SURFACE_WITH_KNOTS('',3,3,((#2684,#2685,#2686,#2687,#2688,
#2689,#2690,#2691,#2692,#2693,#2694,#2695,#2696,#2697,#2698),(#2699,#2700,
#2701,#2702,#2703,#2704,#2705,#2706,#2707,#2708,#2709,#2710,#2711,#2712,
#2713),(#2714,#2715,#2716,#2717,#2718,#2719,#2720,#2721,#2722,#2723,#2724,
#2725,#2726,#2727,#2728),(#2729,#2730,#2731,#2732,#2733,#2734,#2735,#2736,
#2737,#2738,#2739,#2740,#2741,#2742,#2743),(#2744,#2745,#2746,#2747,#2748,
#2749,#2750,#2751,#2752,#2753,#2754,#2755,#2756,#2757,#2758),(#2759,#2760,
#2761,#2762,#2763,#2764,#2765,#2766,#2767,#2768,#2769,#2770,#2771,#2772,
#2773),(#2774,#2775,#2776,#2777,#2778,#2779,#2780,#2781,#2782,#2783,#2784,
#2785,#2786,#2787,#2788),(#2789,#2790,#2791,#2792,#2793,#2794,#2795,#2796,
#2797,#2798,#2799,#2800,#2801,#2802,#2803),(#2804,#2805,#2806,#2807,#2808,
#2809,#2810,#2811,#2812,#2813,#2814,#2815,#2816,#2817,#2818),(#2819,#2820,
#2821,#2822,#2823,#2824,#2825,#2826,#2827,#2828,#2829,#2830,#2831,#2832,
#2833),(#2834,#2835,#2836,#2837,#2838,#2839,#2840,#2841,#2842,#2843,#2844,
#2845,#2846,#2847,#2848),(#2849,#2850,#2851,#2852,#2853,#2854,#2855,#2856,
#2857,#2858,#2859,#2860,#2861,#2862,#2863),(#2864,#2865,#2866,#2867,#2868,
#2869,#2870,#2871,#2872,#2873,#2874,#2875,#2876,#2877,#2878),(#2879,#2880,
#2881,#2882,#2883,#2884,#2885,#2886,#2887,#2888,#2889,#2890,#2891,#2892,
#2893),(#2894,#2895,#2896,#2897,#2898,#2899,#2900,#2901,#2902,#2903,#2904,
#2905,#2906,#2907,#2908),(#2909,#2910,#2911,#2912,#2913,#2914,#2915,#2916,
#2917,#2918,#2919,#2920,#2921,#2922,#2923),(#2924,#2925,#2926,#2927,#2928,
#2929,#2930,#2931,#2932,#2933,#2934,#2935,#2936,#2937,#2938),(#2939,#2940,
#2941,#2942,#2943,#2944,#2945,#2946,#2947,#2948,#2949,#2950,#2951,#2952,
#2953),(#2954,#2955,#2956,#2957,#2958,#2959,#2960,#2961,#2962,#2963,#2964,
#2965,#2966,#2967,#2968),(#2969,#2970,#2971,#2972,#2973,#2974,#2975,#2976,
#2977,#2978,#2979,#2980,#2981,#2982,#2983),(#2984,#2985,#2986,#2987,#2988,
#2989,#2990,#2991,#2992,#2993,#2994,#2995,#2996,#2997,#2998),(#2999,#3000,
#3001,#3002,#3003,#3004,#3005,#3006,#3007,#3008,#3009,#3010,#3011,#3012,
#3013),(#3014,#3015,#3016,#3017,#3018,#3019,#3020,#3021,#3022,#3023,#3024,
#3025,#3026,#3027,#3028),(#3029,#3030,#3031,#3032,#3033,#3034,#3035,#3036,
#3037,#3038,#3039,#3040,#3041,#3042,#3043),(#3044,#3045,#3046,#3047,#3048,
#3049,#3050,#3051,#3052,#3053,#3054,#3055,#3056,#3057,#3058),(#3059,#3060,
#3061,#3062,#3063,#3064,#3065,#3066,#3067,#3068,#3069,#3070,#3071,#3072,
#3073),(#3074,#3075,#3076,#3077,#3078,#3079,#3080,#3081,#3082,#3083,#3084,
#3085,#3086,#3087,#3088),(#3089,#3090,#3091,#3092,#3093,#3094,#3095,#3096,
#3097,#3098,#3099,#3100,#3101,#3102,#3103),(#3104,#3105,#3106,#3107,#3108,
#3109,#3110,#3111,#3112,#3113,#3114,#3115,#3116,#3117,#3118),(#3119,#3120,
#3121,#3122,#3123,#3124,#3125,#3126,#3127,#3128,#3129,#3130,#3131,#3132,
#3133),(#3134,#3135,#3136,#3137,#3138,#3139,#3140,#3141,#3142,#3143,#3144,
#3145,#3146,#3147,#3148),(#3149,#3150,#3151,#3152,#3153,#3154,#3155,#3156,
#3157,#3158,#3159,#3160,#3161,#3162,#3163),(#3164,#3165,#3166,#3167,#3168,
#3169,#3170,#3171,#3172,#3173,#3174,#3175,#3176,#3177,#3178),(#3179,#3180,
#3181,#3182,#3183,#3184,#3185,#3186,#3187,#3188,#3189,#3190,#3191,#3192,
#3193),(#3194,#3195,#3196,#3197,#3198,#3199,#3200,#3201,#3202,#3203,#3204,
#3205,#3206,#3207,#3208),(#3209,#3210,#3211,#3212,#3213,#3214,#3215,#3216,
#3217,#3218,#3219,#3220,#3221,#3222,#3223),(#3224,#3225,#3226,#3227,#3228,
#3229,#3230,#3231,#3232,#3233,#3234,#3235,#3236,#3237,#3238),(#3239,#3240,
#3241,#3242,#3243,#3244,#3245,#3246,#3247,#3248,#3249,#3250,#3251,#3252,
#3253),(#3254,#3255,#3256,#3257,#3258,#3259,#3260,#3261,#3262,#3263,#3264,
#3265,#3266,#3267,#3268),(#3269,#3270,#3271,#3272,#3273,#3274,#3275,#3276,
#3277,#3278,#3279,#3280,#3281,#3282,#3283),(#3284,#3285,#3286,#3287,#3288,
#3289,#3290,#3291,#3292,#3293,#3294,#3295,#3296,#3297,#3298),(#3299,#3300,
#3301,#3302,#3303,#3304,#3305,#3306,#3307,#3308,#3309,#3310,#3311,#3312,
#3313),(#3314,#3315,#3316,#3317,#3318,#3319,#3320,#3321,#3322,#3323,#3324,
#3325,#3326,#3327,#3328),(#3329,#3330,#3331,#3332,#3333,#3334,#3335,#3336,
#3337,#3338,#3339,#3340,#3341,#3342,#3343),(#3344,#3345,#3346,#3347,#3348,
#3349,#3350,#3351,#3352,#3353,#3354,#3355,#3356,#3357,#3358),(#3359,#3360,
#3361,#3362,#3363,#3364,#3365,#3366,#3367,#3368,#3369,#3370,#3371,#3372,
#3373),(#3374,#3375,#3376,#3377,#3378,#3379,#3380,#3381,#3382,#3383,#3384,
#3385,#3386,#3387,#3388),(#3389,#3390,#3391,#3392,#3393,#3394,#3395,#3396,
#3397,#3398,#3399,#3400,#3401,#3402,#3403),(#3404,#3405,#3406,#3407,#3408,
#3409,#3410,#3411,#3412,#3413,#3414,#3415,#3416,#3417,#3418),(#3419,#3420,
#3421,#3422,#3423,#3424,#3425,#3426,#3427,#3428,#3429,#3430,#3431,#3432,
#3433),(#3434,#3435,#3436,#3437,#3438,#3439,#3440,#3441,#3442,#3443,#3444,
#3445,#3446,#3447,#3448),(#3449,#3450,#3451,#3452,#3453,#3454,#3455,#3456,
#3457,#3458,#3459,#3460,#3461,#3462,#3463),(#3464,#3465,#3466,#3467,#3468,
#3469,#3470,#3471,#3472,#3473,#3474,#3475,#3476,#3477,#3478),(#3479,#3480,
#3481,#3482,#3483,#3484,#3485,#3486,#3487,#3488,#3489,#3490,#3491,#3492,
#3493),(#3494,#3495,#3496,#3497,#3498,#3499,#3500,#3501,#3502,#3503,#3504,
#3505,#3506,#3507,#3508),(#3509,#3510,#3511,#3512,#3513,#3514,#3515,#3516,
#3517,#3518,#3519,#3520,#3521,#3522,#3523),(#3524,#3525,#3526,#3527,#3528,
#3529,#3530,#3531,#3532,#3533,#3534,#3535,#3536,#3537,#3538),(#3539,#3540,
#3541,#3542,#3543,#3544,#3545,#3546,#3547,#3548,#3549,#3550,#3551,#3552,
#3553),(#3554,#3555,#3556,#3557,#3558,#3559,#3560,#3561,#3562,#3563,#3564,
#3565,#3566,#3567,#3568),(#3569,#3570,#3571,#3572,#3573,#3574,#3575,#3576,
#3577,#3578,#3579,#3580,#3581,#3582,#3583),(#3584,#3585,#3586,#3587,#3588,
#3589,#3590,#3591,#3592,#3593,#3594,#3595,#3596,#3597,#3598),(#3599,#3600,
#3601,#3602,#3603,#3604,#3605,#3606,#3607,#3608,#3609,#3610,#3611,#3612,
#3613),(#3614,#3615,#3616,#3617,#3618,#3619,#3620,#3621,#3622,#3623,#3624,
#3625,#3626,#3627,#3628),(#3629,#3630,#3631,#3632,#3633,#3634,#3635,#3636,
#3637,#3638,#3639,#3640,#3641,#3642,#3643),(#3644,#3645,#3646,#3647,#3648,
#3649,#3650,#3651,#3652,#3653,#3654,#3655,#3656,#3657,#3658),(#3659,#3660,
#3661,#3662,#3663,#3664,#3665,#3666,#3667,#3668,#3669,#3670,#3671,#3672,
#3673),(#3674,#3675,#3676,#3677,#3678,#3679,#3680,#3681,#3682,#3683,#3684,
#3685,#3686,#3687,#3688),(#3689,#3690,#3691,#3692,#3693,#3694,#3695,#3696,
#3697,#3698,#3699,#3700,#3701,#3702,#3703),(#3704,#3705,#3706,#3707,#3708,
#3709,#3710,#3711,#3712,#3713,#3714,#3715,#3716,#3717,#3718),(#3719,#3720,
#3721,#3722,#3723,#3724,#3725,#3726,#3727,#3728,#3729,#3730,#3731,#3732,
#3733),(#3734,#3735,#3736,#3737,#3738,#3739,#3740,#3741,#3742,#3743,#3744,
#3745,#3746,#3747,#3748),(#3749,#3750,#3751,#3752,#3753,#3754,#3755,#3756,
#3757,#3758,#3759,#3760,#3761,#3762,#3763),(#3764,#3765,#3766,#3767,#3768,
#3769,#3770,#3771,#3772,#3773,#3774,#3775,#3776,#3777,#3778),(#3779,#3780,
#3781,#3782,#3783,#3784,#3785,#3786,#3787,#3788,#3789,#3790,#3791,#3792,
#3793),(#3794,#3795,#3796,#3797,#3798,#3799,#3800,#3801,#3802,#3803,#3804,
#3805,#3806,#3807,#3808),(#3809,#3810,#3811,#3812,#3813,#3814,#3815,#3816,
#3817,#3818,#3819,#3820,#3821,#3822,#3823),(#3824,#3825,#3826,#3827,#3828,
#3829,#3830,#3831,#3832,#3833,#3834,#3835,#3836,#3837,#3838),(#3839,#3840,
#3841,#3842,#3843,#3844,#3845,#3846,#3847,#3848,#3849,#3850,#3851,#3852,
#3853),(#3854,#3855,#3856,#3857,#3858,#3859,#3860,#3861,#3862,#3863,#3864,
#3865,#3866,#3867,#3868),(#3869,#3870,#3871,#3872,#3873,#3874,#3875,#3876,
#3877,#3878,#3879,#3880,#3881,#3882,#3883),(#3884,#3885,#3886,#3887,#3888,
#3889,#3890,#3891,#3892,#3893,#3894,#3895,#3896,#3897,#3898)),
 .UNSPECIFIED.,.T.,.F.,.F.,(1,1,1,1,1,1,1,1,1,1,1,1,1,1,1,1,1,1,1,1,1,1,
1,1,1,1,1,1,1,1,1,1,1,1,1,1,1,1,1,1,1,1,1,1,1,1,1,1,1,1,1,1,1,1,1,1,1,1,
1,1,1,1,1,1,1,1,1,1,1,1,1,1,1,1,1,1,1,1,1,1,1,1,1,1,1),(4,1,1,1,1,1,1,1,
1,1,1,1,4),(-0.046875,-0.03125,-0.015625,0.,0.0078125,0.015625,0.03125,
0.046875,0.0625,0.078125,0.09375,0.1015625,0.109375,0.1171875,0.125,0.140625,
0.15625,0.171875,0.1875,0.21875,0.234375,0.2421875,0.25,0.2578125,0.265625,
0.28125,0.296875,0.3125,0.328125,0.3359375,0.33984375,0.34375,0.3515625,
0.359375,0.3671875,0.375,0.390625,0.40625,0.4375,0.46875,0.484375,0.5,0.515625,
0.53125,0.546875,0.5625,0.578125,0.59375,0.609375,0.6171875,0.62109375,
0.625,0.6328125,0.640625,0.65625,0.671875,0.6875,0.703125,0.71875,0.734375,
0.75,0.7578125,0.765625,0.78125,0.796875,0.8125,0.828125,0.8359375,0.84375,
0.8515625,0.859375,0.86328125,0.8671875,0.875,0.890625,0.90625,0.921875,
0.9375,0.953125,0.96875,0.984375,1.,1.0078125,1.015625,1.03125),(0.0134987980259544,
0.0977489482727235,0.139874023396108,0.181999098519493,0.224124173642877,
0.280290940474057,0.350499399013031,0.420707857552005,0.476874624383185,
0.518999699506569,0.561124774629954,0.603249849753338,0.687500000000107),
 .UNSPECIFIED.);
#466=B_SPLINE_SURFACE_WITH_KNOTS('',3,3,((#4323,#4324,#4325,#4326,#4327),
(#4328,#4329,#4330,#4331,#4332),(#4333,#4334,#4335,#4336,#4337),(#4338,
#4339,#4340,#4341,#4342),(#4343,#4344,#4345,#4346,#4347),(#4348,#4349,#4350,
#4351,#4352),(#4353,#4354,#4355,#4356,#4357),(#4358,#4359,#4360,#4361,#4362),
(#4363,#4364,#4365,#4366,#4367),(#4368,#4369,#4370,#4371,#4372),(#4373,
#4374,#4375,#4376,#4377),(#4378,#4379,#4380,#4381,#4382),(#4383,#4384,#4385,
#4386,#4387),(#4388,#4389,#4390,#4391,#4392),(#4393,#4394,#4395,#4396,#4397),
(#4398,#4399,#4400,#4401,#4402),(#4403,#4404,#4405,#4406,#4407),(#4408,
#4409,#4410,#4411,#4412),(#4413,#4414,#4415,#4416,#4417),(#4418,#4419,#4420,
#4421,#4422),(#4423,#4424,#4425,#4426,#4427),(#4428,#4429,#4430,#4431,#4432),
(#4433,#4434,#4435,#4436,#4437),(#4438,#4439,#4440,#4441,#4442),(#4443,
#4444,#4445,#4446,#4447),(#4448,#4449,#4450,#4451,#4452),(#4453,#4454,#4455,
#4456,#4457),(#4458,#4459,#4460,#4461,#4462),(#4463,#4464,#4465,#4466,#4467),
(#4468,#4469,#4470,#4471,#4472),(#4473,#4474,#4475,#4476,#4477),(#4478,
#4479,#4480,#4481,#4482),(#4483,#4484,#4485,#4486,#4487),(#4488,#4489,#4490,
#4491,#4492),(#4493,#4494,#4495,#4496,#4497),(#4498,#4499,#4500,#4501,#4502),
(#4503,#4504,#4505,#4506,#4507),(#4508,#4509,#4510,#4511,#4512),(#4513,
#4514,#4515,#4516,#4517),(#4518,#4519,#4520,#4521,#4522),(#4523,#4524,#4525,
#4526,#4527),(#4528,#4529,#4530,#4531,#4532),(#4533,#4534,#4535,#4536,#4537),
(#4538,#4539,#4540,#4541,#4542),(#4543,#4544,#4545,#4546,#4547),(#4548,
#4549,#4550,#4551,#4552),(#4553,#4554,#4555,#4556,#4557),(#4558,#4559,#4560,
#4561,#4562),(#4563,#4564,#4565,#4566,#4567)),.UNSPECIFIED.,.F.,.F.,.F.,
(4,1,1,1,1,1,1,1,1,1,1,1,1,1,1,1,1,1,1,1,1,1,1,1,1,1,1,1,1,1,1,1,1,1,1,
1,1,1,1,1,1,1,1,1,1,1,4),(4,1,4),(0.124999998929628,0.179687498996527,0.202473957357734,
0.2207031240467,0.232096353227304,0.241210936571787,0.25032551991627,0.261718749096874,
0.275390624113598,0.293619790802565,0.311848957491531,0.330078124180497,
0.343749999197221,0.357421874213946,0.375651040902912,0.407552082608603,
0.444010415986535,0.475911457692225,0.491861978545071,0.500976561889554,
0.510091145234037,0.521484374414641,0.539713541103607,0.562499999464814,
0.585286457826022,0.603515624514988,0.614908853695592,0.624023437040075,
0.633138020384558,0.649088541237403,0.671874999598611,0.69921874963206,
0.722005207993268,0.740234374682234,0.751627603862838,0.760742187207321,
0.769856770551804,0.785807291404649,0.808593749765857,0.831380208127064,
0.84960937481603,0.863281249832755,0.87695312484948,0.895182291538446,0.917968749899653,
0.945312499933102,1.),(0.687499999999981,0.847299549029242,1.0070990980585),
 .UNSPECIFIED.);
#467=B_SPLINE_SURFACE_WITH_KNOTS('',3,3,((#4577,#4578,#4579,#4580,#4581,
#4582,#4583,#4584,#4585,#4586,#4587,#4588,#4589,#4590,#4591,#4592,#4593,
#4594,#4595,#4596,#4597,#4598,#4599,#4600,#4601,#4602,#4603,#4604),(#4605,
#4606,#4607,#4608,#4609,#4610,#4611,#4612,#4613,#4614,#4615,#4616,#4617,
#4618,#4619,#4620,#4621,#4622,#4623,#4624,#4625,#4626,#4627,#4628,#4629,
#4630,#4631,#4632),(#4633,#4634,#4635,#4636,#4637,#4638,#4639,#4640,#4641,
#4642,#4643,#4644,#4645,#4646,#4647,#4648,#4649,#4650,#4651,#4652,#4653,
#4654,#4655,#4656,#4657,#4658,#4659,#4660),(#4661,#4662,#4663,#4664,#4665,
#4666,#4667,#4668,#4669,#4670,#4671,#4672,#4673,#4674,#4675,#4676,#4677,
#4678,#4679,#4680,#4681,#4682,#4683,#4684,#4685,#4686,#4687,#4688),(#4689,
#4690,#4691,#4692,#4693,#4694,#4695,#4696,#4697,#4698,#4699,#4700,#4701,
#4702,#4703,#4704,#4705,#4706,#4707,#4708,#4709,#4710,#4711,#4712,#4713,
#4714,#4715,#4716),(#4717,#4718,#4719,#4720,#4721,#4722,#4723,#4724,#4725,
#4726,#4727,#4728,#4729,#4730,#4731,#4732,#4733,#4734,#4735,#4736,#4737,
#4738,#4739,#4740,#4741,#4742,#4743,#4744),(#4745,#4746,#4747,#4748,#4749,
#4750,#4751,#4752,#4753,#4754,#4755,#4756,#4757,#4758,#4759,#4760,#4761,
#4762,#4763,#4764,#4765,#4766,#4767,#4768,#4769,#4770,#4771,#4772),(#4773,
#4774,#4775,#4776,#4777,#4778,#4779,#4780,#4781,#4782,#4783,#4784,#4785,
#4786,#4787,#4788,#4789,#4790,#4791,#4792,#4793,#4794,#4795,#4796,#4797,
#4798,#4799,#4800),(#4801,#4802,#4803,#4804,#4805,#4806,#4807,#4808,#4809,
#4810,#4811,#4812,#4813,#4814,#4815,#4816,#4817,#4818,#4819,#4820,#4821,
#4822,#4823,#4824,#4825,#4826,#4827,#4828),(#4829,#4830,#4831,#4832,#4833,
#4834,#4835,#4836,#4837,#4838,#4839,#4840,#4841,#4842,#4843,#4844,#4845,
#4846,#4847,#4848,#4849,#4850,#4851,#4852,#4853,#4854,#4855,#4856),(#4857,
#4858,#4859,#4860,#4861,#4862,#4863,#4864,#4865,#4866,#4867,#4868,#4869,
#4870,#4871,#4872,#4873,#4874,#4875,#4876,#4877,#4878,#4879,#4880,#4881,
#4882,#4883,#4884),(#4885,#4886,#4887,#4888,#4889,#4890,#4891,#4892,#4893,
#4894,#4895,#4896,#4897,#4898,#4899,#4900,#4901,#4902,#4903,#4904,#4905,
#4906,#4907,#4908,#4909,#4910,#4911,#4912),(#4913,#4914,#4915,#4916,#4917,
#4918,#4919,#4920,#4921,#4922,#4923,#4924,#4925,#4926,#4927,#4928,#4929,
#4930,#4931,#4932,#4933,#4934,#4935,#4936,#4937,#4938,#4939,#4940),(#4941,
#4942,#4943,#4944,#4945,#4946,#4947,#4948,#4949,#4950,#4951,#4952,#4953,
#4954,#4955,#4956,#4957,#4958,#4959,#4960,#4961,#4962,#4963,#4964,#4965,
#4966,#4967,#4968),(#4969,#4970,#4971,#4972,#4973,#4974,#4975,#4976,#4977,
#4978,#4979,#4980,#4981,#4982,#4983,#4984,#4985,#4986,#4987,#4988,#4989,
#4990,#4991,#4992,#4993,#4994,#4995,#4996),(#4997,#4998,#4999,#5000,#5001,
#5002,#5003,#5004,#5005,#5006,#5007,#5008,#5009,#5010,#5011,#5012,#5013,
#5014,#5015,#5016,#5017,#5018,#5019,#5020,#5021,#5022,#5023,#5024),(#5025,
#5026,#5027,#5028,#5029,#5030,#5031,#5032,#5033,#5034,#5035,#5036,#5037,
#5038,#5039,#5040,#5041,#5042,#5043,#5044,#5045,#5046,#5047,#5048,#5049,
#5050,#5051,#5052),(#5053,#5054,#5055,#5056,#5057,#5058,#5059,#5060,#5061,
#5062,#5063,#5064,#5065,#5066,#5067,#5068,#5069,#5070,#5071,#5072,#5073,
#5074,#5075,#5076,#5077,#5078,#5079,#5080),(#5081,#5082,#5083,#5084,#5085,
#5086,#5087,#5088,#5089,#5090,#5091,#5092,#5093,#5094,#5095,#5096,#5097,
#5098,#5099,#5100,#5101,#5102,#5103,#5104,#5105,#5106,#5107,#5108),(#5109,
#5110,#5111,#5112,#5113,#5114,#5115,#5116,#5117,#5118,#5119,#5120,#5121,
#5122,#5123,#5124,#5125,#5126,#5127,#5128,#5129,#5130,#5131,#5132,#5133,
#5134,#5135,#5136),(#5137,#5138,#5139,#5140,#5141,#5142,#5143,#5144,#5145,
#5146,#5147,#5148,#5149,#5150,#5151,#5152,#5153,#5154,#5155,#5156,#5157,
#5158,#5159,#5160,#5161,#5162,#5163,#5164),(#5165,#5166,#5167,#5168,#5169,
#5170,#5171,#5172,#5173,#5174,#5175,#5176,#5177,#5178,#5179,#5180,#5181,
#5182,#5183,#5184,#5185,#5186,#5187,#5188,#5189,#5190,#5191,#5192),(#5193,
#5194,#5195,#5196,#5197,#5198,#5199,#5200,#5201,#5202,#5203,#5204,#5205,
#5206,#5207,#5208,#5209,#5210,#5211,#5212,#5213,#5214,#5215,#5216,#5217,
#5218,#5219,#5220)),.UNSPECIFIED.,.F.,.F.,.F.,(4,3,2,2,2,2,2,2,2,2,4),(4,
2,2,2,2,2,2,2,2,2,3,3,4),(0.030647036609166,0.03125,0.046875,0.0625,0.0703125,
0.078125,0.0859375,0.09375,0.1015625,0.109375,0.125),(0.6875,0.71875,0.75,
0.78125,0.8125,0.84375,0.875,0.90625,0.9375,0.96875,1.,1.00447017175664,
1.00637241176512),.UNSPECIFIED.);
#468=B_SPLINE_SURFACE_WITH_KNOTS('',3,3,((#5226,#5227,#5228,#5229,#5230),
(#5231,#5232,#5233,#5234,#5235),(#5236,#5237,#5238,#5239,#5240),(#5241,
#5242,#5243,#5244,#5245),(#5246,#5247,#5248,#5249,#5250)),.UNSPECIFIED.,
 .F.,.F.,.F.,(4,1,4),(4,1,4),(0.,0.0156250000000041,0.0312500000000082),
(0.687499999999984,0.847299013154003,1.00709802630802),.UNSPECIFIED.);
#469=ADVANCED_FACE('',(#434,#435,#436,#437),#464,.T.);
#470=ADVANCED_FACE('',(#438,#439,#440),#465,.F.);
#471=ADVANCED_FACE('',(#441,#442),#18,.T.);
#472=ADVANCED_FACE('',(#443),#19,.F.);
#473=ADVANCED_FACE('',(#444,#445),#16,.T.);
#474=ADVANCED_FACE('',(#446),#466,.F.);
#475=ADVANCED_FACE('',(#447),#467,.F.);
#476=ADVANCED_FACE('',(#448),#468,.F.);
#477=ADVANCED_FACE('',(#449),#20,.T.);
#478=ADVANCED_FACE('',(#450,#451),#17,.F.);
#479=ADVANCED_FACE('',(#452),#21,.F.);
#480=ADVANCED_FACE('',(#453),#22,.T.);
#481=ADVANCED_FACE('',(#454),#23,.T.);
#482=ADVANCED_FACE('',(#455),#24,.T.);
#483=ADVANCED_FACE('',(#456),#12,.F.);
#484=ADVANCED_FACE('',(#457),#25,.T.);
#485=ADVANCED_FACE('',(#458),#13,.F.);
#486=ADVANCED_FACE('',(#459),#26,.T.);
#487=ADVANCED_FACE('',(#460),#14,.F.);
#488=ADVANCED_FACE('',(#461),#27,.T.);
#489=ADVANCED_FACE('',(#462),#15,.F.);
#490=ADVANCED_FACE('',(#463),#28,.T.);
#491=CLOSED_SHELL('',(#469,#470,#471,#472,#473,#474,#475,#476,#477,#478,
#479,#480,#481,#482,#483,#484,#485,#486,#487,#488,#489,#490));
#492=STYLED_ITEM('',(#493),#500);
#493=PRESENTATION_STYLE_ASSIGNMENT((#494));
#494=SURFACE_STYLE_USAGE(.BOTH.,#495);
#495=SURFACE_SIDE_STYLE('',(#496));
#496=SURFACE_STYLE_FILL_AREA(#497);
#497=FILL_AREA_STYLE('',(#498));
#498=FILL_AREA_STYLE_COLOUR('',#499);
#499=COLOUR_RGB('',0.768627450980392,0.886274509803922,0.952941176470588);
#500=MANIFOLD_SOLID_BREP('iWand_Enclosure',#491);
#501=SHAPE_DEFINITION_REPRESENTATION(#5413,#502);
#502=SHAPE_REPRESENTATION('iWand_Enclosure',(#503),#5408);
#503=AXIS2_PLACEMENT_3D('',#579,#523,#524);
#504=AXIS2_PLACEMENT_3D('',#2624,#525,#526);
#505=AXIS2_PLACEMENT_3D('',#2629,#528,#529);
#506=AXIS2_PLACEMENT_3D('',#2633,#531,#532);
#507=AXIS2_PLACEMENT_3D('',#2637,#534,#535);
#508=AXIS2_PLACEMENT_3D('',#4086,#537,#538);
#509=AXIS2_PLACEMENT_3D('',#4161,#539,#540);
#510=AXIS2_PLACEMENT_3D('',#5251,#541,#542);
#511=AXIS2_PLACEMENT_3D('',#5383,#543,#544);
#512=AXIS2_PLACEMENT_3D('',#5386,#547,#548);
#513=AXIS2_PLACEMENT_3D('',#5388,#550,#551);
#514=AXIS2_PLACEMENT_3D('',#5390,#553,#554);
#515=AXIS2_PLACEMENT_3D('',#5391,#555,#556);
#516=AXIS2_PLACEMENT_3D('',#5394,#559,#560);
#517=AXIS2_PLACEMENT_3D('',#5396,#562,#563);
#518=AXIS2_PLACEMENT_3D('',#5398,#565,#566);
#519=AXIS2_PLACEMENT_3D('',#5400,#568,#569);
#520=AXIS2_PLACEMENT_3D('',#5402,#571,#572);
#521=AXIS2_PLACEMENT_3D('',#5404,#574,#575);
#522=AXIS2_PLACEMENT_3D('',#5406,#577,#578);
#523=DIRECTION('',(0.,0.,1.));
#524=DIRECTION('',(1.,0.,0.));
#525=DIRECTION('',(0.866025403784439,0.,-0.5));
#526=DIRECTION('',(-0.5,0.,-0.86602540378444));
#527=DIRECTION('',(-6.25964416140483E-17,-1.,-1.0842021724855E-16));
#528=DIRECTION('',(0.866025403784439,0.,-0.5));
#529=DIRECTION('',(0.,-1.,4.04768811061252E-15));
#530=DIRECTION('',(-0.5,0.,-0.866025403784439));
#531=DIRECTION('',(0.866025403784439,0.,-0.5));
#532=DIRECTION('',(0.5,0.,0.866025403784441));
#533=DIRECTION('',(-3.12982208070241E-17,-1.,-5.42101086242752E-17));
#534=DIRECTION('',(0.866025403784439,0.,-0.5));
#535=DIRECTION('',(0.,1.,2.31296463463573E-15));
#536=DIRECTION('',(-0.5,0.,-0.866025403784439));
#537=DIRECTION('',(0.866025403784439,0.,-0.5));
#538=DIRECTION('',(0.,1.,0.));
#539=DIRECTION('',(0.866025403784439,0.,0.5));
#540=DIRECTION('',(0.,1.,0.));
#541=DIRECTION('',(0.866025403784439,0.,0.5));
#542=DIRECTION('',(0.,1.,0.));
#543=DIRECTION('',(1.,0.,0.));
#544=DIRECTION('',(0.,0.,-1.));
#545=DIRECTION('',(0.,1.,0.));
#546=DIRECTION('',(0.,1.,0.));
#547=DIRECTION('',(0.,0.,-1.));
#548=DIRECTION('',(-1.,0.,0.));
#549=DIRECTION('',(0.,1.,0.));
#550=DIRECTION('',(1.,0.,0.));
#551=DIRECTION('',(0.,0.,-1.));
#552=DIRECTION('',(0.,1.,0.));
#553=DIRECTION('',(0.,0.,1.));
#554=DIRECTION('',(1.,0.,0.));
#555=DIRECTION('',(0.,1.,0.));
#556=DIRECTION('',(0.,0.,1.));
#557=DIRECTION('',(0.,1.,0.));
#558=DIRECTION('',(0.,1.,0.));
#559=DIRECTION('',(1.,0.,-2.44327250137579E-15));
#560=DIRECTION('',(-2.44327250137579E-15,0.,-1.));
#561=DIRECTION('',(0.,1.,0.));
#562=DIRECTION('',(0.,1.,0.));
#563=DIRECTION('',(0.,0.,1.));
#564=DIRECTION('',(0.,1.,0.));
#565=DIRECTION('',(5.38733998750561E-16,0.,1.));
#566=DIRECTION('',(1.,0.,-5.38733998750561E-16));
#567=DIRECTION('',(0.,1.,0.));
#568=DIRECTION('',(0.,1.,0.));
#569=DIRECTION('',(0.,0.,1.));
#570=DIRECTION('',(0.,1.,0.));
#571=DIRECTION('',(-1.,0.,0.));
#572=DIRECTION('',(0.,0.,1.));
#573=DIRECTION('',(0.,1.,0.));
#574=DIRECTION('',(0.,1.,0.));
#575=DIRECTION('',(0.,0.,1.));
#576=DIRECTION('',(0.,1.,0.));
#577=DIRECTION('',(-5.38733998750561E-16,0.,-1.));
#578=DIRECTION('',(-1.,0.,5.38733998750561E-16));
#579=CARTESIAN_POINT('',(0.,0.,0.));
#580=CARTESIAN_POINT('',(-0.0386599463829721,0.000833771009585197,-0.0150667950151794));
#581=CARTESIAN_POINT('',(-0.0259117240882221,0.000873957243651038,-0.0123240301872336));
#582=CARTESIAN_POINT('',(0.0107383044451452,0.000974041759772299,-0.00462469945987708));
#583=CARTESIAN_POINT('',(0.0830575511764314,-0.000221059163690908,-0.00618919010634747));
#584=CARTESIAN_POINT('',(0.1398424159769,0.00371841512098385,-0.00721971218039716));
#585=CARTESIAN_POINT('',(0.1715,0.00591467355379261,-0.00779422863405997));
#586=CARTESIAN_POINT('',(-0.0386675801859446,0.00112675646313333,-0.0150535663404577));
#587=CARTESIAN_POINT('',(-0.0259162859872179,0.00114743057085934,-0.012316086752573));
#588=CARTESIAN_POINT('',(0.0107423236076571,0.00119325174066715,-0.00463151958224446));
#589=CARTESIAN_POINT('',(0.083055929599145,5.6260617724584E-5,-0.00618628307515747));
#590=CARTESIAN_POINT('',(0.13984183554047,0.0039146570109976,-0.0072186716214192));
#591=CARTESIAN_POINT('',(0.1715,0.00606571448808541,-0.00779422863405997));
#592=CARTESIAN_POINT('',(-0.0386715890547253,0.00125574995093919,-0.0150466174390527));
#593=CARTESIAN_POINT('',(-0.025918674660811,0.00126782161885192,-0.0123119153098355));
#594=CARTESIAN_POINT('',(0.0107444582024999,0.00128971996205519,-0.00463511113338321));
#595=CARTESIAN_POINT('',(0.0830548507721545,0.00017840453682476,-0.00618518325241015));
#596=CARTESIAN_POINT('',(0.139842141663392,0.00399954509821861,-0.00721707887317833));
#597=CARTESIAN_POINT('',(0.171501078233032,0.00612983243466754,-0.00779236107966635));
#598=CARTESIAN_POINT('',(-0.0386810697883273,0.00151651028076771,-0.0150301760735597));
#599=CARTESIAN_POINT('',(-0.0259243142261897,0.00151116566138056,-0.0123020177351605));
#600=CARTESIAN_POINT('',(0.0107495389275727,0.0014846305888359,-0.00464350951945016));
#601=CARTESIAN_POINT('',(0.08305199059102,0.000425311225474183,-0.00618308803641587));
#602=CARTESIAN_POINT('',(0.139843695817303,0.00416818048013675,-0.00721186377140471));
#603=CARTESIAN_POINT('',(0.171505093380433,0.00625483153290074,-0.0077854066403677));
#604=CARTESIAN_POINT('',(-0.0386865416732145,0.0016482771037517,-0.0150206835732287));
#605=CARTESIAN_POINT('',(-0.0259275651300064,0.00163411863973966,-0.0122962915728328));
#606=CARTESIAN_POINT('',(0.0107524850682311,0.00158307298512443,-0.00464831634041961));
#607=CARTESIAN_POINT('',(0.0830502092339055,0.000550073895811897,-0.00618209262597839));
#608=CARTESIAN_POINT('',(0.139844943843293,0.00425192806811885,-0.00720824141853575));
#609=CARTESIAN_POINT('',(0.171508030288672,0.00631571319665375,-0.00778031976608021));
#610=CARTESIAN_POINT('',(-0.0387052731685365,0.00204731956082361,-0.0149881722315839));
#611=CARTESIAN_POINT('',(-0.0259386862607406,0.00200642529615951,-0.0122765975310357));
#612=CARTESIAN_POINT('',(0.0107625958620508,0.00188102799073667,-0.00466447193004774));
#613=CARTESIAN_POINT('',(0.0830438693068598,0.000927723590464303,-0.00617892871424454));
#614=CARTESIAN_POINT('',(0.139849866517634,0.00450127956757307,-0.00719465196065538));
#615=CARTESIAN_POINT('',(0.171519231867628,0.00649353840281185,-0.00776091806220296));
#616=CARTESIAN_POINT('',(-0.0387208527310629,0.00231834024105936,-0.0149611128574398));
#617=CARTESIAN_POINT('',(-0.0259479274667125,0.00225922950864905,-0.0122601124153982));
#618=CARTESIAN_POINT('',(0.0107710346997329,0.00208317065553796,-0.00467756804890843));
#619=CARTESIAN_POINT('',(0.0830383173486136,0.00118398510810936,-0.00617657704175952));
#620=CARTESIAN_POINT('',(0.139854710468934,0.00466498497832479,-0.00718197811738106));
#621=CARTESIAN_POINT('',(0.171529871542509,0.00660564374827993,-0.00774248960473327));
#622=CARTESIAN_POINT('',(-0.038758749718804,0.00286805551707909,-0.0148952089961988));
#623=CARTESIAN_POINT('',(-0.0259704064319519,0.00277185384458662,-0.0122194834425499));
#624=CARTESIAN_POINT('',(0.0107915623240431,0.00249262623500517,-0.00470764467549958));
#625=CARTESIAN_POINT('',(0.083024809344446,0.0017021874241596,-0.00616970279494377));
#626=CARTESIAN_POINT('',(0.13986650127723,0.00498664040108736,-0.00715072054046473));
#627=CARTESIAN_POINT('',(0.17155576644851,0.00681772420224408,-0.00769763831188339));
#628=CARTESIAN_POINT('',(-0.0387810676383263,0.0031467491265609,-0.014856363577578));
#629=CARTESIAN_POINT('',(-0.0259836444753852,0.00303167303671863,-0.0121953386091554));
#630=CARTESIAN_POINT('',(0.010803651409362,0.00269993836092291,-0.0047246240635523));
#631=CARTESIAN_POINT('',(0.0830168528286718,0.0019641263166754,-0.00616517745649933));
#632=CARTESIAN_POINT('',(0.139873449077461,0.00514459636330361,-0.00713213389239046));
#633=CARTESIAN_POINT('',(0.171571023410661,0.00691770964072143,-0.0076712124782683));
#634=CARTESIAN_POINT('',(-0.0388328590090294,0.0037094108085952,-0.0147660965565974));
#635=CARTESIAN_POINT('',(-0.0260143747582104,0.00355605720027764,-0.0121385094629415));
#636=CARTESIAN_POINT('',(0.010831671881004,0.00311780920801479,-0.00476132957442069));
#637=CARTESIAN_POINT('',(0.0829987084658841,0.00249016178868841,-0.00615238958450983));
#638=CARTESIAN_POINT('',(0.139888712903175,0.00545429546690026,-0.00708986966750158));
#639=CARTESIAN_POINT('',(0.171604912314347,0.00710680113550438,-0.00761251517527162));
#640=CARTESIAN_POINT('',(-0.0388623328387342,0.00399337764678032,-0.0147146742421231));
#641=CARTESIAN_POINT('',(-0.0260318672101151,0.00382062073622255,-0.0121058244180135));
#642=CARTESIAN_POINT('',(0.0108476035134863,0.00332836602391439,-0.00478105480747374));
#643=CARTESIAN_POINT('',(0.0829885200936189,0.00275426530775153,-0.00614411681954596));
#644=CARTESIAN_POINT('',(0.13989703009574,0.00560604574592775,-0.00706618608130431));
#645=CARTESIAN_POINT('',(0.171623546366441,0.00719591443988743,-0.00758024005029416));
#646=CARTESIAN_POINT('',(-0.0389287029655792,0.00456413215305137,-0.0145987135284336));
#647=CARTESIAN_POINT('',(-0.0260712711094787,0.00435217062224705,-0.0120311313754508));
#648=CARTESIAN_POINT('',(0.0108834315408924,0.00375075211348308,-0.00482178468345619));
#649=CARTESIAN_POINT('',(0.0829660269116458,0.00328092534475638,-0.00612249560870919));
#650=CARTESIAN_POINT('',(0.13991455111225,0.00590294065101397,-0.00701415425198879));
#651=CARTESIAN_POINT('',(0.171663375314034,0.00736471519532915,-0.00751125428945008));
#652=CARTESIAN_POINT('',(-0.0389655995140976,0.00485091850573485,-0.0145341745541101));
#653=CARTESIAN_POINT('',(-0.0260931826935873,0.00461915583903942,-0.0119891222448796));
#654=CARTESIAN_POINT('',(0.0109033281146284,0.00396258070175164,-0.00484278667823213));
#655=CARTESIAN_POINT('',(0.0829537216075412,0.0035434752386077,-0.00610914950225117));
#656=CARTESIAN_POINT('',(0.139923756102604,0.00604808612520856,-0.00698580451945747));
#657=CARTESIAN_POINT('',(0.171684572301844,0.00744440766029275,-0.00747454002959735));
#658=CARTESIAN_POINT('',(-0.0390469217911191,0.00542484182124912,-0.0143917119745905));
#659=CARTESIAN_POINT('',(-0.0261414915603511,0.00515320658389685,-0.0118951279693037));
#660=CARTESIAN_POINT('',(0.010947132169154,0.00438550835218614,-0.00488434162978863));
#661=CARTESIAN_POINT('',(0.0829270671792944,0.00406329491923784,-0.00607624133449537));
#662=CARTESIAN_POINT('',(0.139942788448167,0.006331382555122,-0.00692453498583525));
#663=CARTESIAN_POINT('',(0.171729075041424,0.00759584228672577,-0.00739745902356817));
#664=CARTESIAN_POINT('',(-0.0390913476361263,0.00571197728325862,-0.0143137881427356));
#665=CARTESIAN_POINT('',(-0.0261678889004541,0.00542027031423147,-0.0118431425620052));
#666=CARTESIAN_POINT('',(0.0109710397529597,0.00459660491433218,-0.00490489399745802));
#667=CARTESIAN_POINT('',(0.0829127176348261,0.00432057445985065,-0.00605665781211393));
#668=CARTESIAN_POINT('',(0.139952616857939,0.00646953927817079,-0.00689160541569549));
#669=CARTESIAN_POINT('',(0.171752382670008,0.00766758799304763,-0.00735708902665677));
#670=CARTESIAN_POINT('',(-0.0391876694509338,0.00628415418985093,-0.0141445711784672));
#671=CARTESIAN_POINT('',(-0.0262251349624864,0.00595215839113846,-0.0117286969044737));
#672=CARTESIAN_POINT('',(0.0110228314002544,0.00501608110975036,-0.00494361734850378));
#673=CARTESIAN_POINT('',(0.0828820189251832,0.00482609866645252,-0.00601053847354192));
#674=CARTESIAN_POINT('',(0.139972815436021,0.00673839515348699,-0.00682107965450987));
#675=CARTESIAN_POINT('',(0.171800956505623,0.00780450118241027,-0.00727295667545268));
#676=CARTESIAN_POINT('',(-0.0392395653991362,0.00656919418294728,-0.0140532779115431));
#677=CARTESIAN_POINT('',(-0.0262559836611415,0.00621698145012109,-0.011666235591894));
#678=CARTESIAN_POINT('',(0.011050715487865,0.00522445985246649,-0.00496178475083722));
#679=CARTESIAN_POINT('',(0.082865669427719,0.00507433654021571,-0.00598400751640099));
#680=CARTESIAN_POINT('',(0.139983186511591,0.00686909361781407,-0.00678348342530732));
#681=CARTESIAN_POINT('',(0.171826224310963,0.0078696713806523,-0.0072291915528089));
#682=CARTESIAN_POINT('',(-0.0393506011658592,0.00713480447474115,-0.0138576286064919));
#683=CARTESIAN_POINT('',(-0.0263219965874535,0.00674213036359378,-0.0115305254903231));
#684=CARTESIAN_POINT('',(0.0111103432288719,0.0056365561611748,-0.00499370101256547));
#685=CARTESIAN_POINT('',(0.0828309979155494,0.0055581752991118,-0.00592355786898311));
#686=CARTESIAN_POINT('',(0.14000454396434,0.0071224993733932,-0.00670335790567953));
#687=CARTESIAN_POINT('',(0.171878817933259,0.00799461064802485,-0.00713809672683685));
#688=CARTESIAN_POINT('',(-0.0394097408264987,0.00741537330096545,-0.0137532728286104));
#689=CARTESIAN_POINT('',(-0.0263571607120241,0.00700245465431148,-0.0114572767912559));
#690=CARTESIAN_POINT('',(0.0111420868290577,0.00584027194224673,-0.00500744921412701));
#691=CARTESIAN_POINT('',(0.0828126756504618,0.00579377768878749,-0.00588961377781936));
#692=CARTESIAN_POINT('',(0.140015531116776,0.00724520874130447,-0.00666081802510376));
#693=CARTESIAN_POINT('',(0.171906145097267,0.00805438211276971,-0.00709076469034925));
#694=CARTESIAN_POINT('',(-0.039534873268718,0.00796977866192372,-0.0135320939865977));
#695=CARTESIAN_POINT('',(-0.02643156900279,0.00751645325387979,-0.0112998779056152));
#696=CARTESIAN_POINT('',(0.0112092346414557,0.00624118206599967,-0.00502844225379334));
#697=CARTESIAN_POINT('',(0.0827740773110254,0.00624897035120951,-0.00581457823115287));
#698=CARTESIAN_POINT('',(0.14003832327681,0.00748201074770637,-0.00657055200720747));
#699=CARTESIAN_POINT('',(0.171963162484429,0.00816943124422667,-0.00699200767886932));
#700=CARTESIAN_POINT('',(-0.0396008657631941,0.00824361383917595,-0.013415271253163));
#701=CARTESIAN_POINT('',(-0.0264708129897055,0.00777012625814274,-0.0112157269609826));
#702=CARTESIAN_POINT('',(0.0112446387289004,0.00643837521990612,-0.00503568335392164));
#703=CARTESIAN_POINT('',(0.0827538010471721,0.00646855639550498,-0.00577349069464952));
#704=CARTESIAN_POINT('',(0.140050128979627,0.00759610345729041,-0.00652282595103371));
#705=CARTESIAN_POINT('',(0.171992853896035,0.00822471137902975,-0.00694058064541942));
#706=CARTESIAN_POINT('',(-0.0397391553363375,0.00878244437055984,-0.0131700376975184));
#707=CARTESIAN_POINT('',(-0.0265530501355807,0.00826881331503275,-0.011036641689611));
#708=CARTESIAN_POINT('',(0.0113188292184156,0.0068244950538658,-0.00504166672688706));
#709=CARTESIAN_POINT('',(0.0827113115257632,0.00688874119242965,-0.00568471880705548));
#710=CARTESIAN_POINT('',(0.14007486798217,0.00781497062907167,-0.00642185858565852));
#711=CARTESIAN_POINT('',(0.172055072826605,0.00833134389716338,-0.00683281429647854));
#712=CARTESIAN_POINT('',(-0.039811452010818,0.0090474385158891,-0.0130416274536444));
#713=CARTESIAN_POINT('',(-0.0265960430453613,0.008513826222169,-0.0109417070126448));
#714=CARTESIAN_POINT('',(0.0113576154338407,0.0070134207195761,-0.00504040603539519));
#715=CARTESIAN_POINT('',(0.0826890981057966,0.00708933460378426,-0.00563703133100985));
#716=CARTESIAN_POINT('',(0.140087801980042,0.00791974499310286,-0.00636861484797891));
#717=CARTESIAN_POINT('',(0.172087601523475,0.00838269910536293,-0.00677647294079543));
#718=CARTESIAN_POINT('',(-0.0399616540415495,0.00956667122751804,-0.0127743644069404));
#719=CARTESIAN_POINT('',(-0.026685358239238,0.00899335206137329,-0.0107413977274407));
#720=CARTESIAN_POINT('',(0.011438217251104,0.00738137025534817,-0.00502750983281843));
#721=CARTESIAN_POINT('',(0.0826427543293127,0.00746948003951054,-0.00553659886153969));
#722=CARTESIAN_POINT('',(0.140115193957371,0.00811933420498762,-0.00625648898086698));
#723=CARTESIAN_POINT('',(0.172156101211988,0.00848162815283167,-0.00665782799998912));
#724=CARTESIAN_POINT('',(-0.040039558893243,0.00982090877952452,-0.0126355123491604));
#725=CARTESIAN_POINT('',(-0.0267316802129207,0.00922786401624498,-0.0106360228298099));
#726=CARTESIAN_POINT('',(0.0114800326177431,0.00756039320663437,-0.00501587116156735));
#727=CARTESIAN_POINT('',(0.0826186237909776,0.00764902691247727,-0.00548385434317984));
#728=CARTESIAN_POINT('',(0.140129652752091,0.00821414936361962,-0.00619760549668038));
#729=CARTESIAN_POINT('',(0.172192073574767,0.00852920534804862,-0.00659552203998685));
#730=CARTESIAN_POINT('',(-0.0402001477110953,0.0103169403805014,-0.0123487622560131));
#731=CARTESIAN_POINT('',(-0.0268271532386596,0.00968476295273706,-0.0104154414043159));
#732=CARTESIAN_POINT('',(0.0115662715617757,0.00790708935346783,-0.00498064502796683));
#733=CARTESIAN_POINT('',(0.0825684740444257,0.00798563193240874,-0.00537499713681714));
#734=CARTESIAN_POINT('',(0.140160555130112,0.00839306747350333,-0.0060740242147568));
#735=CARTESIAN_POINT('',(0.172268162543492,0.00862021294477497,-0.00646373208026034));
#736=CARTESIAN_POINT('',(-0.0402828310927999,0.0105587334770329,-0.012200864992125));
#737=CARTESIAN_POINT('',(-0.0268763039295814,0.00990714803734397,-0.0103002339600174));
#738=CARTESIAN_POINT('',(0.0116106948720904,0.00807475834926774,-0.00495705222555606));
#739=CARTESIAN_POINT('',(0.0825424545746879,0.00814271855313845,-0.00531890905281942));
#740=CARTESIAN_POINT('',(0.140176999794639,0.00847718313822318,-0.00600933318903734));
#741=CARTESIAN_POINT('',(0.172308280979246,0.00866364727338097,-0.00639424491121361));
#742=CARTESIAN_POINT('',(-0.0404520301571147,0.0110284385259546,-0.011897644507072));
#743=CARTESIAN_POINT('',(-0.0269768637115523,0.0103383814277089,-0.0100608484454443));
#744=CARTESIAN_POINT('',(0.0117016678830522,0.00839742363449804,-0.0048966824285595));
#745=CARTESIAN_POINT('',(0.0824885698406554,0.0084345698564831,-0.00520571847820999));
#746=CARTESIAN_POINT('',(0.140212371314839,0.00863412858954204,-0.00587414439845484));
#747=CARTESIAN_POINT('',(0.1723934128956,0.00874538266017434,-0.00624679210674338));
#748=CARTESIAN_POINT('',(-0.0405385451985498,0.0112563497845931,-0.0117423222820179));
#749=CARTESIAN_POINT('',(-0.0270282724024374,0.0105472279858265,-0.00993667033456847));
#750=CARTESIAN_POINT('',(0.0117482173043324,0.00855241560418631,-0.00485990255871402));
#751=CARTESIAN_POINT('',(0.0824607041600725,0.00856936640913019,-0.00514862066271546));
#752=CARTESIAN_POINT('',(0.140231299704498,0.00870697257595367,-0.00580364539199862));
#753=CARTESIAN_POINT('',(0.172438428997463,0.00878368806702014,-0.00616882193115838));
#754=CARTESIAN_POINT('',(-0.0407143619998797,0.0116971250479245,-0.0114260705949875));
#755=CARTESIAN_POINT('',(-0.0271327185898854,0.0109502176835233,-0.0096804838399089));
#756=CARTESIAN_POINT('',(0.0118429083481486,0.0088485878751663,-0.00477242257141556));
#757=CARTESIAN_POINT('',(0.0824031943463052,0.00881818571733081,-0.00503562853344664));
#758=CARTESIAN_POINT('',(0.140272134215902,0.00884081647112377,-0.00565681797901398));
#759=CARTESIAN_POINT('',(0.172534090508072,0.00885343312508999,-0.00600313133445493));
#760=CARTESIAN_POINT('',(-0.0408036630865243,0.011909988526551,-0.0112651422715879));
#761=CARTESIAN_POINT('',(-0.0271857556594072,0.0111443585121396,-0.00954847601817529));
#762=CARTESIAN_POINT('',(0.0118910497008223,0.00898976153737935,-0.00472172132843419));
#763=CARTESIAN_POINT('',(0.0823735495531473,0.00893226571175813,-0.00497972704929161));
#764=CARTESIAN_POINT('',(0.140294042547478,0.0089018396519134,-0.00558048276916857));
#765=CARTESIAN_POINT('',(0.172584739726567,0.00888487711181735,-0.00591540431465768));
#766=CARTESIAN_POINT('',(-0.0409839274407677,0.0123197839093563,-0.0109396655767284));
#767=CARTESIAN_POINT('',(-0.027292782549326,0.011517024327665,-0.00927805440828937));
#768=CARTESIAN_POINT('',(0.0119883463752421,0.00925734987434321,-0.00460625987038182));
#769=CARTESIAN_POINT('',(0.0823125891062041,0.00914277334843154,-0.0048708815478421));
#770=CARTESIAN_POINT('',(0.140341275370934,0.00901148295733837,-0.00542191809840016));
#771=CARTESIAN_POINT('',(0.172692290339991,0.00893828851367698,-0.00572912118782175));
#772=CARTESIAN_POINT('',(-0.0410748900278414,0.0125167156301734,-0.0107751185351359));
#773=CARTESIAN_POINT('',(-0.0273467719277953,0.011695547486661,-0.00913964235064419));
#774=CARTESIAN_POINT('',(0.0120375014593757,0.00938375872846071,-0.00454150209881591));
#775=CARTESIAN_POINT('',(0.0822812724515385,0.00923925357206307,-0.00481790182236602));
#776=CARTESIAN_POINT('',(0.140366602993802,0.00906012412531992,-0.00533966981233507));
#777=CARTESIAN_POINT('',(0.172749197169426,0.00896025938968642,-0.00563055566794201));
#778=CARTESIAN_POINT('',(-0.0412116932272994,0.0127997158661653,-0.0105271765337044));
#779=CARTESIAN_POINT('',(-0.0274279384831845,0.0119511427484404,-0.00892850548272299));
#780=CARTESIAN_POINT('',(0.0121115336318919,0.00956178398621254,-0.00443424216355723));
#781=CARTESIAN_POINT('',(0.0822331736026147,0.00937391972080065,-0.00474120887640626));
#782=CARTESIAN_POINT('',(0.140407383176779,0.00912318531026806,-0.00521176424073021));
#783=CARTESIAN_POINT('',(0.17283952744696,0.00898340077971032,-0.00547409903779189));
#784=CARTESIAN_POINT('',(-0.0412573537870753,0.0128919852924046,-0.0104443432671966));
#785=CARTESIAN_POINT('',(-0.0274550241972037,0.0120343118353179,-0.00885754232038358));
#786=CARTESIAN_POINT('',(0.0121362606856531,0.00961919670938054,-0.00439680734582168));
#787=CARTESIAN_POINT('',(0.0822169539421832,0.009417138877351,-0.00471609822456696));
#788=CARTESIAN_POINT('',(0.140421440003031,0.00914255257325206,-0.00516837299244705));
#789=CARTESIAN_POINT('',(0.172870463426214,0.00898947060283355,-0.00542051634994209));
#790=CARTESIAN_POINT('',(-0.041348642305511,0.0130723476406545,-0.0102785806900065));
#791=CARTESIAN_POINT('',(-0.0275091653830592,0.0121965375631747,-0.00871468968075609));
#792=CARTESIAN_POINT('',(0.0121857344652839,0.00973010305010672,-0.00431871962279119));
#793=CARTESIAN_POINT('',(0.0821841719147273,0.00950086700797394,-0.00466671746379551));
#794=CARTESIAN_POINT('',(0.140450496038434,0.00917785149689636,-0.00508004663823264));
#795=CARTESIAN_POINT('',(0.172933994205506,0.00899777022491244,-0.00531047781236541));
#796=CARTESIAN_POINT('',(-0.0413942702439057,0.0131604405934593,-0.0101956514048844));
#797=CARTESIAN_POINT('',(-0.027536220841044,0.0122755943000165,-0.00864280016651961));
#798=CARTESIAN_POINT('',(0.0122104811864452,0.00978359691800177,-0.00427806652661628));
#799=CARTESIAN_POINT('',(0.0821676094954256,0.00954137359905342,-0.004642449183901));
#800=CARTESIAN_POINT('',(0.140465495401231,0.00919378228926623,-0.00503511188846071));
#801=CARTESIAN_POINT('',(0.172966589273993,0.00900000000002502,-0.0052540214976676));
#802=CARTESIAN_POINT('',(-0.0414969869625163,0.013354414199376,-0.0100087890310905));
#803=CARTESIAN_POINT('',(-0.0275971146495767,0.0124492592633747,-0.00847987225749584));
#804=CARTESIAN_POINT('',(0.0122662347055876,0.00989982899741975,-0.00418292396686158));
#805=CARTESIAN_POINT('',(0.0821299051071754,0.00963016277270159,-0.00458873546788386));
#806=CARTESIAN_POINT('',(0.140500389119283,0.00922556398190927,-0.00493207164415941));
#807=CARTESIAN_POINT('',(0.173041956464304,0.00900000000002502,-0.00512348169482706));
#808=CARTESIAN_POINT('',(-0.0415542708827507,0.0134595582122458,-0.00990445274143906));
#809=CARTESIAN_POINT('',(-0.0276310628982078,0.0125431196273148,-0.0083882250936088));
#810=CARTESIAN_POINT('',(0.0122973672358811,0.00996178221347624,-0.0041272645293149));
#811=CARTESIAN_POINT('',(0.0821085034589446,0.00967714808565775,-0.00455969785109331));
#812=CARTESIAN_POINT('',(0.140520855291259,0.00924238216720995,-0.0048729607152));
#813=CARTESIAN_POINT('',(0.173085763962189,0.00900000000002501,-0.00504760488273692));
#814=CARTESIAN_POINT('',(-0.0416689944498522,0.0136644177609998,-0.0096952814197121));
#815=CARTESIAN_POINT('',(-0.0276990299132924,0.0127253485642995,-0.00820333843835988));
#816=CARTESIAN_POINT('',(0.0123597914613222,0.0100800788955964,-0.00401129770850776));
#817=CARTESIAN_POINT('',(0.0820649345746897,0.0097710515014087,-0.00449890942124776));
#818=CARTESIAN_POINT('',(0.14056374497351,0.00927599448023084,-0.00474990282220297));
#819=CARTESIAN_POINT('',(0.173176854328607,0.00900000000002501,-0.00488983174002118));
#820=CARTESIAN_POINT('',(-0.041726434128565,0.013764134831613,-0.00959044768587529));
#821=CARTESIAN_POINT('',(-0.0277330486987765,0.0128137267925641,-0.00811010760868979));
#822=CARTESIAN_POINT('',(0.0123910831732364,0.0101364536225309,-0.00395101992510947));
#823=CARTESIAN_POINT('',(0.082042767331901,0.00981788663142967,-0.00446720868885044));
#824=CARTESIAN_POINT('',(0.140586168481364,0.00929275890821304,-0.00468597378431563));
#825=CARTESIAN_POINT('',(0.173224137197139,0.00900000000002501,-0.00480793540939558));
#826=CARTESIAN_POINT('',(-0.041841433510114,0.0139584187777645,-0.00938037050603766));
#827=CARTESIAN_POINT('',(-0.0278011369225135,0.0129853640869665,-0.00792226257650003));
#828=CARTESIAN_POINT('',(0.0124538019305957,0.0102442181730409,-0.00382635884242688));
#829=CARTESIAN_POINT('',(0.0819977226235902,0.0099108974490479,-0.00440127606237716));
#830=CARTESIAN_POINT('',(0.140632847101551,0.00932605171967375,-0.00455359693453177));
#831=CARTESIAN_POINT('',(0.173321951608333,0.00900000000002501,-0.00463851587949449));
#832=CARTESIAN_POINT('',(-0.0418989932432525,0.0140529855319427,-0.00927512712828431));
#833=CARTESIAN_POINT('',(-0.0278352063788747,0.0130686222224793,-0.00782764911377602));
#834=CARTESIAN_POINT('',(0.0124852289919947,0.010295605108848,-0.0037619778785631));
#835=CARTESIAN_POINT('',(0.0819748451516314,0.00995709969062611,-0.00436701945025976));
#836=CARTESIAN_POINT('',(0.14065710221158,0.00934258960803249,-0.00448514027492148));
#837=CARTESIAN_POINT('',(0.173372483150996,0.00900000000002501,-0.00455099268021901));
#838=CARTESIAN_POINT('',(-0.0420142088770193,0.014237227908752,-0.00906429554611789));
#839=CARTESIAN_POINT('',(-0.0279033831583122,0.0132303310849647,-0.00763721213819996));
#840=CARTESIAN_POINT('',(0.0125482008537997,0.0103938505033208,-0.00362957930842043));
#841=CARTESIAN_POINT('',(0.0819284328337316,0.0100489730038809,-0.00429556697980367));
#842=CARTESIAN_POINT('',(0.140707317401594,0.00937547525482915,-0.00434381421222453));
#843=CARTESIAN_POINT('',(0.173476568213932,0.00900000000002501,-0.0043707120629038));
#844=CARTESIAN_POINT('',(-0.0420718648064069,0.0143269036161699,-0.00895870721161171));
#845=CARTESIAN_POINT('',(-0.0279374904985746,0.013308782221656,-0.00754138808231308));
#846=CARTESIAN_POINT('',(0.0125797456693472,0.0104407101336614,-0.0035615601577834));
#847=CARTESIAN_POINT('',(0.0819048979816816,0.0100946312272561,-0.0042583843555702));
#848=CARTESIAN_POINT('',(0.140733277479393,0.00939181841427432,-0.0042709495462274));
#849=CARTESIAN_POINT('',(0.173530121734207,0.00900000000002501,-0.00427795464486405));
#850=CARTESIAN_POINT('',(-0.0422449575008236,0.0145889641573229,-0.00864148664028957));
#851=CARTESIAN_POINT('',(-0.0280398599647464,0.0135373734933329,-0.00725229778318149));
#852=CARTESIAN_POINT('',(0.0126745389882836,0.0105751575484302,-0.00335261730089653));
#853=CARTESIAN_POINT('',(0.0818333831454971,0.0102305869723711,-0.0041422648743098));
#854=CARTESIAN_POINT('',(0.140813523965925,0.00944048317290157,-0.00404605633512269));
#855=CARTESIAN_POINT('',(0.173694975216673,0.00900000000002501,-0.00399242003742686));
#856=CARTESIAN_POINT('',(-0.042360514591279,0.0147543898716672,-0.00842940798511496));
#857=CARTESIAN_POINT('',(-0.0281081667985746,0.0136807622975007,-0.00705742595204292));
#858=CARTESIAN_POINT('',(0.0127379439521814,0.0106566336258259,-0.00320683020874205));
#859=CARTESIAN_POINT('',(0.0817844938543901,0.0103198437529012,-0.00405877167211371));
#860=CARTESIAN_POINT('',(0.140870176976098,0.00947243224336319,-0.00388773404036517));
#861=CARTESIAN_POINT('',(0.173810468100509,0.00900000000002501,-0.00379238049471144));
#862=CARTESIAN_POINT('',(-0.04259196766693,0.0150684796650555,-0.00800414364024748));
#863=CARTESIAN_POINT('',(-0.028244922223921,0.0139516707707691,-0.00666409730196248));
#864=CARTESIAN_POINT('',(0.0128651403261816,0.010806329745338,-0.00290467508517591));
#865=CARTESIAN_POINT('',(0.08168466887317,0.0104945162008725,-0.00387893425904548));
#866=CARTESIAN_POINT('',(0.140988764975239,0.00953495547481739,-0.00355607210707399));
#867=CARTESIAN_POINT('',(0.174050821420424,0.00900000000002501,-0.00337607633285084));
#868=CARTESIAN_POINT('',(-0.0427078644321642,0.0152171440649537,-0.00779095583008898));
#869=CARTESIAN_POINT('',(-0.028313371281584,0.0140791897924039,-0.00646563475217856));
#870=CARTESIAN_POINT('',(0.0129289321469709,0.0108745464237088,-0.00274829238955373));
#871=CARTESIAN_POINT('',(0.0816337330173608,0.0105799292349128,-0.00378268812738236));
#872=CARTESIAN_POINT('',(0.141050699904897,0.00956552869319575,-0.00338276757556012));
#873=CARTESIAN_POINT('',(0.174175681856504,0.00900000000002501,-0.00315981171370567));
#874=CARTESIAN_POINT('',(-0.0429401507402155,0.0154992735650939,-0.00736327578647157));
#875=CARTESIAN_POINT('',(-0.0284505148775651,0.0143201806832585,-0.00606538883342784));
#876=CARTESIAN_POINT('',(0.0130569429804515,0.0110002387050353,-0.00242649914864086));
#877=CARTESIAN_POINT('',(0.0815301644677254,0.010745974830468,-0.00357801409955887));
#878=CARTESIAN_POINT('',(0.14117881245482,0.00962496398092099,-0.00302339754249792));
#879=CARTESIAN_POINT('',(0.17443295670877,0.00900000000002501,-0.00271419859807048));
#880=CARTESIAN_POINT('',(-0.0430565409813041,0.0156327388936824,-0.00714878216509444));
#881=CARTESIAN_POINT('',(-0.0285192098331645,0.0144336518762889,-0.00586360359520667));
#882=CARTESIAN_POINT('',(0.0131211623607796,0.0110577111322116,-0.00226108534696892));
#883=CARTESIAN_POINT('',(0.0814775316255721,0.0108266083775466,-0.00346957990991754));
#884=CARTESIAN_POINT('',(0.141244990021993,0.00965382640304608,-0.00283732978822584));
#885=CARTESIAN_POINT('',(0.174565371124957,0.00900000000002501,-0.00248485010158044));
#886=CARTESIAN_POINT('',(-0.0432900831583495,0.0158857849883116,-0.00671806610296473));
#887=CARTESIAN_POINT('',(-0.0286570176916373,0.0146480706951619,-0.00545667910267755));
#888=CARTESIAN_POINT('',(0.0132501296241454,0.0111639951689522,-0.00192228519837244));
#889=CARTESIAN_POINT('',(0.0813708942285483,0.0109823298387915,-0.00324047290082769));
#890=CARTESIAN_POINT('',(0.141380539812114,0.00970956621248299,-0.00245442977570356));
#891=CARTESIAN_POINT('',(0.1748359403653,0.00900000000002501,-0.00201621043034039));
#892=CARTESIAN_POINT('',(-0.043407235724073,0.0160053658196375,-0.00650184217763909));
#893=CARTESIAN_POINT('',(-0.028726130970854,0.0147490168714747,-0.00525153667503324));
#894=CARTESIAN_POINT('',(0.0133148778387523,0.0112128014142875,-0.0017488914365013));
#895=CARTESIAN_POINT('',(0.0813168895399024,0.0110574443539192,-0.00311983959839526));
#896=CARTESIAN_POINT('',(0.141449911987177,0.0097364531214915,-0.00225761166239478));
#897=CARTESIAN_POINT('',(0.174974095189457,0.00900000000002501,-0.00177691925559038));
#898=CARTESIAN_POINT('',(-0.0436426666361099,0.0162317014139226,-0.00606704816053915));
#899=CARTESIAN_POINT('',(-0.0288650048150689,0.0149396145448926,-0.00483758571915032));
#900=CARTESIAN_POINT('',(0.0134450541872319,0.0113034411238168,-0.00139467644207592));
#901=CARTESIAN_POINT('',(0.0812078133594533,0.0112019524782615,-0.00286672776192065));
#902=CARTESIAN_POINT('',(0.14159079572211,0.00978817916649864,-0.00185536856768969));
#903=CARTESIAN_POINT('',(0.175254331673603,0.00900000000002501,-0.00129153542691523));
#904=CARTESIAN_POINT('',(-0.043760945559271,0.0163384563834487,-0.00584847692456297));
#905=CARTESIAN_POINT('',(-0.0289347657247866,0.01502926553105,-0.00462877566221212));
#906=CARTESIAN_POINT('',(0.0135104826248122,0.0113452721050418,-0.00121385259278551));
#907=CARTESIAN_POINT('',(0.0811527417451157,0.0112713478962838,-0.0027342460292778));
#908=CARTESIAN_POINT('',(0.141662307238119,0.00981301894995195,-0.0016499424413684));
#909=CARTESIAN_POINT('',(0.175396413333592,0.00900000000002501,-0.00104544277299008));
#910=CARTESIAN_POINT('',(-0.0439990704042598,0.0165399400060188,-0.00540821981986572));
#911=CARTESIAN_POINT('',(-0.0290752102621834,0.0151982456484056,-0.00420698497547057));
#912=CARTESIAN_POINT('',(0.0136422114456281,0.0114234023039022,-0.000845011186105009));
#913=CARTESIAN_POINT('',(0.0810418202383392,0.0114041345598332,-0.00245725944169233));
#914=CARTESIAN_POINT('',(0.141806408519215,0.00986054934982642,-0.00123243646619429));
#915=CARTESIAN_POINT('',(0.175682689917266,0.00900000000002501,-0.000549597185049558));
#916=CARTESIAN_POINT('',(-0.0441189168674418,0.0166346689105789,-0.00518653288438427));
#917=CARTESIAN_POINT('',(-0.0291458942133715,0.0152775744140438,-0.00399400295615296));
#918=CARTESIAN_POINT('',(0.0137085121138844,0.0114596994444903,-0.000656991319577654));
#919=CARTESIAN_POINT('',(0.0809859702309054,0.0114675259903662,-0.00231275120818493));
#920=CARTESIAN_POINT('',(0.14187899824314,0.00988324003246961,-0.00102035540799913));
#921=CARTESIAN_POINT('',(0.17582688484095,0.00900000000002501,-0.000299844251034178));
#922=CARTESIAN_POINT('',(-0.044360678439923,0.0168126317782181,-0.00473915652055184));
#923=CARTESIAN_POINT('',(-0.0292884963779948,0.0154266216935056,-0.00356320676457012));
#924=CARTESIAN_POINT('',(0.0138422092382324,0.0115279687730173,-0.000273728791558916));
#925=CARTESIAN_POINT('',(0.0808737676265462,0.0115884212839332,-0.00201130407924596));
#926=CARTESIAN_POINT('',(0.142024190209588,0.00992651396896735,-0.000591410512811231));
#927=CARTESIAN_POINT('',(0.176115574379878,0.00900000000002501,0.00020018069800197));
#928=CARTESIAN_POINT('',(-0.044482594074103,0.0168958660445341,-0.00451346606074844));
#929=CARTESIAN_POINT('',(-0.0293604149050945,0.0154963399037854,-0.00334539126338262));
#930=CARTESIAN_POINT('',(0.0139096059706715,0.0115599389795767,-7.84839551764756E-5));
#931=CARTESIAN_POINT('',(0.0808174149181252,0.0116459258593825,-0.00185436217181634));
#932=CARTESIAN_POINT('',(0.142096792412202,0.0099470974778278,-0.000374545597687098));
#933=CARTESIAN_POINT('',(0.176260068995121,0.00900000000002501,0.000450452713022738));
#934=CARTESIAN_POINT('',(-0.0447290401480619,0.0170510972187319,-0.00405710762913169));
#935=CARTESIAN_POINT('',(-0.0295058243658569,0.0156266446115973,-0.00290415582702369));
#936=CARTESIAN_POINT('',(0.014045742500947,0.0116206424506261,0.000319435922022777));
#937=CARTESIAN_POINT('',(0.0807044731451276,0.0117550160076189,-0.00152733375131664));
#938=CARTESIAN_POINT('',(0.142240940221078,0.00998614581468216,6.22057436164678E-5));
#939=CARTESIAN_POINT('',(0.176547544345028,0.00900000000002501,0.000948374624984766));
#940=CARTESIAN_POINT('',(-0.0448535711167828,0.0171230945924449,-0.00382643861014522));
#941=CARTESIAN_POINT('',(-0.0295793156156112,0.0156872314983552,-0.00268073450329165));
#942=CARTESIAN_POINT('',(0.014114482577269,0.0116493756962067,0.000522113296384976));
#943=CARTESIAN_POINT('',(0.0806478839681926,0.0118065838166913,-0.00135724632821029));
#944=CARTESIAN_POINT('',(0.142312485787122,0.0100046042842328,0.00028209249553936));
#945=CARTESIAN_POINT('',(0.176690525079691,0.00900000000002501,0.00119602452192602));
#946=CARTESIAN_POINT('',(-0.045105822806131,0.017255824189295,-0.0033590919078546));
#947=CARTESIAN_POINT('',(-0.0297282258687732,0.0157995171887898,-0.00222744504434925));
#948=CARTESIAN_POINT('',(0.0142535682290046,0.0117046026349256,0.000935216549598587));
#949=CARTESIAN_POINT('',(0.0805347293765869,0.0119038913048741,-0.00100296286816498));
#950=CARTESIAN_POINT('',(0.142453449019096,0.0100394350699494,0.000723215752173123));
#951=CARTESIAN_POINT('',(0.176973159096303,0.00900000000002501,0.00168556099864419));
#952=CARTESIAN_POINT('',(-0.0452335440818331,0.0173165568334272,-0.0031224131406034));
#953=CARTESIAN_POINT('',(-0.0298036452038893,0.0158512157205293,-0.00199757554766821));
#954=CARTESIAN_POINT('',(0.0143239140966627,0.0117310941626017,0.00114564458235003));
#955=CARTESIAN_POINT('',(0.0804781638440068,0.0119496339705296,-0.000818763602907624));
#956=CARTESIAN_POINT('',(0.142522866642823,0.0100558084551359,0.000944453412446314));
#957=CARTESIAN_POINT('',(0.17711281237825,0.00900000000002501,0.0019274475784211));
#958=CARTESIAN_POINT('',(-0.0454927639462522,0.0174264328606658,-0.00264199118950279));
#959=CARTESIAN_POINT('',(-0.0299567745133688,0.0159457466742848,-0.00153051663307867));
#960=CARTESIAN_POINT('',(0.0144664804064006,0.0117828224957158,0.00157461642401201));
#961=CARTESIAN_POINT('',(0.0803653139798866,0.012035281760641,-0.000435152533855604));
#962=CARTESIAN_POINT('',(0.142658501727238,0.0100864657034133,0.00138665681001116));
#963=CARTESIAN_POINT('',(0.177386977917292,0.00900000000002501,0.00240231622172566));
#964=CARTESIAN_POINT('',(-0.0456242631398427,0.0174755768263859,-0.00239824677606452));
#965=CARTESIAN_POINT('',(-0.0300344848491996,0.015988579506167,-0.00129332542237251));
#966=CARTESIAN_POINT('',(0.0145387011669434,0.0118080590478761,0.00179316350979633));
#967=CARTESIAN_POINT('',(0.080309029519859,0.0120751703123336,-0.000235746704091414));
#968=CARTESIAN_POINT('',(0.142724719141935,0.0101007436343567,0.00160762040892498));
#969=CARTESIAN_POINT('',(0.177521490174386,0.00900000000002501,0.00263529828525331));
#970=CARTESIAN_POINT('',(-0.0458916217112602,0.017561640520758,-0.00190264745037561));
#971=CARTESIAN_POINT('',(-0.0301925562430639,0.0160651806936814,-0.000810764732611042));
#972=CARTESIAN_POINT('',(0.0146852838685765,0.0118582962367135,0.00223871340606234));
#973=CARTESIAN_POINT('',(0.0801970002358484,0.0121491010350923,0.000179516838660691));
#974=CARTESIAN_POINT('',(0.142852881901961,0.010127206810114,0.00204770248098612));
#975=CARTESIAN_POINT('',(0.177783560091583,0.00900000000002501,0.00308921669697452));
#976=CARTESIAN_POINT('',(-0.0460274817690389,0.0175985607593172,-0.00165079122353667));
#977=CARTESIAN_POINT('',(-0.030272917707431,0.0160989487255204,-0.000565393670350023));
#978=CARTESIAN_POINT('',(0.0147596461676582,0.0118832942810079,0.00246571859236508));
#979=CARTESIAN_POINT('',(0.0801412552674297,0.0121831476970352,0.000395380327279939));
#980=CARTESIAN_POINT('',(0.14291482719559,0.0101393936624174,0.00226682302149516));
#981=CARTESIAN_POINT('',(0.177911117751686,0.00900000000002501,0.00331015304516806));
#982=CARTESIAN_POINT('',(-0.0463041210786354,0.0176592159438799,-0.00113796912696069));
#983=CARTESIAN_POINT('',(-0.0304366371819315,0.0161570081993767,-6.5675627572163E-5));
#984=CARTESIAN_POINT('',(0.0149107659895662,0.0119341738597046,0.00292842638896167));
#985=CARTESIAN_POINT('',(0.0800305684702996,0.0122453313862857,0.000844806858828385));
#986=CARTESIAN_POINT('',(0.143033375621454,0.0101616520394015,0.00270164875435975));
#987=CARTESIAN_POINT('',(0.178157464902766,0.00900000000002501,0.00373683882713617));
#988=CARTESIAN_POINT('',(-0.0464449011122832,0.0176829514897447,-0.000877001679316375));
#989=CARTESIAN_POINT('',(-0.0305199956592802,0.0161812997722717,0.00018867359734527));
#990=CARTESIAN_POINT('',(0.0149875239240223,0.0119600541034417,0.00316413301173308));
#991=CARTESIAN_POINT('',(0.0799756264755113,0.0122734577138474,0.00107836405779544));
#992=CARTESIAN_POINT('',(0.143089978694242,0.0101717197341554,0.00291735185489485));
#993=CARTESIAN_POINT('',(0.17827625439374,0.00900000000002501,0.00394258826091075));
#994=CARTESIAN_POINT('',(-0.0467318937018956,0.0177159337234902,-0.000345047814835276));
#995=CARTESIAN_POINT('',(-0.0306900276843978,0.0162197853984497,0.000707029679856076));
#996=CARTESIAN_POINT('',(0.0151436650087617,0.0120139827133935,0.00364429751096542));
#997=CARTESIAN_POINT('',(0.079866818833003,0.0123237108980235,0.00156438002185433));
#998=CARTESIAN_POINT('',(0.143196776059795,0.0101897076395295,0.00334375614189004));
#999=CARTESIAN_POINT('',(0.178503251634426,0.00900000000002501,0.00433575901495603));
#1000=CARTESIAN_POINT('',(-0.0468781071695878,0.0177251809228624,-7.40596069416345E-5));
#1001=CARTESIAN_POINT('',(-0.0307767017770076,0.0162339791260971,0.000971038841601166));
#1002=CARTESIAN_POINT('',(0.0152230486390652,0.0120420284201415,0.00388875912338745));
#1003=CARTESIAN_POINT('',(0.0798129529916132,0.0123458370561586,0.00181684144526405));
#1004=CARTESIAN_POINT('',(0.143246970283235,0.010197627600132,0.00355445827988327));
#1005=CARTESIAN_POINT('',(0.178611459384137,0.00900000000002501,0.00452318033522675));
#1006=CARTESIAN_POINT('',(-0.0471764089816308,0.0177275242543606,0.000478705688655446));
#1007=CARTESIAN_POINT('',(-0.0309536411438502,0.0162514466467933,0.00150921722089636));
#1008=CARTESIAN_POINT('',(0.0153846337401275,0.0121018107441462,0.00438619767457653));
#1009=CARTESIAN_POINT('',(0.0797065859395918,0.0123840080163192,0.00234173635062895));
#1010=CARTESIAN_POINT('',(0.143339888727967,0.0102112907267708,0.00396922699908677));
#1011=CARTESIAN_POINT('',(0.178815479570155,0.00900000000002501,0.00487655366317945));
#1012=CARTESIAN_POINT('',(-0.047328498396227,0.017720620821412,0.000760484908137092));
#1013=CARTESIAN_POINT('',(-0.031043907057653,0.0162547200562463,0.00178338933064691));
#1014=CARTESIAN_POINT('',(0.0154668357743656,0.0121335446563151,0.00463917957183231));
#1015=CARTESIAN_POINT('',(0.0796540845016178,0.0124000483887966,0.00261416806296964));
#1016=CARTESIAN_POINT('',(0.143382612867881,0.01021703230727,0.00417329294687134));
#1017=CARTESIAN_POINT('',(0.178911292006462,0.00900000000002502,0.00504250567086144));
#1018=CARTESIAN_POINT('',(-0.0475439775059893,0.0176984110383695,0.00115959884040811));
#1019=CARTESIAN_POINT('',(-0.0311718767263305,0.0162509818096656,0.00217127969806027));
#1020=CARTESIAN_POINT('',(0.0155830195666785,0.0121814485687712,0.00499588511721989));
#1021=CARTESIAN_POINT('',(0.0795823529345136,0.0124180636424766,0.00300687679032911));
#1022=CARTESIAN_POINT('',(0.143436014635577,0.0102234807877752,0.0044508280091722));
#1023=CARTESIAN_POINT('',(0.179034455656562,0.00900000000002502,0.00525583137047995));
#1024=CARTESIAN_POINT('',(-0.0476051296177664,0.0176907786529527,0.00127285411657536));
#1025=CARTESIAN_POINT('',(-0.0312082027399237,0.0162490102528173,0.00228130186851757));
#1026=CARTESIAN_POINT('',(0.0156159621694759,0.0121953078376445,0.00509693219692098));
#1027=CARTESIAN_POINT('',(0.0795622795395784,0.012423173450634,0.00311904459557956));
#1028=CARTESIAN_POINT('',(0.143450407081146,0.0102237871761445,0.00452835152889074));
#1029=CARTESIAN_POINT('',(0.179068062821503,0.00899762848001029,0.00531404068765525));
#1030=CARTESIAN_POINT('',(-0.0477290160946715,0.0176724662628745,0.00150226796837256));
#1031=CARTESIAN_POINT('',(-0.0312818115777928,0.0162430950080706,0.00250404879405349));
#1032=CARTESIAN_POINT('',(0.0156826418458129,0.0122240681386864,0.00530118730664368));
#1033=CARTESIAN_POINT('',(0.0795221628122785,0.012433346569491,0.00334766401581395));
#1034=CARTESIAN_POINT('',(0.143478087313455,0.0102217655675943,0.0046829999756972));
#1035=CARTESIAN_POINT('',(0.179133539884935,0.00898880830622802,0.00542745028825165));
#1036=CARTESIAN_POINT('',(-0.0477917504477936,0.0176617861985231,0.00161842652185994));
#1037=CARTESIAN_POINT('',(-0.0313190943929939,0.0162391512877125,0.00261677352472603));
#1038=CARTESIAN_POINT('',(0.0157163789195366,0.0122389692144869,0.00540439530479576));
#1039=CARTESIAN_POINT('',(0.0795021194207203,0.0124384098762944,0.00346411549801154));
#1040=CARTESIAN_POINT('',(0.143491375267091,0.0102194376002238,0.00476012518102784));
#1041=CARTESIAN_POINT('',(0.17916541007637,0.00898235970065545,0.00548265107906435));
#1042=CARTESIAN_POINT('',(-0.0479186377680119,0.0176371873928923,0.00185333952634605));
#1043=CARTESIAN_POINT('',(-0.0313945190492821,0.0162291865762794,0.00284460229951021));
#1044=CARTESIAN_POINT('',(0.0157845613660008,0.0122699465529554,0.00561260439096044));
#1045=CARTESIAN_POINT('',(0.0794620976156331,0.0124483329658299,0.00370093958598985));
#1046=CARTESIAN_POINT('',(0.143516858540967,0.0102124737649622,0.00491384635892922));
#1047=CARTESIAN_POINT('',(0.179227412457028,0.00896598139830769,0.00559004235255249));
#1048=CARTESIAN_POINT('',(-0.0479827907201803,0.017623268597739,0.00197209397334265));
#1049=CARTESIAN_POINT('',(-0.0314326608797926,0.0162231655634802,0.00295970646485398));
#1050=CARTESIAN_POINT('',(0.0158190067365494,0.0122860228819705,0.00571760589768104));
#1051=CARTESIAN_POINT('',(0.0794421191514803,0.0124531925959415,0.00382130755750069));
#1052=CARTESIAN_POINT('',(0.143529054006956,0.0102078378276609,0.00499044095651586));
#1053=CARTESIAN_POINT('',(0.179257544901478,0.00895605167851214,0.0056422332772969));
#1054=CARTESIAN_POINT('',(-0.048112347602019,0.0175920215009819,0.00221188348911434));
#1055=CARTESIAN_POINT('',(-0.0315097031943551,0.0162089575108604,0.00319196025421255));
#1056=CARTESIAN_POINT('',(0.0158885181814619,0.0123194899886947,0.00592901621953635));
#1057=CARTESIAN_POINT('',(0.0794022565022612,0.0124625821637448,0.00406561038131517));
#1058=CARTESIAN_POINT('',(0.143552382010427,0.0101965503580005,0.00514300740359497));
#1059=CARTESIAN_POINT('',(0.17931610171819,0.00893323675249236,0.00574365665897154));
#1060=CARTESIAN_POINT('',(-0.0481777515140109,0.0175746931513504,0.00233291841102378));
#1061=CARTESIAN_POINT('',(-0.03154860366642,0.0162007704579103,0.00330910911455615));
#1062=CARTESIAN_POINT('',(0.0159235842513886,0.0123368808480158,0.00603542279017092));
#1063=CARTESIAN_POINT('',(0.0793823722747247,0.0124671118662762,0.00418956643010366));
#1064=CARTESIAN_POINT('',(0.143563514673518,0.0101898986937992,0.00521898708417029));
#1065=CARTESIAN_POINT('',(0.179344526309767,0.00892035147202596,0.00579288949576782));
#1066=CARTESIAN_POINT('',(-0.0482766672573063,0.0175460317095892,0.00251594022536709));
#1067=CARTESIAN_POINT('',(-0.0316074463988738,0.0161868115734129,0.00348611302818696));
#1068=CARTESIAN_POINT('',(0.0159765821951288,0.0123640604417027,0.00619579873061709));
#1069=CARTESIAN_POINT('',(0.079352635453627,0.0124735890149463,0.00437779974305047));
#1070=CARTESIAN_POINT('',(0.143579448960662,0.0101786043164429,0.00533239959478983));
#1071=CARTESIAN_POINT('',(0.179385922257367,0.00889914946205711,0.00586458938023822));
#1072=CARTESIAN_POINT('',(-0.0483097741252325,0.0175360332422853,0.002577192287579));
#1073=CARTESIAN_POINT('',(-0.0316271426306503,0.0161818789746854,0.00354532729443873));
#1074=CARTESIAN_POINT('',(0.0159943146396099,0.012373302384166,0.00624938371216671));
#1075=CARTESIAN_POINT('',(0.079342738070917,0.0124756970314643,0.00444093940509074));
#1076=CARTESIAN_POINT('',(0.143584633033188,0.010174620371603,0.00537011541374044));
#1077=CARTESIAN_POINT('',(0.179399514247003,0.00889176924641109,0.00588813139686266));
#1078=CARTESIAN_POINT('',(-0.0483762360959229,0.0175151305927176,0.00270014589493915));
#1079=CARTESIAN_POINT('',(-0.0316666860641666,0.0161714475527132,0.00366414275750773));
#1080=CARTESIAN_POINT('',(0.0160299012302505,0.0123921696639918,0.00635676891650978));
#1081=CARTESIAN_POINT('',(0.0793229759304315,0.0124797915707902,0.00456782930867918));
#1082=CARTESIAN_POINT('',(0.143594752846155,0.0101662398839282,0.00544531525528665));
#1083=CARTESIAN_POINT('',(0.179426293260541,0.0088764339263729,0.0059345140088881));
#1084=CARTESIAN_POINT('',(-0.0484095911980178,0.0175042264707195,0.00276184774716478));
#1085=CARTESIAN_POINT('',(-0.031686533265472,0.0161659491232119,0.00372374592285156));
#1086=CARTESIAN_POINT('',(0.0160477553761764,0.0124017962612562,0.0064105750662497));
#1087=CARTESIAN_POINT('',(0.0793131111716736,0.0124817727182177,0.00463151953577822));
#1088=CARTESIAN_POINT('',(0.143599688589669,0.0101618414145507,0.00548277780190801));
#1089=CARTESIAN_POINT('',(0.179439480289779,0.00886847881816646,0.00595735461352949));
#1090=CARTESIAN_POINT('',(-0.04850999610031,0.0174701301869719,0.0029475724716334));
#1091=CARTESIAN_POINT('',(-0.0317462816590645,0.0161485767266255,0.00390311236041395));
#1092=CARTESIAN_POINT('',(0.016101483429931,0.0124312158956169,0.00657236917877861));
#1093=CARTESIAN_POINT('',(0.0792835698535312,0.0124874384814151,0.00482239333368024));
#1094=CARTESIAN_POINT('',(0.143614133709156,0.0101480380597432,0.00559443494050596));
#1095=CARTESIAN_POINT('',(0.179478447865208,0.00884382142256381,0.00602484843401863));
#1096=CARTESIAN_POINT('',(-0.0485773855553343,0.0174455533317399,0.00307221299225087));
#1097=CARTESIAN_POINT('',(-0.0317863896781351,0.0161358251300422,0.00402342227848473));
#1098=CARTESIAN_POINT('',(0.0161375229780061,0.0124515490462955,0.00668070146328259));
#1099=CARTESIAN_POINT('',(0.0792639463033686,0.0124908527791324,0.00494968443723779));
#1100=CARTESIAN_POINT('',(0.143623280798668,0.0101380290663646,0.0056680076601435));
#1101=CARTESIAN_POINT('',(0.179503634597431,0.00882632893922309,0.0060684731339064));
#1102=CARTESIAN_POINT('',(-0.0487806479819732,0.0173661051072297,0.00344811697283088));
#1103=CARTESIAN_POINT('',(-0.0319073821352046,0.0160938293035123,0.0043860710631565));
#1104=CARTESIAN_POINT('',(0.0162461676667622,0.0125143325846636,0.00700666317555404));
#1105=CARTESIAN_POINT('',(0.0792053175770258,0.0124995840660177,0.00533130910093424));
#1106=CARTESIAN_POINT('',(0.143649363766076,0.0101057467233446,0.00588613418229254));
#1107=CARTESIAN_POINT('',(0.179576944366772,0.00877118148171552,0.00619544937909616));
#1108=CARTESIAN_POINT('',(-0.0489176153545435,0.0173055035179952,0.0037013648044469));
#1109=CARTESIAN_POINT('',(-0.0319889351880083,0.0160608391508691,0.00463013805237057));
#1110=CARTESIAN_POINT('',(0.0163192989891335,0.0125585833773484,0.00722528336098268));
#1111=CARTESIAN_POINT('',(0.0791665546470601,0.0125033699872963,0.00558511790524347));
#1112=CARTESIAN_POINT('',(0.143664940257427,0.0100812280703417,0.00602799543641238));
#1113=CARTESIAN_POINT('',(0.17962281510646,0.00873088301763617,0.00627489983081727));
#1114=CARTESIAN_POINT('',(-0.0491930413299038,0.0171683605985169,0.00421052462805413));
#1115=CARTESIAN_POINT('',(-0.0321529665350624,0.0159837480623698,0.00512039563891778));
#1116=CARTESIAN_POINT('',(0.0164662300394344,0.0126494668420075,0.00766306146107117));
#1117=CARTESIAN_POINT('',(0.0790898198659526,0.0125047738813777,0.00608727369206888));
#1118=CARTESIAN_POINT('',(0.143693001664263,0.0100266937929973,0.00630391769018417));
#1119=CARTESIAN_POINT('',(0.179709300428485,0.00864516318815151,0.00642469680267363));
#1120=CARTESIAN_POINT('',(-0.0493314990500369,0.0170918183367249,0.00446643509627476));
#1121=CARTESIAN_POINT('',(-0.0322354442833362,0.0159396450126578,0.00536658532034781));
#1122=CARTESIAN_POINT('',(0.0165400293660104,0.0126960941657149,0.00788221998884231));
#1123=CARTESIAN_POINT('',(0.0790518476009158,0.0125023949642154,0.00633560460226937));
#1124=CARTESIAN_POINT('',(0.143705488263558,0.00999667628731994,0.00643797610987221));
#1125=CARTESIAN_POINT('',(0.179749917864103,0.00859973715871935,0.00649504826483633));
#1126=CARTESIAN_POINT('',(-0.0496084769067152,0.0169225385698879,0.00497829499310858));
#1127=CARTESIAN_POINT('',(-0.0324004661003927,0.0158393883495356,0.00585863447461771));
#1128=CARTESIAN_POINT('',(0.016687561529135,0.0127888780048887,0.00831907849295712));
#1129=CARTESIAN_POINT('',(0.0789768328078933,0.0124897400458412,0.00682254001986536));
#1130=CARTESIAN_POINT('',(0.143727921690802,0.00993125919572094,0.00669763599498264));
#1131=CARTESIAN_POINT('',(0.179826678711723,0.00850490513520188,0.00662800195294621));
#1132=CARTESIAN_POINT('',(-0.049746996106553,0.0168298006999947,0.00523424269648123));
#1133=CARTESIAN_POINT('',(-0.0324830095967645,0.0157832337481079,0.00610449229651144));
#1134=CARTESIAN_POINT('',(0.0167612939157912,0.0128350315154463,0.00853677707756004));
#1135=CARTESIAN_POINT('',(0.0789397900680953,0.0124794367458571,0.00706114775925304));
#1136=CARTESIAN_POINT('',(0.143737869694283,0.00989584710090521,0.00682324078468195));
#1137=CARTESIAN_POINT('',(0.179862824072702,0.0084554948775853,0.00669060755461915));
#1138=CARTESIAN_POINT('',(-0.0500226952795795,0.0166283082945329,0.00574360470667362));
#1139=CARTESIAN_POINT('',(-0.0326473205204276,0.0156581697217312,0.00659348969015114));
#1140=CARTESIAN_POINT('',(0.0169079706011396,0.0129237034344094,0.00896882249894936));
#1141=CARTESIAN_POINT('',(0.0788667767759854,0.0124499504685502,0.00752456071529149));
#1142=CARTESIAN_POINT('',(0.143755749958331,0.0098196014577733,0.00706535370814102));
#1143=CARTESIAN_POINT('',(0.179931377529356,0.00835318086997505,0.0068093456245796));
#1144=CARTESIAN_POINT('',(-0.0501598743104109,0.0165195536567717,0.00599701732211499));
#1145=CARTESIAN_POINT('',(-0.0327290873754679,0.0155892584747565,0.00683662789014146));
#1146=CARTESIAN_POINT('',(0.016980914434858,0.0129662152788999,0.00918316881300407));
#1147=CARTESIAN_POINT('',(0.0788308061279723,0.0124307698241442,0.00774936078630464));
#1148=CARTESIAN_POINT('',(0.143763683085947,0.00977876639081931,0.00718186156115001));
#1149=CARTESIAN_POINT('',(0.179963787028816,0.00830027345410035,0.00686548052429266));
#1150=CARTESIAN_POINT('',(-0.0504315470511252,0.0162866511788568,0.00649884032512931));
#1151=CARTESIAN_POINT('',(-0.032891036434225,0.0154382788888258,0.00731790355165431));
#1152=CARTESIAN_POINT('',(0.0171253195679071,0.0130443450806344,0.00960673074126554));
#1153=CARTESIAN_POINT('',(0.0787600875515256,0.0123829609366951,0.00818147168365468));
#1154=CARTESIAN_POINT('',(0.143777999956604,0.00969143908876183,0.0074051753948454));
#1155=CARTESIAN_POINT('',(0.180025511194024,0.00819091462065998,0.00697238991448624));
#1156=CARTESIAN_POINT('',(-0.0505660398623897,0.0161625036288064,0.00674724907509273));
#1157=CARTESIAN_POINT('',(-0.032971218093506,0.015356208814307,0.0075560395491996));
#1158=CARTESIAN_POINT('',(0.0171967804195506,0.0130799557590304,0.00981594538644579));
#1159=CARTESIAN_POINT('',(0.0787253395725965,0.0123543397483122,0.00838878213655844));
#1160=CARTESIAN_POINT('',(0.143784384416867,0.0096449474012018,0.00751198251543583));
#1161=CARTESIAN_POINT('',(0.180054827004997,0.00813446012291763,0.00702316638855685));
#1162=CARTESIAN_POINT('',(-0.0508310774264609,0.0158998750468178,0.00723674651497627));
#1163=CARTESIAN_POINT('',(-0.0331292388448474,0.0151788280043822,0.0080251587275871));
#1164=CARTESIAN_POINT('',(0.0173375661087811,0.0131410271540052,0.0102275474825517));
#1165=CARTESIAN_POINT('',(0.0786572268768206,0.0122884424605838,0.00878322813876273));
#1166=CARTESIAN_POINT('',(0.143795989462073,0.00954627823672823,0.00771550175303098));
#1167=CARTESIAN_POINT('',(0.18011087472154,0.0080175206245215,0.00712024388125903));
#1168=CARTESIAN_POINT('',(-0.0509616213721519,0.0157613947703494,0.00747783380901436));
#1169=CARTESIAN_POINT('',(-0.0332070774474059,0.0150835162878885,0.00825614107170984));
#1170=CARTESIAN_POINT('',(0.017406890545993,0.0131664820027652,0.0104299355053706));
#1171=CARTESIAN_POINT('',(0.0786238620982399,0.0122511603814769,0.00897034910574829));
#1172=CARTESIAN_POINT('',(0.143801210735242,0.00949409691885108,0.00781220988067501));
#1173=CARTESIAN_POINT('',(0.180137607733439,0.00795703297528461,0.00716654681610603));
#1174=CARTESIAN_POINT('',(-0.0512176075949066,0.015471586215279,0.0079505702804583));
#1175=CARTESIAN_POINT('',(-0.0333597204498867,0.0148799621013458,0.0087089848465028));
#1176=CARTESIAN_POINT('',(0.0175428037293774,0.0132042888313031,0.0108263331392228));
#1177=CARTESIAN_POINT('',(0.0785586878310205,0.0121690845244586,0.00932240357403221));
#1178=CARTESIAN_POINT('',(0.143810773425807,0.00938392012254923,0.00799519602713067));
#1179=CARTESIAN_POINT('',(0.180188836306789,0.00783118989449613,0.00725527730794792));
#1180=CARTESIAN_POINT('',(-0.0513430492000331,0.0153202587758005,0.0081822179745209));
#1181=CARTESIAN_POINT('',(-0.0334345244403026,0.01477171726688,0.00893084352436532));
#1182=CARTESIAN_POINT('',(0.017609392149036,0.013216630044451,0.0110203370103982));
#1183=CARTESIAN_POINT('',(0.0785268782263958,0.0121243362135816,0.00948738517048298));
#1184=CARTESIAN_POINT('',(0.143815115589802,0.00932593932612156,0.00808149262644426));
#1185=CARTESIAN_POINT('',(0.18021333309573,0.0077658319822714,0.00729770699101577));
#1186=CARTESIAN_POINT('',(-0.051587808610895,0.0150066362753904,0.00863419082460244));
#1187=CARTESIAN_POINT('',(-0.0335804864443279,0.014543007339827,0.00936364841015216));
#1188=CARTESIAN_POINT('',(0.0177392984266488,0.0132256798839293,0.0113984521426014));
#1189=CARTESIAN_POINT('',(0.0784650003297099,0.0120295024313479,0.00979512971494548));
#1190=CARTESIAN_POINT('',(0.143823081382354,0.00920422781276669,0.00824380863923154));
#1191=CARTESIAN_POINT('',(0.180260236771964,0.00762913612345214,0.00737894654131535));
#1192=CARTESIAN_POINT('',(-0.0517071259173327,0.0148443425403032,0.00885451486312219));
#1193=CARTESIAN_POINT('',(-0.0336516441501421,0.0144225414596688,0.00957459246886427));
#1194=CARTESIAN_POINT('',(0.0178026160539695,0.0132223819681853,0.0115825588193565));
#1195=CARTESIAN_POINT('',(0.0784349318376598,0.0119794280356137,0.00993793114588276));
#1196=CARTESIAN_POINT('',(0.14382670587162,0.00914049934086749,0.00831984344227932));
#1197=CARTESIAN_POINT('',(0.180282645111306,0.00755779549882581,0.00741775892356883));
#1198=CARTESIAN_POINT('',(-0.0519387637880717,0.0145110310642508,0.00928222370244761));
#1199=CARTESIAN_POINT('',(-0.0337897925130067,0.0141705545488037,0.00998399374439068));
#1200=CARTESIAN_POINT('',(0.0179255191212892,0.0131983277623833,0.0119394573616356));
#1201=CARTESIAN_POINT('',(0.078376740819626,0.0118761059945432,0.0102029414311522));
#1202=CARTESIAN_POINT('',(0.143833251013832,0.00900722506183374,0.0084621164863208));
#1203=CARTESIAN_POINT('',(0.180325280687818,0.00740782283557765,0.00749160590829692));
#1204=CARTESIAN_POINT('',(-0.0520510840553337,0.0143400149255799,0.00948960754896934));
#1205=CARTESIAN_POINT('',(-0.0338567829814109,0.0140390334079921,0.0101824478233005));
#1206=CARTESIAN_POINT('',(0.0179851044430285,0.0131775666413599,0.012112240875509));
#1207=CARTESIAN_POINT('',(0.0783486179948272,0.0118228624256213,0.0103252275635471));
#1208=CARTESIAN_POINT('',(0.143836172662281,0.00893767856349764,0.00852838429817751));
#1209=CARTESIAN_POINT('',(0.180345509642074,0.00732918744780656,0.00752664348485234));
#1210=CARTESIAN_POINT('',(-0.0522680161461158,0.0139918223500382,0.00989010851133753));
#1211=CARTESIAN_POINT('',(-0.0339861740103321,0.0137665759262209,0.0105655288833205));
#1212=CARTESIAN_POINT('',(0.0181001598108861,0.013117656015391,0.0124451680881654));
#1213=CARTESIAN_POINT('',(0.0782945490359678,0.0117149323449396,0.0105525951566875));
#1214=CARTESIAN_POINT('',(0.143841152399951,0.00879247453933033,0.00865191635259571));
#1215=CARTESIAN_POINT('',(0.180383409050829,0.00716320318577278,0.00759228718639287));
#1216=CARTESIAN_POINT('',(-0.0523726278956196,0.0138146479105554,0.0100832250383687));
#1217=CARTESIAN_POINT('',(-0.0340485745140338,0.0136256413857741,0.0107501528224544));
#1218=CARTESIAN_POINT('',(0.0181556298611146,0.0130785073294631,0.0126053028671175));
#1219=CARTESIAN_POINT('',(0.0782686025087427,0.0116602072582398,0.0106577620052244));
#1220=CARTESIAN_POINT('',(0.143843211593998,0.00871680024368577,0.00870921331670913));
#1221=CARTESIAN_POINT('',(0.180401081445284,0.00707584969806328,0.00762289667148107));
#1222=CARTESIAN_POINT('',(-0.0525735981289619,0.0134569739856118,0.0104541674006155));
#1223=CARTESIAN_POINT('',(-0.0341684646943455,0.0133364832288303,0.011104503067526));
#1224=CARTESIAN_POINT('',(0.0182621518796194,0.0129819591898043,0.012911791133068));
#1225=CARTESIAN_POINT('',(0.0782191533608363,0.0115500511333956,0.0108552850364913));
#1226=CARTESIAN_POINT('',(0.143846100617682,0.00855869542247364,0.00881557722903028));
#1227=CARTESIAN_POINT('',(0.180433149019812,0.00689101346013653,0.00767843933983803));
#1228=CARTESIAN_POINT('',(-0.0526699567733801,0.0132764768471617,0.0106319931891403));
#1229=CARTESIAN_POINT('',(-0.0342259544539389,0.0131882635068393,0.0112742274420183));
#1230=CARTESIAN_POINT('',(0.0183132039768686,0.0129245669692954,0.0130581381565654));
#1231=CARTESIAN_POINT('',(0.0781956502843532,0.0114945338316031,0.0109477057267339));
#1232=CARTESIAN_POINT('',(0.143846931568729,0.00847622978754833,0.00886466949234486));
#1233=CARTESIAN_POINT('',(0.180447546200591,0.00679352411909813,0.00770337598843237));
#1234=CARTESIAN_POINT('',(-0.0528540415925505,0.0129152088156071,0.010971636704147));
#1235=CARTESIAN_POINT('',(-0.034335803801235,0.0128871254299996,0.0115980106202937));
#1236=CARTESIAN_POINT('',(0.0184106655707175,0.0127928090733225,0.0133361975442005));
#1237=CARTESIAN_POINT('',(0.0781514046367683,0.0113825403510913,0.011124118721403));
#1238=CARTESIAN_POINT('',(0.143846758378529,0.0083036528317014,0.00895494718444158));
#1239=CARTESIAN_POINT('',(0.180471943422377,0.00658717185239025,0.00774563321613028));
#1240=CARTESIAN_POINT('',(-0.0529417681651985,0.0127344403949417,0.0111334551617706));
#1241=CARTESIAN_POINT('',(-0.0343881636155523,0.0127342120710088,0.0117520700859073));
#1242=CARTESIAN_POINT('',(0.018457075315029,0.0127184542395307,0.013467910375408));
#1243=CARTESIAN_POINT('',(0.078130661618365,0.011325959545605,0.0112081115145195));
#1244=CARTESIAN_POINT('',(0.143845755182279,0.00821349804428203,0.00899613470224961));
#1245=CARTESIAN_POINT('',(0.18048194518459,0.00647829955709668,0.00776295677644772));
#1246=CARTESIAN_POINT('',(-0.0530667172014821,0.0124654877873492,0.0113638609197542));
#1247=CARTESIAN_POINT('',(-0.0344627639060682,0.0125035682647971,0.0119710747561392));
#1248=CARTESIAN_POINT('',(0.0185230940451755,0.0125959805531419,0.0136541452548151));
#1249=CARTESIAN_POINT('',(0.0781019023611908,0.0112398444286424,0.0113303457795892));
#1250=CARTESIAN_POINT('',(0.143842215923553,0.00807194088375804,0.00905158790424061));
#1251=CARTESIAN_POINT('',(0.180492466084723,0.00630583343590817,0.00778117951002086));
#1252=CARTESIAN_POINT('',(-0.0531072612661233,0.0123762046314143,0.0114386114685598));
#1253=CARTESIAN_POINT('',(-0.0344869748330271,0.0124264778041993,0.0120420649318228));
#1254=CARTESIAN_POINT('',(0.0185445015171669,0.0125533411715214,0.0137143381763505));
#1255=CARTESIAN_POINT('',(0.0780927090256589,0.0112109274403727,0.01137044936351));
#1256=CARTESIAN_POINT('',(0.143840694875937,0.00802370195318334,0.00906900795686681));
#1257=CARTESIAN_POINT('',(0.18049522234058,0.0062468225150477,0.00778595348520329));
#1258=CARTESIAN_POINT('',(-0.0531861238490391,0.0121987838689667,0.0115839828265558));
#1259=CARTESIAN_POINT('',(-0.0345340780410433,0.0122722855100584,0.0121799963875028));
#1260=CARTESIAN_POINT('',(0.018586105958597,0.0124648260252093,0.0138309328414311));
#1261=CARTESIAN_POINT('',(0.0780751630195818,0.0111526022550242,0.0114496545597998));
#1262=CARTESIAN_POINT('',(0.143836832951159,0.00792506924303382,0.00910154822896998));
#1263=CARTESIAN_POINT('',(0.180498989296402,0.00612571834427864,0.00779247804407793));
#1264=CARTESIAN_POINT('',(-0.0532244423905187,0.0121106463197206,0.0116546036783972));
#1265=CARTESIAN_POINT('',(-0.0345569703359442,0.0121951837396812,0.0122469377072616));
#1266=CARTESIAN_POINT('',(0.0186063029403338,0.0124189503406804,0.0138873346166322));
#1267=CARTESIAN_POINT('',(0.0780668103433419,0.0111231941749301,0.0114887562056203));
#1268=CARTESIAN_POINT('',(0.143834492074289,0.00787467520523985,0.00911666846445916));
#1269=CARTESIAN_POINT('',(0.1805,0.00606362462697457,0.00779422863405995));
#1270=CARTESIAN_POINT('',(-0.0533178246046056,0.0118913705549182,0.0118266708885841));
#1271=CARTESIAN_POINT('',(-0.0346127747928052,0.0120021693065757,0.0124098727022933));
#1272=CARTESIAN_POINT('',(0.0186554682509245,0.01230029795781,0.0140241476521797));
#1273=CARTESIAN_POINT('',(0.0780469740339864,0.0110487755648936,0.0115859570255239));
#1274=CARTESIAN_POINT('',(0.143827391754946,0.00774549903620458,0.00915146106873624));
#1275=CARTESIAN_POINT('',(0.1805,0.00590392109768237,0.00779422863405995));
#1276=CARTESIAN_POINT('',(-0.0533722020196119,0.011759488244116,0.0119268432023926));
#1277=CARTESIAN_POINT('',(-0.0346452702967897,0.0118849982096171,0.0125045963773281));
#1278=CARTESIAN_POINT('',(0.0186840977123701,0.0122248315540164,0.0141033080105087));
#1279=CARTESIAN_POINT('',(0.0780354231488788,0.0110025249951792,0.0116435165166414));
#1280=CARTESIAN_POINT('',(0.143823257166627,0.00766525074220399,0.00917206423441761));
#1281=CARTESIAN_POINT('',(0.1805,0.0058047190592824,0.00779422863405994));
#1282=CARTESIAN_POINT('',(-0.0534775699185431,0.0114959940362099,0.0121209001966173));
#1283=CARTESIAN_POINT('',(-0.0347082373021015,0.0116487960136012,0.0126878338613144));
#1284=CARTESIAN_POINT('',(0.0187395734314662,0.0120660887847888,0.0142556863338229));
#1285=CARTESIAN_POINT('',(0.0780130408327196,0.0109062315398009,0.0117571783652641));
#1286=CARTESIAN_POINT('',(0.143815245515391,0.00749965344197313,0.00921274899123809));
#1287=CARTESIAN_POINT('',(0.1805,0.00560048483882193,0.00779422863405994));
#1288=CARTESIAN_POINT('',(-0.0535285604309855,0.0113643820024735,0.0122147849054991));
#1289=CARTESIAN_POINT('',(-0.0347387088204709,0.0115297648411972,0.012776347566114));
#1290=CARTESIAN_POINT('',(0.0187664197041309,0.0119828125457848,0.0143289038732682));
#1291=CARTESIAN_POINT('',(0.0780022093956104,0.0108561907826429,0.0118132850608903));
#1292=CARTESIAN_POINT('',(0.143811368450306,0.00741430519763213,0.00923283213518843));
#1293=CARTESIAN_POINT('',(0.1805,0.00549545265676144,0.00779422863405994));
#1294=CARTESIAN_POINT('',(-0.0536273632500157,0.0111015776587041,0.0123966528193416));
#1295=CARTESIAN_POINT('',(-0.0347977525870621,0.0112900426399496,0.0129475391291667));
#1296=CARTESIAN_POINT('',(0.0188184389385468,0.0118087820753811,0.0144697360749957));
#1297=CARTESIAN_POINT('',(0.0779812216379026,0.0107516176808268,0.0119243408469528));
#1298=CARTESIAN_POINT('',(0.143803855975109,0.00723852487266803,0.00927258406342303));
#1299=CARTESIAN_POINT('',(0.1805,0.00527997427743411,0.00779422863405994));
#1300=CARTESIAN_POINT('',(-0.0536751755788873,0.0109703853595308,0.0124846360668682));
#1301=CARTESIAN_POINT('',(-0.0348263248486006,0.0111693524312884,0.013030217035893));
#1302=CARTESIAN_POINT('',(0.0188436119120303,0.011718030646129,0.014537350797083));
#1303=CARTESIAN_POINT('',(0.0779710653125704,0.0106970609682746,0.0119792895100174));
#1304=CARTESIAN_POINT('',(0.143800220563304,0.00714808406966487,0.00929225269473143));
#1305=CARTESIAN_POINT('',(0.1805,0.00516952808016727,0.00779422863405994));
#1306=CARTESIAN_POINT('',(-0.0537446599900024,0.010773989210192,0.0126124625845069));
#1307=CARTESIAN_POINT('',(-0.0348678481714357,0.0109871883207035,0.013150131893536));
#1308=CARTESIAN_POINT('',(0.018880195138152,0.0115765130372255,0.0146348343823445));
#1309=CARTESIAN_POINT('',(0.0779563053897336,0.0106114647657975,0.0120608235942056));
#1310=CARTESIAN_POINT('',(0.143794937314099,0.00700866989753479,0.00932143746013842));
#1311=CARTESIAN_POINT('',(0.1805,0.00500011036920288,0.00779422863405994));
#1312=CARTESIAN_POINT('',(-0.0537674490386846,0.0107085888210104,0.0126543799253179));
#1313=CARTESIAN_POINT('',(-0.034881466722854,0.0109262782002968,0.0131894199162261));
#1314=CARTESIAN_POINT('',(0.0188921934685352,0.0115284409430639,0.0146666729867098));
#1315=CARTESIAN_POINT('',(0.0779514645255069,0.0105823149788643,0.012087847021724));
#1316=CARTESIAN_POINT('',(0.143793204548125,0.00696157628247127,0.00933111037669191));
#1317=CARTESIAN_POINT('',(0.1805,0.00494301306303737,0.00779422863405994));
#1318=CARTESIAN_POINT('',(-0.0538123062973254,0.0105779267775737,0.0127368763062344));
#1319=CARTESIAN_POINT('',(-0.0349082730582917,0.0108040945159146,0.0132666736276067));
#1320=CARTESIAN_POINT('',(0.0189158106109953,0.0114305261350794,0.0147290828656138));
#1321=CARTESIAN_POINT('',(0.0779419359180741,0.0105227624915703,0.0121415555687333));
#1322=CARTESIAN_POINT('',(0.14378979382517,0.00686617174583967,0.00935033511393427));
#1323=CARTESIAN_POINT('',(0.1805,0.00482762099507512,0.00779422863405994));
#1324=CARTESIAN_POINT('',(-0.0538343745077454,0.010512665132441,0.0127774553385212));
#1325=CARTESIAN_POINT('',(-0.0349214608425868,0.0107428210313587,0.0133046392617047));
#1326=CARTESIAN_POINT('',(0.0189274294233151,0.0113806836680983,0.0147596539731601));
#1327=CARTESIAN_POINT('',(0.07793724817477,0.010492357242315,0.0121682422891379));
#1328=CARTESIAN_POINT('',(0.143788115868154,0.00681785991190604,0.00935988750766314));
#1329=CARTESIAN_POINT('',(0.1805,0.00476932623327838,0.00779422863405994));
#1330=CARTESIAN_POINT('',(-0.0538778134631409,0.0103822888446317,0.0128573173474846));
#1331=CARTESIAN_POINT('',(-0.0349474196114611,0.0106199351710579,0.0133792837250413));
#1332=CARTESIAN_POINT('',(0.0189502998355734,0.0112792934640255,0.0148195475587683));
#1333=CARTESIAN_POINT('',(0.0779280208442154,0.0104298969444473,0.0122214863970289));
#1334=CARTESIAN_POINT('',(0.143784812985927,0.00671991027110721,0.00937894600097396));
#1335=CARTESIAN_POINT('',(0.1805,0.00465159127011035,0.00779422863405994));
#1336=CARTESIAN_POINT('',(-0.0538991842085139,0.0103171743104762,0.0128966003108926));
#1337=CARTESIAN_POINT('',(-0.0349601905962779,0.0105583235110655,0.0134159624657614));
#1338=CARTESIAN_POINT('',(0.0189615514357211,0.011227748033502,0.0148488697858187));
#1339=CARTESIAN_POINT('',(0.0779234812568805,0.0103978333751643,0.012248048066924));
#1340=CARTESIAN_POINT('',(0.143783188060685,0.00667026941430554,0.00938845363342513));
#1341=CARTESIAN_POINT('',(0.1805,0.00459215106873906,0.00779422863405994));
#1342=CARTESIAN_POINT('',(-0.0539412509617989,0.010187103048873,0.0129739121180393));
#1343=CARTESIAN_POINT('',(-0.0349853293482547,0.0104348150995016,0.0134880731866006));
#1344=CARTESIAN_POINT('',(0.0189836993898152,0.0111231207822251,0.0149063017352007));
#1345=CARTESIAN_POINT('',(0.0779145454103716,0.0103316836269384,0.0123012073967978));
#1346=CARTESIAN_POINT('',(0.143779989513885,0.00656956167910793,0.00940748178081903));
#1347=CARTESIAN_POINT('',(0.1805,0.00447217724247879,0.00779422863405994));
#1348=CARTESIAN_POINT('',(-0.0539619469700508,0.0101221461197967,0.0130119410705082));
#1349=CARTESIAN_POINT('',(-0.0349976971156179,0.0103729170791685,0.013523505858079));
#1350=CARTESIAN_POINT('',(0.0189945957439405,0.0110700351345742,0.0149344135444098));
#1351=CARTESIAN_POINT('',(0.0779101491511254,0.01029763453008,0.0123277847012072));
#1352=CARTESIAN_POINT('',(0.143778415892301,0.00651850807408037,0.0094169950095756));
#1353=CARTESIAN_POINT('',(0.1805,0.0044116436175898,0.00779422863405994));
#1354=CARTESIAN_POINT('',(-0.0540230559960921,0.00992751912944484,0.0131242103793417));
#1355=CARTESIAN_POINT('',(-0.0350342153759836,0.0101868362227072,0.0136280083137571));
#1356=CARTESIAN_POINT('',(0.0190267693679502,0.0109086118809705,0.0150170317432317));
#1357=CARTESIAN_POINT('',(0.0778971683329169,0.0101928190021487,0.0124073162267554));
#1358=CARTESIAN_POINT('',(0.143773769465742,0.00636338921482987,0.00944546296796003));
#1359=CARTESIAN_POINT('',(0.1805,0.00422848063173135,0.00779422863405994));
#1360=CARTESIAN_POINT('',(-0.0540624903528776,0.00979809388215825,0.0131966340090741));
#1361=CARTESIAN_POINT('',(-0.0350577810290749,0.0100622675734261,0.0136952844051181));
#1362=CARTESIAN_POINT('',(0.0190475313772714,0.0107981091950214,0.0150698253118078));
#1363=CARTESIAN_POINT('',(0.077888791661748,0.0101194174628652,0.0124600380601911));
#1364=CARTESIAN_POINT('',(0.143770771073286,0.00625737777487049,0.00946433451543573));
#1365=CARTESIAN_POINT('',(0.1805,0.00410428915957047,0.00779422863405994));
#1366=CARTESIAN_POINT('',(-0.0541389176298525,0.00953990887479035,0.0133369561222883));
#1367=CARTESIAN_POINT('',(-0.0351034533524683,0.00981230039415722,0.013825406667456));
#1368=CARTESIAN_POINT('',(0.0190877699906607,0.0105720553132738,0.0151712818476547));
#1369=CARTESIAN_POINT('',(0.0778725569309259,0.00996649171783279,0.0125642453704478));
#1370=CARTESIAN_POINT('',(0.143764959923075,0.00604075592960234,0.00950163506199631));
#1371=CARTESIAN_POINT('',(0.1805,0.003852156713859,0.00779422863405994));
#1372=CARTESIAN_POINT('',(-0.0541759105565598,0.0094111491217465,0.0134048545379736));
#1373=CARTESIAN_POINT('',(-0.035125560026665,0.0096869024685415,0.0138882523397237));
#1374=CARTESIAN_POINT('',(0.0191072465981603,0.0104565061134284,0.0152199432744005));
#1375=CARTESIAN_POINT('',(0.0778646988698882,0.00988694289157102,0.0126157450124843));
#1376=CARTESIAN_POINT('',(0.143762147164826,0.00593013671148969,0.00952006913145748));
#1377=CARTESIAN_POINT('',(0.1805,0.00372421574030841,0.00779422863405994));
#1378=CARTESIAN_POINT('',(-0.054247612656797,0.00915427252079418,0.013536424052319));
#1379=CARTESIAN_POINT('',(-0.0351684086226066,0.00943541789080815,0.0140098355328057));
#1380=CARTESIAN_POINT('',(0.0191449974275088,0.0102209623657141,0.0153135161453829));
#1381=CARTESIAN_POINT('',(0.0778494678641164,0.00972245128173633,0.0127171054590836));
#1382=CARTESIAN_POINT('',(0.143756695293565,0.00570482732525049,0.00955635065574269));
#1383=CARTESIAN_POINT('',(0.1805,0.00346500042027172,0.00779422863405994));
#1384=CARTESIAN_POINT('',(-0.0542823218347637,0.00902615553622267,0.0136000952019804));
#1385=CARTESIAN_POINT('',(-0.0351891505470026,0.00930933088194859,0.0140685733349037));
#1386=CARTESIAN_POINT('',(0.0191632716516934,0.0101009668984537,0.0153584284144663));
#1387=CARTESIAN_POINT('',(0.0778420949184398,0.00963751278430352,0.0127669574801392));
#1388=CARTESIAN_POINT('',(0.143754056180216,0.00559013869132886,0.00957419496654912));
#1389=CARTESIAN_POINT('',(0.1805,0.0033337260737856,0.00779422863405994));
#1390=CARTESIAN_POINT('',(-0.0543496030728325,0.00877050913692655,0.0137234861526268));
#1391=CARTESIAN_POINT('',(-0.035229357271421,0.00905655367017011,0.0141822336522222));
#1392=CARTESIAN_POINT('',(0.0191986949172363,0.00985701435050087,0.0154448368854538));
#1393=CARTESIAN_POINT('',(0.0778278029950238,0.00946290006647525,0.0128647592721073));
#1394=CARTESIAN_POINT('',(0.143748940449338,0.00535719326266168,0.00960920268612295));
#1395=CARTESIAN_POINT('',(0.1805,0.00306826013633203,0.00779422863405994));
#1396=CARTESIAN_POINT('',(-0.0543821751358808,0.00864297962192937,0.0137832059329918));
#1397=CARTESIAN_POINT('',(-0.0352488220732039,0.00892986330286471,0.0142371560060359));
#1398=CARTESIAN_POINT('',(0.0192158439601458,0.0097330569201213,0.0154863325815805));
#1399=CARTESIAN_POINT('',(0.0778208840166585,0.0093732250425101,0.0129127133009083));
#1400=CARTESIAN_POINT('',(0.143746463831584,0.00523893618028192,0.00962636761898277));
#1401=CARTESIAN_POINT('',(0.1805,0.00293406854536459,0.00779422863405994));
#1402=CARTESIAN_POINT('',(-0.0544453176228315,0.00838842373140461,0.0138989484355106));
#1403=CARTESIAN_POINT('',(-0.0352865555133841,0.00867591777789194,0.0143434516475244));
#1404=CARTESIAN_POINT('',(0.0192490881920668,0.00948156583413997,0.0155662025841337));
#1405=CARTESIAN_POINT('',(0.0778074712493893,0.00918965466932659,0.0130065433005002));
#1406=CARTESIAN_POINT('',(0.143741662790767,0.00499930551614421,0.00965995365301372));
#1407=CARTESIAN_POINT('',(0.1805,0.00266318424740247,0.00779422863405994));
#1408=CARTESIAN_POINT('',(-0.0544758880487137,0.00826139725845399,0.0139549711986148));
#1409=CARTESIAN_POINT('',(-0.0353048241529644,0.00854866243685143,0.0143948251769246));
#1410=CARTESIAN_POINT('',(0.0192651833821208,0.00935403176079724,0.0156045776071697));
#1411=CARTESIAN_POINT('',(0.0778009774600649,0.00909575958762542,0.0130524117001617));
#1412=CARTESIAN_POINT('',(0.143739338367552,0.00487793203014286,0.0096763720441325));
#1413=CARTESIAN_POINT('',(0.1805,0.00252649154040781,0.00779422863405994));
#1414=CARTESIAN_POINT('',(-0.0545351515115619,0.00800773682017184,0.0140635522293608));
#1415=CARTESIAN_POINT('',(-0.035340239519673,0.00829358300876959,0.0144942631518619));
#1416=CARTESIAN_POINT('',(0.0192963853255112,0.00909568459465072,0.0156784633966739));
#1417=CARTESIAN_POINT('',(0.0777883886775646,0.00890414262926295,0.0131419846208155));
#1418=CARTESIAN_POINT('',(0.143734832268444,0.00463247659830419,0.00970843427555544));
#1419=CARTESIAN_POINT('',(0.1805,0.00225102113884548,0.00779422863405994));
#1420=CARTESIAN_POINT('',(-0.0545638445500042,0.00788110277053011,0.01411611047881));
#1421=CARTESIAN_POINT('',(-0.0353573862476835,0.00816575878813945,0.01454232746627));
#1422=CARTESIAN_POINT('',(0.019311492079625,0.00896487122460058,0.0157139737560847));
#1423=CARTESIAN_POINT('',(0.0777822936840752,0.00880642001286718,0.0131856925854927));
#1424=CARTESIAN_POINT('',(0.143732650592438,0.00450839438768217,0.00972407934851137));
#1425=CARTESIAN_POINT('',(0.1805,0.00211224344427779,0.00779422863405994));
#1426=CARTESIAN_POINT('',(-0.054619466209633,0.00762809301664547,0.0142179735122449));
#1427=CARTESIAN_POINT('',(-0.0353906253022042,0.0079094997022575,0.0146353625055322));
#1428=CARTESIAN_POINT('',(0.0193407766301999,0.00870018389510538,0.0157823554562408));
#1429=CARTESIAN_POINT('',(0.0777704784957328,0.00860743646393578,0.0132709104534599));
#1430=CARTESIAN_POINT('',(0.143728421397943,0.00425789194343353,0.00975458270805565));
#1431=CARTESIAN_POINT('',(0.1805,0.00183301919602356,0.00779422863405994));
#1432=CARTESIAN_POINT('',(-0.0546463948321989,0.00750171722718094,0.0142672783164635));
#1433=CARTESIAN_POINT('',(-0.0354067176295387,0.0077810646669371,0.0146803333457734));
#1434=CARTESIAN_POINT('',(0.0193549544273873,0.00856630953920417,0.0158152271356603));
#1435=CARTESIAN_POINT('',(0.077764758300587,0.00850617626947913,0.013312416603912));
#1436=CARTESIAN_POINT('',(0.143726373879349,0.00413147197399901,0.00976943965133222));
#1437=CARTESIAN_POINT('',(0.1805,0.00169257264233702,0.00779422863405994));
#1438=CARTESIAN_POINT('',(-0.0547246865517177,0.00712274457844685,0.0144105969848871));
#1439=CARTESIAN_POINT('',(-0.0354535041287365,0.0073947302108908,0.0148108939456239));
#1440=CARTESIAN_POINT('',(0.019396174661288,0.0081603188640459,0.0159101800217945));
#1441=CARTESIAN_POINT('',(0.0777481275236929,0.00819737641000469,0.0134336241002172));
#1442=CARTESIAN_POINT('',(0.143720420966196,0.00374920895609499,0.00981282533942152));
#1443=CARTESIAN_POINT('',(0.1805,0.00126935388528033,0.00779422863405994));
#1444=CARTESIAN_POINT('',(-0.0547735612155158,0.00687031054519047,0.0145000257513555));
#1445=CARTESIAN_POINT('',(-0.0354827112330463,0.00713581434668822,0.0148921424997701));
#1446=CARTESIAN_POINT('',(0.0194219069492739,0.00788386143842706,0.0159686099087262));
#1447=CARTESIAN_POINT('',(0.0777377455364996,0.00798485223946532,0.0135100182346173));
#1448=CARTESIAN_POINT('',(0.143716704779724,0.00349037524400159,0.0098401702824982));
#1449=CARTESIAN_POINT('',(0.1805,0.000984702585913128,0.00779422863405994));
#1450=CARTESIAN_POINT('',(-0.054865347530512,0.00636441337547941,0.0146679098264417));
#1451=CARTESIAN_POINT('',(-0.0355375619935013,0.00661431393221067,0.0150443251115139));
#1452=CARTESIAN_POINT('',(0.0194702320262589,0.00731983414351799,0.0160770063849741));
#1453=CARTESIAN_POINT('',(0.0777182482290448,0.00754705813118909,0.013654096385708));
#1454=CARTESIAN_POINT('',(0.143709725804614,0.00296706566059987,0.00989174242047852));
#1455=CARTESIAN_POINT('',(0.1805,0.000413718092153273,0.00779422863405994));
#1456=CARTESIAN_POINT('',(-0.0549082592798872,0.00611094828518115,0.0147463650683173));
#1457=CARTESIAN_POINT('',(-0.0355632057083164,0.00635172663497533,0.0151152577565548));
#1458=CARTESIAN_POINT('',(0.0194928248669476,0.00703225906282604,0.0161269682316136));
#1459=CARTESIAN_POINT('',(0.0777091328879285,0.00732176150440579,0.0137218176778215));
#1460=CARTESIAN_POINT('',(0.143706463008512,0.00270258023606521,0.00991598295795519));
#1461=CARTESIAN_POINT('',(0.1805,0.000127384897760613,0.00779422863405994));
#1462=CARTESIAN_POINT('',(-0.0549886124988504,0.00560129245584056,0.014893218499438));
#1463=CARTESIAN_POINT('',(-0.0356112241429308,0.00582155825400311,0.0152477227523169));
#1464=CARTESIAN_POINT('',(0.0195351304709207,0.00644571293006867,0.0162193310181147));
#1465=CARTESIAN_POINT('',(0.0776920642060104,0.00685782330273541,0.0138489353854509));
#1466=CARTESIAN_POINT('',(0.143700353349189,0.00216989017051318,0.00996148418009036));
#1467=CARTESIAN_POINT('',(0.1805,-0.000443634358416872,0.00779422863405994));
#1468=CARTESIAN_POINT('',(-0.0550260541399125,0.00534509986673683,0.0149616169584741));
#1469=CARTESIAN_POINT('',(-0.0356335989652016,0.00555397417468744,0.0153092551060716));
#1470=CARTESIAN_POINT('',(0.0195548433244855,0.00614673564549305,0.0162617312337516));
#1471=CARTESIAN_POINT('',(0.0776841108287838,0.00661917418638362,0.0139083332158002));
#1472=CARTESIAN_POINT('',(0.143697506472931,0.00190168283006182,0.00998274537118227));
#1473=CARTESIAN_POINT('',(0.1805,-0.000728320420201696,0.00779422863405994));
#1474=CARTESIAN_POINT('',(-0.0550957719405599,0.00482811508927767,0.0150889263663626));
#1475=CARTESIAN_POINT('',(-0.035675261759736,0.00501220409363512,0.0154235021123265));
#1476=CARTESIAN_POINT('',(0.0195915494291334,0.00553652099247601,0.0163395837812919));
#1477=CARTESIAN_POINT('',(0.0776693013291939,0.00612731666071184,0.0140188379544403));
#1478=CARTESIAN_POINT('',(0.143692205477946,0.00136325168018625,0.0100223000544252));
#1479=CARTESIAN_POINT('',(0.1805,-0.00129271638353017,0.00779422863405994));
#1480=CARTESIAN_POINT('',(-0.0551280483644574,0.00456732116445146,0.0151478377323486));
#1481=CARTESIAN_POINT('',(-0.0356945498899504,0.00473801541494945,0.0154762167784827));
#1482=CARTESIAN_POINT('',(0.0196085428193758,0.00522527823976929,0.0163750350830628));
#1483=CARTESIAN_POINT('',(0.0776624451506852,0.00587409720731618,0.0140699522460889));
#1484=CARTESIAN_POINT('',(0.143689751339124,0.0010930239175839,0.0100405961894167));
#1485=CARTESIAN_POINT('',(0.1805,-0.00157242628507382,0.00779422863405994));
#1486=CARTESIAN_POINT('',(-0.0551875461260266,0.00403913742993157,0.0152563828738752));
#1487=CARTESIAN_POINT('',(-0.0357301052716822,0.00418124018721614,0.0155730627644183));
#1488=CARTESIAN_POINT('',(0.0196398681199763,0.00458929344657926,0.0164392900150083));
#1489=CARTESIAN_POINT('',(0.0776498065983015,0.00535122666125366,0.0141639241632303));
#1490=CARTESIAN_POINT('',(0.143685227425106,0.000552019142206739,0.0100742330222078));
#1491=CARTESIAN_POINT('',(0.1805,-0.00212354090028664,0.00779422863405994));
#1492=CARTESIAN_POINT('',(-0.0552147678316651,0.00377174583915309,0.0153060172968477));
#1493=CARTESIAN_POINT('',(-0.0357463727430936,0.00389865080368738,0.0156171945300196));
#1494=CARTESIAN_POINT('',(0.0196542002240671,0.00426454559977733,0.0164680935377182));
#1495=CARTESIAN_POINT('',(0.0776440241462627,0.0050815689993073,0.0142067829626704));
#1496=CARTESIAN_POINT('',(0.143683157621932,0.000281239777987331,0.0100895741402167));
#1497=CARTESIAN_POINT('',(0.1805,-0.00239494561395581,0.00779422863405994));
#1498=CARTESIAN_POINT('',(-0.0552640626989099,0.0032282995714241,0.0153958442317132));
#1499=CARTESIAN_POINT('',(-0.0357758309575891,0.00332316662539474,0.0156967622279117));
#1500=CARTESIAN_POINT('',(0.0196801537472548,0.00360008536340838,0.0165190822728438));
#1501=CARTESIAN_POINT('',(0.0776335528991857,0.00452372184433906,0.014283906855475));
#1502=CARTESIAN_POINT('',(0.143679409485279,-0.000259482538114656,0.0101171802970919));
#1503=CARTESIAN_POINT('',(0.1805,-0.00292612082578636,0.00779422863405994));
#1504=CARTESIAN_POINT('',(-0.0552861363341779,0.00295224293271082,0.0154360376366357));
#1505=CARTESIAN_POINT('',(-0.0357890219837296,0.00303026854318353,0.0157321991154641));
#1506=CARTESIAN_POINT('',(0.0196917754157324,0.0032603660353708,0.016541268524442));
#1507=CARTESIAN_POINT('',(0.0776288640035319,0.00423553265101147,0.0143181645902774));
#1508=CARTESIAN_POINT('',(0.143677731115784,-0.000529425382723006,0.0101294427019933));
#1509=CARTESIAN_POINT('',(0.1805,-0.00318589132394775,0.00779422863405994));
#1510=CARTESIAN_POINT('',(-0.0553248251245893,0.00238938417164993,0.0155064207781772));
#1511=CARTESIAN_POINT('',(-0.035812142092378,0.00243223925738697,0.0157938961496761));
#1512=CARTESIAN_POINT('',(0.0197121448877518,0.00256446220958735,0.0165787655509215));
#1513=CARTESIAN_POINT('',(0.0776206457060467,0.00363837524545607,0.0143774868669239));
#1514=CARTESIAN_POINT('',(0.143674789412488,-0.00106714161366996,0.0101506768489709));
#1515=CARTESIAN_POINT('',(0.1805,-0.00369046907712935,0.00779422863405994));
#1516=CARTESIAN_POINT('',(-0.0553414408515174,0.00210257985704913,0.0155366115414711));
#1517=CARTESIAN_POINT('',(-0.0358220715165798,0.0021271046179789,0.0158201571216192));
#1518=CARTESIAN_POINT('',(0.0197208929923357,0.00220827076005811,0.0165940766093018));
#1519=CARTESIAN_POINT('',(0.0776171161827565,0.00332939847992992,0.014402553976721));
#1520=CARTESIAN_POINT('',(0.143673526035212,-0.00133491806162394,0.0101596495102346));
#1521=CARTESIAN_POINT('',(0.1805,-0.00393527633214957,0.00779422863405994));
#1522=CARTESIAN_POINT('',(-0.0553686716892957,0.0015161890752546,0.0155860023783562));
#1523=CARTESIAN_POINT('',(-0.0358383444452842,0.0015027488332228,0.0158626328735282));
#1524=CARTESIAN_POINT('',(0.0197352299044566,0.00147807664820713,0.0166172797643621));
#1525=CARTESIAN_POINT('',(0.0776113317908628,0.00268855537856456,0.0144425094673731));
#1526=CARTESIAN_POINT('',(0.143671455537676,-0.00186691954492905,0.0101739514016829));
#1527=CARTESIAN_POINT('',(0.1805,-0.00440659857141562,0.00779422863405994));
#1528=CARTESIAN_POINT('',(-0.0553792874511736,0.00121659996670642,0.0156052036863033));
#1529=CARTESIAN_POINT('',(-0.0358446883388356,0.00118352338619947,0.0158788490112748));
#1530=CARTESIAN_POINT('',(0.0197408190547567,0.00110406506968141,0.0166251734649497));
#1531=CARTESIAN_POINT('',(0.0776090767839676,0.00235668533227552,0.014457390137649));
#1532=CARTESIAN_POINT('',(0.143670648367915,-0.00213114590841928,0.0101792778719));
#1533=CARTESIAN_POINT('',(0.1805,-0.00463311355566141,0.00779422863405994));
#1534=CARTESIAN_POINT('',(-0.0553937255943574,0.000602720417810967,0.0156311695326511));
#1535=CARTESIAN_POINT('',(-0.0358533164565808,0.000529320969386687,0.0158999459963021));
#1536=CARTESIAN_POINT('',(0.0197484206714128,0.000337272024154103,0.016632689093822));
#1537=CARTESIAN_POINT('',(0.0776060098244024,0.00166829528750505,0.0144756267929985));
#1538=CARTESIAN_POINT('',(0.143669550563281,-0.00265453992682543,0.0101858056021551));
#1539=CARTESIAN_POINT('',(0.1805,-0.00506452222574525,0.00779422863405994));
#1540=CARTESIAN_POINT('',(-0.0553975486731102,0.000288426796685065,0.0156379353401851));
#1541=CARTESIAN_POINT('',(-0.0358556010975634,0.000194338993503925,0.0159048279583102));
#1542=CARTESIAN_POINT('',(0.0197504335049715,-5.5519602602355E-5,0.0166323117345316));
#1543=CARTESIAN_POINT('',(0.0776051977235803,0.00131176343033005,0.0144789864470261));
#1544=CARTESIAN_POINT('',(0.143669259875378,-0.00291371182650834,0.0101870081754792));
#1545=CARTESIAN_POINT('',(0.1805,-0.00526941591158329,0.00779422863405994));
#1546=CARTESIAN_POINT('',(-0.0553973376854777,-0.000356577150335597,0.015637087943933));
#1547=CARTESIAN_POINT('',(-0.0358554750130584,-0.000492717045640292,0.0159015150751699));
#1548=CARTESIAN_POINT('',(0.0197503224209434,-0.000860167652830369,0.0166221019798526));
#1549=CARTESIAN_POINT('',(0.0776052425417075,0.000572943735719144,0.014472403259473));
#1550=CARTESIAN_POINT('',(0.143669275917829,-0.00342525539827118,0.0101846517525637));
#1551=CARTESIAN_POINT('',(0.1805,-0.00565425295721828,0.00779422863405994));
#1552=CARTESIAN_POINT('',(-0.0553933043125486,-0.000687291402103757,0.0156294760725845));
#1553=CARTESIAN_POINT('',(-0.0358530647019747,-0.000844797342062187,0.0158933217896935));
#1554=CARTESIAN_POINT('',(0.0197481988684584,-0.0012720368126892,0.0166122716855481));
#1555=CARTESIAN_POINT('',(0.0776060993133524,0.000190642051064486,0.014462453502441));
#1556=CARTESIAN_POINT('',(0.143669582595456,-0.00367763202690193,0.0101810902809691));
#1557=CARTESIAN_POINT('',(0.1805,-0.00583419631701524,0.00779422863405995));
#1558=CARTESIAN_POINT('',(-0.0553813488587154,-0.00115724951214445,0.0156072803123846));
#1559=CARTESIAN_POINT('',(-0.0358459202193319,-0.00134440282871865,0.0158713911821734));
#1560=CARTESIAN_POINT('',(0.0197419043764428,-0.00185466221326898,0.0165910517037014));
#1561=CARTESIAN_POINT('',(0.0776086388984655,-0.000356234250978135,0.0144379781119677));
#1562=CARTESIAN_POINT('',(0.143670491628733,-0.00402069151486341,0.0101723294230246));
#1563=CARTESIAN_POINT('',(0.1805,-0.00606362785253259,0.00779422863405995));
#1564=CARTESIAN_POINT('',(-0.0553773542161773,-0.00128888196102716,0.0155998783188937));
#1565=CARTESIAN_POINT('',(-0.0358435396098588,-0.00148426750779959,0.0158641663121409));
#1566=CARTESIAN_POINT('',(0.0197397787689608,-0.00201758385695841,0.0165843161769904));
#1567=CARTESIAN_POINT('',(0.0776097004918581,-0.000509662770575741,0.0144304167782947));
#1568=CARTESIAN_POINT('',(0.143670222628853,-0.00411548012733071,0.0101684987889596));
#1569=CARTESIAN_POINT('',(0.180498989193858,-0.00612572469416258,0.00779247786646495));
#1570=CARTESIAN_POINT('',(-0.0553679320073027,-0.00155451209257033,0.0155824458937305));
#1571=CARTESIAN_POINT('',(-0.0358379334109234,-0.00176632499869486,0.0158473123337469));
#1572=CARTESIAN_POINT('',(0.0197347343599621,-0.00234565995704597,0.0165690717513418));
#1573=CARTESIAN_POINT('',(0.077612496008939,-0.00081958704258426,0.0144135315228332));
#1574=CARTESIAN_POINT('',(0.143668804439184,-0.00430417548011586,0.0101582652452581));
#1575=CARTESIAN_POINT('',(0.180495221861051,-0.00624683487773356,0.0077859526546347));
#1576=CARTESIAN_POINT('',(-0.0553625044270452,-0.00168850975899482,0.0155724154370087));
#1577=CARTESIAN_POINT('',(-0.0358347078131654,-0.00190851778890421,0.0158376832049975));
#1578=CARTESIAN_POINT('',(0.0197318155510356,-0.00251081437552723,0.0165605628450475));
#1579=CARTESIAN_POINT('',(0.0776142299363469,-0.000976082645878284,0.0144042075860551));
#1580=CARTESIAN_POINT('',(0.143667655248404,-0.00439808246719427,0.0101518623262333));
#1581=CARTESIAN_POINT('',(0.180492465330769,-0.00630584868713693,0.00778117820413375));
#1582=CARTESIAN_POINT('',(-0.0553439683485674,-0.00209368808489968,0.0155381930290006));
#1583=CARTESIAN_POINT('',(-0.0358236990534126,-0.00233813388008356,0.0158050242207021));
#1584=CARTESIAN_POINT('',(0.0197218227357572,-0.00300891330082006,0.0165322738665775));
#1585=CARTESIAN_POINT('',(0.0776203851032883,-0.00144942249342072,0.0143732997987905));
#1586=CARTESIAN_POINT('',(0.143663102808776,-0.00467825032485684,0.0101290978835056));
#1587=CARTESIAN_POINT('',(0.18048194339635,-0.00647832308595233,0.00776295367912547));
#1588=CARTESIAN_POINT('',(-0.0553286033140369,-0.00236805707978765,0.0155098643290601));
#1589=CARTESIAN_POINT('',(-0.035814581916077,-0.00262859946850878,0.0157782181889271));
#1590=CARTESIAN_POINT('',(0.0197135109903045,-0.00334450252663093,0.0165097299732248));
#1591=CARTESIAN_POINT('',(0.0776257572420705,-0.00177013791825934,0.0143487627605279));
#1592=CARTESIAN_POINT('',(0.143658603443999,-0.00486295414185924,0.0101091912123402));
#1593=CARTESIAN_POINT('',(0.180471940664532,-0.00658720037913855,0.00774562843940235));
#1594=CARTESIAN_POINT('',(-0.0552913764067718,-0.00292328309992774,0.0154413050246075));
#1595=CARTESIAN_POINT('',(-0.0357924936854964,-0.00321509684197367,0.0157137640688985));
#1596=CARTESIAN_POINT('',(0.0196933693679056,-0.00401868497457422,0.0164567688962663));
#1597=CARTESIAN_POINT('',(0.0776388077187246,-0.00241744940457608,0.0142906232826468));
#1598=CARTESIAN_POINT('',(0.14364760899774,-0.00522715150668815,0.0100612464697249));
#1599=CARTESIAN_POINT('',(0.180447541164478,-0.00679356151206621,0.00770336726562889));
#1600=CARTESIAN_POINT('',(-0.0552695141815635,-0.00320413933000645,0.0154010737731964));
#1601=CARTESIAN_POINT('',(-0.0357795223927808,-0.00351112751649277,0.0156761154018782));
#1602=CARTESIAN_POINT('',(0.0196815392671613,-0.00435727616407208,0.016426351345717));
#1603=CARTESIAN_POINT('',(0.0776464864942551,-0.0027440402148702,0.0142570223318683));
#1604=CARTESIAN_POINT('',(0.143641112967793,-0.00540664919160054,0.0100332070170683));
#1605=CARTESIAN_POINT('',(0.180433142675011,-0.00689105472285764,0.00767842835031989));
#1606=CARTESIAN_POINT('',(-0.0552189171616634,-0.00377023894065913,0.0153080249960777));
#1607=CARTESIAN_POINT('',(-0.0357494940482113,-0.00410607300325052,0.0155893587819991));
#1608=CARTESIAN_POINT('',(0.0196541879993303,-0.00503313977006078,0.0163572101998436));
#1609=CARTESIAN_POINT('',(0.0776639938533484,-0.00339825830178252,0.0141799156931645));
#1610=CARTESIAN_POINT('',(0.143626788740114,-0.00575950283361711,0.0099699425346915));
#1611=CARTESIAN_POINT('',(0.180401072325431,-0.00707589757063554,0.00762288087543304));
#1612=CARTESIAN_POINT('',(-0.0551901820878115,-0.00405548129528034,0.0152552070400106));
#1613=CARTESIAN_POINT('',(-0.0357324368425123,-0.0044049859776715,0.0155402509017867));
#1614=CARTESIAN_POINT('',(0.0196386666408348,-0.00537040820415824,0.0163184879199217));
#1615=CARTESIAN_POINT('',(0.0776738229179382,-0.00372589444462457,0.0141363954414717));
#1616=CARTESIAN_POINT('',(0.143618959429892,-0.00593286619663639,0.0099347100668167));
#1617=CARTESIAN_POINT('',(0.180383398464442,-0.00716325379941442,0.00759226885023262));
#1618=CARTESIAN_POINT('',(-0.0551255797912504,-0.00462819185514461,0.0151365086667942));
#1619=CARTESIAN_POINT('',(-0.0356940768873128,-0.00500291906080368,0.0154301283976868));
#1620=CARTESIAN_POINT('',(0.0196038121507238,-0.00603910937692539,0.0162323707123886));
#1621=CARTESIAN_POINT('',(0.0776955345059155,-0.00437697329929566,0.0140390864351486));
#1622=CARTESIAN_POINT('',(0.143602395622597,-0.00627249075190299,0.00985772863291125));
#1623=CARTESIAN_POINT('',(0.180345496109524,-0.00732924246266298,0.00752662004578853));
#1624=CARTESIAN_POINT('',(-0.0550897123705705,-0.00491565900565217,0.0150706278543035));
#1625=CARTESIAN_POINT('',(-0.0356727740320918,-0.00530193774222642,0.015369113255116));
#1626=CARTESIAN_POINT('',(0.0195844788717932,-0.00637053956766547,0.016184974994771));
#1627=CARTESIAN_POINT('',(0.0777074174802922,-0.00470040678189706,0.0139853038623017));
#1628=CARTESIAN_POINT('',(0.143593660041248,-0.00643875160305011,0.00981597972199474));
#1629=CARTESIAN_POINT('',(0.180325265675407,-0.00740787951116692,0.00749157990603848));
#1630=CARTESIAN_POINT('',(-0.055010709139155,-0.00549062792622283,0.0149255491699878));
#1631=CARTESIAN_POINT('',(-0.0356258389153522,-0.00589725403245118,0.0152349114418418));
#1632=CARTESIAN_POINT('',(0.0195419371837215,-0.0070229350999667,0.0160812212188884));
#1633=CARTESIAN_POINT('',(0.0777331863536138,-0.0053376293157357,0.0138675258645884));
#1634=CARTESIAN_POINT('',(0.143575507700076,-0.00676313469229754,0.00972640464610178));
#1635=CARTESIAN_POINT('',(0.180282627240218,-0.00755785448942058,0.00741772796993576));
#1636=CARTESIAN_POINT('',(-0.0549675732176044,-0.00577812837850798,0.0148463513018058));
#1637=CARTESIAN_POINT('',(-0.035600206598751,-0.00619354895148186,0.0151617259251491));
#1638=CARTESIAN_POINT('',(0.0195187286781013,-0.00734389421276103,0.0160248670795147));
#1639=CARTESIAN_POINT('',(0.0777470726380616,-0.00565144169888386,0.0138034909234012));
#1640=CARTESIAN_POINT('',(0.143566089975623,-0.00692126743246906,0.00967856242664119));
#1641=CARTESIAN_POINT('',(0.180260217521817,-0.00762919576860092,0.00737891319908182));
#1642=CARTESIAN_POINT('',(-0.0548740247344623,-0.0063509775612505,0.014674612712697));
#1643=CARTESIAN_POINT('',(-0.0355446070403983,-0.00678059445181805,0.0150031000714659));
#1644=CARTESIAN_POINT('',(0.0194684342085567,-0.00797072065797243,0.0159029618756607));
#1645=CARTESIAN_POINT('',(0.0777768307540862,-0.00626370923908147,0.0136659382231517));
#1646=CARTESIAN_POINT('',(0.143546625401861,-0.00722819232513963,0.00957716297933118));
#1647=CARTESIAN_POINT('',(0.180213311279517,-0.00776589201753185,0.00729766920422664));
#1648=CARTESIAN_POINT('',(-0.054823612152748,-0.0066363251293773,0.01458207185943));
#1649=CARTESIAN_POINT('',(-0.0355146397960415,-0.00707134356188034,0.0149176591068411));
#1650=CARTESIAN_POINT('',(0.019441348201788,-0.00827658550838799,0.015837408989044));
#1651=CARTESIAN_POINT('',(0.0777927028960342,-0.00656214886168731,0.0135924369677969));
#1652=CARTESIAN_POINT('',(0.14353657773121,-0.00737698063662326,0.00952361004388347));
#1653=CARTESIAN_POINT('',(0.180188813303348,-0.00783124966535772,0.00725523746481943));
#1654=CARTESIAN_POINT('',(-0.054715632065873,-0.00720272265732864,0.0143838548630455));
#1655=CARTESIAN_POINT('',(-0.0354504440785408,-0.00764453030899914,0.0147346292955019));
#1656=CARTESIAN_POINT('',(0.019383359528342,-0.00886869519708711,0.0156969455651175));
#1657=CARTESIAN_POINT('',(0.0778264380498517,-0.00713791591450323,0.0134372121107522));
#1658=CARTESIAN_POINT('',(0.14351576019573,-0.00766387114845516,0.00941107584400162));
#1659=CARTESIAN_POINT('',(0.180137582622549,-0.00795709139419721,0.00716650332276782));
#1660=CARTESIAN_POINT('',(-0.0546580646320222,-0.00748377123234534,0.0142781791391836));
#1661=CARTESIAN_POINT('',(-0.0354162156559742,-0.0079269650754851,0.014637042426078));
#1662=CARTESIAN_POINT('',(0.0193524568719469,-0.00915493332131525,0.0156220407129186));
#1663=CARTESIAN_POINT('',(0.0778443013053311,-0.00741526762677693,0.01335543196899));
#1664=CARTESIAN_POINT('',(0.143504989629868,-0.0078019836330973,0.00935207297604263));
#1665=CARTESIAN_POINT('',(0.180110848690248,-0.00801757795574264,0.00712019879373727));
#1666=CARTESIAN_POINT('',(-0.0545360257563105,-0.00803950301130947,0.0140541303498175));
#1667=CARTESIAN_POINT('',(-0.0353436497755382,-0.00848087301538069,0.0144300062467945));
#1668=CARTESIAN_POINT('',(0.0192869593076261,-0.00970348487346077,0.01546275427785));
#1669=CARTESIAN_POINT('',(0.0778820384467135,-0.00794306190125193,0.0131857900755519));
#1670=CARTESIAN_POINT('',(0.143482510820373,-0.00806598492715246,0.00922901969864181));
#1671=CARTESIAN_POINT('',(0.180054799464918,-0.00813451456149241,0.00702311868774231));
#1672=CARTESIAN_POINT('',(-0.0544715544749416,-0.00831418500039069,0.0139357577322125));
#1673=CARTESIAN_POINT('',(-0.0353053124207544,-0.00875234422122735,0.0143205582012816));
#1674=CARTESIAN_POINT('',(0.0192523644596284,-0.00996579423942342,0.0153783758736765));
#1675=CARTESIAN_POINT('',(0.0779019125317326,-0.00819350253835255,0.013097896256886));
#1676=CARTESIAN_POINT('',(0.143470801937611,-0.00819187474783425,0.0091649565805113));
#1677=CARTESIAN_POINT('',(0.180025483065439,-0.0081909672539926,0.00697234119434963));
#1678=CARTESIAN_POINT('',(-0.0543360845296751,-0.00885523042105507,0.0136869760908811));
#1679=CARTESIAN_POINT('',(-0.0352247570574984,-0.00928184745735184,0.0140902509565229));
#1680=CARTESIAN_POINT('',(0.0191796694608758,-0.0104625169961043,0.0152000406416133));
#1681=CARTESIAN_POINT('',(0.0779436989891933,-0.00866180874616819,0.0129193184530406));
#1682=CARTESIAN_POINT('',(0.143446128438515,-0.00842971450893918,0.0090323929248092));
#1683=CARTESIAN_POINT('',(0.179963758114935,-0.00830032188218604,0.00686543044398095));
#1684=CARTESIAN_POINT('',(-0.054265086110189,-0.00912159268231238,0.0135565678897838));
#1685=CARTESIAN_POINT('',(-0.0351825392025132,-0.00953987742217387,0.0139693945747261));
#1686=CARTESIAN_POINT('',(0.0191415694133699,-0.0106969258849502,0.0151060913531692));
#1687=CARTESIAN_POINT('',(0.0779656115511072,-0.00887967735835116,0.0128285600081506));
#1688=CARTESIAN_POINT('',(0.143433163154675,-0.00854166751542467,0.0089638644610896));
#1689=CARTESIAN_POINT('',(0.179931348418638,-0.00835322689765302,0.00680929520333597));
#1690=CARTESIAN_POINT('',(-0.0541540651229085,-0.00951354384110876,0.0133525822635253));
#1691=CARTESIAN_POINT('',(-0.0351165274634199,-0.00991515138577348,0.0137800028144349));
#1692=CARTESIAN_POINT('',(0.0190819756254998,-0.0110249602358752,0.0149579033295829));
#1693=CARTESIAN_POINT('',(0.0780000315149103,-0.00917813128993965,0.0126938514512767));
#1694=CARTESIAN_POINT('',(0.143412472368061,-0.00869776362647802,0.00885846894728483));
#1695=CARTESIAN_POINT('',(0.179879933367415,-0.00842995846886335,0.00672024172234564));
#1696=CARTESIAN_POINT('',(-0.0541163051450621,-0.00964293016453552,0.0132831931076921));
#1697=CARTESIAN_POINT('',(-0.0350940766079492,-0.010038283043192,0.0137155221724304));
#1698=CARTESIAN_POINT('',(0.0190617042026,-0.0111303796782195,0.0149072965970042));
#1699=CARTESIAN_POINT('',(0.0780117633568183,-0.00927288729031106,0.0126491978629635));
#1700=CARTESIAN_POINT('',(0.143405367704972,-0.0087478196919244,0.00882290624846005));
#1701=CARTESIAN_POINT('',(0.179862327345528,-0.00845509430335227,0.00668974719791624));
#1702=CARTESIAN_POINT('',(-0.0540585900871983,-0.00983495658742432,0.0131771139545088));
#1703=CARTESIAN_POINT('',(-0.0350597628437742,-0.0102198460017937,0.0136168416546507));
#1704=CARTESIAN_POINT('',(0.0190307139724933,-0.0112823179767732,0.01482955785012));
#1705=CARTESIAN_POINT('',(0.0780297514648193,-0.0094075577788134,0.0125831532351393));
#1706=CARTESIAN_POINT('',(0.143394357026351,-0.0088197862699708,0.00876904254467404));
#1707=CARTESIAN_POINT('',(0.179835149832182,-0.00849210342714019,0.00664267436397858));
#1708=CARTESIAN_POINT('',(-0.0540391726060288,-0.00989862327162675,0.0131414217907404));
#1709=CARTESIAN_POINT('',(-0.0350482187076778,-0.0102798444639042,0.0135836218136269));
#1710=CARTESIAN_POINT('',(0.019020286740299,-0.0113319318079083,0.0148033407332696));
#1711=CARTESIAN_POINT('',(0.0780358125558346,-0.00945121143530602,0.0125612894105876));
#1712=CARTESIAN_POINT('',(0.143390627825066,-0.00884325802059714,0.00875099956428709));
#1713=CARTESIAN_POINT('',(0.179825962539164,-0.00850432375746373,0.00662676150568682));
#1714=CARTESIAN_POINT('',(-0.0539999890760645,-0.0100252477442162,0.0130693893353373));
#1715=CARTESIAN_POINT('',(-0.0350249238716793,-0.0103987679729321,0.0135165395256481));
#1716=CARTESIAN_POINT('',(0.0189992428087593,-0.0114290551399304,0.0147502910208572));
#1717=CARTESIAN_POINT('',(0.0780480652349297,-0.00953591691851357,0.0125180141971836));
#1718=CARTESIAN_POINT('',(0.143383044162033,-0.00888911550438489,0.008714777687828));
#1719=CARTESIAN_POINT('',(0.179807320107746,-0.00852852346659475,0.00659447186729439));
#1720=CARTESIAN_POINT('',(-0.0539802230276317,-0.010088205710486,0.0130330489403594));
#1721=CARTESIAN_POINT('',(-0.0350131731720046,-0.0104576941607131,0.0134826764147292));
#1722=CARTESIAN_POINT('',(0.0189886261095661,-0.0114765680885542,0.0147234564180992));
#1723=CARTESIAN_POINT('',(0.0780542568232965,-0.00957693513037603,0.0124966223563234));
#1724=CARTESIAN_POINT('',(0.143379189699281,-0.00891148920784658,0.00869660578695492));
#1725=CARTESIAN_POINT('',(0.179797864967621,-0.00854050284943348,0.00657809508420575));
#1726=CARTESIAN_POINT('',(-0.053940352456852,-0.0102133873274032,0.0129597383897582));
#1727=CARTESIAN_POINT('',(-0.0349894713175356,-0.0105744359837173,0.0134143238425356));
#1728=CARTESIAN_POINT('',(0.018967208295518,-0.0115694221046073,0.0146691818164405));
#1729=CARTESIAN_POINT('',(0.0780667708473732,-0.0096565372565705,0.0124542797977961));
#1730=CARTESIAN_POINT('',(0.143371348040246,-0.00895520331267922,0.00866010885936087));
#1731=CARTESIAN_POINT('',(0.179778675007402,-0.00856420936851812,0.00654485709811117));
#1732=CARTESIAN_POINT('',(-0.0539202479348819,-0.0102756106829584,0.0129227682237633));
#1733=CARTESIAN_POINT('',(-0.0349775201629787,-0.0106322497291232,0.0133798343108561));
#1734=CARTESIAN_POINT('',(0.0189564071808196,-0.0116147568805976,0.0146417415769926));
#1735=CARTESIAN_POINT('',(0.0780730932834009,-0.009695122698298,0.0124333287245229));
#1736=CARTESIAN_POINT('',(0.143367360842865,-0.00897654426345277,0.00864178370325335));
#1737=CARTESIAN_POINT('',(0.179768940185421,-0.00857593650893518,0.00652799589183608));
#1738=CARTESIAN_POINT('',(-0.0538797109032005,-0.0103993004840605,0.0128482181706586));
#1739=CARTESIAN_POINT('',(-0.0349534237431027,-0.0107467437033693,0.0133102519087417));
#1740=CARTESIAN_POINT('',(0.018934625789977,-0.0117032353388182,0.0145862850042699));
#1741=CARTESIAN_POINT('',(0.0780858693067525,-0.0097702814653514,0.0123917062419802));
#1742=CARTESIAN_POINT('',(0.143359246112086,-0.00901833508317768,0.00860490911524882));
#1743=CARTESIAN_POINT('',(0.179749178851157,-0.00859912468515743,0.0064937682568674));
#1744=CARTESIAN_POINT('',(-0.0538592783938801,-0.0104607668579848,0.0128106383735444));
#1745=CARTESIAN_POINT('',(-0.0349412784780307,-0.0108034234805386,0.0132751596095682));
#1746=CARTESIAN_POINT('',(0.0189236455139926,-0.0117463778119161,0.0145582704021359));
#1747=CARTESIAN_POINT('',(0.0780923228944299,-0.00980688230035423,0.0123710186842536));
#1748=CARTESIAN_POINT('',(0.143355118577484,-0.00903879480185717,0.00858635390077901));
#1749=CARTESIAN_POINT('',(0.179739152336805,-0.00861058572526247,0.0064764018245855));
#1750=CARTESIAN_POINT('',(-0.0537975051849784,-0.0106440024079734,0.0126970140465014));
#1751=CARTESIAN_POINT('',(-0.0349045613758127,-0.0109717583244508,0.0131690038535133));
#1752=CARTESIAN_POINT('',(0.0188904441221621,-0.0118725826254468,0.0144733791112516));
#1753=CARTESIAN_POINT('',(0.0781118807557694,-0.00991379924458798,0.0123094237732602));
#1754=CARTESIAN_POINT('',(0.14334251392351,-0.00909886886654983,0.00853034889160859));
#1755=CARTESIAN_POINT('',(0.17970861706814,-0.00864454486654786,0.0064235131878369));
#1756=CARTESIAN_POINT('',(-0.0537556886273192,-0.0107646078387141,0.0126200841092966));
#1757=CARTESIAN_POINT('',(-0.0348797081259193,-0.0110817099621044,0.0130970603015803));
#1758=CARTESIAN_POINT('',(0.0188679623487973,-0.0119524263480818,0.014415651880022));
#1759=CARTESIAN_POINT('',(0.0781251821689656,-0.00998118433850497,0.0122690115762354));
#1760=CARTESIAN_POINT('',(0.143333814757762,-0.00913716280800716,0.00849256951773832));
#1761=CARTESIAN_POINT('',(0.179687652571148,-0.00866662047929109,0.00638720161389053));
#1762=CARTESIAN_POINT('',(-0.0536284726705562,-0.0111215556736975,0.012386003056568));
#1763=CARTESIAN_POINT('',(-0.0348041056310352,-0.0114047166583708,0.0128779353101582));
#1764=CARTESIAN_POINT('',(0.0187995433649173,-0.0121795608049586,0.0142392262012573));
#1765=CARTESIAN_POINT('',(0.0781658766028025,-0.0101728986980848,0.0121499715001924));
#1766=CARTESIAN_POINT('',(0.143306735930807,-0.00924706072136148,0.00837782801148288));
#1767=CARTESIAN_POINT('',(0.179622790125168,-0.0087309056923254,0.00627485656194926));
#1768=CARTESIAN_POINT('',(-0.0535413044869859,-0.0113530228403882,0.0122255558184494));
#1769=CARTESIAN_POINT('',(-0.0347523121628624,-0.011610917182007,0.0127274534516462));
#1770=CARTESIAN_POINT('',(0.0187526311178451,-0.0123144495914509,0.0141172749407166));
#1771=CARTESIAN_POINT('',(0.0781940608820602,-0.0102867616955449,0.0120735899791509));
#1772=CARTESIAN_POINT('',(0.143287373696718,-0.0093136892879168,0.00829947752239377));
#1773=CARTESIAN_POINT('',(0.179576920691553,-0.00877120104543721,0.00619540837241434));
#1774=CARTESIAN_POINT('',(-0.053363048067716,-0.0118019822062653,0.011897332238955));
#1775=CARTESIAN_POINT('',(-0.0346464215821776,-0.012005034679474,0.0124190391573742));
#1776=CARTESIAN_POINT('',(0.018656609400265,-0.0125539235041877,0.0138657304782197));
#1777=CARTESIAN_POINT('',(0.0782525276735837,-0.0104935226260389,0.0119270388162348));
#1778=CARTESIAN_POINT('',(0.143245545196961,-0.00943490487840236,0.00813832285616038));
#1779=CARTESIAN_POINT('',(0.179479177528233,-0.00884472507588089,0.0060261122474503));
#1780=CARTESIAN_POINT('',(-0.0532719603076889,-0.0120194739742737,0.0117295570651757));
#1781=CARTESIAN_POINT('',(-0.0345923247810545,-0.0121929511523737,0.0122611094581532));
#1782=CARTESIAN_POINT('',(0.0186075000873148,-0.0126585083747376,0.013736143707812));
#1783=CARTESIAN_POINT('',(0.0782828109663894,-0.0105864609737165,0.0118568093736359));
#1784=CARTESIAN_POINT('',(0.143223076525195,-0.00948950928828065,0.00805549262220711));
#1785=CARTESIAN_POINT('',(0.179427299615876,-0.00887795830065408,0.00593625706745796));
#1786=CARTESIAN_POINT('',(-0.0531330413101021,-0.0123346625631098,0.0114736034770335));
#1787=CARTESIAN_POINT('',(-0.0345098449224711,-0.0124612648877889,0.012019792325547));
#1788=CARTESIAN_POINT('',(0.0185325214298423,-0.0127948686091302,0.0135370563178181));
#1789=CARTESIAN_POINT('',(0.0783297696896807,-0.010715553773725,0.0117546828157381));
#1790=CARTESIAN_POINT('',(0.143186730394331,-0.00956294081805008,0.00792687006007773));
#1791=CARTESIAN_POINT('',(0.179344510996697,-0.00892035865080169,0.00579286297275238));
#1792=CARTESIAN_POINT('',(-0.0530863542869127,-0.0124378856982527,0.0113875714785968));
#1793=CARTESIAN_POINT('',(-0.0344821295044146,-0.0125484443522832,0.0119386172005386));
#1794=CARTESIAN_POINT('',(0.0185073097425345,-0.0128369039902442,0.0134699103444719));
#1795=CARTESIAN_POINT('',(0.0783456778182054,-0.0107568631115669,0.0117211753773522));
#1796=CARTESIAN_POINT('',(0.143174175252241,-0.0095859996364859,0.0078832673559262));
#1797=CARTESIAN_POINT('',(0.179316087570263,-0.00893324279763099,0.00574363215404367));
#1798=CARTESIAN_POINT('',(-0.0529923333199878,-0.0126405799842613,0.0112142918233871));
#1799=CARTESIAN_POINT('',(-0.0344263231495325,-0.0127183345382631,0.0117750059690639));
#1800=CARTESIAN_POINT('',(0.0184565078499488,-0.0129145303924874,0.0133342516758421));
#1801=CARTESIAN_POINT('',(0.0783779913846454,-0.0108368020318236,0.0116547991831468));
#1802=CARTESIAN_POINT('',(0.143148146675349,-0.00962926054109609,0.00779439170974994));
#1803=CARTESIAN_POINT('',(0.179257533225967,-0.00895605569437486,0.00564221305471761));
#1804=CARTESIAN_POINT('',(-0.052944999392015,-0.012740051135831,0.0111270441949053));
#1805=CARTESIAN_POINT('',(-0.0343982322235488,-0.0128010452842034,0.0116925698877297));
#1806=CARTESIAN_POINT('',(0.0184309176481005,-0.0129501215057032,0.0132657389960121));
#1807=CARTESIAN_POINT('',(0.0783943968654312,-0.0108754317812671,0.0116219303699441));
#1808=CARTESIAN_POINT('',(0.1431346731151,-0.00964946273473242,0.00774911850332517));
#1809=CARTESIAN_POINT('',(0.179227402088819,-0.0089659845185428,0.00559002439428825));
#1810=CARTESIAN_POINT('',(-0.0528498023643339,-0.012935183239304,0.0109515519307868));
#1811=CARTESIAN_POINT('',(-0.0343417454122799,-0.0129620578560013,0.0115266532709527));
#1812=CARTESIAN_POINT('',(0.0183794200574222,-0.0130152551079691,0.0131275508650432));
#1813=CARTESIAN_POINT('',(0.0784276864190842,-0.0109507602512091,0.0115564272059042));
#1814=CARTESIAN_POINT('',(0.14310678182629,-0.00968694103319149,0.00765672395026749));
#1815=CARTESIAN_POINT('',(0.179165402456744,-0.00898236133180472,0.00548263788148358));
#1816=CARTESIAN_POINT('',(-0.0528019392804367,-0.0130308441939639,0.0108633073229462));
#1817=CARTESIAN_POINT('',(-0.0343133495380984,-0.0130403597019797,0.0114431727573974));
#1818=CARTESIAN_POINT('',(0.0183535126712497,-0.0130447976686198,0.0130578754195439));
#1819=CARTESIAN_POINT('',(0.0784445705423803,-0.0109874592854644,0.0115237928952921));
#1820=CARTESIAN_POINT('',(0.143092363951931,-0.00970421726511779,0.00760960233423993));
#1821=CARTESIAN_POINT('',(0.179133533706623,-0.00898880934394295,0.00542743958710046));
#1822=CARTESIAN_POINT('',(-0.0527058044724821,-0.0132183129979201,0.0106860453993097));
#1823=CARTESIAN_POINT('',(-0.0342563248539536,-0.0131926319230305,0.0112753916424465));
#1824=CARTESIAN_POINT('',(0.0183014441889693,-0.0130982514390491,0.012917578823715));
#1825=CARTESIAN_POINT('',(0.0784787916094686,-0.0110594565119816,0.0114582859364554));
#1826=CARTESIAN_POINT('',(0.143062575322425,-0.0097356508622848,0.00751334261272351));
#1827=CARTESIAN_POINT('',(0.179068059646582,-0.0089976287021055,0.00531403518853148));
#1828=CARTESIAN_POINT('',(-0.0526575327641627,-0.0133101208538903,0.0105970281115104));
#1829=CARTESIAN_POINT('',(-0.034227696055295,-0.013266602325727,0.011191091065377));
#1830=CARTESIAN_POINT('',(0.0182752830946428,-0.0131221627356187,0.0128469576868715));
#1831=CARTESIAN_POINT('',(0.0784961286116535,-0.0110947548119407,0.0114254132543719));
#1832=CARTESIAN_POINT('',(0.143047204400118,-0.00974980823515727,0.00746420416938526));
#1833=CARTESIAN_POINT('',(0.179034454043758,-0.008999999999975,0.00525582857702145));
#1834=CARTESIAN_POINT('',(-0.0525015515498662,-0.0135996520993173,0.0103093574166496));
#1835=CARTESIAN_POINT('',(-0.0341352029699908,-0.0134980813150614,0.0109185392517899));
#1836=CARTESIAN_POINT('',(0.018190694710033,-0.01319079543179,0.0126182613980499));
#1837=CARTESIAN_POINT('',(0.078552658555733,-0.0112070620652766,0.0113184183196778));
#1838=CARTESIAN_POINT('',(0.142996168854334,-0.0097900081205763,0.00730246221542882));
#1839=CARTESIAN_POINT('',(0.178923450695897,-0.008999999999975,0.00506356513871525));
#1840=CARTESIAN_POINT('',(-0.0523930401739578,-0.0137902202637106,0.0101091751148697));
#1841=CARTESIAN_POINT('',(-0.0340709092224235,-0.0136477049645789,0.0107286459296213));
#1842=CARTESIAN_POINT('',(0.0181316749901894,-0.0132256431250006,0.012458246687124));
#1843=CARTESIAN_POINT('',(0.0785936377403432,-0.0112801074545681,0.0112442883973833));
#1844=CARTESIAN_POINT('',(0.142956221203494,-0.00981615439512831,0.00718133010383021));
#1845=CARTESIAN_POINT('',(0.178838386303088,-0.00899999999997499,0.00491622928845505));
#1846=CARTESIAN_POINT('',(-0.0521743312146729,-0.0141545907874564,0.00970560938390474));
#1847=CARTESIAN_POINT('',(-0.0339414111836873,-0.0139292006407548,0.0103454815332611));
#1848=CARTESIAN_POINT('',(0.018012415282707,-0.0132749629836171,0.0121343177236929));
#1849=CARTESIAN_POINT('',(0.0786791100848385,-0.0114195979440158,0.0110898364624785));
#1850=CARTESIAN_POINT('',(0.142867970501148,-0.00986608439988115,0.00692019887659953));
#1851=CARTESIAN_POINT('',(0.178653284935138,-0.00899999999997499,0.00459562431461601));
#1852=CARTESIAN_POINT('',(-0.0520641331104371,-0.0143283935455017,0.0095022249271253));
#1853=CARTESIAN_POINT('',(-0.0338762065812571,-0.014061071837186,0.0101522091169924));
#1854=CARTESIAN_POINT('',(0.0179521750208381,-0.013289430784214,0.0119704014203086));
#1855=CARTESIAN_POINT('',(0.0787236033553649,-0.0114860315656333,0.0110095286075144));
#1856=CARTESIAN_POINT('',(0.142819667489245,-0.00988986402138971,0.00678020482863439));
#1857=CARTESIAN_POINT('',(0.178553247959997,-0.00899999999997499,0.00442235519103719));
#1858=CARTESIAN_POINT('',(-0.0518421384533147,-0.0146605170876784,0.00909243243403384));
#1859=CARTESIAN_POINT('',(-0.033744925930068,-0.0143090583339888,0.00976251751734183));
#1860=CARTESIAN_POINT('',(0.0178305661257143,-0.013301950247644,0.0116390058529732));
#1861=CARTESIAN_POINT('',(0.0788156515480057,-0.0116126524650665,0.010838935760166));
#1862=CARTESIAN_POINT('',(0.142715865245512,-0.00993518741322482,0.00648228307932167));
#1863=CARTESIAN_POINT('',(0.178340259022465,-0.00899999999997499,0.00405344752977998));
#1864=CARTESIAN_POINT('',(-0.0517303414162488,-0.0148188381757506,0.00888602340384486));
#1865=CARTESIAN_POINT('',(-0.0336788495919674,-0.0144251728045154,0.00956609683953171));
#1866=CARTESIAN_POINT('',(0.0177691972375412,-0.0132999978517946,0.01147152394353));
#1867=CARTESIAN_POINT('',(0.0788632065729698,-0.0116728320803582,0.0107486718123081));
#1868=CARTESIAN_POINT('',(0.142660366050497,-0.00995672844078476,0.00632436291076932));
#1869=CARTESIAN_POINT('',(0.178227307060072,-0.00899999999997499,0.00385780899210158));
#1870=CARTESIAN_POINT('',(-0.0515051372658666,-0.0151211238698036,0.0084701663931003));
#1871=CARTESIAN_POINT('',(-0.0335458051741905,-0.0146433751804321,0.00917010371961847));
#1872=CARTESIAN_POINT('',(0.017645370659722,-0.0132830637599292,0.0111329972635083));
#1873=CARTESIAN_POINT('',(0.0789609470625251,-0.0117865276165355,0.0105559478071747));
#1874=CARTESIAN_POINT('',(0.142543338178129,-0.00999742525591662,0.00599208284060252));
#1875=CARTESIAN_POINT('',(0.177990545743115,-0.00899999999997499,0.00344772636186433));
#1876=CARTESIAN_POINT('',(-0.051391729701875,-0.0152650886853723,0.00826071754052382));
#1877=CARTESIAN_POINT('',(-0.0334788368251943,-0.0147454620797554,0.00897053022577374));
#1878=CARTESIAN_POINT('',(0.0175829127327974,-0.0132680776944333,0.0109619510616174));
#1879=CARTESIAN_POINT('',(0.0790111326228491,-0.0118400443849009,0.0104534979301866));
#1880=CARTESIAN_POINT('',(0.142481809535043,-0.0100165813468403,0.00581772658297689));
#1881=CARTESIAN_POINT('',(0.177866736388549,-0.00899999999997499,0.00323328226930542));
#1882=CARTESIAN_POINT('',(-0.0511632074919353,-0.0155396182341283,0.00783860083732321));
#1883=CARTESIAN_POINT('',(-0.0333439370691119,-0.014937079623616,0.00856803045165413));
#1884=CARTESIAN_POINT('',(0.0174569026962042,-0.0132279557441055,0.0106160259497214));
#1885=CARTESIAN_POINT('',(0.079113721107235,-0.0119399190551322,0.0102352278691665));
#1886=CARTESIAN_POINT('',(0.14235389599585,-0.0100523310440353,0.00545444222735643));
#1887=CARTESIAN_POINT('',(0.177610317882327,-0.00899999999997499,0.00278915238852625));
#1888=CARTESIAN_POINT('',(-0.0510480924237061,-0.0156701831555498,0.00762593225276581));
#1889=CARTESIAN_POINT('',(-0.0332760054096741,-0.0150266094024567,0.00836510371728616));
#1890=CARTESIAN_POINT('',(0.0173933503642064,-0.0132028160645013,0.0104411473098671));
#1891=CARTESIAN_POINT('',(0.079166124120998,-0.0119862764772326,0.0101194021478091));
#1892=CARTESIAN_POINT('',(0.14228751113185,-0.0100689244785767,0.00526551214730044));
#1893=CARTESIAN_POINT('',(0.177477708730668,-0.00899999999997499,0.00255946660030597));
#1894=CARTESIAN_POINT('',(-0.0508159858941366,-0.0159186927083592,0.00719705788512487));
#1895=CARTESIAN_POINT('',(-0.0331390645070427,-0.0151943416191204,0.00795553877769681));
#1896=CARTESIAN_POINT('',(0.0172651080677059,-0.0131448496311464,0.0100870826829885));
#1897=CARTESIAN_POINT('',(0.0792727497955423,-0.012071559393018,0.00987371600441869));
#1898=CARTESIAN_POINT('',(0.142151063877892,-0.0100994511217002,0.0048751305216009));
#1899=CARTESIAN_POINT('',(0.177205748225339,-0.00899999999997499,0.00208841718742301));
#1900=CARTESIAN_POINT('',(-0.0506989940322543,-0.0160366375602664,0.0069808514475499));
#1901=CARTESIAN_POINT('',(-0.0330700550244886,-0.0152725435522296,0.00774890040803935));
#1902=CARTESIAN_POINT('',(0.0172004178923197,-0.0131120202646309,0.0099078977626506));
#1903=CARTESIAN_POINT('',(0.0793269725414069,-0.0121104760345896,0.00974384305466686));
#1904=CARTESIAN_POINT('',(0.142081001518389,-0.0101133811617075,0.00467367449171575));
#1905=CARTESIAN_POINT('',(0.177066396871668,-0.00899999999997499,0.00184705356276036));
#1906=CARTESIAN_POINT('',(-0.0504629046136644,-0.0162605044941205,0.0065444692931367));
#1907=CARTESIAN_POINT('',(-0.0329308081000847,-0.0154186306770411,0.00733142742504994));
#1908=CARTESIAN_POINT('',(0.0170698248745252,-0.013040823990141,0.00954458855025293));
#1909=CARTESIAN_POINT('',(0.0794368527066672,-0.0121808898739493,0.00946952151215796));
#1910=CARTESIAN_POINT('',(0.14193838256187,-0.0101385854845815,0.00426033552998814));
#1911=CARTESIAN_POINT('',(0.17678300955739,-0.00899999999997499,0.00135621233621174));
#1912=CARTESIAN_POINT('',(-0.05034380667023,-0.0163664268335668,0.00632429293543187));
#1913=CARTESIAN_POINT('',(-0.0328605704271303,-0.0154865156592727,0.0071205925958556));
#1914=CARTESIAN_POINT('',(0.017003921828507,-0.0130024554046973,0.00936046512170217));
#1915=CARTESIAN_POINT('',(0.0794925102082117,-0.0122123711836797,0.00932506306824363));
#1916=CARTESIAN_POINT('',(0.141865825994259,-0.0101498540803882,0.00404844907196742));
#1917=CARTESIAN_POINT('',(0.176638973596784,-0.00899999999997499,0.00110673473432576));
#1918=CARTESIAN_POINT('',(-0.0501032275730633,-0.0165666589984856,0.00587944734428536));
#1919=CARTESIAN_POINT('',(-0.0327186879342336,-0.0156127854494224,0.0066941406091973));
#1920=CARTESIAN_POINT('',(0.0168708026506071,-0.0129221221774103,0.00898651826976002));
#1921=CARTESIAN_POINT('',(0.079604885152942,-0.0122681818786019,0.00902092612157644));
#1922=CARTESIAN_POINT('',(0.141719405575906,-0.0101698312721936,0.00361630677971514));
#1923=CARTESIAN_POINT('',(0.176348274663718,-0.00899999999997499,0.000603229412549596));
#1924=CARTESIAN_POINT('',(-0.0499817460374151,-0.0166609690980876,0.00565477744688575));
#1925=CARTESIAN_POINT('',(-0.0326470428860615,-0.0156711701428447,0.00647852304014997));
#1926=CARTESIAN_POINT('',(0.0168035863176483,-0.0128801561507874,0.0087966951058602));
#1927=CARTESIAN_POINT('',(0.0796616026772547,-0.0122924935777006,0.00886124429110726));
#1928=CARTESIAN_POINT('',(0.141645541754203,-0.0101785335375334,0.00339604975434219));
#1929=CARTESIAN_POINT('',(0.176201611691259,-0.00899999999997499,0.000349201692659355));
#1930=CARTESIAN_POINT('',(-0.0497360855198996,-0.0168381947644556,0.00520035084484675));
#1931=CARTESIAN_POINT('',(-0.0325021445111936,-0.0157790854354108,0.00604183823063518));
#1932=CARTESIAN_POINT('',(0.0166677208138767,-0.012794463722735,0.0084104750050795));
#1933=CARTESIAN_POINT('',(0.0797757307358128,-0.0123344388147924,0.00852579568179561));
#1934=CARTESIAN_POINT('',(0.141497696574088,-0.0101935476499337,0.00294914493554402));
#1935=CARTESIAN_POINT('',(0.175907716329563,-0.00899999999997499,-0.000159840005906222));
#1936=CARTESIAN_POINT('',(-0.0496119061509679,-0.016921110607332,0.00497059344539326));
#1937=CARTESIAN_POINT('',(-0.0324288909531913,-0.0158286158764486,0.00582077043314625));
#1938=CARTESIAN_POINT('',(0.0165990714392762,-0.0127507357831807,0.00821407791449697));
#1939=CARTESIAN_POINT('',(0.0798331413522787,-0.0123520562201642,0.00835003019219462));
#1940=CARTESIAN_POINT('',(0.141423715245106,-0.0101998537223938,0.00272249760359711));
#1941=CARTESIAN_POINT('',(0.175760483940327,-0.00899999999997499,-0.000414853984581555));
#1942=CARTESIAN_POINT('',(-0.0493605105052354,-0.0170755680671153,0.00450534827084711));
#1943=CARTESIAN_POINT('',(-0.0322805593524354,-0.0159193204319657,0.0053724535179826));
#1944=CARTESIAN_POINT('',(0.016460206818999,-0.0126633477882311,0.0078137289189928));
#1945=CARTESIAN_POINT('',(0.0799482940219,-0.0123812651184032,0.00798128645964118));
#1946=CARTESIAN_POINT('',(0.141276826714893,-0.0102103089185414,0.00226469667038748));
#1947=CARTESIAN_POINT('',(0.175467507340161,-0.00899999999997499,-0.00092230434149841));
#1948=CARTESIAN_POINT('',(-0.0492332938253931,-0.0171471099434274,0.00426985977349352));
#1949=CARTESIAN_POINT('',(-0.0322054810688274,-0.0159604942061415,0.00514520382825188));
#1950=CARTESIAN_POINT('',(0.0163899913611229,-0.0126196856056005,0.0076097768835318));
#1951=CARTESIAN_POINT('',(0.0800060361606697,-0.0123928452946437,0.00778830983098136));
#1952=CARTESIAN_POINT('',(0.141203919544307,-0.0102144539914924,0.00203354364695371));
#1953=CARTESIAN_POINT('',(0.17532176312923,-0.00899999999997499,-0.00117474071973988));
#1954=CARTESIAN_POINT('',(-0.0490399264653879,-0.0172457547789942,0.00391182517131356));
#1955=CARTESIAN_POINT('',(-0.0320913271115526,-0.0160162664065462,0.00479910864673306));
#1956=CARTESIAN_POINT('',(0.0162833886979077,-0.0125556835522942,0.00729736862866712));
#1957=CARTESIAN_POINT('',(0.0800926289040194,-0.0124062993556173,0.00748486982239416));
#1958=CARTESIAN_POINT('',(0.141096258897736,-0.0102192698132091,0.00168476916224845));
#1959=CARTESIAN_POINT('',(0.175105806142872,-0.00899999999997499,-0.00154878919236238));
#1960=CARTESIAN_POINT('',(-0.048975046888196,-0.0172771901240741,0.00379167974352586));
#1961=CARTESIAN_POINT('',(-0.032053019663689,-0.0160338581726004,0.0046828725465046));
#1962=CARTESIAN_POINT('',(0.016247641195415,-0.0125345991790078,0.00719214986014816));
#1963=CARTESIAN_POINT('',(0.080121489755266,-0.0124101317446923,0.00738140951534624));
#1964=CARTESIAN_POINT('',(0.141060655372202,-0.0102206415999559,0.00156817573825754));
#1965=CARTESIAN_POINT('',(0.175034263702425,-0.00899999999997499,-0.00167270433411329));
#1966=CARTESIAN_POINT('',(-0.0488770586288083,-0.0173221418575697,0.00361019733602208));
#1967=CARTESIAN_POINT('',(-0.0319951532027618,-0.0160587746917097,0.0045071373418033));
#1968=CARTESIAN_POINT('',(0.0161936868193868,-0.0125035398548587,0.00703259123783816));
#1969=CARTESIAN_POINT('',(0.0801647423336773,-0.0124149918556915,0.00722256780261112));
#1970=CARTESIAN_POINT('',(0.141007786942608,-0.0102223812552274,0.00139293251150644));
#1971=CARTESIAN_POINT('',(0.174927807773803,-0.00899999999997499,-0.0018570914112529));
#1972=CARTESIAN_POINT('',(-0.0488442843942008,-0.0173367587834601,0.00354949250776224));
#1973=CARTESIAN_POINT('',(-0.0319757968347351,-0.0160668349503401,0.00444832887501387));
#1974=CARTESIAN_POINT('',(0.0161756465074109,-0.0124932813573493,0.00697911694315229));
#1975=CARTESIAN_POINT('',(0.0801791534099038,-0.0124164642128365,0.0071690082131964));
#1976=CARTESIAN_POINT('',(0.140990253609135,-0.010222908278966,0.00133445789042427));
#1977=CARTESIAN_POINT('',(0.174892465419604,-0.00899999999997499,-0.00191830616438496));
#1978=CARTESIAN_POINT('',(-0.0487785074544619,-0.0173652521031656,0.00342765099921677));
#1979=CARTESIAN_POINT('',(-0.0319369455034272,-0.0160824689432651,0.00433023978518586));
#1980=CARTESIAN_POINT('',(0.0161394526577514,-0.0124729870068649,0.00687157543286334));
#1981=CARTESIAN_POINT('',(0.0802079570561771,-0.0124191304452885,0.0070606166611008));
#1982=CARTESIAN_POINT('',(0.140955384530199,-0.0102238626450989,0.00121740691380206));
#1983=CARTESIAN_POINT('',(0.174822098771812,-0.00899999999997499,-0.00204018477351991));
#1984=CARTESIAN_POINT('',(-0.0487455047488824,-0.0173791285867532,0.00336651450652243));
#1985=CARTESIAN_POINT('',(-0.031917450539878,-0.0160900432516218,0.00427096036412982));
#1986=CARTESIAN_POINT('',(0.0161212991198318,-0.0124629530623316,0.00681751176497777));
#1987=CARTESIAN_POINT('',(0.080222349626319,-0.0124203236413737,0.00700574143931951));
#1988=CARTESIAN_POINT('',(0.140938048784771,-0.0102242897443689,0.00115881507385804));
#1989=CARTESIAN_POINT('',(0.174787074478218,-0.00899999999997499,-0.00210084862952282));
#1990=CARTESIAN_POINT('',(-0.0486461457165213,-0.0174196354796759,0.0031824372612533));
#1991=CARTESIAN_POINT('',(-0.0318587525374033,-0.0161120375785875,0.00409236791676298));
#1992=CARTESIAN_POINT('',(0.0160666654159709,-0.0124332227240787,0.00665432230326493));
#1993=CARTESIAN_POINT('',(0.0802654911569941,-0.0124235149969412,0.00684001100990642));
#1994=CARTESIAN_POINT('',(0.140886365879429,-0.0102254320760023,0.00098322829699674));
#1995=CARTESIAN_POINT('',(0.174682526913231,-0.00899999999997499,-0.00228193032388721));
#1996=CARTESIAN_POINT('',(-0.048579438441358,-0.0174451430134086,0.0030588277108982));
#1997=CARTESIAN_POINT('',(-0.031819336367074,-0.0161257243799769,0.00397229445867389));
#1998=CARTESIAN_POINT('',(0.0160300121426802,-0.0124138815044948,0.00654417995932957));
#1999=CARTESIAN_POINT('',(0.0802942039447353,-0.012425145364141,0.00672829390043005));
#2000=CARTESIAN_POINT('',(0.140852343052949,-0.0102260156587423,0.000866509034511057));
#2001=CARTESIAN_POINT('',(0.174613528957632,-0.00899999999997499,-0.00240143828860447));
#2002=CARTESIAN_POINT('',(-0.0484450449081384,-0.0174930772133853,0.00280975188695212));
#2003=CARTESIAN_POINT('',(-0.0317399082391814,-0.0161510592483431,0.00373008126501468));
#2004=CARTESIAN_POINT('',(0.0159562269852047,-0.0123760705998843,0.00632123846095673));
#2005=CARTESIAN_POINT('',(0.0803514880088943,-0.0124272878225624,0.00650211194820722));
#2006=CARTESIAN_POINT('',(0.140785311299503,-0.0102267825422738,0.000633930830201655));
#2007=CARTESIAN_POINT('',(0.174477191087933,-0.00899999999997499,-0.0026375824059186));
#2008=CARTESIAN_POINT('',(-0.048377358634616,-0.0175155038765915,0.00268428547076077));
#2009=CARTESIAN_POINT('',(-0.0316998962723759,-0.0161627072308623,0.00360794077328492));
#2010=CARTESIAN_POINT('',(0.0159190950928773,-0.0123576006383555,0.00620843707606607));
#2011=CARTESIAN_POINT('',(0.0803800592885974,-0.0124278030473829,0.00638766807669952));
#2012=CARTESIAN_POINT('',(0.140752302373712,-0.0102269669647232,0.000518079394940228));
#2013=CARTESIAN_POINT('',(0.174409851173834,-0.00899999999997499,-0.0027542185585155));
#2014=CARTESIAN_POINT('',(-0.0481727684318503,-0.017578010035576,0.00230499162810321));
#2015=CARTESIAN_POINT('',(-0.0315789265953765,-0.0161944443191768,0.00323834688156646));
#2016=CARTESIAN_POINT('',(0.0158069569460637,-0.0123033598075309,0.00586607663358942));
#2017=CARTESIAN_POINT('',(0.0804654929082923,-0.0124275236894077,0.00604017160839303));
#2018=CARTESIAN_POINT('',(0.140655019826341,-0.0102268669697695,0.000172229123529562));
#2019=CARTESIAN_POINT('',(0.174210704292866,-0.00899999999997499,-0.00309915107452195));
#2020=CARTESIAN_POINT('',(-0.0480343319641073,-0.0176133235581031,0.0020482675334272));
#2021=CARTESIAN_POINT('',(-0.0314970344176036,-0.0162113331606521,0.00298771940457749));
#2022=CARTESIAN_POINT('',(0.015731207612959,-0.0122687610185192,0.00563256039691196));
#2023=CARTESIAN_POINT('',(0.0805220752744917,-0.0124249055639335,0.00580291691763368));
#2024=CARTESIAN_POINT('',(0.140592490522678,-0.0102259298233168,-5.60790082031013E-5));
#2025=CARTESIAN_POINT('',(0.174081770187325,-0.00899999999997499,-0.00332247149614735));
#2026=CARTESIAN_POINT('',(-0.0477530601205901,-0.0176702389817404,0.00152655858135776));
#2027=CARTESIAN_POINT('',(-0.0313305582702606,-0.0162356328282997,0.00247768162162513));
#2028=CARTESIAN_POINT('',(0.0155776087559543,-0.0122019072291806,0.00515525953247653));
#2029=CARTESIAN_POINT('',(0.0806341260329094,-0.0124138377149895,0.00531659004573681));
#2030=CARTESIAN_POINT('',(0.140473273016764,-0.0102219681356594,-0.000506117564232879));
#2031=CARTESIAN_POINT('',(0.173833620534865,-0.00899999999997499,-0.00375227930208807));
#2032=CARTESIAN_POINT('',(-0.0476102241551499,-0.0176918413055653,0.00126157255393434));
#2033=CARTESIAN_POINT('',(-0.0312459739483111,-0.0162430444599206,0.00221826975051519));
#2034=CARTESIAN_POINT('',(0.015499758921598,-0.0121696540850659,0.00491147222901406));
#2035=CARTESIAN_POINT('',(0.0806895945503847,-0.0124053874530017,0.00506751528441834));
#2036=CARTESIAN_POINT('',(0.140416584859346,-0.0102189434016945,-0.000727848912094336));
#2037=CARTESIAN_POINT('',(0.173714404987946,-0.00899999999997499,-0.00395876668640334));
#2038=CARTESIAN_POINT('',(-0.0473198833744954,-0.0177200821491001,0.000722885030571236));
#2039=CARTESIAN_POINT('',(-0.0310739388509225,-0.0162472348266696,0.00169044296857788));
#2040=CARTESIAN_POINT('',(0.0153418626307826,-0.0121066078418584,0.0044140605996648));
#2041=CARTESIAN_POINT('',(0.0807990412706479,-0.0123815316875761,0.00455723035281794));
#2042=CARTESIAN_POINT('',(0.140310236024434,-0.0102104043357998,-0.00116255950638702));
#2043=CARTESIAN_POINT('',(0.173487750047811,-0.00899999999997499,-0.0043513445585047));
#2044=CARTESIAN_POINT('',(-0.0471723778900023,-0.0177267210488197,0.000449182220400269));
#2045=CARTESIAN_POINT('',(-0.0309864876755279,-0.0162440143970174,0.00142202636922284));
#2046=CARTESIAN_POINT('',(0.0152618158219515,-0.0120758168381293,0.00416043349931341));
#2047=CARTESIAN_POINT('',(0.0808530196156043,-0.0123661263896699,0.00429601437570814));
#2048=CARTESIAN_POINT('',(0.140260575397828,-0.0102048900774391,-0.00137554083134663));
#2049=CARTESIAN_POINT('',(0.173380310654594,-0.00899999999997499,-0.0045374350462908));
#2050=CARTESIAN_POINT('',(-0.046872490975898,-0.0177235149911089,-0.000107271023977407));
#2051=CARTESIAN_POINT('',(-0.0308085817660567,-0.0162255456777851,0.000876122942653847));
#2052=CARTESIAN_POINT('',(0.0150994622392222,-0.0120146489365174,0.00364401399087193));
#2053=CARTESIAN_POINT('',(0.0809590963002513,-0.0123270479564876,0.00376151634155717));
#2054=CARTESIAN_POINT('',(0.140169463224522,-0.0101909021248392,-0.00179043837226621));
#2055=CARTESIAN_POINT('',(0.173179265616941,-0.00899999999997499,-0.00488565526611468));
#2056=CARTESIAN_POINT('',(-0.0467201087843604,-0.0177136703680168,-0.000390022932253922));
#2057=CARTESIAN_POINT('',(-0.0307181265766591,-0.0162102984362524,0.000598634334225809));
#2058=CARTESIAN_POINT('',(0.0150171550641734,-0.0119842750129636,0.00338121884371163));
#2059=CARTESIAN_POINT('',(0.0810111948017908,-0.0123033702763748,0.00348822290822618));
#2060=CARTESIAN_POINT('',(0.140128011735756,-0.0101824268037958,-0.00199235866031891));
#2061=CARTESIAN_POINT('',(0.173085659972505,-0.008999999999975,-0.0050477849981525));
#2062=CARTESIAN_POINT('',(-0.0465048202758901,-0.0176872796383346,-0.000789458418342794));
#2063=CARTESIAN_POINT('',(-0.0305902442501731,-0.0161795896420589,0.000206712815952643));
#2064=CARTESIAN_POINT('',(0.0149011625481861,-0.0119414522084682,0.00301025372051286));
#2065=CARTESIAN_POINT('',(0.0810820228642426,-0.0122636932111229,0.00310040787589061));
#2066=CARTESIAN_POINT('',(0.140076915497283,-0.01016822457349,-0.00226358859758235));
#2067=CARTESIAN_POINT('',(0.172966590889252,-0.008999999999975,-0.00525401869995679));
#2068=CARTESIAN_POINT('',(-0.0464436679846075,-0.0176784345223676,-0.000902913520579818));
#2069=CARTESIAN_POINT('',(-0.0305539115541492,-0.0161698617316798,9.53986858366094E-5));
#2070=CARTESIAN_POINT('',(0.0148682423606466,-0.01192924863635,0.00290490939174098));
#2071=CARTESIAN_POINT('',(0.0811018826467117,-0.0122522205202581,0.00299013786882039));
#2072=CARTESIAN_POINT('',(0.140063097415574,-0.0101626864760057,-0.00233930554599126));
#2073=CARTESIAN_POINT('',(0.172933997385278,-0.00899777044058873,-0.005310472304838));
#2074=CARTESIAN_POINT('',(-0.0463200081497306,-0.017657675302376,-0.00113232719695513));
#2075=CARTESIAN_POINT('',(-0.0304804255115425,-0.0161480314285464,-0.00012965337414954));
#2076=CARTESIAN_POINT('',(0.0148017252971044,-0.0119044154523324,0.00269201775293622));
#2077=CARTESIAN_POINT('',(0.0811415403755614,-0.0122283485193059,0.00276708848291489));
#2078=CARTESIAN_POINT('',(0.140036504439185,-0.0101488132984632,-0.00248979247128176));
#2079=CARTESIAN_POINT('',(0.172870469615171,-0.00898947161095279,-0.00542050563035479));
#2080=CARTESIAN_POINT('',(-0.0462575006165439,-0.0176457611524213,-0.0012482857520065));
#2081=CARTESIAN_POINT('',(-0.03044327217292,-0.0161359289976053,-0.000243391283385913));
#2082=CARTESIAN_POINT('',(0.0147681284206206,-0.0118917858238388,0.00258447046922444));
#2083=CARTESIAN_POINT('',(0.0811613383763052,-0.0122159491749457,0.00265430925344458));
#2084=CARTESIAN_POINT('',(0.140023729391627,-0.0101404782214232,-0.00256456269319456));
#2085=CARTESIAN_POINT('',(0.172839535080624,-0.0089834023645111,-0.00547408581589762));
#2086=CARTESIAN_POINT('',(-0.0460681540785924,-0.0176051545479188,-0.00159952326150477));
#2087=CARTESIAN_POINT('',(-0.0303307061160303,-0.0160958432400039,-0.000587822243257941));
#2088=CARTESIAN_POINT('',(0.0146664325114302,-0.0118531620171716,0.00225901490160367));
#2089=CARTESIAN_POINT('',(0.0812205976429685,-0.0121770153442583,0.00231285138308601));
#2090=CARTESIAN_POINT('',(0.139986946686187,-0.0101116853913424,-0.00278723510127914));
#2091=CARTESIAN_POINT('',(0.172749208938701,-0.00896026314617891,-0.00563053528295952));
#2092=CARTESIAN_POINT('',(-0.0459394896454244,-0.0175715891617047,-0.00183816697507053));
#2093=CARTESIAN_POINT('',(-0.0302541864027092,-0.0160640768997474,-0.00082173632535397));
#2094=CARTESIAN_POINT('',(0.0145974276322741,-0.0118264400003569,0.0020382864996445));
#2095=CARTESIAN_POINT('',(0.0812599224228327,-0.0121487278221826,0.00208103567413758));
#2096=CARTESIAN_POINT('',(0.139964487135472,-0.0100874548056856,-0.00293349416822485));
#2097=CARTESIAN_POINT('',(0.172692304599864,-0.00893829430414009,-0.00572909648899718));
#2098=CARTESIAN_POINT('',(-0.0456784481690119,-0.0174902776360022,-0.00232224927705852));
#2099=CARTESIAN_POINT('',(-0.0300988877284967,-0.0159894029122849,-0.00129581770486913));
#2100=CARTESIAN_POINT('',(0.014457602268504,-0.0117703672785102,0.0015921025537159));
#2101=CARTESIAN_POINT('',(0.0813380406698736,-0.0120859903524722,0.0016128801730134));
#2102=CARTESIAN_POINT('',(0.139923398696495,-0.0100307082400617,-0.00322066737252897));
#2103=CARTESIAN_POINT('',(0.172584758387464,-0.00888488766985451,-0.00591537199303544));
#2104=CARTESIAN_POINT('',(-0.0455460716464935,-0.0174425303328559,-0.00256768687919671));
#2105=CARTESIAN_POINT('',(-0.0300201091140332,-0.0159464940505808,-0.00153598385963751));
#2106=CARTESIAN_POINT('',(0.0143867819373869,-0.0117410152427166,0.00136664863638596));
#2107=CARTESIAN_POINT('',(0.0813768351717058,-0.0120515415399664,0.00137654606801442));
#2108=CARTESIAN_POINT('',(0.139904766689849,-0.00999819044432747,-0.00336158551685165));
#2109=CARTESIAN_POINT('',(0.172534111080197,-0.00885344641671505,-0.00600309570248768));
#2110=CARTESIAN_POINT('',(-0.0452788024994738,-0.0173319562466146,-0.00306309705585614));
#2111=CARTESIAN_POINT('',(-0.0298610117224429,-0.0158486436110696,-0.0020201198613967));
#2112=CARTESIAN_POINT('',(0.0142439417219596,-0.011678808429812,0.000914008990052263));
#2113=CARTESIAN_POINT('',(0.0814537706670542,-0.011975309823546,0.000903486013580996));
#2114=CARTESIAN_POINT('',(0.139870887598699,-0.00992612722602223,-0.00363729404530738));
#2115=CARTESIAN_POINT('',(0.172438452814344,-0.00878370713771643,-0.00616878067911003));
#2116=CARTESIAN_POINT('',(-0.0451439104957912,-0.0172691286636787,-0.00331306838412236));
#2117=CARTESIAN_POINT('',(-0.0297806933410209,-0.0157937016093424,-0.00226408792620906));
#2118=CARTESIAN_POINT('',(0.0141719220799191,-0.0116459540727959,0.000686826463125033));
#2119=CARTESIAN_POINT('',(0.0814919123315644,-0.0119335076643157,0.000666755174681437));
#2120=CARTESIAN_POINT('',(0.139855638308664,-0.00988657212768002,-0.00377209041569766));
#2121=CARTESIAN_POINT('',(0.172393438046562,-0.00874540477668582,-0.00624674854399939));
#2122=CARTESIAN_POINT('',(-0.0448728311865938,-0.0171278214013533,-0.00381523706335462));
#2123=CARTESIAN_POINT('',(-0.0296192507338737,-0.0156710879684621,-0.00275330704532827));
#2124=CARTESIAN_POINT('',(0.0140273096309228,-0.0115757003180957,0.000233859606386284));
#2125=CARTESIAN_POINT('',(0.0815674380851798,-0.0118419261206845,0.000197282153302061));
#2126=CARTESIAN_POINT('',(0.139828014457166,-0.00980131626666699,-0.004034806577029));
#2127=CARTESIAN_POINT('',(0.172308308250437,-0.00866367548617167,-0.00639419767612635));
#2128=CARTESIAN_POINT('',(-0.0447366445758982,-0.0170493410739384,-0.00406743307980942));
#2129=CARTESIAN_POINT('',(-0.0295381269403675,-0.0156034151933062,-0.00299855650865539));
#2130=CARTESIAN_POINT('',(0.013954717131585,-0.011538298497905,8.07764068694724E-6));
#2131=CARTESIAN_POINT('',(0.0816048225791061,-0.0117921522677563,-3.54529113883966E-5));
#2132=CARTESIAN_POINT('',(0.139815638357832,-0.0097556146921963,-0.00416272673483907));
#2133=CARTESIAN_POINT('',(0.172268190601172,-0.00862024420851134,-0.00646368348293287));
#2134=CARTESIAN_POINT('',(-0.0444642013036949,-0.0168765052830957,-0.00457173126590491));
#2135=CARTESIAN_POINT('',(-0.0293758105892589,-0.0154548716117105,-0.00348779231940232));
#2136=CARTESIAN_POINT('',(0.0138095873502928,-0.011457801259605,-0.000438891944542158));
#2137=CARTESIAN_POINT('',(0.0816787322947702,-0.0116844092447994,-0.000492488432578428));
#2138=CARTESIAN_POINT('',(0.139793241442083,-0.00965862049041229,-0.004410935718501));
#2139=CARTESIAN_POINT('',(0.172192102701274,-0.00852924247867611,-0.00659547159139719));
#2140=CARTESIAN_POINT('',(-0.044327945381111,-0.0167821496870275,-0.00482383198936993));
#2141=CARTESIAN_POINT('',(-0.0292946184850993,-0.0153740011863976,-0.00373177681325147));
#2142=CARTESIAN_POINT('',(0.0137370504167489,-0.0114147072789839,-0.000660076557195101));
#2143=CARTESIAN_POINT('',(0.0817152577451802,-0.0116264056727332,-0.000716785221851544));
#2144=CARTESIAN_POINT('',(0.139783219532795,-0.00960731302795986,-0.00453122526637027));
#2145=CARTESIAN_POINT('',(0.172156130621005,-0.00848166809991543,-0.00665777706207753));
#2146=CARTESIAN_POINT('',(-0.0440565715605324,-0.0165777020495527,-0.00532565069146591));
#2147=CARTESIAN_POINT('',(-0.0291328920076317,-0.0151988362839343,-0.00421596277846994));
#2148=CARTESIAN_POINT('',(0.0135926522062372,-0.0113215932009268,-0.00109466906830782));
#2149=CARTESIAN_POINT('',(0.0817873408869748,-0.0115027722750027,-0.00115260500199936));
#2150=CARTESIAN_POINT('',(0.139765040918953,-0.00949954451286312,-0.00476340141682891));
#2151=CARTESIAN_POINT('',(0.17208763104359,-0.00838274426300467,-0.00677642181045733));
#2152=CARTESIAN_POINT('',(-0.0439214544132134,-0.0164676099579759,-0.00557536720116118));
#2153=CARTESIAN_POINT('',(-0.0290523580918151,-0.0151045409092359,-0.00445616237363934));
#2154=CARTESIAN_POINT('',(0.0135207912940497,-0.0112715699500082,-0.00130807392362284));
#2155=CARTESIAN_POINT('',(0.0818228987078877,-0.0114371510897862,-0.00136412299904672));
#2156=CARTESIAN_POINT('',(0.139756883380447,-0.00944308439862941,-0.00487528775665331));
#2157=CARTESIAN_POINT('',(0.17205510217535,-0.0083313914493765,-0.00683276346296092));
#2158=CARTESIAN_POINT('',(-0.0436535265703766,-0.0162321963337675,-0.00607020343153892));
#2159=CARTESIAN_POINT('',(-0.0288926501679198,-0.0149025747026533,-0.00493034047193624));
#2160=CARTESIAN_POINT('',(0.0133783468292227,-0.0111633805963402,-0.00172402768186829));
#2161=CARTESIAN_POINT('',(0.0818929262296819,-0.0112993070722195,-0.00177030084698037));
#2162=CARTESIAN_POINT('',(0.139742001006443,-0.00932528256949478,-0.00508987001032999));
#2163=CARTESIAN_POINT('',(0.171992882501698,-0.0082247631480212,-0.00694053109895807));
#2164=CARTESIAN_POINT('',(-0.0435207166039842,-0.0161068752048452,-0.00631532175600207));
#2165=CARTESIAN_POINT('',(-0.0288134766032016,-0.014794904108756,-0.00516431734943995));
#2166=CARTESIAN_POINT('',(0.0133077636343062,-0.0111052140658228,-0.00192657420955934));
#2167=CARTESIAN_POINT('',(0.0819273960239623,-0.011227065431345,-0.00196494872110693));
#2168=CARTESIAN_POINT('',(0.139735275448063,-0.00926393230869383,-0.00519256294713003));
#2169=CARTESIAN_POINT('',(0.171963190518324,-0.00816948483581106,-0.00699195912273978));
#2170=CARTESIAN_POINT('',(-0.043258509574212,-0.015841872013,-0.00679886505350102));
#2171=CARTESIAN_POINT('',(-0.0286571536557515,-0.0145665111631323,-0.00562374275216392));
#2172=CARTESIAN_POINT('',(0.0131684466425855,-0.0109795626333905,-0.00231790526555954));
#2173=CARTESIAN_POINT('',(0.0819951121478806,-0.0110778917762446,-0.00233392537612528));
#2174=CARTESIAN_POINT('',(0.139722904915896,-0.0091366703469249,-0.00538804554007666));
#2175=CARTESIAN_POINT('',(0.171906171644507,-0.00805443865152381,-0.00709071870918031));
#2176=CARTESIAN_POINT('',(-0.0431291131857226,-0.0157021905319125,-0.0070372886989125));
#2177=CARTESIAN_POINT('',(-0.0285800046840386,-0.0144457885355716,-0.00584918954600983));
#2178=CARTESIAN_POINT('',(0.0130997131747138,-0.0109120750996014,-0.00250668689217434));
#2179=CARTESIAN_POINT('',(0.0820283585846767,-0.0110009623692891,-0.00250824808291551));
#2180=CARTESIAN_POINT('',(0.139717259217332,-0.0090707579947428,-0.00548083434381278));
#2181=CARTESIAN_POINT('',(0.171878843565482,-0.00799466831162619,-0.00713805233052343));
#2182=CARTESIAN_POINT('',(-0.0428747565998546,-0.0154096846027807,-0.00750550444090088));
#2183=CARTESIAN_POINT('',(-0.0284283444075351,-0.0141919089156795,-0.00628942756856911));
#2184=CARTESIAN_POINT('',(0.0129646276280582,-0.0107667479260329,-0.00286783061353348));
#2185=CARTESIAN_POINT('',(0.0820934748410754,-0.0108449250592841,-0.00283404988892136));
#2186=CARTESIAN_POINT('',(0.139706797971997,-0.00893468824515349,-0.005655943842698));
#2187=CARTESIAN_POINT('',(0.171826247833787,-0.00786973048466835,-0.00722915081008037));
#2188=CARTESIAN_POINT('',(-0.042749796992577,-0.0152568609449793,-0.00773529529297827));
#2189=CARTESIAN_POINT('',(-0.0283538334641234,-0.0140587515079701,-0.00650421674501485));
#2190=CARTESIAN_POINT('',(0.0128982758300425,-0.0106889046611055,-0.00304018852124158));
#2191=CARTESIAN_POINT('',(0.0821253448192874,-0.0107658303017102,-0.00298553749139822));
#2192=CARTESIAN_POINT('',(0.139701981616999,-0.00886453401507445,-0.00573826907977699));
#2193=CARTESIAN_POINT('',(0.171800978833878,-0.00780456060211523,-0.00727291800178031));
#2194=CARTESIAN_POINT('',(-0.0425052350021217,-0.0149396165858747,-0.00818450189681814));
#2195=CARTESIAN_POINT('',(-0.0282080002873281,-0.0137809186603504,-0.0069212332390691));
#2196=CARTESIAN_POINT('',(0.0127684363475487,-0.0105220527965245,-0.00336613372111858));
#2197=CARTESIAN_POINT('',(0.0821875333480053,-0.0106084895222057,-0.0032645209800071));
#2198=CARTESIAN_POINT('',(0.139693053015524,-0.00872030867973624,-0.00589215041922142));
#2199=CARTESIAN_POINT('',(0.171752402404898,-0.0076676471319572,-0.00735705484482486));
#2200=CARTESIAN_POINT('',(-0.0423856330971886,-0.0147751969084872,-0.00840391646249873));
#2201=CARTESIAN_POINT('',(-0.0281366783501087,-0.0136362430675638,-0.00712345775325586));
#2202=CARTESIAN_POINT('',(0.0127049488793665,-0.0104330408971417,-0.0035197141462886));
#2203=CARTESIAN_POINT('',(0.082217852133848,-0.0105302552956636,-0.00339205482102649));
#2204=CARTESIAN_POINT('',(0.139688939826937,-0.00864624005323149,-0.00596372188505924));
#2205=CARTESIAN_POINT('',(0.171729093377288,-0.00759590082907954,-0.00739742726491928));
#2206=CARTESIAN_POINT('',(-0.0421525891618622,-0.0144366076853102,-0.00883085213833745));
#2207=CARTESIAN_POINT('',(-0.0279977018647171,-0.0133366018853921,-0.00751369360123545));
#2208=CARTESIAN_POINT('',(0.0125812639978546,-0.0102433761510786,-0.00380610804316788));
#2209=CARTESIAN_POINT('',(0.082276735986543,-0.0103776789042274,-0.00362381178330019));
#2210=CARTESIAN_POINT('',(0.139681441993546,-0.00849439532406063,-0.0060961717020867));
#2211=CARTESIAN_POINT('',(0.171684587728307,-0.00744446400190378,-0.00747451331017808));
#2212=CARTESIAN_POINT('',(-0.0420391474753806,-0.0142624393561822,-0.00903837237918894));
#2213=CARTESIAN_POINT('',(-0.0279300475342393,-0.013181636432146,-0.00770170280572894));
#2214=CARTESIAN_POINT('',(0.0125210667239099,-0.0101427205331636,-0.00393891619696367));
#2215=CARTESIAN_POINT('',(0.0823053013759724,-0.0103033461742378,-0.00372806239799428));
#2216=CARTESIAN_POINT('',(0.139678056259031,-0.00841662032238103,-0.00615706198185943));
#2217=CARTESIAN_POINT('',(0.171663389229872,-0.00736476993242964,-0.00751123018651196));
#2218=CARTESIAN_POINT('',(-0.0419016151964934,-0.0140399580230054,-0.00928954686383478));
#2219=CARTESIAN_POINT('',(-0.027848020837706,-0.0129824678834825,-0.00792698202150981));
#2220=CARTESIAN_POINT('',(0.0124481037772466,-0.0100096176105687,-0.00409096690038039));
#2221=CARTESIAN_POINT('',(0.0823397632156899,-0.0102143686431026,-0.00384543080214418));
#2222=CARTESIAN_POINT('',(0.139674407792845,-0.00831703243888812,-0.00622675846193352));
#2223=CARTESIAN_POINT('',(0.171638494253448,-0.00725926677340582,-0.00755434955053099));
#2224=CARTESIAN_POINT('',(-0.0418743219003584,-0.0139952238401651,-0.00933937108993114));
#2225=CARTESIAN_POINT('',(-0.027831742355629,-0.0129423620287044,-0.00797155189460287));
#2226=CARTESIAN_POINT('',(0.0124336252136685,-0.00998263458330449,-0.00412067985901295));
#2227=CARTESIAN_POINT('',(0.0823465932368329,-0.0101967633865847,-0.00386826532858195));
#2228=CARTESIAN_POINT('',(0.139673707773479,-0.00829699396115336,-0.00624037892503714));
#2229=CARTESIAN_POINT('',(0.171633596233595,-0.00723787177390439,-0.00756283316977277));
#2230=CARTESIAN_POINT('',(-0.0418201707728859,-0.0139053151051371,-0.00943818094124932));
#2231=CARTESIAN_POINT('',(-0.0277994445029229,-0.0128616339695247,-0.00805970125830981));
#2232=CARTESIAN_POINT('',(0.0124049011868996,-0.00992795046911652,-0.00417869062287023));
#2233=CARTESIAN_POINT('',(0.0823601244236505,-0.0101619447068694,-0.0039127257144145));
#2234=CARTESIAN_POINT('',(0.139672372352841,-0.00825666450735702,-0.00626699540458747));
#2235=CARTESIAN_POINT('',(0.171623972673568,-0.00719447006143284,-0.00757950166468997));
#2236=CARTESIAN_POINT('',(-0.0417933129416978,-0.0138601406061982,-0.00948716651591333));
#2237=CARTESIAN_POINT('',(-0.0277834251323966,-0.0128210120971944,-0.00810328042733824));
#2238=CARTESIAN_POINT('',(0.0123906557237411,-0.00990025038199653,-0.00420698745704047));
#2239=CARTESIAN_POINT('',(0.0823668255897325,-0.0101447215337645,-0.00393436101478738));
#2240=CARTESIAN_POINT('',(0.139671736950377,-0.00823637003793472,-0.00627999480270651));
#2241=CARTESIAN_POINT('',(0.171619247131311,-0.00717246334312927,-0.0075876865439724));
#2242=CARTESIAN_POINT('',(-0.041713405542578,-0.0137240103789835,-0.00963284171133255));
#2243=CARTESIAN_POINT('',(-0.0277357632785219,-0.0126984114484752,-0.00823251094261002));
#2244=CARTESIAN_POINT('',(0.0123482761749097,-0.00981607368022186,-0.0042897400673384));
#2245=CARTESIAN_POINT('',(0.0823867292711993,-0.0100937762057016,-0.0039974425184768));
#2246=CARTESIAN_POINT('',(0.139669936888599,-0.00817513481475841,-0.00631803223007016));
#2247=CARTESIAN_POINT('',(0.171605347224305,-0.00710549149945935,-0.00761176188912718));
#2248=CARTESIAN_POINT('',(-0.0416610223465766,-0.0136324456534672,-0.0097282496122399));
#2249=CARTESIAN_POINT('',(-0.0277045172239349,-0.0126156850060646,-0.00831665682246184));
#2250=CARTESIAN_POINT('',(0.0123204990580568,-0.00975848207668292,-0.00434206174888625));
#2251=CARTESIAN_POINT('',(0.0823997320809403,-0.010061039365252,-0.00403683252186254));
#2252=CARTESIAN_POINT('',(0.139668877896583,-0.00813393551218119,-0.00634202741700693));
#2253=CARTESIAN_POINT('',(0.171596448772387,-0.00705957437098279,-0.00762717445995724));
#2254=CARTESIAN_POINT('',(-0.0415580949159487,-0.0134480157081311,-0.00991552092465862));
#2255=CARTESIAN_POINT('',(-0.027643118543003,-0.0124486333696698,-0.00848074829929159));
#2256=CARTESIAN_POINT('',(0.0122659319273759,-0.00964087717244812,-0.00444070777825317));
#2257=CARTESIAN_POINT('',(0.0824251676952131,-0.00999463194237152,-0.00411402931867561));
#2258=CARTESIAN_POINT('',(0.139667102286835,-0.00804945965582963,-0.00638850468641883));
#2259=CARTESIAN_POINT('',(0.171579502894754,-0.00696502535600369,-0.00765652558099722));
#2260=CARTESIAN_POINT('',(-0.0415075506822554,-0.0133551519438121,-0.0100073854655314));
#2261=CARTESIAN_POINT('',(-0.0276129659176465,-0.0123643172336816,-0.00856070116443017));
#2262=CARTESIAN_POINT('',(0.012239141912565,-0.00958089290505041,-0.00448705713935362));
#2263=CARTESIAN_POINT('',(0.0824376005135409,-0.00996086021727857,-0.00415190484996743));
#2264=CARTESIAN_POINT('',(0.139666385631412,-0.00800614675365377,-0.00641101144714369));
#2265=CARTESIAN_POINT('',(0.171571455402644,-0.00691639324392495,-0.00767046424620464));
#2266=CARTESIAN_POINT('',(-0.0414083544450978,-0.0131684493605785,-0.0101874945509866));
#2267=CARTESIAN_POINT('',(-0.0275537850122582,-0.012194438124065,-0.00871646067921923));
#2268=CARTESIAN_POINT('',(0.0121865801675067,-0.00945892197382004,-0.00457417586695296));
#2269=CARTESIAN_POINT('',(0.0824618550669304,-0.00989214879558425,-0.00422637359994245));
#2270=CARTESIAN_POINT('',(0.13966537065456,-0.00791725460047901,-0.0064544625353601));
#2271=CARTESIAN_POINT('',(0.171556352652938,-0.00681625032516794,-0.00769662297602989));
#2272=CARTESIAN_POINT('',(-0.0413597024399434,-0.0130746106647247,-0.0102757390602725));
#2273=CARTESIAN_POINT('',(-0.0275247567316229,-0.0121088756686954,-0.00879226708582314));
#2274=CARTESIAN_POINT('',(0.0121608084349781,-0.00939693677544714,-0.00461494450303693));
#2275=CARTESIAN_POINT('',(0.0824736768155567,-0.009857195398775,-0.00426297503362028));
#2276=CARTESIAN_POINT('',(0.139665072297758,-0.007871670271963,-0.00647540987304838));
#2277=CARTESIAN_POINT('',(0.171549297332687,-0.00676473924812601,-0.0077088431491676));
#2278=CARTESIAN_POINT('',(-0.0412166513508207,-0.0127921308091202,-0.0105349486216488));
#2279=CARTESIAN_POINT('',(-0.0274393965440538,-0.0118508412330142,-0.00901353805256245));
#2280=CARTESIAN_POINT('',(0.0120850613740912,-0.0092085592143639,-0.00472941499946141));
#2281=CARTESIAN_POINT('',(0.0825081576166547,-0.00975023187874353,-0.00437131592564907));
#2282=CARTESIAN_POINT('',(0.139664943963261,-0.00773125350666456,-0.00653578970376177));
#2283=CARTESIAN_POINT('',(0.17152987439175,-0.00660567228569131,-0.00774248466970337));
#2284=CARTESIAN_POINT('',(-0.0411251614909008,-0.0126025231176261,-0.010700382319559));
#2285=CARTESIAN_POINT('',(-0.0273847919640045,-0.0116770199758391,-0.00915285008671395));
#2286=CARTESIAN_POINT('',(0.0120366560881843,-0.00907974421921096,-0.00479528563208633));
#2287=CARTESIAN_POINT('',(0.0825298346996016,-0.00967611549775813,-0.00444156797728952));
#2288=CARTESIAN_POINT('',(0.139665871286362,-0.00763274293961112,-0.00657276930126068));
#2289=CARTESIAN_POINT('',(0.171519233715735,-0.00649356195049828,-0.00776091486118817));
#2290=CARTESIAN_POINT('',(-0.0409939307177961,-0.0123182305571479,-0.0109372424102432));
#2291=CARTESIAN_POINT('',(-0.0273064421804906,-0.0114156981023911,-0.00934993707976764));
#2292=CARTESIAN_POINT('',(0.0119673149130399,-0.0088839168147522,-0.00488067057612231));
#2293=CARTESIAN_POINT('',(0.0825600720200671,-0.00956045942221365,-0.00454472857528501));
#2294=CARTESIAN_POINT('',(0.139669501892387,-0.00747716558438018,-0.00662215331977081));
#2295=CARTESIAN_POINT('',(0.1715080310682,-0.00631572846644808,-0.0077803184158984));
#2296=CARTESIAN_POINT('',(-0.0409511867113407,-0.0122234868971409,-0.0110143159884984));
#2297=CARTESIAN_POINT('',(-0.0272809177597234,-0.0113284926821445,-0.0094136542365303));
#2298=CARTESIAN_POINT('',(0.0119447451637591,-0.00881820582512086,-0.00490689613050737));
#2299=CARTESIAN_POINT('',(0.0825697708047602,-0.00952117369680587,-0.00457873589024946));
#2300=CARTESIAN_POINT('',(0.139671087692502,-0.00742401223544088,-0.006637592453564));
#2301=CARTESIAN_POINT('',(0.171505093876284,-0.00625484391204246,-0.00778540578152853));
#2302=CARTESIAN_POINT('',(-0.0408677164890783,-0.0120343888403787,-0.0111646875248764));
#2303=CARTESIAN_POINT('',(-0.0272310626760857,-0.0111542373282336,-0.00953721926357248));
#2304=CARTESIAN_POINT('',(0.011900709301091,-0.00868627247835464,-0.00495525103650924));
#2305=CARTESIAN_POINT('',(0.0825883479623241,-0.00944124681661265,-0.00464602590230032));
#2306=CARTESIAN_POINT('',(0.139675159110648,-0.00731514267370234,-0.00666614417816104));
#2307=CARTESIAN_POINT('',(0.171501078339111,-0.00612983879418179,-0.00779236089593217));
#2308=CARTESIAN_POINT('',(-0.0408269902610646,-0.0119400344889215,-0.011237985508435));
#2309=CARTESIAN_POINT('',(-0.0272067320058806,-0.0110671874370288,-0.0095970671741124));
#2310=CARTESIAN_POINT('',(0.0118792431814135,-0.00862005015647238,-0.00497738046922542));
#2311=CARTESIAN_POINT('',(0.0825972263364924,-0.00940060576884155,-0.0046793086005357));
#2312=CARTESIAN_POINT('',(0.139677644733089,-0.00725942617036534,-0.00667925676254103));
#2313=CARTESIAN_POINT('',(0.1715,-0.00606571771855355,-0.00779422863405997));
#2314=CARTESIAN_POINT('',(-0.0406820189663734,-0.011596939564619,-0.0114986685589117));
#2315=CARTESIAN_POINT('',(-0.0271200983311515,-0.0107503341256256,-0.00980865674195225));
#2316=CARTESIAN_POINT('',(0.0118029164547458,-0.00837801608321472,-0.00505135630140538));
#2317=CARTESIAN_POINT('',(0.082628021231187,-0.00925003394963028,-0.00479958788946475));
#2318=CARTESIAN_POINT('',(0.139688667629665,-0.00705149657881369,-0.00672231020289868));
#2319=CARTESIAN_POINT('',(0.1715,-0.00582581114680439,-0.00779422863405997));
#2320=CARTESIAN_POINT('',(-0.0405826034542965,-0.0113474144551131,-0.0116770081087741));
#2321=CARTESIAN_POINT('',(-0.0270606884241445,-0.0105192752185438,-0.00995101926493442));
#2322=CARTESIAN_POINT('',(0.0117505746402301,-0.00819960050508454,-0.00509295597730121));
#2323=CARTESIAN_POINT('',(0.0826491391375418,-0.00913534368765257,-0.00488287739092829));
#2324=CARTESIAN_POINT('',(0.139696226690995,-0.00688933655088882,-0.006752123312168));
#2325=CARTESIAN_POINT('',(0.1715,-0.00563718670605913,-0.00779422863405996));
#2326=CARTESIAN_POINT('',(-0.0403942621899726,-0.010848463023923,-0.0120142085198593));
#2327=CARTESIAN_POINT('',(-0.0269481372058757,-0.0100563757823706,-0.0102164783184782));
#2328=CARTESIAN_POINT('',(0.0116514138219941,-0.00783943032661412,-0.00515759603749037));
#2329=CARTESIAN_POINT('',(0.0826891467087914,-0.00889520694574754,-0.00504087551734026));
#2330=CARTESIAN_POINT('',(0.139710547224463,-0.00654496433357209,-0.00680867804384846));
#2331=CARTESIAN_POINT('',(0.1715,-0.00523470317100609,-0.00779422863405996));
#2332=CARTESIAN_POINT('',(-0.0403053359349672,-0.0105990336217641,-0.0121730698565138));
#2333=CARTESIAN_POINT('',(-0.0268949955941696,-0.00982453006704961,-0.0103395728314664));
#2334=CARTESIAN_POINT('',(0.0116045945535739,-0.00765766531666813,-0.00518062747498005));
#2335=CARTESIAN_POINT('',(0.0827080364804824,-0.00876981461803057,-0.00511558297314484));
#2336=CARTESIAN_POINT('',(0.139717308734829,-0.00636277152772482,-0.0068354192477697));
#2337=CARTESIAN_POINT('',(0.1715,-0.00502084407669832,-0.00779422863405996));
#2338=CARTESIAN_POINT('',(-0.0401368774952697,-0.0101006821181707,-0.0124734656320892));
#2339=CARTESIAN_POINT('',(-0.0267943261912977,-0.00936067291356392,-0.0105692602034529));
#2340=CARTESIAN_POINT('',(0.0115159019519864,-0.00729199365943455,-0.00521256708535449));
#2341=CARTESIAN_POINT('',(0.0827438205294692,-0.00850929046586514,-0.00525609833153325));
#2342=CARTESIAN_POINT('',(0.139730117477153,-0.00598103253017616,-0.00688571609983439));
#2343=CARTESIAN_POINT('',(0.1715,-0.00457152775610679,-0.00779422863405996));
#2344=CARTESIAN_POINT('',(-0.0400573449690418,-0.00985175735351008,-0.0126150003166813));
#2345=CARTESIAN_POINT('',(-0.0267467981960329,-0.00912865733318122,-0.0106758511961171));
#2346=CARTESIAN_POINT('',(0.0114740284390021,-0.00710807919842557,-0.00522146755498355));
#2347=CARTESIAN_POINT('',(0.0827607148793142,-0.00837419591257224,-0.00532190819048663));
#2348=CARTESIAN_POINT('',(0.13973616473508,-0.00578149967952032,-0.00690927244825166));
#2349=CARTESIAN_POINT('',(0.1715,-0.00433607052982302,-0.00779422863405996));
#2350=CARTESIAN_POINT('',(-0.0399066941841167,-0.009354395098585,-0.0128826433490522));
#2351=CARTESIAN_POINT('',(-0.0266567705038151,-0.00866460609655874,-0.0108748517748865));
#2352=CARTESIAN_POINT('',(0.0113947114865824,-0.00673872515172546,-0.00522860850332908));
#2353=CARTESIAN_POINT('',(0.0827927162149393,-0.00809532337409529,-0.00544461929896106));
#2354=CARTESIAN_POINT('',(0.139747619471859,-0.00536779345084341,-0.00695319634767745));
#2355=CARTESIAN_POINT('',(0.1715,-0.00384719446686635,-0.00779422863405996));
#2356=CARTESIAN_POINT('',(-0.0398355756914652,-0.0091059552143394,-0.0130087515868606));
#2357=CARTESIAN_POINT('',(-0.0266142706670528,-0.00843256648911825,-0.0109672583030369));
#2358=CARTESIAN_POINT('',(0.0113572679239709,-0.00655327779242042,-0.00522683822517319));
#2359=CARTESIAN_POINT('',(0.0828078232504163,-0.00795158907244741,-0.00550156458191332));
#2360=CARTESIAN_POINT('',(0.139753026968501,-0.00515363570915123,-0.00697357966025823));
#2361=CARTESIAN_POINT('',(0.1715,-0.00359377563019346,-0.00779422863405996));
#2362=CARTESIAN_POINT('',(-0.0397008974889657,-0.00860918447164536,-0.0132471841352126));
#2363=CARTESIAN_POINT('',(-0.026533788061077,-0.00796822902745594,-0.0111398067351877));
#2364=CARTESIAN_POINT('',(0.0112863604634824,-0.00618102188296464,-0.00521530378756655));
#2365=CARTESIAN_POINT('',(0.0828364316799159,-0.00765633975679888,-0.0056071329307552));
#2366=CARTESIAN_POINT('',(0.139763267229514,-0.00471333766761657,-0.00701136738457044));
#2367=CARTESIAN_POINT('',(0.1715,-0.00307261286804498,-0.00779422863405996));
#2368=CARTESIAN_POINT('',(-0.0396373376087519,-0.00836085175570775,-0.0133595085364045));
#2369=CARTESIAN_POINT('',(-0.0264958051900542,-0.00773592928260406,-0.0112199475023941));
#2370=CARTESIAN_POINT('',(0.0112528964759086,-0.00599421129762375,-0.00520553502198517));
#2371=CARTESIAN_POINT('',(0.0828499331101277,-0.00750481797948389,-0.00565574990438786));
#2372=CARTESIAN_POINT('',(0.139768100006841,-0.00448719494687559,-0.00702876961560539));
#2373=CARTESIAN_POINT('',(0.1715,-0.00280486894256939,-0.00779422863405996));
#2374=CARTESIAN_POINT('',(-0.0395170513650651,-0.00786362292955074,-0.0135717592476385));
#2375=CARTESIAN_POINT('',(-0.0264239231024165,-0.00727053965386075,-0.011369547233705));
#2376=CARTESIAN_POINT('',(0.011189566316215,-0.00561909510331525,-0.00518012214010317));
#2377=CARTESIAN_POINT('',(0.0828754843905756,-0.00719410933223529,-0.00574507819200277));
#2378=CARTESIAN_POINT('',(0.139777245974851,-0.00402530317755923,-0.00706074428171227));
#2379=CARTESIAN_POINT('',(0.1715,-0.00225869252440245,-0.00779422863405996));
#2380=CARTESIAN_POINT('',(-0.0394603248593652,-0.00761472510368922,-0.0136716854058826));
#2381=CARTESIAN_POINT('',(-0.026390023800808,-0.00703744762752849,-0.0114390037951172));
#2382=CARTESIAN_POINT('',(0.0111597000692136,-0.005430786283253,-0.00516446977820963));
#2383=CARTESIAN_POINT('',(0.0828875342710235,-0.00703493141831016,-0.00578582636566561));
#2384=CARTESIAN_POINT('',(0.139781559176349,-0.00378955733474751,-0.00707532991054411));
#2385=CARTESIAN_POINT('',(0.1715,-0.00198026003171107,-0.00779422863405996));
#2386=CARTESIAN_POINT('',(-0.0393531148745132,-0.00711545055110103,-0.013860264338113));
#2387=CARTESIAN_POINT('',(-0.0263259559798289,-0.00656969312548371,-0.0115685007725475));
#2388=CARTESIAN_POINT('',(0.0111032545002664,-0.00505227511365354,-0.00512894318416338));
#2389=CARTESIAN_POINT('',(0.0829103078842465,-0.00670864578538417,-0.00586026731105103));
#2390=CARTESIAN_POINT('',(0.139789710890641,-0.00331069941337683,-0.00710197571823765));
#2391=CARTESIAN_POINT('',(0.1715,-0.00141634300069901,-0.00779422863405996));
#2392=CARTESIAN_POINT('',(-0.0393026312533182,-0.00686507235217529,-0.0139489171875176));
#2393=CARTESIAN_POINT('',(-0.0262957873755748,-0.0063350291474334,-0.0116285402403611));
#2394=CARTESIAN_POINT('',(0.0110766751035358,-0.0048620711571719,-0.00510906515441781));
#2395=CARTESIAN_POINT('',(0.0829210316471943,-0.00654153463388928,-0.00589395908610917));
#2396=CARTESIAN_POINT('',(0.139793549414235,-0.00306758610617178,-0.00711403554034771));
#2397=CARTESIAN_POINT('',(0.1715,-0.00113085846237831,-0.00779422863405996));
#2398=CARTESIAN_POINT('',(-0.0392074554840247,-0.00636172638011277,-0.0141158152589508));
#2399=CARTESIAN_POINT('',(-0.0262389111046093,-0.00586315831766714,-0.0117402073564505));
#2400=CARTESIAN_POINT('',(0.011026565494294,-0.00447918408596477,-0.00506647263860205));
#2401=CARTESIAN_POINT('',(0.0829412489446884,-0.00619859926862066,-0.00595486631557555));
#2402=CARTESIAN_POINT('',(0.1398007861066,-0.00257604773729972,-0.00713583701418854));
#2403=CARTESIAN_POINT('',(0.1715,-0.000556473861694456,-0.00779422863405996));
#2404=CARTESIAN_POINT('',(-0.0391627631727162,-0.00610875727405033,-0.0141940605623922));
#2405=CARTESIAN_POINT('',(-0.0262122033403651,-0.00562595020599753,-0.0117918338829844));
#2406=CARTESIAN_POINT('',(0.0110030351958534,-0.00428649986360068,-0.00504375378216077));
#2407=CARTESIAN_POINT('',(0.0829507425139038,-0.00602276906654106,-0.00598208995113797));
#2408=CARTESIAN_POINT('',(0.139804184287781,-0.00232762053214505,-0.00714558159432732));
#2409=CARTESIAN_POINT('',(0.1715,-0.000267573799331262,-0.00779422863405996));
#2410=CARTESIAN_POINT('',(-0.0390788619073115,-0.00559896617935741,-0.0143407452610733));
#2411=CARTESIAN_POINT('',(-0.0261620646218559,-0.00514787198567936,-0.0118874308988039));
#2412=CARTESIAN_POINT('',(0.0109588615615815,-0.00389793264127376,-0.00499666393690183));
#2413=CARTESIAN_POINT('',(0.0829685648741055,-0.0056611106440209,-0.00603079480277846));
#2414=CARTESIAN_POINT('',(0.139810563722917,-0.00182732926776045,-0.00716301528090714));
#2415=CARTESIAN_POINT('',(0.1715,0.000310005327851038,-0.00779422863405996));
#2416=CARTESIAN_POINT('',(-0.0390396527534217,-0.0053421429104668,-0.0144091848608494));
#2417=CARTESIAN_POINT('',(-0.026138633548196,-0.00490700059544301,-0.0119314006863639));
#2418=CARTESIAN_POINT('',(0.0109382181205596,-0.00370204834117364,-0.00497228972000802));
#2419=CARTESIAN_POINT('',(0.082976893707532,-0.00547527975869323,-0.00605227493416616));
#2420=CARTESIAN_POINT('',(0.139813544992065,-0.00157546425464596,-0.00717070399908804));
#2421=CARTESIAN_POINT('',(0.1715,0.000598684392670143,-0.00779422863405996));
#2422=CARTESIAN_POINT('',(-0.0389665585144599,-0.00482326612052514,-0.0145365928527089));
#2423=CARTESIAN_POINT('',(-0.0260949530213974,-0.0044203652882863,-0.0120122266207108));
#2424=CARTESIAN_POINT('',(0.0108997343365105,-0.00330625534331398,-0.00492300966080051));
#2425=CARTESIAN_POINT('',(0.0829924204322977,-0.00509203893618546,-0.00609004141546747));
#2426=CARTESIAN_POINT('',(0.139819102714633,-0.00107006629512723,-0.00718422234430526));
#2427=CARTESIAN_POINT('',(0.1715,0.00117218500317755,-0.00779422863405996));
#2428=CARTESIAN_POINT('',(-0.0389326731831336,-0.00456121130375803,-0.0145955615713385));
#2429=CARTESIAN_POINT('',(-0.0260747034210992,-0.00417459994322473,-0.0120490823793643));
#2430=CARTESIAN_POINT('',(0.0108818938638314,-0.00310634488994753,-0.00489810135586744));
#2431=CARTESIAN_POINT('',(0.0829996183759466,-0.00489463139730055,-0.0061063194202816));
#2432=CARTESIAN_POINT('',(0.139821679186779,-0.000816534207182203,-0.00719004898425006));
#2433=CARTESIAN_POINT('',(0.1715,0.0014570065488658,-0.00779422863405996));
#2434=CARTESIAN_POINT('',(-0.0388702227855431,-0.00403041860319078,-0.0147040871861109));
#2435=CARTESIAN_POINT('',(-0.0260373835679305,-0.00367687652509839,-0.0121160231655406));
#2436=CARTESIAN_POINT('',(0.0108490140138077,-0.00270161754805181,-0.0048488875768074));
#2437=CARTESIAN_POINT('',(0.0830128841291533,-0.00448632445158673,-0.00613425393604236));
#2438=CARTESIAN_POINT('',(0.139826427604562,-0.000309452258671165,-0.00720004802081683));
#2439=CARTESIAN_POINT('',(0.1715,0.00201915559952497,-0.00779422863405996));
#2440=CARTESIAN_POINT('',(-0.0388416574221416,-0.00376167938022776,-0.0147536444670555));
#2441=CARTESIAN_POINT('',(-0.0260203131374931,-0.00342491703132908,-0.0121461076665533));
#2442=CARTESIAN_POINT('',(0.0108339744800218,-0.0024967990369588,-0.00482457900667782));
#2443=CARTESIAN_POINT('',(0.0830189520018293,-0.0042754259597209,-0.00614590682881529));
#2444=CARTESIAN_POINT('',(0.139828599572792,-5.59027256121403E-5,-0.00720421912232948));
#2445=CARTESIAN_POINT('',(0.1715,0.00229648310449588,-0.00779422863405996));
#2446=CARTESIAN_POINT('',(-0.0387900067801368,-0.00321602804677656,-0.0148431218162842));
#2447=CARTESIAN_POINT('',(-0.0259894471310294,-0.00291347258263186,-0.0121996706911104));
#2448=CARTESIAN_POINT('',(0.0108067806521477,-0.00208135139511481,-0.00477781936428585));
#2449=CARTESIAN_POINT('',(0.0830299236640804,-0.00383799934357659,-0.00616513722017484));
#2450=CARTESIAN_POINT('',(0.139832526830848,0.000449644471736191,-0.00721110255600144));
#2451=CARTESIAN_POINT('',(0.1715,0.00284000755213346,-0.00779422863405996));
#2452=CARTESIAN_POINT('',(-0.0387669211548061,-0.00293911446578358,-0.0148830423582162));
#2453=CARTESIAN_POINT('',(-0.0259756513478015,-0.00265398601050359,-0.0122231487579784));
#2454=CARTESIAN_POINT('',(0.0107946261755092,-0.00187072029168738,-0.00475536518058063));
#2455=CARTESIAN_POINT('',(0.0830348275273074,-0.00361147451863612,-0.00617270815694056));
#2456=CARTESIAN_POINT('',(0.139834282147036,0.000701640955042021,-0.00721381253938591));
#2457=CARTESIAN_POINT('',(0.1715,0.00310620449480013,-0.00779422863405996));
#2458=CARTESIAN_POINT('',(-0.038726563101042,-0.00237562889530463,-0.0149527236251179));
#2459=CARTESIAN_POINT('',(-0.0259515337008567,-0.00212616377267782,-0.0122635031669559));
#2460=CARTESIAN_POINT('',(0.010773377843934,-0.00144276370381979,-0.00471379106233409));
#2461=CARTESIAN_POINT('',(0.0830434004107765,-0.00314047660088657,-0.00618435538326102));
#2462=CARTESIAN_POINT('',(0.139837350772819,0.00120257715346483,-0.00721798161261693));
#2463=CARTESIAN_POINT('',(0.1715,0.0036238312962428,-0.00779422863405996));
#2464=CARTESIAN_POINT('',(-0.0387092902839369,-0.00208905524966958,-0.0149824848680842));
#2465=CARTESIAN_POINT('',(-0.0259412116048726,-0.00185782633093909,-0.01228037891435));
#2466=CARTESIAN_POINT('',(0.0107642837843632,-0.00122543615334836,-0.00469466738648473));
#2467=CARTESIAN_POINT('',(0.0830470695135804,-0.00289600580010873,-0.00618842644260829));
#2468=CARTESIAN_POINT('',(0.139838664111966,0.00145151604815935,-0.0072194388303338));
#2469=CARTESIAN_POINT('',(0.1715,0.00387526115501879,-0.00779422863405996));
#2470=CARTESIAN_POINT('',(-0.0386810753187887,-0.00150481424020925,-0.0150310133294056));
#2471=CARTESIAN_POINT('',(-0.0259243505696011,-0.00131103394500681,-0.0123073916763725));
#2472=CARTESIAN_POINT('',(0.0107494287336624,-0.000783270058126673,-0.00466156647015396));
#2473=CARTESIAN_POINT('',(0.0830530629544364,-0.0023866639284527,-0.00619375655603712));
#2474=CARTESIAN_POINT('',(0.139840809437655,0.00194487990798852,-0.00722134672089959));
#2475=CARTESIAN_POINT('',(0.1715,0.00435971726709321,-0.00779422863405996));
#2476=CARTESIAN_POINT('',(-0.0386701327551742,-0.00120714496358799,-0.0150497810830509));
#2477=CARTESIAN_POINT('',(-0.0259178113819716,-0.0010325770242535,-0.0123175279360367));
#2478=CARTESIAN_POINT('',(0.0107436675237358,-0.000558429381067709,-0.00464758483329075));
#2479=CARTESIAN_POINT('',(0.0830553873807645,-0.00212179290306159,-0.00619501015422933));
#2480=CARTESIAN_POINT('',(0.139841641455795,0.00218930485684129,-0.00722179544083701));
#2481=CARTESIAN_POINT('',(0.1715,0.00459274352039164,-0.00779422863405996));
#2482=CARTESIAN_POINT('',(-0.0386590023837476,-0.000751321535006754,-0.0150688161957252));
#2483=CARTESIAN_POINT('',(-0.0259111599619106,-0.000606433551090303,-0.0123274865936128));
#2484=CARTESIAN_POINT('',(0.0107378074338511,-0.000215013783058715,-0.00463218015978213));
#2485=CARTESIAN_POINT('',(0.0830577517013476,-0.00170728089343472,-0.00619542935236144));
#2486=CARTESIAN_POINT('',(0.139842487753908,0.0025514876820068,-0.00722194549095735));
#2487=CARTESIAN_POINT('',(0.1715,0.00492575280504125,-0.00779422863405996));
#2488=CARTESIAN_POINT('',(-0.0386561744135813,-0.000597828060019157,-0.0150736392210662));
#2489=CARTESIAN_POINT('',(-0.0259094699897816,-0.000462976667976173,-0.0123299310926973));
#2490=CARTESIAN_POINT('',(0.010736318520433,-9.95160655560026E-5,-0.00462797755446495));
#2491=CARTESIAN_POINT('',(0.0830583524205703,-0.00156625399421328,-0.00619532478931807));
#2492=CARTESIAN_POINT('',(0.139842702778701,0.00267146879496451,-0.0072219080630777));
#2493=CARTESIAN_POINT('',(0.1715,0.00503400088404146,-0.00779422863405996));
#2494=CARTESIAN_POINT('',(-0.0386533372719583,-0.000365145919549976,-0.0150784577962073));
#2495=CARTESIAN_POINT('',(-0.0259077745368641,-0.000245581922900225,-0.0123322545094185));
#2496=CARTESIAN_POINT('',(0.0107348247782847,7.53180847790867E-5,-0.00462332723541069));
#2497=CARTESIAN_POINT('',(0.0830589550879998,-0.00135015276465377,-0.00619491013092427));
#2498=CARTESIAN_POINT('',(0.139842918500846,0.00285020081465401,-0.00722175963793663));
#2499=CARTESIAN_POINT('',(0.1715,0.00519189955481846,-0.00779422863405996));
#2500=CARTESIAN_POINT('',(-0.038652625797038,-0.000287178433477452,-0.0150796611517709));
#2501=CARTESIAN_POINT('',(-0.0259073493651986,-0.000172749680804436,-0.0123328050076712));
#2502=CARTESIAN_POINT('',(0.0107344501899782,0.000133858157533553,-0.00462205290981406));
#2503=CARTESIAN_POINT('',(0.0830591062199552,-0.0012773347521853,-0.00619473039601843));
#2504=CARTESIAN_POINT('',(0.139842972597863,0.00290958018079958,-0.00722169530262074));
#2505=CARTESIAN_POINT('',(0.1715,0.00524378687045694,-0.00779422863405996));
#2506=CARTESIAN_POINT('',(-0.0386516861787853,-0.000130411375169069,-0.0150812380182204));
#2507=CARTESIAN_POINT('',(-0.0259067878569204,-2.63307794585176E-5,-0.0123334526655444));
#2508=CARTESIAN_POINT('',(0.0107339554852458,0.000251484225515269,-0.00462010291788657));
#2509=CARTESIAN_POINT('',(0.0830593058142625,-0.00113023026161826,-0.00619430267252749));
#2510=CARTESIAN_POINT('',(0.139843044041763,0.00302787066297495,-0.00722154220088585));
#2511=CARTESIAN_POINT('',(0.1715,0.00534601353184297,-0.00779422863405996));
#2512=CARTESIAN_POINT('',(-0.0386514580350615,-5.16112946536291E-5,-0.0150816116842461));
#2513=CARTESIAN_POINT('',(-0.0259066515200738,4.72591141806467E-5,-0.0123335508166922));
#2514=CARTESIAN_POINT('',(0.0107338353686138,0.000310579987937299,-0.00461943053795978));
#2515=CARTESIAN_POINT('',(0.0830593542766975,-0.00105603872881629,-0.00619405261237977));
#2516=CARTESIAN_POINT('',(0.139843061388678,0.00308674779375508,-0.00722145269296015));
#2517=CARTESIAN_POINT('',(0.1715,0.00539635287759053,-0.00779422863405996));
#2518=CARTESIAN_POINT('',(-0.0386515221603532,0.000186068679963829,-0.0150814459541591));
#2519=CARTESIAN_POINT('',(-0.0259066898408301,0.000269221137889178,-0.0123331334598143));
#2520=CARTESIAN_POINT('',(0.0107338691302879,0.000488815365235546,-0.00461830812160681));
#2521=CARTESIAN_POINT('',(0.0830593406551623,-0.000832368156245036,-0.00619319281326797));
#2522=CARTESIAN_POINT('',(0.13984305651291,0.00326222594092919,-0.00722114493166468));
#2523=CARTESIAN_POINT('',(0.1715,0.00554496372902223,-0.00779422863405996));
#2524=CARTESIAN_POINT('',(-0.038652562546721,0.000346227048783004,-0.0150796206407461));
#2525=CARTESIAN_POINT('',(-0.0259073115673201,0.000418774811764999,-0.0123319069164623));
#2526=CARTESIAN_POINT('',(0.0107344168889742,0.000608869414577029,-0.00461875330988274));
#2527=CARTESIAN_POINT('',(0.0830591196556278,-0.000681459740284767,-0.00619245803712582));
#2528=CARTESIAN_POINT('',(0.139842977407102,0.00337779305193974,-0.00722088192178913));
#2529=CARTESIAN_POINT('',(0.1715,0.00564082804889534,-0.00779422863405996));
#2530=CARTESIAN_POINT('',(-0.0386567746635908,0.000670078103142631,-0.0150722951621491));
#2531=CARTESIAN_POINT('',(-0.0259098286943388,0.000721142405308716,-0.01232735527763));
#2532=CARTESIAN_POINT('',(0.0107366345493303,0.000851481316287141,-0.00462194898439192));
#2533=CARTESIAN_POINT('',(0.0830582249150812,-0.000375793152862378,-0.00619045571678611));
#2534=CARTESIAN_POINT('',(0.139842657138674,0.00360589196993916,-0.00722016520006514));
#2535=CARTESIAN_POINT('',(0.1715,0.00582568296128054,-0.00779422863405996));
#2536=CARTESIAN_POINT('',(-0.0386599463829721,0.000833771009585197,-0.0150667950151794));
#2537=CARTESIAN_POINT('',(-0.0259117240882221,0.000873957243651038,-0.0123240301872336));
#2538=CARTESIAN_POINT('',(0.0107383044451452,0.000974041759772299,-0.00462469945987708));
#2539=CARTESIAN_POINT('',(0.0830575511764314,-0.000221059163690908,-0.00618919010634747));
#2540=CARTESIAN_POINT('',(0.1398424159769,0.00371841512098385,-0.00721971218039716));
#2541=CARTESIAN_POINT('',(0.1715,0.00591467355379261,-0.00779422863405997));
#2542=CARTESIAN_POINT('',(-0.0386675801859446,0.00112675646313333,-0.0150535663404577));
#2543=CARTESIAN_POINT('',(-0.0259162859872179,0.00114743057085934,-0.012316086752573));
#2544=CARTESIAN_POINT('',(0.0107423236076571,0.00119325174066715,-0.00463151958224446));
#2545=CARTESIAN_POINT('',(0.083055929599145,5.6260617724584E-5,-0.00618628307515747));
#2546=CARTESIAN_POINT('',(0.13984183554047,0.0039146570109976,-0.0072186716214192));
#2547=CARTESIAN_POINT('',(0.1715,0.00606571448808541,-0.00779422863405997));
#2548=CARTESIAN_POINT('',(0.03735,-0.012296260320349,0.002995));
#2549=CARTESIAN_POINT('',(0.03735,-0.0123998290983247,0.00396036857594735));
#2550=CARTESIAN_POINT('',(0.03735,-0.012480442324065,0.00492786388297651));
#2551=CARTESIAN_POINT('',(0.03735,-0.01256493258203,0.005895));
#2552=CARTESIAN_POINT('',(0.03735,-0.012296260320349,0.002995));
#2553=CARTESIAN_POINT('',(0.03735,-0.01256493258203,0.005895));
#2554=CARTESIAN_POINT('',(0.03735,-0.012296260320349,0.002995));
#2555=CARTESIAN_POINT('',(0.03478310840692,-0.0123491229685486,0.002995));
#2556=CARTESIAN_POINT('',(0.0322164076814281,-0.0124109590433503,0.0029949999999999));
#2557=CARTESIAN_POINT('',(0.02965,-0.0124836338573486,0.0029949999999999));
#2558=CARTESIAN_POINT('',(0.02965,-0.0124836338573486,0.002995));
#2559=CARTESIAN_POINT('',(0.02965,-0.0124836338573486,0.002995));
#2560=CARTESIAN_POINT('',(0.02965,-0.0125868730906742,0.00396046315373368));
#2561=CARTESIAN_POINT('',(0.02965,-0.0126682282262327,0.00492797205096672));
#2562=CARTESIAN_POINT('',(0.02965,-0.0127547282479549,0.005895));
#2563=CARTESIAN_POINT('',(0.02965,-0.0127547282479549,0.005895));
#2564=CARTESIAN_POINT('',(0.02965,-0.0127547282479549,0.005895));
#2565=CARTESIAN_POINT('',(0.0322164454644156,-0.0126827942661145,0.005895));
#2566=CARTESIAN_POINT('',(0.0347831381564538,-0.0126200232084361,0.005895));
#2567=CARTESIAN_POINT('',(0.03735,-0.01256493258203,0.005895));
#2568=CARTESIAN_POINT('',(-0.0491551273891883,-0.0114436451312129,0.0123168990222203));
#2569=CARTESIAN_POINT('',(-0.0486579014868273,-0.0131819076217439,0.0110639538193467));
#2570=CARTESIAN_POINT('',(-0.0476533159668106,-0.0152812167093697,0.0086842188649115));
#2571=CARTESIAN_POINT('',(-0.0459489330091754,-0.0168570280486859,0.00495965243021389));
#2572=CARTESIAN_POINT('',(-0.0450512048547212,-0.0172523756279681,0.00300371215261039));
#2573=CARTESIAN_POINT('',(-0.0446075131120733,-0.0173553273390685,0.00200513960949618));
#2574=CARTESIAN_POINT('',(-0.0491551273891883,-0.0114436451312129,0.0123168990222203));
#2575=CARTESIAN_POINT('',(-0.0446075131120734,-0.0173553273390685,0.00200513960949627));
#2576=CARTESIAN_POINT('',(-0.0446075131120734,-0.0173553273390685,0.00200513960949627));
#2577=CARTESIAN_POINT('',(-0.0436148134407423,-0.017585667730716,-0.000229030062972598));
#2578=CARTESIAN_POINT('',(-0.042215277844918,-0.0172057623824247,-0.00365729958793946));
#2579=CARTESIAN_POINT('',(-0.0406728299145898,-0.0150826161482428,-0.00783659900695039));
#2580=CARTESIAN_POINT('',(-0.0400012974086953,-0.0135510853902845,-0.00958833208491359));
#2581=CARTESIAN_POINT('',(-0.0396702004452217,-0.0126692256419712,-0.0103779314578491));
#2582=CARTESIAN_POINT('',(-0.0396702004452218,-0.0126692256419712,-0.0103779314578492));
#2583=CARTESIAN_POINT('',(-0.0396702004452218,-0.0126692256419712,-0.0103779314578492));
#2584=CARTESIAN_POINT('',(-0.0393304602381353,-0.0117643450584412,-0.0111881432207778));
#2585=CARTESIAN_POINT('',(-0.0386945395318804,-0.00978744556551515,-0.012565335685665));
#2586=CARTESIAN_POINT('',(-0.0379289630102299,-0.00635287082452391,-0.0140022616388107));
#2587=CARTESIAN_POINT('',(-0.0374755821842244,-0.00268363244712043,-0.0147632574934832));
#2588=CARTESIAN_POINT('',(-0.0374186284861711,-0.000202075377796765,-0.0148543751409647));
#2589=CARTESIAN_POINT('',(-0.0374560375978212,0.00105548852043728,-0.0147972212905452));
#2590=CARTESIAN_POINT('',(-0.0374560375978211,0.00105548852043727,-0.0147972212905452));
#2591=CARTESIAN_POINT('',(-0.0374560375978211,0.00105548852043727,-0.0147972212905452));
#2592=CARTESIAN_POINT('',(-0.0375308093714129,0.00356905483966399,-0.0146829845558312));
#2593=CARTESIAN_POINT('',(-0.0380334060529061,0.00726117756046602,-0.0138862570373996));
#2594=CARTESIAN_POINT('',(-0.0392243119454897,0.0115400800783934,-0.011472704741871));
#2595=CARTESIAN_POINT('',(-0.0398938343080142,0.0133022465410348,-0.00985201605581446));
#2596=CARTESIAN_POINT('',(-0.0402513872466917,0.0140798673773123,-0.00892576785669886));
#2597=CARTESIAN_POINT('',(-0.0402513872466917,0.0140798673773123,-0.00892576785669883));
#2598=CARTESIAN_POINT('',(-0.0402513872466917,0.0140798673773123,-0.00892576785669883));
#2599=CARTESIAN_POINT('',(-0.0409383694608222,0.0155739445504288,-0.00714612638314536));
#2600=CARTESIAN_POINT('',(-0.0420837264770999,0.0170922448178651,-0.00397051197171855));
#2601=CARTESIAN_POINT('',(-0.0439325461493135,0.0175588153321262,0.000490104956541456));
#2602=CARTESIAN_POINT('',(-0.0449091044399346,0.0173207097921943,0.00266631388887157));
#2603=CARTESIAN_POINT('',(-0.0454007090441226,0.0170822862170039,0.00374618113918965));
#2604=CARTESIAN_POINT('',(-0.0454007090441224,0.0170822862170039,0.00374618113918975));
#2605=CARTESIAN_POINT('',(-0.0454007090441224,0.0170822862170039,0.00374618113918976));
#2606=CARTESIAN_POINT('',(-0.0462789894851198,0.0166563285246251,0.00567542727876961));
#2607=CARTESIAN_POINT('',(-0.0475433509931834,0.0154482255959401,0.00843518668975287));
#2608=CARTESIAN_POINT('',(-0.0488320946137915,0.0126501834080063,0.0114949754105692));
#2609=CARTESIAN_POINT('',(-0.0493022844807034,0.0109521721793512,0.0126964140964391));
#2610=CARTESIAN_POINT('',(-0.0495055290069915,0.0100280515653534,0.0132205161705583));
#2611=CARTESIAN_POINT('',(-0.0495055290069916,0.0100280515653534,0.0132205161705583));
#2612=CARTESIAN_POINT('',(-0.0495055290069916,0.0100280515653534,0.0132205161705583));
#2613=CARTESIAN_POINT('',(-0.0498602933191679,0.00841499452524335,0.0141353388977961));
#2614=CARTESIAN_POINT('',(-0.0503576921326318,0.004889693899619,0.0154157869626358));
#2615=CARTESIAN_POINT('',(-0.0504933253698261,0.00111950876748929,0.0157538184315576));
#2616=CARTESIAN_POINT('',(-0.0504693062188443,-0.00076446812211825,0.0156917784473956));
#2617=CARTESIAN_POINT('',(-0.0504693062188443,-0.00076446812211825,0.0156917784473956));
#2618=CARTESIAN_POINT('',(-0.0504693062188443,-0.00076446812211825,0.0156917784473956));
#2619=CARTESIAN_POINT('',(-0.0504448033068264,-0.00268638950913012,0.0156284889383425));
#2620=CARTESIAN_POINT('',(-0.0502675396433678,-0.00552491148653391,0.0151786870368684));
#2621=CARTESIAN_POINT('',(-0.0497366595768234,-0.00907211558031144,0.0138113829430698));
#2622=CARTESIAN_POINT('',(-0.0493732037615508,-0.0106812673541321,0.0128664233798903));
#2623=CARTESIAN_POINT('',(-0.0491551273891883,-0.0114436451312129,0.0123168990222203));
#2624=CARTESIAN_POINT('',(0.173,0.00600000000002501,-0.00519615242270664));
#2625=CARTESIAN_POINT('',(0.1715,0.00600000000002501,-0.00779422863405997));
#2626=CARTESIAN_POINT('',(0.173,0.00900000000002502,-0.00519615242270664));
#2627=CARTESIAN_POINT('',(0.1715,2.50095083531576E-14,-0.00779422863405996));
#2628=CARTESIAN_POINT('',(0.1715,-0.00599999999997499,-0.00779422863405997));
#2629=CARTESIAN_POINT('',(0.173,-0.00599999999997499,-0.00519615242270665));
#2630=CARTESIAN_POINT('',(0.173,-0.008999999999975,-0.00519615242270664));
#2631=CARTESIAN_POINT('',(0.176,-0.00899999999997499,-4.44522890719057E-18));
#2632=CARTESIAN_POINT('',(0.179,-0.008999999999975,0.00519615242270663));
#2633=CARTESIAN_POINT('',(0.179,-0.00599999999997499,0.00519615242270661));
#2634=CARTESIAN_POINT('',(0.1805,-0.00599999999997499,0.00779422863405995));
#2635=CARTESIAN_POINT('',(0.1805,2.50095083531576E-14,0.00779422863405994));
#2636=CARTESIAN_POINT('',(0.1805,0.00600000000002501,0.00779422863405995));
#2637=CARTESIAN_POINT('',(0.179,0.00600000000002501,0.00519615242270661));
#2638=CARTESIAN_POINT('',(0.179,0.00900000000002502,0.00519615242270663));
#2639=CARTESIAN_POINT('',(0.176,0.00900000000002501,-4.44522890719057E-18));
#2640=CARTESIAN_POINT('',(0.013676525947064,-0.0134572824299016,0.010145000014901));
#2641=CARTESIAN_POINT('',(0.013676525947064,-0.0134334161299622,0.010383349288231));
#2642=CARTESIAN_POINT('',(0.013676525947064,-0.0133994550324296,0.0106201978068953));
#2643=CARTESIAN_POINT('',(0.013676525947064,-0.0133517294653382,0.010855000014901));
#2644=CARTESIAN_POINT('',(0.013676525947064,-0.0134572824299016,0.010145000014901));
#2645=CARTESIAN_POINT('',(0.013676525947064,-0.0133517294653382,0.010855000014901));
#2646=CARTESIAN_POINT('',(0.013676525947064,-0.0133517294653382,0.010855000014901));
#2647=CARTESIAN_POINT('',(0.013676525947064,-0.0132841361656485,0.0111875483109353));
#2648=CARTESIAN_POINT('',(0.0139422571988899,-0.0130797312421343,0.0118200323310642));
#2649=CARTESIAN_POINT('',(0.0145867562032329,-0.0129182169019479,0.012105000014901));
#2650=CARTESIAN_POINT('',(0.014926525947064,-0.0129136367901111,0.012105000014901));
#2651=CARTESIAN_POINT('',(0.014926525947064,-0.0129136367901111,0.012105000014901));
#2652=CARTESIAN_POINT('',(0.014926525947064,-0.0129136367901111,0.012105000014901));
#2653=CARTESIAN_POINT('',(0.0170732782029838,-0.0128846984705683,0.012105000014901));
#2654=CARTESIAN_POINT('',(0.0192199489984739,-0.0128500426470356,0.0121050000149009));
#2655=CARTESIAN_POINT('',(0.021366525947064,-0.0128101730851267,0.0121050000149009));
#2656=CARTESIAN_POINT('',(0.021366525947064,-0.0128101730851267,0.012105000014901));
#2657=CARTESIAN_POINT('',(0.021366525947064,-0.0128101730851267,0.012105000014901));
#2658=CARTESIAN_POINT('',(0.0217025783411015,-0.0128039313979896,0.012105000014901));
#2659=CARTESIAN_POINT('',(0.0223484033979489,-0.0129346227294912,0.0118247137503296));
#2660=CARTESIAN_POINT('',(0.022616525947064,-0.0130993874336787,0.0111867752026014));
#2661=CARTESIAN_POINT('',(0.022616525947064,-0.0131510562647859,0.010855000014901));
#2662=CARTESIAN_POINT('',(0.022616525947064,-0.0131510562647859,0.010855000014901));
#2663=CARTESIAN_POINT('',(0.022616525947064,-0.0131510562647859,0.010855000014901));
#2664=CARTESIAN_POINT('',(0.022616525947064,-0.0131877151431649,0.0106196065292265));
#2665=CARTESIAN_POINT('',(0.022616525947064,-0.0132105191298048,0.0103827954091357));
#2666=CARTESIAN_POINT('',(0.022616525947064,-0.013223703561819,0.010145000014901));
#2667=CARTESIAN_POINT('',(0.022616525947064,-0.0132237035618191,0.010145000014901));
#2668=CARTESIAN_POINT('',(0.022616525947064,-0.0132237035618191,0.010145000014901));
#2669=CARTESIAN_POINT('',(0.022616525947064,-0.0132419847006202,0.00981528003882734));
#2670=CARTESIAN_POINT('',(0.0223450348941379,-0.0132446485916859,0.00916786550352921));
#2671=CARTESIAN_POINT('',(0.0216965861911876,-0.0132493066659889,0.00889500001490099));
#2672=CARTESIAN_POINT('',(0.021366525947064,-0.0132594160708625,0.00889500001490099));
#2673=CARTESIAN_POINT('',(0.021366525947064,-0.0132594160708625,0.00889500001490099));
#2674=CARTESIAN_POINT('',(0.021366525947064,-0.0132594160708625,0.00889500001490099));
#2675=CARTESIAN_POINT('',(0.0192197811776689,-0.0133251686491281,0.00889500001490099));
#2676=CARTESIAN_POINT('',(0.0170731222413062,-0.0133936833273798,0.00889500001490097));
#2677=CARTESIAN_POINT('',(0.014926525947064,-0.0134641142789244,0.00889500001490097));
#2678=CARTESIAN_POINT('',(0.014926525947064,-0.0134641142789244,0.00889500001490099));
#2679=CARTESIAN_POINT('',(0.014926525947064,-0.0134641142789244,0.00889500001490099));
#2680=CARTESIAN_POINT('',(0.0145962826685337,-0.0134749497342965,0.00889500001490099));
#2681=CARTESIAN_POINT('',(0.0139489690741553,-0.01350442037971,0.00916654800183785));
#2682=CARTESIAN_POINT('',(0.013676525947064,-0.0134902063841835,0.0098161932623584));
#2683=CARTESIAN_POINT('',(0.013676525947064,-0.0134572824299016,0.010145000014901));
#2684=CARTESIAN_POINT('',(-0.0386891455471221,-0.000664800517566967,-0.0130514041131336));
#2685=CARTESIAN_POINT('',(-0.0330087273097121,-0.000615019655303753,-0.0118262773410189));
#2686=CARTESIAN_POINT('',(-0.0244652535834014,-0.000545248349158148,-0.0100056213885536));
#2687=CARTESIAN_POINT('',(-0.0129345377463167,-0.000494105939390453,-0.00787632259822076));
#2688=CARTESIAN_POINT('',(-0.00419499015394222,-0.000483316767879479,-0.00649191057506885));
#2689=CARTESIAN_POINT('',(0.00564903309584269,-0.000512673806798824,-0.00527707238441533));
#2690=CARTESIAN_POINT('',(0.0176059463354336,-0.000595329962395787,-0.00428399420718182));
#2691=CARTESIAN_POINT('',(0.0317211065205658,-0.000711410346363134,-0.0036865688263396));
#2692=CARTESIAN_POINT('',(0.0459493773917787,-0.000784942210203234,-0.00355163045400652));
#2693=CARTESIAN_POINT('',(0.0581772595035407,-0.0007645070514255,-0.00366563778232316));
#2694=CARTESIAN_POINT('',(0.0683600462082229,-0.000667099067091477,-0.0038448115019067));
#2695=CARTESIAN_POINT('',(0.0775000874116255,-0.000501220407933101,-0.00403214957261167));
#2696=CARTESIAN_POINT('',(0.0896454980472052,-0.000159273852257479,-0.00427348338719662));
#2697=CARTESIAN_POINT('',(0.0987174879793951,0.000217899138715506,-0.00444937930470741));
#2698=CARTESIAN_POINT('',(0.104752057992893,0.000511735835824313,-0.00456451589718132));
#2699=CARTESIAN_POINT('',(-0.0386899702739577,0.000621199574983672,-0.013048071192876));
#2700=CARTESIAN_POINT('',(-0.0330094585749444,0.000654110980605602,-0.0118228765999957));
#2701=CARTESIAN_POINT('',(-0.0244659730636625,0.00070302524053744,-0.0100021629146954));
#2702=CARTESIAN_POINT('',(-0.0129350687723541,0.000738580336475779,-0.00787268115738966));
#2703=CARTESIAN_POINT('',(-0.00419521885270803,0.000743383700845214,-0.0064880420315528));
#2704=CARTESIAN_POINT('',(0.00564936020093552,0.000713045830933181,-0.00527283762441722));
#2705=CARTESIAN_POINT('',(0.0176068783752235,0.000634400133183862,-0.00427926319469175));
#2706=CARTESIAN_POINT('',(0.0317222481032662,0.000526487374113187,-0.00368136398970725));
#2707=CARTESIAN_POINT('',(0.0459502313683799,0.000461987636837966,-0.00354626002641266));
#2708=CARTESIAN_POINT('',(0.0581776881164226,0.000488055130505966,-0.00366048504510898));
#2709=CARTESIAN_POINT('',(0.0683600663738854,0.00058674423979344,-0.0038401180932289));
#2710=CARTESIAN_POINT('',(0.0774996701974735,0.000749727487595897,-0.00402810494020202));
#2711=CARTESIAN_POINT('',(0.089644348940405,0.00108094491943842,-0.00427062825482822));
#2712=CARTESIAN_POINT('',(0.0987155145501841,0.00144340304635276,-0.00444770397523793));
#2713=CARTESIAN_POINT('',(0.10474933298911,0.00172555015334325,-0.00456369083050128));
#2714=CARTESIAN_POINT('',(-0.0387293059158348,0.00172089802156233,-0.0129766358596954));
#2715=CARTESIAN_POINT('',(-0.0330409597106911,0.00173475316978168,-0.0117631977432586));
#2716=CARTESIAN_POINT('',(-0.0244860254997442,0.00175880482663226,-0.00996051512182173));
#2717=CARTESIAN_POINT('',(-0.0129423399368703,0.00177353854719685,-0.00785317271261051));
#2718=CARTESIAN_POINT('',(-0.00419472832470552,0.00176920735727074,-0.00648324274506646));
#2719=CARTESIAN_POINT('',(0.0056555774543021,0.00173657572291728,-0.00528069505510373));
#2720=CARTESIAN_POINT('',(0.0176163813681213,0.00166371274138689,-0.00429620387895367));
#2721=CARTESIAN_POINT('',(0.031731366181884,0.00156768905759726,-0.00370099543397258));
#2722=CARTESIAN_POINT('',(0.0459561474991783,0.0015123683901863,-0.00356216817790697));
#2723=CARTESIAN_POINT('',(0.0581802170037593,0.00153746384098627,-0.0036704917344511));
#2724=CARTESIAN_POINT('',(0.06836016135481,0.00162576581588295,-0.00384457656519705));
#2725=CARTESIAN_POINT('',(0.0774984189857902,0.00176946936162032,-0.00402772979342298));
#2726=CARTESIAN_POINT('',(0.0896428599496605,0.00205880146659978,-0.00426469406553205));
#2727=CARTESIAN_POINT('',(0.0987154297931653,0.00237283919864763,-0.00443847887894077));
#2728=CARTESIAN_POINT('',(0.104750849161267,0.00261566036817857,-0.00455264530061479));
#2729=CARTESIAN_POINT('',(-0.0387990748931868,0.00287002043236432,-0.0128515797588306));
#2730=CARTESIAN_POINT('',(-0.0330967611590579,0.00286180680294363,-0.0116582002888244));
#2731=CARTESIAN_POINT('',(-0.024521389366609,0.0028569137849312,-0.00988602353191829));
#2732=CARTESIAN_POINT('',(-0.0129551034864554,0.00284622871329063,-0.00781597729014631));
#2733=CARTESIAN_POINT('',(-0.00419392455149246,0.00282958057671408,-0.00647085203295605));
#2734=CARTESIAN_POINT('',(0.0056661341502471,0.00279125684319108,-0.00528984992348647));
#2735=CARTESIAN_POINT('',(0.0176321186876405,0.00272028263979349,-0.00432124022378768));
#2736=CARTESIAN_POINT('',(0.0317458870657709,0.00263232157807649,-0.00373144379816123));
#2737=CARTESIAN_POINT('',(0.0459649699628487,0.00258372180506535,-0.00358697461067253));
#2738=CARTESIAN_POINT('',(0.0581834504360416,0.00260699103351242,-0.00368522237127859));
#2739=CARTESIAN_POINT('',(0.0683596564553475,0.00268505781989545,-0.00384915559713515));
#2740=CARTESIAN_POINT('',(0.0774961426601596,0.00281035218702641,-0.00402276142121096));
#2741=CARTESIAN_POINT('',(0.0896409992021987,0.00306010374914263,-0.0042474584349269));
#2742=CARTESIAN_POINT('',(0.0987165491076808,0.00332881925374637,-0.00441251373868583));
#2743=CARTESIAN_POINT('',(0.104754935718527,0.00353515075826324,-0.00452119809323264));
#2744=CARTESIAN_POINT('',(-0.038949733944455,0.00436635721679864,-0.0125845834774732));
#2745=CARTESIAN_POINT('',(-0.0332173179901672,0.00432361092051407,-0.0114325936985208));
#2746=CARTESIAN_POINT('',(-0.0245979576290157,0.00427292375222196,-0.00972258007643998));
#2747=CARTESIAN_POINT('',(-0.0129832317223232,0.004220192447278,-0.00772738570350333));
#2748=CARTESIAN_POINT('',(-0.0041930194318992,0.00418167839315698,-0.00643159856336287));
#2749=CARTESIAN_POINT('',(0.00568797477905088,0.0041305570523512,-0.00529306154656043));
#2750=CARTESIAN_POINT('',(0.0176653139868844,0.0040570393674038,-0.00435534763178531));
#2751=CARTESIAN_POINT('',(0.03177712840259,0.0039751514498721,-0.00377569107987541));
#2752=CARTESIAN_POINT('',(0.0459846999551277,0.00393126803458486,-0.00361991622540309));
#2753=CARTESIAN_POINT('',(0.0581915096851523,0.00394815322438452,-0.00369855549264196));
#2754=CARTESIAN_POINT('',(0.0683596135846276,0.00400889373259545,-0.00384301854407381));
#2755=CARTESIAN_POINT('',(0.0774918667246667,0.00410598277013642,-0.00399859115914462));
#2756=CARTESIAN_POINT('',(0.0896364639729608,0.0042976677911648,-0.00420059479159953));
#2757=CARTESIAN_POINT('',(0.0987169356741978,0.00450178081536522,-0.00434992984046313));
#2758=CARTESIAN_POINT('',(0.104760433133649,0.00465685075727991,-0.00444883301015573));
#2759=CARTESIAN_POINT('',(-0.0392451413346111,0.00617321724279653,-0.0120697542926695));
#2760=CARTESIAN_POINT('',(-0.0334540286420726,0.00607663229176594,-0.0109920528711497));
#2761=CARTESIAN_POINT('',(-0.0247491739678564,0.00595245105169311,-0.00939112460843839));
#2762=CARTESIAN_POINT('',(-0.0130407410242352,0.0058283620958479,-0.00752273412707427));
#2763=CARTESIAN_POINT('',(-0.00419424561342587,0.00575023017290862,-0.00630881674639353));
#2764=CARTESIAN_POINT('',(0.00572803456569399,0.00567154768909046,-0.00523949369820137));
#2765=CARTESIAN_POINT('',(0.0177288842415012,0.00558338223759998,-0.00435123867287561));
#2766=CARTESIAN_POINT('',(0.0318390883238052,0.0054977904244088,-0.00378726910609437));
#2767=CARTESIAN_POINT('',(0.0460259692549049,0.00544953529664182,-0.00361324545040738));
#2768=CARTESIAN_POINT('',(0.0582104965435219,0.00545035718401815,-0.00366135216087219));
#2769=CARTESIAN_POINT('',(0.068362237197427,0.00548348607753024,-0.00377645216914678));
#2770=CARTESIAN_POINT('',(0.0774847933829064,0.00554083660385836,-0.00390592929313985));
#2771=CARTESIAN_POINT('',(0.0896256637285135,0.00565551538353494,-0.00407717471667244));
#2772=CARTESIAN_POINT('',(0.0987120467791543,0.00577741291563865,-0.00420743946497277));
#2773=CARTESIAN_POINT('',(0.104762562831472,0.00586848631374592,-0.00429544410043651));
#2774=CARTESIAN_POINT('',(-0.0396555290182469,0.00790505640382713,-0.0113671368161887));
#2775=CARTESIAN_POINT('',(-0.0337835177840994,0.00774270821234599,-0.0103827867483581));
#2776=CARTESIAN_POINT('',(-0.0249609047258532,0.00752406188105669,-0.00891681977700095));
#2777=CARTESIAN_POINT('',(-0.0131238158229841,0.00730050642044798,-0.00719895236394219));
#2778=CARTESIAN_POINT('',(-0.00419989060390011,0.00716358461171604,-0.0060794806167028));
#2779=CARTESIAN_POINT('',(0.00578006753513685,0.00703938035690952,-0.00508834311282001));
#2780=CARTESIAN_POINT('',(0.017814873895086,0.0069194065896148,-0.00425563515421053));
#2781=CARTESIAN_POINT('',(0.0319250005706369,0.00681414940246739,-0.00371066929248801));
#2782=CARTESIAN_POINT('',(0.0460849056503893,0.00674795822735838,-0.00351935450087439));
#2783=CARTESIAN_POINT('',(0.0582391259754219,0.00672293297322736,-0.00353729590851441));
#2784=CARTESIAN_POINT('',(0.0683678970409732,0.00672200635996383,-0.00362395624059501));
#2785=CARTESIAN_POINT('',(0.0774759844235466,0.00673553206100788,-0.00372925313689101));
#2786=CARTESIAN_POINT('',(0.0896094474765459,0.00677046109036096,-0.00387446440867096));
#2787=CARTESIAN_POINT('',(0.0987015775450846,0.00681096382632286,-0.00399161610384447));
#2788=CARTESIAN_POINT('',(0.104759919758898,0.00683980572389474,-0.00407383932849484));
#2789=CARTESIAN_POINT('',(-0.0401675789394192,0.00948678327996994,-0.0105065086872666));
#2790=CARTESIAN_POINT('',(-0.0341957607877432,0.00924957429913431,-0.0096257431992609));
#2791=CARTESIAN_POINT('',(-0.0252275044144768,0.00891708982606915,-0.00830975612384634));
#2792=CARTESIAN_POINT('',(-0.0132312810423829,0.00855962507317292,-0.00675494745587779));
#2793=CARTESIAN_POINT('',(-0.00421141846795858,0.00833703851119218,-0.00573494402789143));
#2794=CARTESIAN_POINT('',(0.00584079743365208,0.00814019397490657,-0.00482431851573099));
#2795=CARTESIAN_POINT('',(0.0179188648073648,0.00796268435441859,-0.00404937954509334));
#2796=CARTESIAN_POINT('',(0.0320304771568266,0.00781706521757766,-0.00352927130972861));
#2797=CARTESIAN_POINT('',(0.0461581253113852,0.00771927933501658,-0.00333042466033551));
#2798=CARTESIAN_POINT('',(0.0582752830453982,0.00766091841813177,-0.00332824831913754));
#2799=CARTESIAN_POINT('',(0.0683756594525306,0.00762263631967715,-0.00339551212304467));
#2800=CARTESIAN_POINT('',(0.077465516916632,0.00759196154181253,-0.0034852057805291));
#2801=CARTESIAN_POINT('',(0.0895893031984213,0.00755049695766955,-0.00361656511794722));
#2802=CARTESIAN_POINT('',(0.0986882139324356,0.00751629484696717,-0.00373114028764825));
#2803=CARTESIAN_POINT('',(0.104756025596203,0.00748930186040318,-0.00381581607863171));
#2804=CARTESIAN_POINT('',(-0.040656228008037,0.0106314608802742,-0.00970015912107543));
#2805=CARTESIAN_POINT('',(-0.0345904519458414,0.0103278945162548,-0.00890523928855272));
#2806=CARTESIAN_POINT('',(-0.0254845221456328,0.00989044522720544,-0.00771613960319155));
#2807=CARTESIAN_POINT('',(-0.0133372277162305,0.00939584111197497,-0.00630385585986496));
#2808=CARTESIAN_POINT('',(-0.00422604397476023,0.00907780239200326,-0.00537249303687713));
#2809=CARTESIAN_POINT('',(0.00589537752366294,0.00879223389280582,-0.00453553108901627));
#2810=CARTESIAN_POINT('',(0.018014840268897,0.0085374851322277,-0.00381693716127523));
#2811=CARTESIAN_POINT('',(0.0321282328606667,0.00833726606898363,-0.00332898295269564));
#2812=CARTESIAN_POINT('',(0.0462257094077583,0.0082068488011303,-0.00313856548608518));
#2813=CARTESIAN_POINT('',(0.0583081973745112,0.00812252935105872,-0.00313377823527408));
#2814=CARTESIAN_POINT('',(0.0683822335093148,0.00805717427109636,-0.00319709521182261));
#2815=CARTESIAN_POINT('',(0.0774554574581252,0.00799438524150091,-0.00328501530721854));
#2816=CARTESIAN_POINT('',(0.0895715842805859,0.00789657743606168,-0.00342036726913176));
#2817=CARTESIAN_POINT('',(0.0986788301734475,0.00780790282116548,-0.00354585470337828));
#2818=CARTESIAN_POINT('',(0.104757161658878,0.00774242034823925,-0.00364199301141145));
#2819=CARTESIAN_POINT('',(-0.0410653985661292,0.011427662882612,-0.00903330754905571));
#2820=CARTESIAN_POINT('',(-0.0349217327717079,0.0110711165189151,-0.00830144359243454));
#2821=CARTESIAN_POINT('',(-0.0257013085463805,0.0105494360385036,-0.00720756429879074));
#2822=CARTESIAN_POINT('',(-0.0134277752652665,0.00994186337036482,-0.00590931720710058));
#2823=CARTESIAN_POINT('',(-0.00424006106941663,0.00954297165172515,-0.00505321957850392));
#2824=CARTESIAN_POINT('',(0.00593945141773745,0.00917953705971793,-0.00428376799521776));
#2825=CARTESIAN_POINT('',(0.0180931958757334,0.00885394774659116,-0.00362251831504817));
#2826=CARTESIAN_POINT('',(0.0322074744615066,0.00860283484635887,-0.00317280050313228));
#2827=CARTESIAN_POINT('',(0.0462795461536562,0.00844701723324034,-0.00299814739481981));
#2828=CARTESIAN_POINT('',(0.0583334898667751,0.00834762934475964,-0.00299748298273176));
#2829=CARTESIAN_POINT('',(0.0683863473126061,0.00826661698539678,-0.00306277176922111));
#2830=CARTESIAN_POINT('',(0.0774467996322293,0.00818316490684028,-0.00315462840664331));
#2831=CARTESIAN_POINT('',(0.0895588608907572,0.00804550764129727,-0.00330251165353653));
#2832=CARTESIAN_POINT('',(0.0986757499000343,0.00791676255460276,-0.00344700193911385));
#2833=CARTESIAN_POINT('',(0.104765019853328,0.00782511590478557,-0.00356013810706784));
#2834=CARTESIAN_POINT('',(-0.0413743906701615,0.011961335680156,-0.00853360521938445));
#2835=CARTESIAN_POINT('',(-0.0351722290072112,0.0115655296068885,-0.0078452870233719));
#2836=CARTESIAN_POINT('',(-0.025865642088176,0.0109816394567264,-0.00681821942602177));
#2837=CARTESIAN_POINT('',(-0.0134968348754665,0.0102910555032723,-0.00560389078602479));
#2838=CARTESIAN_POINT('',(-0.00425127077613734,0.00983279526505313,-0.00480556283105359));
#2839=CARTESIAN_POINT('',(0.00597214900917184,0.00941208783698299,-0.00409062042115663));
#2840=CARTESIAN_POINT('',(0.0181514889237496,0.00903399689576525,-0.00347862986902603));
#2841=CARTESIAN_POINT('',(0.0322659565103594,0.00874476183404238,-0.00306403984320358));
#2842=CARTESIAN_POINT('',(0.0463186399418506,0.00857099169046285,-0.00290496207776452));
#2843=CARTESIAN_POINT('',(0.0583512321242757,0.00846244671683133,-0.00290960822718126));
#2844=CARTESIAN_POINT('',(0.068388536613474,0.00837148984826902,-0.00297880133358209));
#2845=CARTESIAN_POINT('',(0.0774399488499001,0.00827363029449418,-0.00307711703348461));
#2846=CARTESIAN_POINT('',(0.0895502116993257,0.00810698841298322,-0.00324165974921837));
#2847=CARTESIAN_POINT('',(0.0986759017950629,0.00795076479780616,-0.00340832782146828));
#2848=CARTESIAN_POINT('',(0.104774726900649,0.00784469246467193,-0.00353748804638338));
#2849=CARTESIAN_POINT('',(-0.0416866624336704,0.0124431804360947,-0.00803117075432284));
#2850=CARTESIAN_POINT('',(-0.0354257398849214,0.0120101889887062,-0.00738088959428556));
#2851=CARTESIAN_POINT('',(-0.0260324563128761,0.0113684276534979,-0.00641262632490235));
#2852=CARTESIAN_POINT('',(-0.0135675344464903,0.010603126253396,-0.00527492850554749));
#2853=CARTESIAN_POINT('',(-0.00426351891610266,0.0100923844198193,-0.00453130469373538));
#2854=CARTESIAN_POINT('',(0.00600425333267193,0.00962130578001788,-0.00387082115642105));
#2855=CARTESIAN_POINT('',(0.0182091124492958,0.00919600068054183,-0.00331222185276425));
#2856=CARTESIAN_POINT('',(0.0323231884894886,0.00886932632211624,-0.00294098218449099));
#2857=CARTESIAN_POINT('',(0.046355985926897,0.00867480742400543,-0.00280524413849485));
#2858=CARTESIAN_POINT('',(0.0583673440467791,0.00855816918868537,-0.00281738402653335));
#2859=CARTESIAN_POINT('',(0.0683897773040318,0.00846493516342309,-0.00288611046689144));
#2860=CARTESIAN_POINT('',(0.0774333466749711,0.00836749867031332,-0.00297909159553787));
#2861=CARTESIAN_POINT('',(0.0895444209784201,0.00820381890212413,-0.00312913632936816));
#2862=CARTESIAN_POINT('',(0.0986819807360472,0.00805362514911588,-0.00327288503734571));
#2863=CARTESIAN_POINT('',(0.104792766925052,0.00795135286058264,-0.00337914932225707));
#2864=CARTESIAN_POINT('',(-0.0421067731832588,0.0130250584942027,-0.00735709115690026));
#2865=CARTESIAN_POINT('',(-0.0357672003306005,0.0125465827977362,-0.00674992949883343));
#2866=CARTESIAN_POINT('',(-0.0262577726763139,0.0118352775947783,-0.00584839156823518));
#2867=CARTESIAN_POINT('',(-0.0136639152121709,0.0109840246176258,-0.00479872204306219));
#2868=CARTESIAN_POINT('',(-0.00428141852954349,0.0104150253511265,-0.00411864044288222));
#2869=CARTESIAN_POINT('',(0.00604592701648825,0.00989034533552386,-0.00352249003402114));
#2870=CARTESIAN_POINT('',(0.0182848136732822,0.00941732872692,-0.00302854252950286));
#2871=CARTESIAN_POINT('',(0.0323980016300933,0.0090548452414402,-0.00271174898858553));
#2872=CARTESIAN_POINT('',(0.0464040392276554,0.00884102197415571,-0.00260704010919653));
#2873=CARTESIAN_POINT('',(0.0583874141385468,0.00871620996014376,-0.00263011121679038));
#2874=CARTESIAN_POINT('',(0.068390870772604,0.00861922232992536,-0.00269912972686841));
#2875=CARTESIAN_POINT('',(0.0774253143000349,0.00851935742654931,-0.00278583691276792));
#2876=CARTESIAN_POINT('',(0.0895402027410689,0.00835221380107539,-0.0029181083489819));
#2877=CARTESIAN_POINT('',(0.098696576957846,0.0081994923361295,-0.00303584095362967));
#2878=CARTESIAN_POINT('',(0.104825589430077,0.00809434010005486,-0.003118331008528));
#2879=CARTESIAN_POINT('',(-0.0426364212502869,0.0136491034910145,-0.00650956924286281));
#2880=CARTESIAN_POINT('',(-0.0361981655008793,0.013120994553255,-0.00594420057555292));
#2881=CARTESIAN_POINT('',(-0.0265429425584842,0.0123354838610944,-0.00510693077059568));
#2882=CARTESIAN_POINT('',(-0.0137871749012258,0.0113974316213465,-0.00414233049828557));
#2883=CARTESIAN_POINT('',(-0.00430611284592501,0.0107722447193591,-0.00352416278558265));
#2884=CARTESIAN_POINT('',(0.00609602242912897,0.0101986144958292,-0.00299229345278608));
#2885=CARTESIAN_POINT('',(0.0183772524225315,0.00968486371457292,-0.00256613727092989));
#2886=CARTESIAN_POINT('',(0.0324887756173571,0.00929382914293398,-0.002311354388951));
#2887=CARTESIAN_POINT('',(0.0464611071554453,0.00906507911456635,-0.00224669354144556));
#2888=CARTESIAN_POINT('',(0.0584101762474137,0.00893420182450085,-0.00228560833523772));
#2889=CARTESIAN_POINT('',(0.068391441038794,0.0088349827529541,-0.00235486219048605));
#2890=CARTESIAN_POINT('',(0.0774168204659963,0.00873419510981314,-0.00243064495229556));
#2891=CARTESIAN_POINT('',(0.089541176932441,0.00856547408960445,-0.00253147080832985));
#2892=CARTESIAN_POINT('',(0.0987261428806156,0.00840989779530196,-0.00260619857006194));
#2893=CARTESIAN_POINT('',(0.104881812596242,0.00829990273752207,-0.00265243587500738));
#2894=CARTESIAN_POINT('',(-0.0432783444930754,0.0142625291636432,-0.00548162674407063));
#2895=CARTESIAN_POINT('',(-0.0367207768157791,0.0136860396498747,-0.00495069198437657));
#2896=CARTESIAN_POINT('',(-0.0268893714054612,0.0128292864417239,-0.00416511691799929));
#2897=CARTESIAN_POINT('',(-0.0139381472568045,0.0118108110693664,-0.00326797238267673));
#2898=CARTESIAN_POINT('',(-0.00433817997100969,0.0111351712335497,-0.00269914650515553));
#2899=CARTESIAN_POINT('',(0.00615409587323539,0.0105196259682759,-0.00222047990631271));
#2900=CARTESIAN_POINT('',(0.0184860490428082,0.00997395030017955,-0.00185455705433714));
#2901=CARTESIAN_POINT('',(0.0325951017912383,0.00956434199640985,-0.00166079393465514));
#2902=CARTESIAN_POINT('',(0.0465267636010834,0.00932886129903879,-0.00164071453667947));
#2903=CARTESIAN_POINT('',(0.0584354290694488,0.0091964322484052,-0.00169934256075988));
#2904=CARTESIAN_POINT('',(0.0683917760011753,0.00909668287881447,-0.00176975203961387));
#2905=CARTESIAN_POINT('',(0.0774089198136239,0.00899461093488312,-0.00183263875160917));
#2906=CARTESIAN_POINT('',(0.0895498347287867,0.00882083692213705,-0.00189532068917969));
#2907=CARTESIAN_POINT('',(0.0987745938213182,0.00865655628851765,-0.00192003523420272));
#2908=CARTESIAN_POINT('',(0.104966436044037,0.00853729063281809,-0.00192584218553682));
#2909=CARTESIAN_POINT('',(-0.0439307648704694,0.0147614104270435,-0.00443277074300011));
#2910=CARTESIAN_POINT('',(-0.0372520059994295,0.0141466721375646,-0.00392357819445148));
#2911=CARTESIAN_POINT('',(-0.0272417881100607,0.0132336995758726,-0.00316958374583371));
#2912=CARTESIAN_POINT('',(-0.0140923430694019,0.0121522874553133,-0.00231364282314332));
#2913=CARTESIAN_POINT('',(-0.00437182675176696,0.0114375524286946,-0.00177576448788828));
#2914=CARTESIAN_POINT('',(0.00621181564485127,0.0107903323544273,-0.00133281065821538));
#2915=CARTESIAN_POINT('',(0.0185951512854867,0.0102221589562392,-0.00101120995229991));
#2916=CARTESIAN_POINT('',(0.0327016421838289,0.00980225544702458,-0.000866888267380118));
#2917=CARTESIAN_POINT('',(0.0465921939277834,0.00956614482598938,-0.000886221298289038));
#2918=CARTESIAN_POINT('',(0.0584604637599426,0.0094356242921983,-0.000963523717287683));
#2919=CARTESIAN_POINT('',(0.0683925144133507,0.0093369773986433,-0.00103558470461578));
#2920=CARTESIAN_POINT('',(0.0774026809106986,0.00923414546742217,-0.00108675288282074));
#2921=CARTESIAN_POINT('',(0.0895628489974496,0.0090549646487461,-0.00111388855295535));
#2922=CARTESIAN_POINT('',(0.0988303495840205,0.00888113111374036,-0.00109244809376465));
#2923=CARTESIAN_POINT('',(0.10506064844909,0.00875239971175156,-0.00106143038073175));
#2924=CARTESIAN_POINT('',(-0.0448247064592247,0.0152893010182318,-0.00298637001859997));
#2925=CARTESIAN_POINT('',(-0.037979893883979,0.0146364427092402,-0.00249251031224553));
#2926=CARTESIAN_POINT('',(-0.0277248449019683,0.0136671183298731,-0.00175975522702858));
#2927=CARTESIAN_POINT('',(-0.0143039811377392,0.0125225975776758,-0.00093257426175251));
#2928=CARTESIAN_POINT('',(-0.00441831705902811,0.0117688173181265,-0.000417864600303671));
#2929=CARTESIAN_POINT('',(0.0062906670241,0.011090531049675,-4.99270022528831E-6));
#2930=CARTESIAN_POINT('',(0.0187449464596847,0.0105015627788017,0.00027448285111325));
#2931=CARTESIAN_POINT('',(0.0328486492716774,0.0100745205548092,0.000366820164831251));
#2932=CARTESIAN_POINT('',(0.0466833836599759,0.0098412730471064,0.000302436064270669));
#2933=CARTESIAN_POINT('',(0.0584964961404086,0.00971477154330456,0.00020164618632419));
#2934=CARTESIAN_POINT('',(0.0683952262536123,0.00961782267058654,0.000125267008407442));
#2935=CARTESIAN_POINT('',(0.0773956564481457,0.00951357219582209,8.51680269433534E-5));
#2936=CARTESIAN_POINT('',(0.0895814947017229,0.00932630636491456,9.55344310857298E-5));
#2937=CARTESIAN_POINT('',(0.0989064326960446,0.00913939225966872,0.000166895720922834));
#2938=CARTESIAN_POINT('',(0.105188462113271,0.00899858584165339,0.000237749809771428));
#2939=CARTESIAN_POINT('',(-0.045772747426392,0.0156230827941094,-0.00143370845481059));
#2940=CARTESIAN_POINT('',(-0.0387518710667054,0.0149509457224552,-0.000938812442323832));
#2941=CARTESIAN_POINT('',(-0.0282373641983282,0.0139529336819618,-0.000203537510105627));
#2942=CARTESIAN_POINT('',(-0.0145284282679746,0.0127767828868783,0.000624033165118036));
#2943=CARTESIAN_POINT('',(-0.00446711260594344,0.0120038013805054,0.00113590938093946));
#2944=CARTESIAN_POINT('',(0.00637583613160433,0.0113109046691266,0.00153944632084951));
#2945=CARTESIAN_POINT('',(0.018907461052509,0.0107132527947756,0.00179868946717176));
#2946=CARTESIAN_POINT('',(0.0330106850180487,0.0102850508859312,0.00185897896035617));
#2947=CARTESIAN_POINT('',(0.0467874589262158,0.0100552272137402,0.00176116946924999));
#2948=CARTESIAN_POINT('',(0.05854135004981,0.00993116066425138,0.00163813751579589));
#2949=CARTESIAN_POINT('',(0.068402561519136,0.00983406032252349,0.00155150620473466));
#2950=CARTESIAN_POINT('',(0.0773892752758823,0.00972687969819021,0.00151099034576147));
#2951=CARTESIAN_POINT('',(0.0895952434137414,0.00953066092316925,0.00153472004278927));
#2952=CARTESIAN_POINT('',(0.0989730322886376,0.00933181126524291,0.00162941417097066));
#2953=CARTESIAN_POINT('',(0.105303574388198,0.00918094847188007,0.00171987774680511));
#2954=CARTESIAN_POINT('',(-0.0466862171444454,0.0157055486401653,8.72472714156983E-5));
#2955=CARTESIAN_POINT('',(-0.0394955841751446,0.0150409181741899,0.000588760994323698));
#2956=CARTESIAN_POINT('',(-0.0287309560160414,0.0140557161687591,0.00133587056022612));
#2957=CARTESIAN_POINT('',(-0.0147434264796069,0.012897871505249,0.00217936303688882));
#2958=CARTESIAN_POINT('',(-0.00451154489304213,0.0121380309003422,0.00270154286954656));
#2959=CARTESIAN_POINT('',(0.00646269080982545,0.0114572766101588,0.00311242570486507));
#2960=CARTESIAN_POINT('',(0.0190727759215034,0.0108690589494969,0.00337305130203573));
#2961=CARTESIAN_POINT('',(0.0331799424442618,0.010444315823133,0.00342457528403279));
#2962=CARTESIAN_POINT('',(0.0469026068389352,0.010210868374922,0.00330892137192942));
#2963=CARTESIAN_POINT('',(0.058596959839721,0.0100795241234388,0.00316575730277142));
#2964=CARTESIAN_POINT('',(0.0684163875593611,0.0099742934747019,0.0030602274850844));
#2965=CARTESIAN_POINT('',(0.0773815266340048,0.00985853979499104,0.0030015973927021));
#2966=CARTESIAN_POINT('',(0.0895903346661949,0.00964953168574025,0.00300019328776889));
#2967=CARTESIAN_POINT('',(0.0990010982021087,0.00943961053454367,0.00307478032045978));
#2968=CARTESIAN_POINT('',(0.105364480906807,0.00928081726341361,0.0031512938512035));
#2969=CARTESIAN_POINT('',(-0.0472323123705278,0.0156778719176645,0.00100400228500247));
#2970=CARTESIAN_POINT('',(-0.0399400402982176,0.0150274267274153,0.00150895289189448));
#2971=CARTESIAN_POINT('',(-0.0290257387548739,0.0140647800848061,0.0022637102018743));
#2972=CARTESIAN_POINT('',(-0.0148712946593981,0.0129360368535004,0.00312006565498808));
#2973=CARTESIAN_POINT('',(-0.00453702702362346,0.0121959376865775,0.00365186097620638));
#2974=CARTESIAN_POINT('',(0.00651635914192974,0.0115322875420403,0.00407186674358652));
#2975=CARTESIAN_POINT('',(0.0191745628950131,0.0109561901705217,0.00433956103361679));
#2976=CARTESIAN_POINT('',(0.0332854674221679,0.0105346633957405,0.0043925244709696));
#2977=CARTESIAN_POINT('',(0.0469763304110999,0.0102957714986424,0.00427055652485854));
#2978=CARTESIAN_POINT('',(0.0586342652737941,0.0101560743218356,0.00411572687678565));
#2979=CARTESIAN_POINT('',(0.0684268421981026,0.0100429254802611,0.00399608878096522));
#2980=CARTESIAN_POINT('',(0.0773763080959763,0.00992010866478348,0.0039211024465406));
#2981=CARTESIAN_POINT('',(0.0895812925113449,0.00970258071741666,0.00389274724930428));
#2982=CARTESIAN_POINT('',(0.0990057738829004,0.00948701947021287,0.00394182377484733));
#2983=CARTESIAN_POINT('',(0.105384152474747,0.00932467000486834,0.00399955249839658));
#2984=CARTESIAN_POINT('',(-0.0476653158752772,0.0156136472252689,0.00173445745446306));
#2985=CARTESIAN_POINT('',(-0.0402922740629243,0.0149801150687295,0.00224056458916347));
#2986=CARTESIAN_POINT('',(-0.0292591002799989,0.0140437779633556,0.00299992697961917));
#2987=CARTESIAN_POINT('',(-0.0149720687822978,0.0129484900423326,0.00386735675816575));
#2988=CARTESIAN_POINT('',(-0.00455640326558698,0.012231126326046,0.0044088468552154));
#2989=CARTESIAN_POINT('',(0.0065600754330381,0.0115875374870625,0.0048401595973999));
#2990=CARTESIAN_POINT('',(0.0192570461829536,0.0110264478950052,0.00512000716077227));
#2991=CARTESIAN_POINT('',(0.0333716411800536,0.0106100878019793,0.00518160614340423));
#2992=CARTESIAN_POINT('',(0.0470374982503214,0.010365767129561,0.00505893552309468));
#2993=CARTESIAN_POINT('',(0.058665892895554,0.0102162575742078,0.0048936195117824));
#2994=CARTESIAN_POINT('',(0.0684358938269884,0.0100931249909892,0.00475713465845847));
#2995=CARTESIAN_POINT('',(0.0773711472277365,0.00996081662963893,0.00465950818241713));
#2996=CARTESIAN_POINT('',(0.089569856001273,0.00973090983794929,0.00458942572949283));
#2997=CARTESIAN_POINT('',(0.0990019817012231,0.0095063606872069,0.00459463037078106));
#2998=CARTESIAN_POINT('',(0.105389877218463,0.00933826647150118,0.00461747018841686));
#2999=CARTESIAN_POINT('',(-0.0481184503361473,0.0154980406301203,0.00250316395599889));
#3000=CARTESIAN_POINT('',(-0.0406607182474855,0.0148890975828807,0.00300961395886617));
#3001=CARTESIAN_POINT('',(-0.0295029944051967,0.0139906165444545,0.00377405904407157));
#3002=CARTESIAN_POINT('',(-0.0150769547281398,0.0129435315335585,0.00465555281541602));
#3003=CARTESIAN_POINT('',(-0.00457584059407563,0.0122590593799697,0.00520937693616897));
#3004=CARTESIAN_POINT('',(0.00660703804191347,0.0116445939361354,0.00565460419323918));
#3005=CARTESIAN_POINT('',(0.0193450996123598,0.0111053363652526,0.00594882779177291));
#3006=CARTESIAN_POINT('',(0.0334639768089588,0.0106965261685554,0.00602070997343779));
#3007=CARTESIAN_POINT('',(0.0471036181020839,0.010444521322098,0.00589865037421104));
#3008=CARTESIAN_POINT('',(0.0587004889205965,0.0102810854092158,0.00572413389103204));
#3009=CARTESIAN_POINT('',(0.0684458356507605,0.0101437563317242,0.00557218733824593));
#3010=CARTESIAN_POINT('',(0.0773647707049412,0.00999789490413695,0.00545358511758711));
#3011=CARTESIAN_POINT('',(0.0895540750935782,0.00975018310946059,0.00534488002154893));
#3012=CARTESIAN_POINT('',(0.0989910987018836,0.00951250712730776,0.00530975621472878));
#3013=CARTESIAN_POINT('',(0.105386505275554,0.00933593344575982,0.00530092704140837));
#3014=CARTESIAN_POINT('',(-0.0487389023634233,0.0152691412989575,0.00355967217099268));
#3015=CARTESIAN_POINT('',(-0.0411644781611134,0.0147054427901172,0.0040603556839821));
#3016=CARTESIAN_POINT('',(-0.0298352819106619,0.0138750024339837,0.00482290231498798));
#3017=CARTESIAN_POINT('',(-0.0152182117032781,0.0129119475271504,0.00571425814910768));
#3018=CARTESIAN_POINT('',(-0.00459986152818722,0.0122839787974634,0.00627931288110208));
#3019=CARTESIAN_POINT('',(0.00667384278347931,0.0117190705536554,0.00673903923408601));
#3020=CARTESIAN_POINT('',(0.0194680655274089,0.0112167469694794,0.00704964983222148));
#3021=CARTESIAN_POINT('',(0.0335926687546766,0.0108204974548239,0.00713339129216938));
#3022=CARTESIAN_POINT('',(0.0471960606805957,0.01055500199386,0.0070095582266557));
#3023=CARTESIAN_POINT('',(0.0587490088946314,0.0103676165709218,0.00681890920362823));
#3024=CARTESIAN_POINT('',(0.0684594944296092,0.0102062121680388,0.00664191472730205));
#3025=CARTESIAN_POINT('',(0.0773546674122605,0.0100377249699188,0.00649050418279911));
#3026=CARTESIAN_POINT('',(0.0895283054655298,0.00976090966488786,0.0063230078759075));
#3027=CARTESIAN_POINT('',(0.098968980716159,0.00950241157225738,0.00622796278363016));
#3028=CARTESIAN_POINT('',(0.105372297502263,0.00931262498468525,0.00617275757662529));
#3029=CARTESIAN_POINT('',(-0.0495288778301679,0.014832699768046,0.00490910412115891));
#3030=CARTESIAN_POINT('',(-0.0418043264550262,0.0143488443695181,0.00538904017114568));
#3031=CARTESIAN_POINT('',(-0.0302548046011061,0.0136345412791413,0.0061290374099408));
#3032=CARTESIAN_POINT('',(-0.0153932901504801,0.0128079577767226,0.00701173867428554));
#3033=CARTESIAN_POINT('',(-0.00462544223606221,0.0122695483439789,0.00757822388055118));
#3034=CARTESIAN_POINT('',(0.0067634174151,0.0117818183473114,0.00804497303502262));
#3035=CARTESIAN_POINT('',(0.0196285488241782,0.011336075502139,0.0083653533456655));
#3036=CARTESIAN_POINT('',(0.0337597254404298,0.0109580734888614,0.00845328913936244));
#3037=CARTESIAN_POINT('',(0.0473160458630167,0.0106705534045379,0.00831733107301534));
#3038=CARTESIAN_POINT('',(0.0588118172533196,0.0104458834231615,0.00809839214818847));
#3039=CARTESIAN_POINT('',(0.0684763253086478,0.010248040456065,0.0078838673274982));
#3040=CARTESIAN_POINT('',(0.0773393020390196,0.0100463472091092,0.0076866067391911));
#3041=CARTESIAN_POINT('',(0.0894890729531615,0.00972861545564647,0.00744068292779114));
#3042=CARTESIAN_POINT('',(0.0989299894874775,0.00944271159790944,0.0072688837812855));
#3043=CARTESIAN_POINT('',(0.105339925292401,0.00923628588705003,0.00715559372017094));
#3044=CARTESIAN_POINT('',(-0.0504484622193691,0.0140660712394983,0.00647930548696783));
#3045=CARTESIAN_POINT('',(-0.0425473194110408,0.0137077638183673,0.00691593515313472));
#3046=CARTESIAN_POINT('',(-0.0307382935785996,0.0131722248853886,0.00759392524010534));
#3047=CARTESIAN_POINT('',(-0.0155900901704327,0.0125398313106453,0.00841955395049805));
#3048=CARTESIAN_POINT('',(-0.00464792677212061,0.0121221225437289,0.00895773625715392));
#3049=CARTESIAN_POINT('',(0.00687381102306887,0.0117344289970663,0.00940711768258093));
#3050=CARTESIAN_POINT('',(0.0198196842921339,0.0113607820723818,0.00971638429847106));
#3051=CARTESIAN_POINT('',(0.0339565016566819,0.0110067742665865,0.00978802657082243));
#3052=CARTESIAN_POINT('',(0.0474562293894562,0.0106930074791884,0.00961763022769145));
#3053=CARTESIAN_POINT('',(0.0588838793404096,0.01042397093295,0.00934873583919875));
#3054=CARTESIAN_POINT('',(0.0684933657874257,0.0101842216646161,0.00907757126511565));
#3055=CARTESIAN_POINT('',(0.0773173364283938,0.00994627156483036,0.00881714321713936));
#3056=CARTESIAN_POINT('',(0.0894362542908302,0.00958762749357567,0.00847048681048246));
#3057=CARTESIAN_POINT('',(0.0988739580037313,0.00927875539195652,0.00820630121401367));
#3058=CARTESIAN_POINT('',(0.10528889462429,0.00906070678830269,0.00802537171486957));
#3059=CARTESIAN_POINT('',(-0.0512943571831997,0.0130936545730822,0.007915875618241));
#3060=CARTESIAN_POINT('',(-0.0432304116450546,0.0128746373779405,0.00829897366244527));
#3061=CARTESIAN_POINT('',(-0.0311812645828169,0.0125400437792817,0.00888942954974751));
#3062=CARTESIAN_POINT('',(-0.0157671678040112,0.0121183883915662,0.009604875728306));
#3063=CARTESIAN_POINT('',(-0.00466368348053102,0.0118245362480913,0.0100719639586796));
#3064=CARTESIAN_POINT('',(0.00697989310445121,0.011533059754928,0.010461629855912));
#3065=CARTESIAN_POINT('',(0.0199982747494343,0.0112262116431562,0.0107221080088184));
#3066=CARTESIAN_POINT('',(0.0341378000606194,0.0108994081681557,0.0107494170653396));
#3067=CARTESIAN_POINT('',(0.0475835762164235,0.0105740814751244,0.0105264632997758));
#3068=CARTESIAN_POINT('',(0.0589475067574596,0.0102791621715162,0.0101972058859661));
#3069=CARTESIAN_POINT('',(0.0685057430459436,0.0100155075169411,0.00986428363451817));
#3070=CARTESIAN_POINT('',(0.0772933942327318,0.00975886458854802,0.00953942186904023));
#3071=CARTESIAN_POINT('',(0.0893829643472564,0.00938393785290579,0.00909570945490223));
#3072=CARTESIAN_POINT('',(0.0988165500658987,0.00907268818037369,0.00874840388704057));
#3073=CARTESIAN_POINT('',(0.105235237489659,0.00885795266830865,0.00850991592570261));
#3074=CARTESIAN_POINT('',(-0.0519081073438152,0.0121708328501157,0.0089486449771295));
#3075=CARTESIAN_POINT('',(-0.0437269945354839,0.0120623552983654,0.00928624642808589));
#3076=CARTESIAN_POINT('',(-0.0315045725532663,0.0118920101683712,0.00979882099656135));
#3077=CARTESIAN_POINT('',(-0.0158972154948224,0.0116527484404095,0.0103981771593151));
#3078=CARTESIAN_POINT('',(-0.00467583823093594,0.0114698391383509,0.0107783501455779));
#3079=CARTESIAN_POINT('',(0.00705708245395902,0.0112668228430003,0.0110818857331008));
#3080=CARTESIAN_POINT('',(0.0201281956707141,0.0110239104877502,0.0112615529310896));
#3081=CARTESIAN_POINT('',(0.0342687880374492,0.0107319101882908,0.0112234025540685));
#3082=CARTESIAN_POINT('',(0.0476747228147515,0.0104171513290742,0.010951892341468));
#3083=CARTESIAN_POINT('',(0.0589924434099923,0.0101220620974591,0.0105829652463996));
#3084=CARTESIAN_POINT('',(0.0685137454019414,0.00985656830569645,0.0102140807524932));
#3085=CARTESIAN_POINT('',(0.0772752356018802,0.00959978408231765,0.00985256787955939));
#3086=CARTESIAN_POINT('',(0.0893435342629489,0.00923034004744591,0.00935270114836062));
#3087=CARTESIAN_POINT('',(0.0987740440024981,0.00893019610330155,0.00895835066904285));
#3088=CARTESIAN_POINT('',(0.105195416874354,0.00872545757823498,0.00869009031253832));
#3089=CARTESIAN_POINT('',(-0.0522796420457293,0.0115090462190979,0.00956863280385515));
#3090=CARTESIAN_POINT('',(-0.044028453423027,0.0114670653548275,0.00987697376128105));
#3091=CARTESIAN_POINT('',(-0.0317023435108372,0.0113973191391133,0.0103401257647948));
#3092=CARTESIAN_POINT('',(-0.0159788288888743,0.0112773689522455,0.0108652559319944));
#3093=CARTESIAN_POINT('',(-0.00468614411642981,0.0111720873877905,0.0111883283535158));
#3094=CARTESIAN_POINT('',(0.00710158682723392,0.011036883537758,0.0114325367918196));
#3095=CARTESIAN_POINT('',(0.0202058046392192,0.0108496688506564,0.0115528170974719));
#3096=CARTESIAN_POINT('',(0.0343482866032897,0.0105941170621279,0.0114651897072458));
#3097=CARTESIAN_POINT('',(0.0477309311653749,0.0102956544543236,0.011162663117669));
#3098=CARTESIAN_POINT('',(0.0590210366259117,0.0100056025693967,0.0107747614830545));
#3099=CARTESIAN_POINT('',(0.0685199454400389,0.00974144439248535,0.010390836323292));
#3100=CARTESIAN_POINT('',(0.0772651717010355,0.00948582352403839,0.0100137339485877));
#3101=CARTESIAN_POINT('',(0.089319668938946,0.00912100599901621,0.00948785113543853));
#3102=CARTESIAN_POINT('',(0.0987474119094277,0.00882800795101356,0.00907069869971766));
#3103=CARTESIAN_POINT('',(0.105169745501744,0.00862867434976603,0.00878853268751404));
#3104=CARTESIAN_POINT('',(-0.0524746749033166,0.0111333924585094,0.00989261170503255));
#3105=CARTESIAN_POINT('',(-0.0441869591130427,0.0111256087609064,0.0101852185291744));
#3106=CARTESIAN_POINT('',(-0.0318067923611198,0.0111079566317894,0.0106221466940012));
#3107=CARTESIAN_POINT('',(-0.0160225920863992,0.0110513600472489,0.0111086948001024));
#3108=CARTESIAN_POINT('',(-0.00469252936324586,0.0109883393967501,0.0114023202723626));
#3109=CARTESIAN_POINT('',(0.00712419018448406,0.0108913496116128,0.0116159995937004));
#3110=CARTESIAN_POINT('',(0.0202462330825288,0.0107371080546599,0.0117055722366769));
#3111=CARTESIAN_POINT('',(0.0343902973492169,0.0105045692958186,0.0115921758240734));
#3112=CARTESIAN_POINT('',(0.0477611207984602,0.0102170664804193,0.0112738436748115));
#3113=CARTESIAN_POINT('',(0.0590368064688609,0.00993061606416742,0.0108767614432661));
#3114=CARTESIAN_POINT('',(0.0685238097140479,0.00966741111319422,0.0104856615912044));
#3115=CARTESIAN_POINT('',(0.0772601638843539,0.00941232994971281,0.0101009384271348));
#3116=CARTESIAN_POINT('',(0.0893067908523181,0.00904956999768706,0.00956193049613384));
#3117=CARTESIAN_POINT('',(0.0987324749911409,0.0087596130699166,0.00913308212620704));
#3118=CARTESIAN_POINT('',(0.10515486012821,0.00856230835490483,0.00884377029816844));
#3119=CARTESIAN_POINT('',(-0.0526576010263153,0.0107625548132656,0.0101955339361296));
#3120=CARTESIAN_POINT('',(-0.0443358066452986,0.0107862270712594,0.010473136056196));
#3121=CARTESIAN_POINT('',(-0.0319052010887343,0.010816692267093,0.0108853390604094));
#3122=CARTESIAN_POINT('',(-0.0160642832875861,0.0108194079883005,0.0113363499694712));
#3123=CARTESIAN_POINT('',(-0.00469919441937396,0.0107964517568146,0.0116032112219728));
#3124=CARTESIAN_POINT('',(0.00714488843143433,0.010736243056129,0.0117894947601223));
#3125=CARTESIAN_POINT('',(0.0202840141476475,0.010614337021998,0.0118518437018231));
#3126=CARTESIAN_POINT('',(0.0344300535154027,0.0104048750690395,0.0117158353732502));
#3127=CARTESIAN_POINT('',(0.0477901126859279,0.0101287478582468,0.0113836034805302));
#3128=CARTESIAN_POINT('',(0.0590522793409435,0.00984670307429801,0.0109777617123166));
#3129=CARTESIAN_POINT('',(0.0685279108372673,0.00958573537739701,0.0105788573186651));
#3130=CARTESIAN_POINT('',(0.0772555858434328,0.00933310022364381,0.0101851161642026));
#3131=CARTESIAN_POINT('',(0.0892942206902594,0.00897629781326222,0.00963012464320154));
#3132=CARTESIAN_POINT('',(0.0987174628841474,0.00869405627401752,0.00918685507899521));
#3133=CARTESIAN_POINT('',(0.105139574044368,0.0085024776788475,0.00888899396702245));
#3134=CARTESIAN_POINT('',(-0.0528662629587224,0.010306737280803,0.0105395873603211));
#3135=CARTESIAN_POINT('',(-0.0445059112377527,0.0103644260711181,0.0108000688043747));
#3136=CARTESIAN_POINT('',(-0.0320182330643906,0.0104471812646519,0.0111846444184135));
#3137=CARTESIAN_POINT('',(-0.016112981558926,0.0105162468781795,0.0115969050336652));
#3138=CARTESIAN_POINT('',(-0.0047080052893759,0.0105395068932355,0.0118347246069561));
#3139=CARTESIAN_POINT('',(0.0071675762723584,0.0105239205163783,0.0119907614119578));
#3140=CARTESIAN_POINT('',(0.0203267791764925,0.0104444422292386,0.0120215646485007));
#3141=CARTESIAN_POINT('',(0.0344758195229566,0.0102687170560597,0.0118571486582071));
#3142=CARTESIAN_POINT('',(0.0478240614061573,0.0100110495022029,0.0115067164454974));
#3143=CARTESIAN_POINT('',(0.059070877959312,0.00973509954155123,0.0110919959681614));
#3144=CARTESIAN_POINT('',(0.068533356187671,0.0094735794624662,0.0106887410223368));
#3145=CARTESIAN_POINT('',(0.0772506904403447,0.00921629492197233,0.0102924648399282));
#3146=CARTESIAN_POINT('',(0.0892792022576627,0.00884764936809269,0.0097348111858048));
#3147=CARTESIAN_POINT('',(0.0986982992430679,0.00854843863693746,0.00929064622442911));
#3148=CARTESIAN_POINT('',(0.105118778666037,0.00834087850879055,0.00899170578496572));
#3149=CARTESIAN_POINT('',(-0.0530952767045948,0.00975714312579751,0.0109151541502084));
#3150=CARTESIAN_POINT('',(-0.0446929699966256,0.00984887554446342,0.0111567605470995));
#3151=CARTESIAN_POINT('',(-0.0321431907328302,0.00998408393392895,0.0115117599926634));
#3152=CARTESIAN_POINT('',(-0.0161678566830994,0.0101208093821092,0.0118848550391848));
#3153=CARTESIAN_POINT('',(-0.00471932536213119,0.0101920583311696,0.0120943442333699));
#3154=CARTESIAN_POINT('',(0.00719091302049637,0.0102242689261674,0.0122216632743448));
#3155=CARTESIAN_POINT('',(0.0203725231365442,0.0101925600879685,0.0122229032968634));
#3156=CARTESIAN_POINT('',(0.0345255642590607,0.0100576929091778,0.0120314990317398));
#3157=CARTESIAN_POINT('',(0.0478615309312173,0.00982440093164458,0.0116629874912455));
#3158=CARTESIAN_POINT('',(0.0590919115033951,0.0095574466333523,0.0112388493992412));
#3159=CARTESIAN_POINT('',(0.0685401703349616,0.0092961272287966,0.0108304533818077));
#3160=CARTESIAN_POINT('',(0.0772462551982107,0.00903354387444335,0.01043057093171));
#3161=CARTESIAN_POINT('',(0.0892638330940326,0.00865053516078629,0.00986804845692086));
#3162=CARTESIAN_POINT('',(0.0986786000425069,0.00833162739177578,0.00941973034507086));
#3163=CARTESIAN_POINT('',(0.10509750611982,0.0081070101239394,0.00911676225403513));
#3164=CARTESIAN_POINT('',(-0.0533029744608802,0.00921037537408242,0.0112538435451722));
#3165=CARTESIAN_POINT('',(-0.0448629554587232,0.00932908177499367,0.0114781987862076));
#3166=CARTESIAN_POINT('',(-0.0322573451066586,0.00950576039859442,0.011807069301415));
#3167=CARTESIAN_POINT('',(-0.0162188933336069,0.00969664393978639,0.0121476464987254));
#3168=CARTESIAN_POINT('',(-0.00473102196732664,0.00980697741211794,0.0123345286916219));
#3169=CARTESIAN_POINT('',(0.0072107758818763,0.00987952698916944,0.0124396390532735));
#3170=CARTESIAN_POINT('',(0.0204131066532775,0.0098905597736439,0.0124183902134521));
#3171=CARTESIAN_POINT('',(0.0345704696446614,0.00979551184721662,0.0122061281989576));
#3172=CARTESIAN_POINT('',(0.0478959563335692,0.00958874859440262,0.0118227655881478));
#3173=CARTESIAN_POINT('',(0.059111768348463,0.00933300751110666,0.0113903452808583));
#3174=CARTESIAN_POINT('',(0.0685472287071732,0.00907295369006456,0.0109773206961676));
#3175=CARTESIAN_POINT('',(0.0772430291451331,0.00880485385437097,0.0105743169961358));
#3176=CARTESIAN_POINT('',(0.0892504564627307,0.00840510862357628,0.010007805460617));
#3177=CARTESIAN_POINT('',(0.0986610039498371,0.00806319504591265,0.0095557019717794));
#3178=CARTESIAN_POINT('',(0.105078246206815,0.00781942216127679,0.0092485432338758));
#3179=CARTESIAN_POINT('',(-0.0535547232580112,0.00848345110463442,0.0116628466802792));
#3180=CARTESIAN_POINT('',(-0.0450693546324412,0.00862720774109192,0.0118674179212812));
#3181=CARTESIAN_POINT('',(-0.0323965799943772,0.00884195646001117,0.0121672811071499));
#3182=CARTESIAN_POINT('',(-0.0162820539694521,0.00908275763592036,0.0124739316925584));
#3183=CARTESIAN_POINT('',(-0.00474664254389625,0.00922965131349491,0.0126383208690913));
#3184=CARTESIAN_POINT('',(0.00723355198105651,0.00934135987022374,0.0127225195885332));
#3185=CARTESIAN_POINT('',(0.0204613816255677,0.00939641948591225,0.0126813561943089));
#3186=CARTESIAN_POINT('',(0.0346246311954365,0.00934588434674234,0.0124513416319753));
#3187=CARTESIAN_POINT('',(0.0479380325630496,0.0091721240086947,0.012054773830599));
#3188=CARTESIAN_POINT('',(0.0591365090524482,0.00893257203065988,0.0116136814974834));
#3189=CARTESIAN_POINT('',(0.0685565515412612,0.00867646609085421,0.0111944533978917));
#3190=CARTESIAN_POINT('',(0.0772398149605945,0.00840349957535141,0.010785939172943));
#3191=CARTESIAN_POINT('',(0.0892347738240238,0.00798495000701696,0.010210907020673));
#3192=CARTESIAN_POINT('',(0.0986400561991826,0.00761595799741376,0.00975015473105515));
#3193=CARTESIAN_POINT('',(0.105055189060957,0.00734981291707744,0.0094350296436738));
#3194=CARTESIAN_POINT('',(-0.053826089080848,0.00758101992532867,0.0121017992477075));
#3195=CARTESIAN_POINT('',(-0.0452922901418443,0.00773917473612174,0.0122866197159053));
#3196=CARTESIAN_POINT('',(-0.0325477250933984,0.00797496148893886,0.0125584024096818));
#3197=CARTESIAN_POINT('',(-0.0163516731426879,0.00824453959484821,0.0128339678223154));
#3198=CARTESIAN_POINT('',(-0.00476515961087687,0.00841411277271694,0.0129787114145287));
#3199=CARTESIAN_POINT('',(0.00725660477530988,0.00855347705549812,0.0130459325497015));
#3200=CARTESIAN_POINT('',(0.0205123521945437,0.00864480763637196,0.0129903653302492));
#3201=CARTESIAN_POINT('',(0.0346826595282701,0.0086368629543872,0.0127492173587711));
#3202=CARTESIAN_POINT('',(0.0479837289166421,0.00849938875916509,0.0123446562747176));
#3203=CARTESIAN_POINT('',(0.0591639007611702,0.00828076797384423,0.0118969745009239));
#3204=CARTESIAN_POINT('',(0.0685674509816078,0.00803288721067146,0.0114711831007198));
#3205=CARTESIAN_POINT('',(0.0772371420735629,0.00775862131707266,0.0110550114011815));
#3206=CARTESIAN_POINT('',(0.0892185347346524,0.00732502815707545,0.010466151289956));
#3207=CARTESIAN_POINT('',(0.0986180733770744,0.00693107313996198,0.00999077846452858));
#3208=CARTESIAN_POINT('',(0.105030900912797,0.00664344956724969,0.00966359814255982));
#3209=CARTESIAN_POINT('',(-0.0541837131018887,0.00614504725069327,0.0126783233024402));
#3210=CARTESIAN_POINT('',(-0.0455865275362238,0.00630028913606346,0.0128388906162188));
#3211=CARTESIAN_POINT('',(-0.0327479015963193,0.0065300477635401,0.0130761948899949));
#3212=CARTESIAN_POINT('',(-0.0164448311193233,0.00679790364395745,0.0133137499318649));
#3213=CARTESIAN_POINT('',(-0.0047911122711744,0.00697209325923574,0.0134348690351949));
#3214=CARTESIAN_POINT('',(0.0072855466739814,0.00712708792258565,0.0134827561086015));
#3215=CARTESIAN_POINT('',(0.020578395587407,0.00725158983067084,0.0134128747394846));
#3216=CARTESIAN_POINT('',(0.0347585850420571,0.00729469664035581,0.0131634105319477));
#3217=CARTESIAN_POINT('',(0.0480440788297795,0.00720894741948907,0.0127542309291472));
#3218=CARTESIAN_POINT('',(0.0592006127750176,0.00702454711367748,0.0123014433156471));
#3219=CARTESIAN_POINT('',(0.0685826912038674,0.00679325501440036,0.0118685883844004));
#3220=CARTESIAN_POINT('',(0.0772345649690942,0.00652151100650851,0.0114424837174476));
#3221=CARTESIAN_POINT('',(0.0891980493983339,0.00607143064610157,0.0108337575933448));
#3222=CARTESIAN_POINT('',(0.098589912565886,0.00564528032420541,0.0103361560193561));
#3223=CARTESIAN_POINT('',(0.104999611830226,0.00532948695747533,0.00999071522255134));
#3224=CARTESIAN_POINT('',(-0.0545119455373633,0.0043396155595412,0.0132055872629069));
#3225=CARTESIAN_POINT('',(-0.0458569393459005,0.00445601051519852,0.0133453471247867));
#3226=CARTESIAN_POINT('',(-0.0329324379812327,0.00462635000353019,0.01355186866169));
#3227=CARTESIAN_POINT('',(-0.0165315596195283,0.00483233560390134,0.0137544859263627));
#3228=CARTESIAN_POINT('',(-0.00481635457544863,0.00497353332145506,0.0138539530323456));
#3229=CARTESIAN_POINT('',(0.00731066258234633,0.00511331517301553,0.0138850205767958));
#3230=CARTESIAN_POINT('',(0.0206377376206681,0.00524889447047393,0.0138048157536901));
#3231=CARTESIAN_POINT('',(0.0348274988141889,0.00533448778227822,0.013552889089286));
#3232=CARTESIAN_POINT('',(0.0480994570668068,0.00530539092595888,0.0131452071077022));
#3233=CARTESIAN_POINT('',(0.0592349970643239,0.00516537843462619,0.0126917238762422));
#3234=CARTESIAN_POINT('',(0.068597868974844,0.00496064174666303,0.0122545112133632));
#3235=CARTESIAN_POINT('',(0.0772336918067795,0.004700150970989,0.0118199985506294));
#3236=CARTESIAN_POINT('',(0.0891809198124204,0.00424354520485959,0.0111921870738324));
#3237=CARTESIAN_POINT('',(0.0985656600687367,0.00379155060563337,0.0106720057490144));
#3238=CARTESIAN_POINT('',(0.104972377523138,0.00345172363822581,0.0103080938256493));
#3239=CARTESIAN_POINT('',(-0.0547145950565205,0.00239923204762719,0.0135303589151394));
#3240=CARTESIAN_POINT('',(-0.0460239516222745,0.00244718166837766,0.0136564870518581));
#3241=CARTESIAN_POINT('',(-0.0330465669281359,0.00251686974732182,0.0138416138080585));
#3242=CARTESIAN_POINT('',(-0.0165855353256442,0.00261450125641687,0.0140191986832847));
#3243=CARTESIAN_POINT('',(-0.00483255765667181,0.00269225646135572,0.0141030393485638));
#3244=CARTESIAN_POINT('',(0.00732532531505699,0.00278825592621834,0.0141220993859146));
#3245=CARTESIAN_POINT('',(0.0206734298048417,0.00290799326964041,0.0140349937394764));
#3246=CARTESIAN_POINT('',(0.0348692539081635,0.00301598265287242,0.0137826141441977));
#3247=CARTESIAN_POINT('',(0.0481334139053156,0.00303756733170223,0.0133780346164252));
#3248=CARTESIAN_POINT('',(0.0592567981532691,0.00294911576878999,0.0129261340464455));
#3249=CARTESIAN_POINT('',(0.0686086179598408,0.00278548035697641,0.0124876497735137));
#3250=CARTESIAN_POINT('',(0.0772352998694446,0.00255622175295765,0.0120488565471748));
#3251=CARTESIAN_POINT('',(0.0891732913987803,0.00212895875529459,0.0114099054626806));
#3252=CARTESIAN_POINT('',(0.0985539107494767,0.00168696658873094,0.010875909961629));
#3253=CARTESIAN_POINT('',(0.104958837296236,0.00134979961104068,0.0105007189975749));
#3254=CARTESIAN_POINT('',(-0.0547890000592612,0.000676816762184437,0.0136489894802399));
#3255=CARTESIAN_POINT('',(-0.0460852999090694,0.000657111411701255,0.0137683455742764));
#3256=CARTESIAN_POINT('',(-0.0330885764092587,0.000628289121439899,0.0139428018032539));
#3257=CARTESIAN_POINT('',(-0.016605587496833,0.000617605279497055,0.0141078935353228));
#3258=CARTESIAN_POINT('',(-0.00483884864739538,0.000629511860488453,0.0141839137320525));
#3259=CARTESIAN_POINT('',(0.00733021602154171,0.000674843276577101,0.0141969050255931));
#3260=CARTESIAN_POINT('',(0.0206860125038749,0.000765355318967023,0.0141062244536714));
#3261=CARTESIAN_POINT('',(0.034884225147352,0.000877772975529502,0.0138535976532303));
#3262=CARTESIAN_POINT('',(0.0481459578448583,0.000936553956472925,0.0134509397718206));
#3263=CARTESIAN_POINT('',(0.0592654796745204,0.000897434068525272,0.0130006161024516));
#3264=CARTESIAN_POINT('',(0.0686138474434505,0.000782182160635427,0.0125625310475072));
#3265=CARTESIAN_POINT('',(0.0772377832550846,0.000599623115631485,0.0121228767800163));
#3266=CARTESIAN_POINT('',(0.0891730304668837,0.000235992394134248,0.0114806185302673));
#3267=CARTESIAN_POINT('',(0.0985523791255005,-0.000156803924252738,0.0109420322039437));
#3268=CARTESIAN_POINT('',(0.104956708015218,-0.000460725626667541,0.0105630448016225));
#3269=CARTESIAN_POINT('',(-0.0547905552509802,-0.000718903442605963,0.0136507316340942));
#3270=CARTESIAN_POINT('',(-0.0460865833529094,-0.000794111113772016,0.0137675831458306));
#3271=CARTESIAN_POINT('',(-0.0330895023578033,-0.000903586596142673,0.0139382089784526));
#3272=CARTESIAN_POINT('',(-0.016606201800392,-0.00100384202410409,0.0140987992151396));
#3273=CARTESIAN_POINT('',(-0.00483934068790031,-0.00104723080905642,0.0141719274987625));
#3274=CARTESIAN_POINT('',(0.00732966097027946,-0.00104614358247063,0.0141824803373796));
#3275=CARTESIAN_POINT('',(0.0206853841008244,-0.000984253625792843,0.0140900161037843));
#3276=CARTESIAN_POINT('',(0.0348836166942837,-0.000873865353390324,0.0138367657779282));
#3277=CARTESIAN_POINT('',(0.0481457540617065,-0.000787958968396862,0.0134347679515431));
#3278=CARTESIAN_POINT('',(0.0592660702128134,-0.000785717350566351,0.0129857168046273));
#3279=CARTESIAN_POINT('',(0.0686153734618477,-0.000857054262349697,0.0125490076742783));
#3280=CARTESIAN_POINT('',(0.0772403523807981,-0.000994241395623968,0.0121107517138365));
#3281=CARTESIAN_POINT('',(0.089176906086293,-0.0012914923371032,0.0114704887937554));
#3282=CARTESIAN_POINT('',(0.098557008708188,-0.00162892317172934,0.010933531105023));
#3283=CARTESIAN_POINT('',(0.104961704093618,-0.00189464800027461,0.0105556615708207));
#3284=CARTESIAN_POINT('',(-0.0547226426283366,-0.00223746613400793,0.013540586353043));
#3285=CARTESIAN_POINT('',(-0.0460307024150153,-0.00236888422103145,0.0136582545083139));
#3286=CARTESIAN_POINT('',(-0.0330515235109072,-0.00256051072049359,0.0138304105076095));
#3287=CARTESIAN_POINT('',(-0.0165885680621323,-0.0027544096498655,0.0139929457403212));
#3288=CARTESIAN_POINT('',(-0.00483445808773028,-0.00285741456363789,0.0140673038741115));
#3289=CARTESIAN_POINT('',(0.0073241531418568,-0.00290733864932567,0.0140787299109829));
#3290=CARTESIAN_POINT('',(0.020673154230806,-0.00288398391915295,0.0139866352258264));
#3291=CARTESIAN_POINT('',(0.0348700699144021,-0.00278589275403384,0.013733326313411));
#3292=CARTESIAN_POINT('',(0.0481357151443247,-0.00267657912945932,0.0133314818131843));
#3293=CARTESIAN_POINT('',(0.0592608406351369,-0.00262675945630911,0.0128833713564746));
#3294=CARTESIAN_POINT('',(0.0686143240581744,-0.00264035629029928,0.0124483237585482));
#3295=CARTESIAN_POINT('',(0.0772426709835386,-0.0027113070993732,0.0120124604764281));
#3296=CARTESIAN_POINT('',(0.0891822187585516,-0.00290090431636686,0.0113768411817203));
#3297=CARTESIAN_POINT('',(0.0985631029516541,-0.00313721027837801,0.0108448647968803));
#3298=CARTESIAN_POINT('',(0.104967903186209,-0.00332725716734993,0.0104708996474598));
#3299=CARTESIAN_POINT('',(-0.0545698610865719,-0.00383440288028975,0.0132935548375165));
#3300=CARTESIAN_POINT('',(-0.0459051091550513,-0.00401638420703338,0.0134163751500133));
#3301=CARTESIAN_POINT('',(-0.0329663059296334,-0.00428262786143522,0.0135967775809852));
#3302=CARTESIAN_POINT('',(-0.0165489144724363,-0.00456223454369659,0.0137695323441796));
#3303=CARTESIAN_POINT('',(-0.00482310743079292,-0.00472001327899761,0.0138506715080464));
#3304=CARTESIAN_POINT('',(0.00731294039472472,-0.00481696949259282,0.0138680015437051));
#3305=CARTESIAN_POINT('',(0.020647772293728,-0.00482908196763935,0.0137805625778881));
#3306=CARTESIAN_POINT('',(0.0348424601762878,-0.00474118962596676,0.0135298728470453));
#3307=CARTESIAN_POINT('',(0.0481157573296923,-0.00460678701196518,0.0131287408180665));
#3308=CARTESIAN_POINT('',(0.0592502804998452,-0.00450744988927767,0.0126808516512368));
#3309=CARTESIAN_POINT('',(0.0686109216521043,-0.00446105880746911,0.0122463394823651));
#3310=CARTESIAN_POINT('',(0.0772437216181251,-0.0044631420925291,0.0118116098696913));
#3311=CARTESIAN_POINT('',(0.0891844704782934,-0.00454080745475938,0.0111788448730078));
#3312=CARTESIAN_POINT('',(0.098561492208227,-0.0046725268113667,0.0106504738601757));
#3313=CARTESIAN_POINT('',(0.10496206461329,-0.00478508480848091,0.0102796399184849));
#3314=CARTESIAN_POINT('',(-0.0543238969201591,-0.00545334708287451,0.0128965026051593));
#3315=CARTESIAN_POINT('',(-0.0457028219726332,-0.00567021129513455,0.0130303886475405));
#3316=CARTESIAN_POINT('',(-0.0328288774376589,-0.00598927940904512,0.0132274537659383));
#3317=CARTESIAN_POINT('',(-0.0164848338148305,-0.00633106450361997,0.0134198260443809));
#3318=CARTESIAN_POINT('',(-0.00480470221138482,-0.00652908426823041,0.0135136136912255));
#3319=CARTESIAN_POINT('',(0.0072947479399888,-0.00666100324091218,0.0135416141863943));
#3320=CARTESIAN_POINT('',(0.0206061648155839,-0.00669935567752606,0.013462198805525));
#3321=CARTESIAN_POINT('',(0.0347964887459576,-0.00661652092749627,0.0132156740609074));
#3322=CARTESIAN_POINT('',(0.048081577464974,-0.00645570465409095,0.012815605751364));
#3323=CARTESIAN_POINT('',(0.0592312115600226,-0.00630684875720373,0.0123685044917817));
#3324=CARTESIAN_POINT('',(0.0686037821840424,-0.00620028095300766,0.0119358016698642));
#3325=CARTESIAN_POINT('',(0.0772445119048886,-0.00613262220066324,0.0115043568463566));
#3326=CARTESIAN_POINT('',(0.089188969995828,-0.00609567197287632,0.0108790714129414));
#3327=CARTESIAN_POINT('',(0.0985618973037899,-0.00611938397608763,0.0103595399594321));
#3328=CARTESIAN_POINT('',(0.104957330385717,-0.00615180695667417,0.00999597653084166));
#3329=CARTESIAN_POINT('',(-0.053984059730014,-0.0070381939899629,0.0123478156046073));
#3330=CARTESIAN_POINT('',(-0.0454234217308276,-0.00726360557573284,0.0125004825168947));
#3331=CARTESIAN_POINT('',(-0.0326391706809389,-0.00759738366236901,0.0127246230291346));
#3332=CARTESIAN_POINT('',(-0.0163966171634304,-0.0079582467404464,0.0129477490811939));
#3333=CARTESIAN_POINT('',(-0.0047797343765499,-0.00816891683091625,0.0130611454983779));
#3334=CARTESIAN_POINT('',(0.00726897921556093,-0.00831159109905355,0.0131058249997077));
#3335=CARTESIAN_POINT('',(0.0205477209550009,-0.00835592761208588,0.0130395154369004));
#3336=CARTESIAN_POINT('',(0.0347316954696173,-0.00826528365518202,0.0128009688928626));
#3337=CARTESIAN_POINT('',(0.0480329871017427,-0.00807471747431103,0.012404626191657));
#3338=CARTESIAN_POINT('',(0.0592036848682451,-0.007879027283651,0.0119606828636123));
#3339=CARTESIAN_POINT('',(0.068593115335519,-0.00771717909545953,0.0115323671002858));
#3340=CARTESIAN_POINT('',(0.0772453285105039,-0.00758566456291567,0.0111073445087445));
#3341=CARTESIAN_POINT('',(0.0891960623264639,-0.00744326276943125,0.0104952229020473));
#3342=CARTESIAN_POINT('',(0.098564688201998,-0.00736727694408751,0.00999036035694247));
#3343=CARTESIAN_POINT('',(0.104954088867402,-0.00732569863806775,0.00963861639978461));
#3344=CARTESIAN_POINT('',(-0.0535578295234115,-0.00853614153789246,0.0116579953489145));
#3345=CARTESIAN_POINT('',(-0.0450734855563658,-0.00873471944021868,0.011839061203103));
#3346=CARTESIAN_POINT('',(-0.03240228215453,-0.00902969144386222,0.0121036502338258));
#3347=CARTESIAN_POINT('',(-0.016287424604181,-0.00934619560234318,0.012371725972519));
#3348=CARTESIAN_POINT('',(-0.00475001643486718,-0.00952795666742152,0.0125136009094566));
#3349=CARTESIAN_POINT('',(0.00723513612389361,-0.00964429737900877,0.0125830021560595));
#3350=CARTESIAN_POINT('',(0.0204730471171447,-0.00966320304848052,0.0125376071910558));
#3351=CARTESIAN_POINT('',(0.0346494174108158,-0.00954466021456618,0.0123145809636583));
#3352=CARTESIAN_POINT('',(0.0479715302282606,-0.00931916028999075,0.0119285521365173));
#3353=CARTESIAN_POINT('',(0.0591690626333759,-0.00908129352062637,0.0114931248945687));
#3354=CARTESIAN_POINT('',(0.068579939803522,-0.00887281845263268,0.0110737758589312));
#3355=CARTESIAN_POINT('',(0.0772467458359491,-0.0086882400476892,0.0106596160725613));
#3356=CARTESIAN_POINT('',(0.0892057320060875,-0.00845795710094046,0.0100673239141809));
#3357=CARTESIAN_POINT('',(0.0985694604308705,-0.00829871036132953,0.00958304949708766));
#3358=CARTESIAN_POINT('',(0.104951709893991,-0.00819524125796942,0.00924766993861914));
#3359=CARTESIAN_POINT('',(-0.0530608406466505,-0.00990067374223284,0.0108488983211745));
#3360=CARTESIAN_POINT('',(-0.044666888464704,-0.0100270441403474,0.0110711315808989));
#3361=CARTESIAN_POINT('',(-0.0321293739150809,-0.0102112791275538,0.0113982595329036));
#3362=CARTESIAN_POINT('',(-0.0161647661653795,-0.0103892008126743,0.0117437670355265));
#3363=CARTESIAN_POINT('',(-0.00472034007676629,-0.0104756845194248,0.0119387310433965));
#3364=CARTESIAN_POINT('',(0.00719138947156094,-0.0105020818572523,0.0120588084548395));
#3365=CARTESIAN_POINT('',(0.0203831571417168,-0.0104376532179179,0.0120616960015865));
#3366=CARTESIAN_POINT('',(0.034552885235735,-0.0102521096619894,0.011879154685268));
#3367=CARTESIAN_POINT('',(0.0479013519015946,-0.00998222820019611,0.011520632953926));
#3368=CARTESIAN_POINT('',(0.0591312840302479,-0.00971254854117169,0.0111034992252819));
#3369=CARTESIAN_POINT('',(0.0685674468412558,-0.00947505455773413,0.0106988606571466));
#3370=CARTESIAN_POINT('',(0.07725085874574,-0.00925825086750372,0.0102994942711927));
#3371=CARTESIAN_POINT('',(0.089218452303568,-0.00897224667387588,0.00973152726858013));
#3372=CARTESIAN_POINT('',(0.0985754386086023,-0.00875845262759285,0.00927078901098687));
#3373=CARTESIAN_POINT('',(0.104948605324673,-0.00861443377589711,0.00895393886469269));
#3374=CARTESIAN_POINT('',(-0.0526047463809834,-0.0109057470341565,0.010097174118531));
#3375=CARTESIAN_POINT('',(-0.0442957297630443,-0.0109478308270048,0.0103588006363135));
#3376=CARTESIAN_POINT('',(-0.0318837971531301,-0.0110025666959305,0.010750428432231));
#3377=CARTESIAN_POINT('',(-0.0160595995673071,-0.0110187159643757,0.0111894997351915));
#3378=CARTESIAN_POINT('',(-0.00470131014706346,-0.0109944501997694,0.0114558750296343));
#3379=CARTESIAN_POINT('',(0.00714412693881875,-0.0109176120058691,0.0116510521381246));
#3380=CARTESIAN_POINT('',(0.0202964614243728,-0.0107604039155257,0.0117312055004285));
#3381=CARTESIAN_POINT('',(0.0344647067500123,-0.0105069844348714,0.0116137197924081));
#3382=CARTESIAN_POINT('',(0.0478411662958571,-0.0102052763240416,0.0112910163149125));
#3383=CARTESIAN_POINT('',(0.0591022352820991,-0.0099257799324674,0.0108885507365466));
#3384=CARTESIAN_POINT('',(0.068561362623633,-0.00968387199304246,0.0104915753050301));
#3385=CARTESIAN_POINT('',(0.0772585911889504,-0.00946050247725995,0.0100995581107213));
#3386=CARTESIAN_POINT('',(0.0892313444308724,-0.00915581800187392,0.00954675241048294));
#3387=CARTESIAN_POINT('',(0.098579537339084,-0.00891795244757178,0.00910359401460919));
#3388=CARTESIAN_POINT('',(0.104942472582966,-0.00875563351971308,0.00880118486214608));
#3389=CARTESIAN_POINT('',(-0.0522730994044726,-0.0115336411953412,0.00954584331442101));
#3390=CARTESIAN_POINT('',(-0.0440268400061399,-0.0115113646088695,0.00983594288517355));
#3391=CARTESIAN_POINT('',(-0.031707700188987,-0.0114684377865992,0.0102755359495141));
#3392=CARTESIAN_POINT('',(-0.0159868657303181,-0.0113683378290309,0.0107878446228823));
#3393=CARTESIAN_POINT('',(-0.0046915617096929,-0.01126818899075,0.0111115361814259));
#3394=CARTESIAN_POINT('',(0.00710637364352249,-0.0111249404980099,0.0113678582598083));
#3395=CARTESIAN_POINT('',(0.0202317465439072,-0.0109127193048348,0.011511283983074));
#3396=CARTESIAN_POINT('',(0.0344014572932603,-0.0106223049602339,0.0114471566498302));
#3397=CARTESIAN_POINT('',(0.0478002076312356,-0.0103042849073976,0.0111533389772218));
#3398=CARTESIAN_POINT('',(0.0590844145529219,-0.0100206893229581,0.0107615818647276));
#3399=CARTESIAN_POINT('',(0.0685597775125475,-0.0097776394430738,0.0103694142939803));
#3400=CARTESIAN_POINT('',(0.07726589826638,-0.00955160396904513,0.0099820430117869));
#3401=CARTESIAN_POINT('',(0.0892402482312192,-0.00923715495115391,0.00943974154545608));
#3402=CARTESIAN_POINT('',(0.0985799610462507,-0.00898601595956685,0.00900912100982541));
#3403=CARTESIAN_POINT('',(0.10493388797438,-0.00881433909961646,0.00871622642994756));
#3404=CARTESIAN_POINT('',(-0.0520815147360302,-0.0118704507555658,0.009226075704642));
#3405=CARTESIAN_POINT('',(-0.0438717617814953,-0.0118106727940791,0.00953242083120235));
#3406=CARTESIAN_POINT('',(-0.0316065919427338,-0.0117112310154072,0.00999962798695234));
#3407=CARTESIAN_POINT('',(-0.0159457312501234,-0.0115457482180556,0.0105542007046723));
#3408=CARTESIAN_POINT('',(-0.00468683766763835,-0.0114041706271388,0.010910714801147));
#3409=CARTESIAN_POINT('',(0.00708389987531553,-0.0112261668321997,0.0112014743176373));
#3410=CARTESIAN_POINT('',(0.020194151463673,-0.0109868719697904,0.0113797064859974));
#3411=CARTESIAN_POINT('',(0.0343652534564965,-0.0106796800854773,0.0113444927415515));
#3412=CARTESIAN_POINT('',(0.0477772249435508,-0.0103547988284211,0.0110671740845951));
#3413=CARTESIAN_POINT('',(0.0590748493885658,-0.0100693045653686,0.0106831286035458));
#3414=CARTESIAN_POINT('',(0.0685594477372262,-0.00982505718451097,0.0102958726099286));
#3415=CARTESIAN_POINT('',(0.0772704040138098,-0.00959654131977091,0.00991356796930841));
#3416=CARTESIAN_POINT('',(0.0892451209920515,-0.00927504745238947,0.00938095559399173));
#3417=CARTESIAN_POINT('',(0.0985794208743573,-0.00901529794824944,0.00896092982091));
#3418=CARTESIAN_POINT('',(0.104927789768914,-0.00883789072389706,0.00867615182957467));
#3419=CARTESIAN_POINT('',(-0.0518890959544027,-0.0121924856840052,0.00890405733183845));
#3420=CARTESIAN_POINT('',(-0.043716161979957,-0.0120950542074113,0.00922649445722616));
#3421=CARTESIAN_POINT('',(-0.0315054127399214,-0.0119391959842731,0.00972110349041726));
#3422=CARTESIAN_POINT('',(-0.01590492384766,-0.011709661501402,0.010317492241912));
#3423=CARTESIAN_POINT('',(-0.00468259616472952,-0.0115282208268895,0.0107063325565008));
#3424=CARTESIAN_POINT('',(0.00706098055150586,-0.0113175116698056,0.0110309272567106));
#3425=CARTESIAN_POINT('',(0.0201563058862209,-0.0110534452855068,0.0112435437279288));
#3426=CARTESIAN_POINT('',(0.0343291200592843,-0.0107314113158863,0.0112375203089579));
#3427=CARTESIAN_POINT('',(0.0477545888490236,-0.010400785290813,0.0109773821284203));
#3428=CARTESIAN_POINT('',(0.0590657097831268,-0.0101141792714862,0.0106011300276874));
#3429=CARTESIAN_POINT('',(0.0685594441367575,-0.00986965779609229,0.010218119937251));
#3430=CARTESIAN_POINT('',(0.0772749722202829,-0.00964000882581735,0.00983936696807068));
#3431=CARTESIAN_POINT('',(0.0892494639142239,-0.00931444700294623,0.00931233029597569));
#3432=CARTESIAN_POINT('',(0.098577622224826,-0.0090499428579029,0.00889658910727489));
#3433=CARTESIAN_POINT('',(0.104919751787262,-0.00886989156151597,0.0086131448091914));
#3434=CARTESIAN_POINT('',(-0.0516466003624569,-0.0125694315539227,0.00849668366268337));
#3435=CARTESIAN_POINT('',(-0.0435203675258021,-0.0124250077968255,0.00883878081859034));
#3436=CARTESIAN_POINT('',(-0.0313786125889227,-0.0121993425234491,0.00936685973700726));
#3437=CARTESIAN_POINT('',(-0.015854413756425,-0.0118924831893494,0.0100139238016471));
#3438=CARTESIAN_POINT('',(-0.00467809887286448,-0.0116640017899654,0.0104416417379851));
#3439=CARTESIAN_POINT('',(0.00703162705396976,-0.0114156972402815,0.0108069736888834));
#3440=CARTESIAN_POINT('',(0.0201087894723804,-0.0111240806901806,0.0110618271360296));
#3441=CARTESIAN_POINT('',(0.0342845676028279,-0.0107862687960714,0.011093640639272));
#3442=CARTESIAN_POINT('',(0.0477276400489946,-0.0104499063973929,0.0108576803364373));
#3443=CARTESIAN_POINT('',(0.0590558167517805,-0.0101629819064118,0.0104921117705209));
#3444=CARTESIAN_POINT('',(0.0685606084073477,-0.00991993836987333,0.0101127846174039));
#3445=CARTESIAN_POINT('',(0.077280974985827,-0.00969200275853732,0.00973413976834711));
#3446=CARTESIAN_POINT('',(0.0892531801154466,-0.00936816663218875,0.00920299080473634));
#3447=CARTESIAN_POINT('',(0.0985712419406481,-0.00910505077817576,0.00877789425104958));
#3448=CARTESIAN_POINT('',(0.104903552364534,-0.00892597585208098,0.00848361055716061));
#3449=CARTESIAN_POINT('',(-0.0512547458936354,-0.0131220457930033,0.00783541868823348));
#3450=CARTESIAN_POINT('',(-0.0432044749225244,-0.0129036108964842,0.00820774771733316));
#3451=CARTESIAN_POINT('',(-0.0311748478715353,-0.0125692108976149,0.00878692979425119));
#3452=CARTESIAN_POINT('',(-0.0157741107891404,-0.0121454221285009,0.00950868022597468));
#3453=CARTESIAN_POINT('',(-0.00467189870932644,-0.0118476576456362,0.00999196214234734));
#3454=CARTESIAN_POINT('',(0.00698382452371049,-0.0115458280982595,0.0104140752553272));
#3455=CARTESIAN_POINT('',(0.0200326516912561,-0.0112172639946492,0.0107273325982638));
#3456=CARTESIAN_POINT('',(0.0342142690805288,-0.0108614773073781,0.0108132598679464));
#3457=CARTESIAN_POINT('',(0.0476864401617684,-0.0105219176098745,0.0106160292885738));
#3458=CARTESIAN_POINT('',(0.0590421402632011,-0.0102378820150206,0.0102705371970132));
#3459=CARTESIAN_POINT('',(0.0685640855150976,-0.00999912156435051,0.00989883058700003));
#3460=CARTESIAN_POINT('',(0.0772908744101377,-0.00977547390329145,0.00951955696802103));
#3461=CARTESIAN_POINT('',(0.0892563529281954,-0.00945654654741668,0.00897634976886918));
#3462=CARTESIAN_POINT('',(0.098554683011001,-0.00919627342787469,0.00852919048038466));
#3463=CARTESIAN_POINT('',(0.104868539053477,-0.00901779854725066,0.00821416408257732));
#3464=CARTESIAN_POINT('',(-0.0507576481111349,-0.0137254271374313,0.00699166519146199));
#3465=CARTESIAN_POINT('',(-0.0428044065937056,-0.013418402070608,0.00739882161956481));
#3466=CARTESIAN_POINT('',(-0.0309177623253413,-0.0129560197391786,0.00803528534521603));
#3467=CARTESIAN_POINT('',(-0.0156735394169325,-0.0123985778691682,0.00883387868750271));
#3468=CARTESIAN_POINT('',(-0.00466475015964252,-0.0120229030433127,0.00937083476915054));
#3469=CARTESIAN_POINT('',(0.0069234790501524,-0.011661761291762,0.00984582719200344));
#3470=CARTESIAN_POINT('',(0.0199376107180514,-0.0112940126425444,0.0102142378294836));
#3471=CARTESIAN_POINT('',(0.0341277920050381,-0.010924081247437,0.0103559215027811));
#3472=CARTESIAN_POINT('',(0.047637557602632,-0.0105904474805923,0.0102053639394085));
#3473=CARTESIAN_POINT('',(0.0590280057001117,-0.010317953555105,0.00988760511404557));
#3474=CARTESIAN_POINT('',(0.0685705964943308,-0.0100899748334509,0.00952640273240702));
#3475=CARTESIAN_POINT('',(0.0773033883560812,-0.0098756782820669,0.00914378021366482));
#3476=CARTESIAN_POINT('',(0.0892555176155117,-0.00956700701853095,0.0085758186529385));
#3477=CARTESIAN_POINT('',(0.0985232469349529,-0.00931162682258222,0.00808957903337488));
#3478=CARTESIAN_POINT('',(0.104809371877687,-0.0091337864217749,0.00774161486735184));
#3479=CARTESIAN_POINT('',(-0.0501468791627412,-0.0143279162622566,0.00594931539722523));
#3480=CARTESIAN_POINT('',(-0.042313111203795,-0.0139243660254998,0.00639178337117729));
#3481=CARTESIAN_POINT('',(-0.0306020377208146,-0.0133245521357144,0.00708210450165658));
#3482=CARTESIAN_POINT('',(-0.0155491552250833,-0.0126221941952381,0.00794213014248039));
#3483=CARTESIAN_POINT('',(-0.00465435887848415,-0.0121595206328636,0.00851809060068185));
#3484=CARTESIAN_POINT('',(0.00685153875911746,-0.0117296486380122,0.00903071106984253));
#3485=CARTESIAN_POINT('',(0.0198234553460005,-0.011315971978283,0.00944128022406764));
#3486=CARTESIAN_POINT('',(0.0340242657783151,-0.0109339007917806,0.00963146651661371));
#3487=CARTESIAN_POINT('',(0.0475799964953441,-0.0106180028221824,0.0095270754438282));
#3488=CARTESIAN_POINT('',(0.0590125081801041,-0.0103701811288966,0.00923906912511493));
#3489=CARTESIAN_POINT('',(0.0685793032075783,-0.0101629744042761,0.0088892337836872));
#3490=CARTESIAN_POINT('',(0.077317609850867,-0.0099648072350055,0.00850182605450285));
#3491=CARTESIAN_POINT('',(0.0892490899837903,-0.00967135857953825,0.00790321579824857));
#3492=CARTESIAN_POINT('',(0.0984741969066339,-0.00942125594492957,0.00737064785890663));
#3493=CARTESIAN_POINT('',(0.104722317102938,-0.00924384523814675,0.00698487236216506));
#3494=CARTESIAN_POINT('',(-0.0495166414920682,-0.0148208876435703,0.00487034371100675));
#3495=CARTESIAN_POINT('',(-0.0418056583345816,-0.0143329065008683,0.00533973083462396));
#3496=CARTESIAN_POINT('',(-0.03027464741613,-0.0136128613508153,0.00606621206394778));
#3497=CARTESIAN_POINT('',(-0.0154180611782776,-0.0127780143861037,0.00695919354186784));
#3498=CARTESIAN_POINT('',(-0.00464051593132261,-0.0122322519500242,0.00755382104170661));
#3499=CARTESIAN_POINT('',(0.0067801505685166,-0.0117341499184788,0.00808513435289472));
#3500=CARTESIAN_POINT('',(0.0197078068816139,-0.0112739156486718,0.00852028536024239));
#3501=CARTESIAN_POINT('',(0.0339185225584961,-0.0108809005993824,0.00874353075591904));
#3502=CARTESIAN_POINT('',(0.0475205987863576,-0.0105870669067163,0.00867372175943074));
#3503=CARTESIAN_POINT('',(0.0589957334826439,-0.0103692493902741,0.00840889243619789));
#3504=CARTESIAN_POINT('',(0.0685869416869457,-0.0101873427125311,0.00806782099573977));
#3505=CARTESIAN_POINT('',(0.0773304467549089,-0.010008727366432,0.00767590802965767));
#3506=CARTESIAN_POINT('',(0.089239483104746,-0.00973371125979069,0.00705077458187438));
#3507=CARTESIAN_POINT('',(0.0984191231713811,-0.00949043423636556,0.00647839256745198));
#3508=CARTESIAN_POINT('',(0.104626799525214,-0.00931483565159929,0.00606009700197781));
#3509=CARTESIAN_POINT('',(-0.0488600587535817,-0.0152101820993618,0.00374561555084931));
#3510=CARTESIAN_POINT('',(-0.0412758765817766,-0.0146516744595901,0.00423198292218406));
#3511=CARTESIAN_POINT('',(-0.0299307349130948,-0.0138294682246413,0.00497638282351827));
#3512=CARTESIAN_POINT('',(-0.0152775899120272,-0.0128757696662546,0.00587873382875381));
#3513=CARTESIAN_POINT('',(-0.0046221752552367,-0.0122528269209554,0.00647667218850493));
#3514=CARTESIAN_POINT('',(0.00670879993547146,-0.0116897249424817,0.00701256944140736));
#3515=CARTESIAN_POINT('',(0.019588754610454,-0.0111843781575342,0.00745831214018479));
#3516=CARTESIAN_POINT('',(0.0338076649961731,-0.0107806664235667,0.00770107901821427));
#3517=CARTESIAN_POINT('',(0.0474562273636906,-0.0105088394454737,0.00765515564378511));
#3518=CARTESIAN_POINT('',(0.0589750395540892,-0.0103215379128039,0.00740783914365313));
#3519=CARTESIAN_POINT('',(0.0685918637812368,-0.0101658715173966,0.00707439056603929));
#3520=CARTESIAN_POINT('',(0.0773417120211308,-0.0100079464480234,0.00668052292138447));
#3521=CARTESIAN_POINT('',(0.0892293322832339,-0.00975319109067778,0.0060375873386528));
#3522=CARTESIAN_POINT('',(0.0983636507609413,-0.00951848099504593,0.00543672204047405));
#3523=CARTESIAN_POINT('',(0.104530717129869,-0.00934630284286079,0.00499466486192472));
#3524=CARTESIAN_POINT('',(-0.0481686287688654,-0.0154956404584966,0.00256339158548051));
#3525=CARTESIAN_POINT('',(-0.0407161495865289,-0.0148835173352334,0.00305297806271129));
#3526=CARTESIAN_POINT('',(-0.029564314458668,-0.0139807605574901,0.00379311812701422));
#3527=CARTESIAN_POINT('',(-0.0151241162973078,-0.0129275940748858,0.00467849804154222));
#3528=CARTESIAN_POINT('',(-0.00459740413579007,-0.0122381335048986,0.00526239459714196));
#3529=CARTESIAN_POINT('',(0.00663768766384727,-0.0116179201209174,0.005786076785101));
#3530=CARTESIAN_POINT('',(0.0194647492096453,-0.0110723687179089,0.00622507721517417));
#3531=CARTESIAN_POINT('',(0.0336886695839104,-0.0106586458721731,0.00647092379369622));
#3532=CARTESIAN_POINT('',(0.0473832669451054,-0.0104056929417829,0.00643666350787599));
#3533=CARTESIAN_POINT('',(0.0589471307872414,-0.0102452774492484,0.00620105159817544));
#3534=CARTESIAN_POINT('',(0.0685916475595115,-0.0101132692489727,0.00587507876094157));
#3535=CARTESIAN_POINT('',(0.0773503160723896,-0.00997451121965118,0.0054839708558395));
#3536=CARTESIAN_POINT('',(0.0892201694924972,-0.00973942751921685,0.00483712272038535));
#3537=CARTESIAN_POINT('',(0.0983121753112564,-0.0095141048649054,0.0042256270449753));
#3538=CARTESIAN_POINT('',(0.104440700048931,-0.00934640274321306,0.00377394026526581));
#3539=CARTESIAN_POINT('',(-0.0474345929986508,-0.0156688953206021,0.00131710158273564));
#3540=CARTESIAN_POINT('',(-0.0401204138167142,-0.0150202875047436,0.00180156905030422));
#3541=CARTESIAN_POINT('',(-0.0291720211584475,-0.0140610532089895,0.00252817276880986));
#3542=CARTESIAN_POINT('',(-0.0149571534449991,-0.0129370983130273,0.0033910567049596));
#3543=CARTESIAN_POINT('',(-0.0045674147628017,-0.012200308420251,0.00395905317133329));
#3544=CARTESIAN_POINT('',(0.00656418184313974,-0.0115395902870735,0.00446975626588255));
#3545=CARTESIAN_POINT('',(0.0193320913127165,-0.0109656342844368,0.00490192180225079));
#3546=CARTESIAN_POINT('',(0.0335576669970068,-0.0105446726933857,0.00515134901221124));
#3547=CARTESIAN_POINT('',(0.0472989316895925,-0.0103046588470859,0.00512958696597996));
#3548=CARTESIAN_POINT('',(0.0589109704203267,-0.0101632272425811,0.00490773989025711));
#3549=CARTESIAN_POINT('',(0.0685871573773381,-0.0100484164857704,0.0045931287121089));
#3550=CARTESIAN_POINT('',(0.0773591900202859,-0.00992410241653107,0.00421089412246037));
#3551=CARTESIAN_POINT('',(0.0892181022057167,-0.00970477385192463,0.00357275107926099));
#3552=CARTESIAN_POINT('',(0.0982736274287282,-0.00948807045420147,0.00296464687722637));
#3553=CARTESIAN_POINT('',(0.104367753781048,-0.00932504389639537,0.00251413910559968));
#3554=CARTESIAN_POINT('',(-0.0467799934374078,-0.0157058804631577,0.000216479614558187));
#3555=CARTESIAN_POINT('',(-0.0395879912138817,-0.0150401240229417,0.000692937922692526));
#3556=CARTESIAN_POINT('',(-0.0288196479731822,-0.0140535368032306,0.0014053260070612));
#3557=CARTESIAN_POINT('',(-0.0148051530617584,-0.0128945434676733,0.00224917062159495));
#3558=CARTESIAN_POINT('',(-0.00453789901270636,-0.0121341294500302,0.00280440779320127));
#3559=CARTESIAN_POINT('',(0.00649982337903825,-0.011452990866085,0.00330447379361203));
#3560=CARTESIAN_POINT('',(0.0192121260711638,-0.0108644525135142,0.00373011233676217));
#3561=CARTESIAN_POINT('',(0.0334356281852837,-0.0104394010671912,0.00398122180745632));
#3562=CARTESIAN_POINT('',(0.0472163655355752,-0.0102057931079119,0.00397062079295793));
#3563=CARTESIAN_POINT('',(0.0588718808781755,-0.0100744894595764,0.00376458973611626));
#3564=CARTESIAN_POINT('',(0.0685789168595131,-0.00996939751391199,0.00346653008551476));
#3565=CARTESIAN_POINT('',(0.0773673610714058,-0.00985382717440672,0.00310128540197032));
#3566=CARTESIAN_POINT('',(0.0892254580651364,-0.00964515333145012,0.00248785242075198));
#3567=CARTESIAN_POINT('',(0.0982580175727383,-0.00943559612170106,0.00190017231669636));
#3568=CARTESIAN_POINT('',(0.10432885346692,-0.00927709733162707,0.00146380497637706));
#3569=CARTESIAN_POINT('',(-0.0462313136877848,-0.015659618828485,-0.000697701309447584));
#3570=CARTESIAN_POINT('',(-0.0391410548329931,-0.0149883400816112,-0.000227768263679476));
#3571=CARTESIAN_POINT('',(-0.0285227648372311,-0.0139925248614871,0.000473882672805562));
#3572=CARTESIAN_POINT('',(-0.0146758342576695,-0.0128207556371101,0.0013039021067935));
#3573=CARTESIAN_POINT('',(-0.00451147650756606,-0.012051310109558,0.0018499097311988));
#3574=CARTESIAN_POINT('',(0.00644645734205125,-0.0113618961876094,0.00234207347202285));
#3575=CARTESIAN_POINT('',(0.0191101388159912,-0.0107669084279476,0.0027625413011384));
#3576=CARTESIAN_POINT('',(0.0333294325459088,-0.0103394318627585,0.00301483455363523));
#3577=CARTESIAN_POINT('',(0.0471418334343508,-0.01010824551118,0.003013969083488));
#3578=CARTESIAN_POINT('',(0.0588342655511066,-0.00998192792547362,0.0028232232852647));
#3579=CARTESIAN_POINT('',(0.0685691031535618,-0.00988244188984778,0.00254254469316341));
#3580=CARTESIAN_POINT('',(0.0773745738772722,-0.00977277041970525,0.00219652310703595));
#3581=CARTESIAN_POINT('',(0.089238462408022,-0.00957280956787872,0.00161320302442514));
#3582=CARTESIAN_POINT('',(0.0982586720074683,-0.00937063893221388,0.00105228808174963));
#3583=CARTESIAN_POINT('',(0.104315282337226,-0.00921732112263756,0.000634773302141378));
#3584=CARTESIAN_POINT('',(-0.0456531952710725,-0.015555701501931,-0.00165469511601748));
#3585=CARTESIAN_POINT('',(-0.0386697885308,-0.0148843379019371,-0.00118975044027768));
#3586=CARTESIAN_POINT('',(-0.0282091193040465,-0.0138877591963294,-0.000496303304358554));
#3587=CARTESIAN_POINT('',(-0.0145384368588393,-0.0127135362507356,0.000321763244714887));
#3588=CARTESIAN_POINT('',(-0.00448252496665981,-0.0119418174279846,0.000858688783521383));
#3589=CARTESIAN_POINT('',(0.00639084459572653,-0.011249851445725,0.00134099174267086));
#3590=CARTESIAN_POINT('',(0.0190021887360713,-0.0106525530995142,0.00175154644493462));
#3591=CARTESIAN_POINT('',(0.0332154069307532,-0.010224150740954,0.00199913361463367));
#3592=CARTESIAN_POINT('',(0.0470598572976677,-0.0099942409181207,0.00200577300535899));
#3593=CARTESIAN_POINT('',(0.058791049048069,-0.00987078976643513,0.0018344524308042));
#3594=CARTESIAN_POINT('',(0.0685561830139954,-0.00977489898582921,0.00158040892424965));
#3595=CARTESIAN_POINT('',(0.0773817110758796,-0.00966943095562567,0.00126777637278863));
#3596=CARTESIAN_POINT('',(0.089256553575684,-0.00947642114074018,0.000743120848727559));
#3597=CARTESIAN_POINT('',(0.0982696824182941,-0.00928090519087375,0.000241379772378879));
#3598=CARTESIAN_POINT('',(0.104316316942185,-0.00913263757890677,-0.000130144683560896));
#3599=CARTESIAN_POINT('',(-0.0448780262092784,-0.0153000413749485,-0.00292582941084062));
#3600=CARTESIAN_POINT('',(-0.038037184268113,-0.0146398529181695,-0.00246406713825682));
#3601=CARTESIAN_POINT('',(-0.0277868790901874,-0.0136596934308379,-0.00177620593664387));
#3602=CARTESIAN_POINT('',(-0.0143519678604047,-0.0125035702566183,-0.000966549891595268));
#3603=CARTESIAN_POINT('',(-0.00444159272982064,-0.0117430750781068,-0.00043593226450954));
#3604=CARTESIAN_POINT('',(0.00631736866066818,-0.0110603907166277,3.99205806304119E-5));
#3605=CARTESIAN_POINT('',(0.0188565311185676,-0.0104702182710285,0.000445313267386497));
#3606=CARTESIAN_POINT('',(0.0330591156436178,-0.0100456520050568,0.000694852387910576));
#3607=CARTESIAN_POINT('',(0.0469450565408757,-0.00981615262252837,0.000716953079228991));
#3608=CARTESIAN_POINT('',(0.0587284298629716,-0.00969173681842251,0.000572914752649245));
#3609=CARTESIAN_POINT('',(0.0685355937675117,-0.00959492090690744,0.000352678122313519));
#3610=CARTESIAN_POINT('',(0.0773903907597353,-0.00948897064009165,8.02543331145692E-5));
#3611=CARTESIAN_POINT('',(0.0892845461272136,-0.00929635016996734,-0.000376486106468573));
#3612=CARTESIAN_POINT('',(0.0982928479414275,-0.00910243188867032,-0.000812408220797332));
#3613=CARTESIAN_POINT('',(0.104329472526556,-0.0089561233069,-0.00113410236144543));
#3614=CARTESIAN_POINT('',(-0.0439146704999757,-0.0147629851904971,-0.00448477592916545));
#3615=CARTESIAN_POINT('',(-0.0372502585361426,-0.0141363675896512,-0.00401144364958721));
#3616=CARTESIAN_POINT('',(-0.0272603991785463,-0.0132060395763958,-0.003308097580514));
#3617=CARTESIAN_POINT('',(-0.0141179244839877,-0.0121065941098732,-0.00248304373653407));
#3618=CARTESIAN_POINT('',(-0.00438853236839144,-0.01138184938968,-0.00194347013299536));
#3619=CARTESIAN_POINT('',(0.00622718796556861,-0.0107288570380966,-0.00146053157681287));
#3620=CARTESIAN_POINT('',(0.0186746568351207,-0.0101606918185735,-0.00104819221202647));
#3621=CARTESIAN_POINT('',(0.0328614764897009,-0.00974651617475386,-0.000785698497988756));
#3622=CARTESIAN_POINT('',(0.0467973329864626,-0.00951638546664732,-0.000737072567912456));
#3623=CARTESIAN_POINT('',(0.0586457836089725,-0.00938761477422273,-0.000841987662736296));
#3624=CARTESIAN_POINT('',(0.0685069463519819,-0.00928707930670143,-0.00101599509853548));
#3625=CARTESIAN_POINT('',(0.0774013047785986,-0.00917911800841796,-0.00123446024129449));
#3626=CARTESIAN_POINT('',(0.0893259603263931,-0.00898718965158215,-0.00160094957165341));
#3627=CARTESIAN_POINT('',(0.0983353003541361,-0.00879743876528131,-0.00195041496622439));
#3628=CARTESIAN_POINT('',(0.104364907236551,-0.0086557090396365,-0.00220734500291974));
#3629=CARTESIAN_POINT('',(-0.0429691096931801,-0.013994550803653,-0.00600023375243786));
#3630=CARTESIAN_POINT('',(-0.036477574563345,-0.0134215557474502,-0.00549135147912286));
#3631=CARTESIAN_POINT('',(-0.026743128481681,-0.012570134699959,-0.00473605781684437));
#3632=CARTESIAN_POINT('',(-0.0138877794885545,-0.011559854071648,-0.00385066321220699));
#3633=CARTESIAN_POINT('',(-0.00433627216414853,-0.010891143493049,-0.00327169561916965));
#3634=CARTESIAN_POINT('',(0.00613833515256758,-0.0102848027163356,-0.0027532543939619));
#3635=CARTESIAN_POINT('',(0.0184950885956279,-0.00975196108640113,-0.00230819569927954));
#3636=CARTESIAN_POINT('',(0.0326656731045769,-0.00935693671045477,-0.00201324490513596));
#3637=CARTESIAN_POINT('',(0.0466501713476503,-0.00913100799341882,-0.00192753045518143));
#3638=CARTESIAN_POINT('',(0.0585629130017961,-0.00900110754268242,-0.0019897109418158));
#3639=CARTESIAN_POINT('',(0.0684781534247309,-0.00889991592412333,-0.00211764324768576));
#3640=CARTESIAN_POINT('',(0.0774130883593561,-0.00879358112403306,-0.00228458399684755));
#3641=CARTESIAN_POINT('',(0.089371110824768,-0.00860905154553381,-0.00256699057894073));
#3642=CARTESIAN_POINT('',(0.0983850901338948,-0.00843047655589488,-0.00283793535473303));
#3643=CARTESIAN_POINT('',(0.104410568570504,-0.00829882817438687,-0.00303704986084111));
#3644=CARTESIAN_POINT('',(-0.0422382076743397,-0.0131842690745601,-0.00716749895816873));
#3645=CARTESIAN_POINT('',(-0.0358806962429634,-0.0126702495009443,-0.00660560695521874));
#3646=CARTESIAN_POINT('',(-0.0263443546445877,-0.0119070304830543,-0.00576933377877121));
#3647=CARTESIAN_POINT('',(-0.0137117301050135,-0.0110000963633921,-0.00478206212339647));
#3648=CARTESIAN_POINT('',(-0.00429812991762309,-0.0103982046151565,-0.00413276908451317));
#3649=CARTESIAN_POINT('',(0.00606734096232018,-0.0098497347814645,-0.00354772224800573));
#3650=CARTESIAN_POINT('',(0.0183542756138927,-0.00936387893417946,-0.00304105460845227));
#3651=CARTESIAN_POINT('',(0.0325130938161287,-0.00899974221398561,-0.0026955680042999));
#3652=CARTESIAN_POINT('',(0.04653607661005,-0.00878930818481972,-0.00257165400708907));
#3653=CARTESIAN_POINT('',(0.0584992647999281,-0.00866772131724704,-0.00260123266371962));
#3654=CARTESIAN_POINT('',(0.06845701147914,-0.00857324006691205,-0.00269789131977871));
#3655=CARTESIAN_POINT('',(0.0774240976788532,-0.00847458538935847,-0.00283118964991984));
#3656=CARTESIAN_POINT('',(0.0894093160981047,-0.00830467331201993,-0.00305908635601209));
#3657=CARTESIAN_POINT('',(0.0984283357969852,-0.00814190824643209,-0.00327992912279907));
#3658=CARTESIAN_POINT('',(0.104451741640964,-0.00802313128039337,-0.00344298002720545));
#3659=CARTESIAN_POINT('',(-0.0417084484913714,-0.0124615253620828,-0.00801591283711376));
#3660=CARTESIAN_POINT('',(-0.0354488203761677,-0.0119995599820523,-0.00739875835509086));
#3661=CARTESIAN_POINT('',(-0.0260569997049235,-0.0113167113410888,-0.00647733256300536));
#3662=CARTESIAN_POINT('',(-0.0135864702060935,-0.0105117136737523,-0.00538098800881759));
#3663=CARTESIAN_POINT('',(-0.00427301728651459,-0.00998023970274144,-0.00465509033301067));
#3664=CARTESIAN_POINT('',(0.00601352519109836,-0.00949791924831045,-0.00399585971544404));
#3665=CARTESIAN_POINT('',(0.0182502290543813,-0.00907161959331286,-0.00341912625758898));
#3666=CARTESIAN_POINT('',(0.0324013328846614,-0.00875122640623534,-0.00301862894860536));
#3667=CARTESIAN_POINT('',(0.046453242530433,-0.00856400608831762,-0.00286324372287713));
#3668=CARTESIAN_POINT('',(0.0584537780459375,-0.00845380411861052,-0.0028750547952569));
#3669=CARTESIAN_POINT('',(0.0684428556028154,-0.00836687757880744,-0.00295749305429553));
#3670=CARTESIAN_POINT('',(0.0774336212787245,-0.00827570142047824,-0.00307525855558189));
#3671=CARTESIAN_POINT('',(0.089439102419739,-0.00811928928275916,-0.00327559016783905));
#3672=CARTESIAN_POINT('',(0.0984623451633916,-0.00797053402318832,-0.00346964761887871));
#3673=CARTESIAN_POINT('',(0.104484689232116,-0.00786242928801474,-0.00361403379374751));
#3674=CARTESIAN_POINT('',(-0.0413424267684213,-0.011891626951244,-0.00860415570014875));
#3675=CARTESIAN_POINT('',(-0.03515096610039,-0.0114702119915816,-0.00793932300503337));
#3676=CARTESIAN_POINT('',(-0.0258596096280475,-0.0108516939509209,-0.00694461414725029));
#3677=CARTESIAN_POINT('',(-0.0135013707736025,-0.0101335751220507,-0.00575563310412886));
#3678=CARTESIAN_POINT('',(-0.00425711657788835,-0.00966507803546745,-0.00496528534749226));
#3679=CARTESIAN_POINT('',(0.00597504446072876,-0.00924532971145685,-0.00424396403570568));
#3680=CARTESIAN_POINT('',(0.0181771713377277,-0.00887943527846739,-0.00360833028025227));
#3681=CARTESIAN_POINT('',(0.0323232192848275,-0.00860677174593685,-0.00316111973516049));
#3682=CARTESIAN_POINT('',(0.0463956585212507,-0.00844465448148553,-0.00298111016456399));
#3683=CARTESIAN_POINT('',(0.0584225528757306,-0.0083440718362145,-0.0029836171297996));
#3684=CARTESIAN_POINT('',(0.0684336905146222,-0.0082611736878952,-0.0030616456363893));
#3685=CARTESIAN_POINT('',(0.0774411125169676,-0.00817297184316998,-0.00317504292170458));
#3686=CARTESIAN_POINT('',(0.0894609511593883,-0.00802257103287302,-0.0033657530917369));
#3687=CARTESIAN_POINT('',(0.0984874073603952,-0.0078804237173552,-0.00354932164596405));
#3688=CARTESIAN_POINT('',(0.104509239296598,-0.00777696189891822,-0.00368663720196262));
#3689=CARTESIAN_POINT('',(-0.0410103208844499,-0.0113030127037723,-0.00914179860716591));
#3690=CARTESIAN_POINT('',(-0.0348811443392817,-0.0109196032888517,-0.00842792465839384));
#3691=CARTESIAN_POINT('',(-0.0256813751206448,-0.0103621399262077,-0.00735889263051131));
#3692=CARTESIAN_POINT('',(-0.0134251071293968,-0.00972852775609781,-0.00608026980872495));
#3693=CARTESIAN_POINT('',(-0.00424352330950541,-0.00932217201381857,-0.0052302043579244));
#3694=CARTESIAN_POINT('',(0.0059394923636589,-0.00896497812809911,-0.00445441309032409));
#3695=CARTESIAN_POINT('',(0.0181102350184068,-0.00866027689612847,-0.00377051113226255));
#3696=CARTESIAN_POINT('',(0.0322515250026464,-0.00843674175080839,-0.00328769627473087));
#3697=CARTESIAN_POINT('',(0.046342546510954,-0.00830104206703842,-0.00309012705942329));
#3698=CARTESIAN_POINT('',(0.0583935450499466,-0.00821078175513325,-0.00308673046630324));
#3699=CARTESIAN_POINT('',(0.0684249873449,-0.00813189682739284,-0.00316251025693407));
#3700=CARTESIAN_POINT('',(0.0774478271129807,-0.00804575603707035,-0.00327374349555126));
#3701=CARTESIAN_POINT('',(0.0894812020064421,-0.00789812716800044,-0.003459029663012));
#3702=CARTESIAN_POINT('',(0.0985110519526283,-0.00775751750008695,-0.00363653090969298));
#3703=CARTESIAN_POINT('',(0.104532769393017,-0.00765443978101301,-0.00376951376004021));
#3704=CARTESIAN_POINT('',(-0.0407626104049585,-0.0108066746201226,-0.00954569872597744));
#3705=CARTESIAN_POINT('',(-0.034680201317506,-0.010452687427267,-0.00879129030521692));
#3706=CARTESIAN_POINT('',(-0.0255490516720402,-0.00994256302956599,-0.00766170641205224));
#3707=CARTESIAN_POINT('',(-0.0133689198108077,-0.00937397089744348,-0.00631341173511304));
#3708=CARTESIAN_POINT('',(-0.00423402891900968,-0.00901491701519792,-0.00541896090759428));
#3709=CARTESIAN_POINT('',(0.0059124276371157,-0.00870464331541807,-0.0046050729520592));
#3710=CARTESIAN_POINT('',(0.0180596740899101,-0.00844500122716487,-0.00389024089802639));
#3711=CARTESIAN_POINT('',(0.0321972113907714,-0.00825711453903329,-0.00338731128942515));
#3712=CARTESIAN_POINT('',(0.0463019741484882,-0.0081412715180885,-0.0031815572717141));
#3713=CARTESIAN_POINT('',(0.0583710357785432,-0.00806059808002904,-0.00317585752485575));
#3714=CARTESIAN_POINT('',(0.0684178837390203,-0.0079876499935148,-0.00325002152048529));
#3715=CARTESIAN_POINT('',(0.0774526354930195,-0.00790678521121336,-0.00335829243124511));
#3716=CARTESIAN_POINT('',(0.0894970652215595,-0.00776760024560377,-0.00353598277494976));
#3717=CARTESIAN_POINT('',(0.0985306487194886,-0.00763444092754858,-0.00370485509232271));
#3718=CARTESIAN_POINT('',(0.104553253593566,-0.00753633975710063,-0.00383188230986527));
#3719=CARTESIAN_POINT('',(-0.0405823084820187,-0.0104129892692272,-0.0098413118796896));
#3720=CARTESIAN_POINT('',(-0.0345340682842019,-0.010080832004261,-0.00905557095740536));
#3721=CARTESIAN_POINT('',(-0.0254529775736073,-0.00960565524820776,-0.00787963276239853));
#3722=CARTESIAN_POINT('',(-0.0133283076722886,-0.00908435617299401,-0.00647938245249018));
#3723=CARTESIAN_POINT('',(-0.00422741813739044,-0.00875932989690449,-0.0055526065779158));
#3724=CARTESIAN_POINT('',(0.00589239436938136,-0.00848261168587337,-0.00471185200845678));
#3725=CARTESIAN_POINT('',(0.0180223414970225,-0.00825534385460205,-0.00397627038886629));
#3726=CARTESIAN_POINT('',(0.0321568632028448,-0.00809376408371597,-0.0034609661257825));
#3727=CARTESIAN_POINT('',(0.0462714662099061,-0.00799347652326197,-0.00325116154043791));
#3728=CARTESIAN_POINT('',(0.058353758832842,-0.00792058138709429,-0.00324506604361645));
#3729=CARTESIAN_POINT('',(0.0684120899485887,-0.00785200801517002,-0.00331898452891062));
#3730=CARTESIAN_POINT('',(0.0774559192404881,-0.00777416177480263,-0.00342593019453232));
#3731=CARTESIAN_POINT('',(0.0895092387125179,-0.00763823370195654,-0.00359932862568338));
#3732=CARTESIAN_POINT('',(0.0985464601802444,-0.00750599686606131,-0.00376306828359911));
#3733=CARTESIAN_POINT('',(0.104570397480843,-0.00740717888372355,-0.00388643691074585));
#3734=CARTESIAN_POINT('',(-0.0404114070716128,-0.0100182002103372,-0.0101224567563539));
#3735=CARTESIAN_POINT('',(-0.0343956631491092,-0.00970694819257976,-0.00930597572938243));
#3736=CARTESIAN_POINT('',(-0.0253621360730162,-0.00926503138992547,-0.00808482756178693));
#3737=CARTESIAN_POINT('',(-0.0132900872335958,-0.00878839183598211,-0.00663443107462039));
#3738=CARTESIAN_POINT('',(-0.00422141905270385,-0.00849547602946643,-0.00567668292755111));
#3739=CARTESIAN_POINT('',(0.0058731974282151,-0.00825085239999884,-0.00481034783249326));
#3740=CARTESIAN_POINT('',(0.0179868061159853,-0.00805562931467965,-0.00405516312157962));
#3741=CARTESIAN_POINT('',(0.0321185299087351,-0.00792157477418698,-0.00352835006270902));
#3742=CARTESIAN_POINT('',(0.0462425302015239,-0.00783805498505992,-0.00331517046284444));
#3743=CARTESIAN_POINT('',(0.0583374278738138,-0.00777213675647,-0.00330983893774898));
#3744=CARTESIAN_POINT('',(0.0684066577459927,-0.00770519584865332,-0.00338537732734686));
#3745=CARTESIAN_POINT('',(0.0774590196809233,-0.00762576859458741,-0.00349362275443484));
#3746=CARTESIAN_POINT('',(0.0895205044390391,-0.00748343865780123,-0.00366752921610969));
#3747=CARTESIAN_POINT('',(0.098560764855985,-0.00734098603248802,-0.00383055165430231));
#3748=CARTESIAN_POINT('',(0.104585598558654,-0.00723252422973196,-0.00395276798750715));
#3749=CARTESIAN_POINT('',(-0.040135985711085,-0.00932519131388714,-0.0105782290561414));
#3750=CARTESIAN_POINT('',(-0.0341728731362526,-0.00904824467249554,-0.00970961069983504));
#3751=CARTESIAN_POINT('',(-0.0252162736454932,-0.00866037311838368,-0.00841234882072515));
#3752=CARTESIAN_POINT('',(-0.0132291643103581,-0.00825463198489531,-0.00687885320943546));
#3753=CARTESIAN_POINT('',(-0.00421242714690895,-0.00801188985866938,-0.00587047640428886));
#3754=CARTESIAN_POINT('',(0.00584170487209632,-0.00781694590442365,-0.00496323386919989));
#3755=CARTESIAN_POINT('',(0.0179291201579265,-0.00767135038074624,-0.00417817135643951));
#3756=CARTESIAN_POINT('',(0.032056508436866,-0.0075807164595125,-0.003636044772976));
#3757=CARTESIAN_POINT('',(0.0461957900870508,-0.00752494172962157,-0.00342093972127519));
#3758=CARTESIAN_POINT('',(0.058311072547125,-0.00747133388524772,-0.00341928155651358));
#3759=CARTESIAN_POINT('',(0.0683978997356716,-0.00740758735064175,-0.00349884673526469));
#3760=CARTESIAN_POINT('',(0.0774640077696018,-0.00732555733939179,-0.00360985976844023));
#3761=CARTESIAN_POINT('',(0.0895386750833231,-0.0071719479741129,-0.003784499202343));
#3762=CARTESIAN_POINT('',(0.0985839284212072,-0.00701198374010253,-0.0039451341612884));
#3763=CARTESIAN_POINT('',(0.104610318762751,-0.00688777918229118,-0.00406425253292403));
#3764=CARTESIAN_POINT('',(-0.0398028750883396,-0.00833344038349797,-0.0111354767297567));
#3765=CARTESIAN_POINT('',(-0.0339040039177502,-0.00809951263476824,-0.0101979080862218));
#3766=CARTESIAN_POINT('',(-0.0250410765927229,-0.00777750972226555,-0.00880104985948226));
#3767=CARTESIAN_POINT('',(-0.0131571297965892,-0.00745371307585723,-0.00716004384055217));
#3768=CARTESIAN_POINT('',(-0.00420331923350143,-0.00726732092829992,-0.00608653852001614));
#3769=CARTESIAN_POINT('',(0.0058020636072608,-0.00712793611481662,-0.00512743941698678));
#3770=CARTESIAN_POINT('',(0.0178581504892294,-0.00703925167138389,-0.00430660793479942));
#3771=CARTESIAN_POINT('',(0.0319808276191143,-0.00700116648973558,-0.00375061621871369));
#3772=CARTESIAN_POINT('',(0.0461390751154636,-0.00698099706202671,-0.00354063740414943));
#3773=CARTESIAN_POINT('',(0.0582793196565559,-0.00694236686255837,-0.00355024652773986));
#3774=CARTESIAN_POINT('',(0.0683875877606656,-0.00687963560290212,-0.0036400535306249));
#3775=CARTESIAN_POINT('',(0.0774703137806635,-0.00678871318543567,-0.00375867223357704));
#3776=CARTESIAN_POINT('',(0.089560799849135,-0.00660894797801101,-0.00393855761936945));
#3777=CARTESIAN_POINT('',(0.0986119217344472,-0.00641440458828601,-0.00409783936134328));
#3778=CARTESIAN_POINT('',(0.104640063840162,-0.00626163026292576,-0.00421333015978457));
#3779=CARTESIAN_POINT('',(-0.0394806952641694,-0.00714192320620902,-0.0116812748751655));
#3780=CARTESIAN_POINT('',(-0.0336445041502059,-0.00695145976918959,-0.0106706940743347));
#3781=CARTESIAN_POINT('',(-0.0248728375483127,-0.00669305498203842,-0.00916856555843212));
#3782=CARTESIAN_POINT('',(-0.0130893818290797,-0.00644359205235573,-0.0074120569229342));
#3783=CARTESIAN_POINT('',(-0.00419676325135254,-0.00630707608227167,-0.00626739588638711));
#3784=CARTESIAN_POINT('',(0.00576160748164348,-0.00621719174867224,-0.00525118019916966));
#3785=CARTESIAN_POINT('',(0.0177878496577987,-0.00618074106632631,-0.00439211215333377));
#3786=CARTESIAN_POINT('',(0.0319067567306381,-0.00619256219130187,-0.0038253504527571));
#3787=CARTESIAN_POINT('',(0.0460840788260296,-0.0062064972609822,-0.00362823287907006));
#3788=CARTESIAN_POINT('',(0.0582489518790082,-0.00618021879537511,-0.00365674736677723));
#3789=CARTESIAN_POINT('',(0.0683782582462715,-0.00611413155893893,-0.00376261318183478));
#3790=CARTESIAN_POINT('',(0.0774771937884161,-0.00600807401463382,-0.00389305121591804));
#3791=CARTESIAN_POINT('',(0.0895830745992261,-0.00579053525079846,-0.00408187346446114));
#3792=CARTESIAN_POINT('',(0.0986398996735193,-0.0055502851811573,-0.00424082429689282));
#3793=CARTESIAN_POINT('',(0.10466974478803,-0.00536132435932398,-0.00435300939287126));
#3794=CARTESIAN_POINT('',(-0.0392217107433786,-0.0059403867819786,-0.0121249023270968));
#3795=CARTESIAN_POINT('',(-0.033436221223292,-0.00578664703564998,-0.0110509072307698));
#3796=CARTESIAN_POINT('',(-0.0247384087606213,-0.00557968203371469,-0.00945665397974143));
#3797=CARTESIAN_POINT('',(-0.0130364260183634,-0.00538780335664101,-0.00759631313828297));
#3798=CARTESIAN_POINT('',(-0.00419334444323414,-0.00528954486462351,-0.00638641175529134));
#3799=CARTESIAN_POINT('',(0.00572731349182365,-0.00523812719026043,-0.00531715097028082));
#3800=CARTESIAN_POINT('',(0.0177299673276454,-0.0052431050335086,-0.00442277948690688));
#3801=CARTESIAN_POINT('',(0.0318465266948237,-0.00529481262214984,-0.00384773077561619));
#3802=CARTESIAN_POINT('',(0.0460398074766077,-0.0053351928130028,-0.0036658771387303));
#3803=CARTESIAN_POINT('',(0.0582249120551951,-0.005316261934511,-0.0037152897424215));
#3804=CARTESIAN_POINT('',(0.0683714262000621,-0.00524341698776198,-0.00383877392983372));
#3805=CARTESIAN_POINT('',(0.0774835720972993,-0.00511964875320522,-0.00398241606481179));
#3806=CARTESIAN_POINT('',(0.0896019881983931,-0.00486160461924828,-0.00418221056895459));
#3807=CARTESIAN_POINT('',(0.0986634392200428,-0.00457455842408206,-0.00434280292176161));
#3808=CARTESIAN_POINT('',(0.104694646873784,-0.00434920788118539,-0.00445342480929192));
#3809=CARTESIAN_POINT('',(-0.0390160860771235,-0.00471329520859569,-0.0124805093436396));
#3810=CARTESIAN_POINT('',(-0.0332710263781493,-0.00459086335518512,-0.0113524956798919));
#3811=CARTESIAN_POINT('',(-0.0246322505634034,-0.00442623116384006,-0.00967872204821125));
#3812=CARTESIAN_POINT('',(-0.0129955825916139,-0.00428036953863756,-0.00772630591668025));
#3813=CARTESIAN_POINT('',(-0.00419214313930414,-0.00421244158768909,-0.00645757755167241));
#3814=CARTESIAN_POINT('',(0.00569864886573498,-0.00419153953074064,-0.005339909361835));
#3815=CARTESIAN_POINT('',(0.0176829537905213,-0.00422924492622426,-0.00441316913064687));
#3816=CARTESIAN_POINT('',(0.031798237428507,-0.00431179485085599,-0.00383100577887827));
#3817=CARTESIAN_POINT('',(0.0460046797400979,-0.00437144988016367,-0.00366447688779437));
#3818=CARTESIAN_POINT('',(0.0582061721585631,-0.00435592499037146,-0.00373462801409283));
#3819=CARTESIAN_POINT('',(0.0683665790686453,-0.00427480313207116,-0.00387568863711183));
#3820=CARTESIAN_POINT('',(0.0774893735619396,-0.00413350218805208,-0.00403274744550993));
#3821=CARTESIAN_POINT('',(0.0896179191653718,-0.00383743847847002,-0.00424444187913076));
#3822=CARTESIAN_POINT('',(0.0986831231071289,-0.00350761655749766,-0.00440819055792792));
#3823=CARTESIAN_POINT('',(0.104715430938574,-0.00324925856333004,-0.00451875093381466));
#3824=CARTESIAN_POINT('',(-0.0388585036860922,-0.00344032922030866,-0.0127551325051741));
#3825=CARTESIAN_POINT('',(-0.0331445253877142,-0.00334498102409202,-0.011582789417528));
#3826=CARTESIAN_POINT('',(-0.0245513352707677,-0.0032161235045116,-0.00984272764059351));
#3827=CARTESIAN_POINT('',(-0.012965263357304,-0.00310806922981502,-0.00781171952094571));
#3828=CARTESIAN_POINT('',(-0.0041924556400991,-0.00306453494432174,-0.00649208949723414));
#3829=CARTESIAN_POINT('',(0.00567555587048306,-0.00306746528216118,-0.00533206755888771));
#3830=CARTESIAN_POINT('',(0.0176461744083918,-0.00312967010618116,-0.00437672238244058));
#3831=CARTESIAN_POINT('',(0.0317609738815448,-0.00323399248539441,-0.00378822107227145));
#3832=CARTESIAN_POINT('',(0.0459778388835478,-0.00330595833615382,-0.00363552874065268));
#3833=CARTESIAN_POINT('',(0.0581920841311913,-0.00329094608861173,-0.00372459269060336));
#3834=CARTESIAN_POINT('',(0.0683632844682204,-0.00320193007973157,-0.00388187996340289));
#3835=CARTESIAN_POINT('',(0.0774943605858537,-0.00304606072569571,-0.00405159081578235));
#3836=CARTESIAN_POINT('',(0.0896308549335761,-0.00271982286224608,-0.0042751622968154));
#3837=CARTESIAN_POINT('',(0.0986990761424564,-0.0023567794866828,-0.00444309978804805));
#3838=CARTESIAN_POINT('',(0.104732297198863,-0.00207290993322205,-0.00455476894710106));
#3839=CARTESIAN_POINT('',(-0.0387481505013985,-0.00209910280931491,-0.0129483606391933));
#3840=CARTESIAN_POINT('',(-0.0330560045511969,-0.00202763514934392,-0.0117427403501298));
#3841=CARTESIAN_POINT('',(-0.024495036282406,-0.00192991041508799,-0.00995214814320882));
#3842=CARTESIAN_POINT('',(-0.0129448223498882,-0.00185328837723241,-0.00786001230060827));
#3843=CARTESIAN_POINT('',(-0.00419363194413403,-0.00182898863491241,-0.00650031136601398));
#3844=CARTESIAN_POINT('',(0.0056585932710988,-0.00184921495479918,-0.00530655992504859));
#3845=CARTESIAN_POINT('',(0.0176200223589102,-0.00192730712454749,-0.00432811340383409));
#3846=CARTESIAN_POINT('',(0.0317348953612001,-0.00204378706854519,-0.00373422760306859));
#3847=CARTESIAN_POINT('',(0.0459592442935854,-0.00212088143624187,-0.00359252341712207));
#3848=CARTESIAN_POINT('',(0.0581824680723677,-0.00210397869576725,-0.00369694437648698));
#3849=CARTESIAN_POINT('',(0.0683612505065172,-0.00200866982836498,-0.00386764160612873));
#3850=CARTESIAN_POINT('',(0.0774981379392771,-0.00184317495636475,-0.00404807460966287));
#3851=CARTESIAN_POINT('',(0.0896402437422539,-0.00149866370412961,-0.00428228595459187));
#3852=CARTESIAN_POINT('',(0.0987106096877532,-0.00111641283829938,-0.00445477533847216));
#3853=CARTESIAN_POINT('',(0.104744452556052,-0.000817900176779145,-0.00456829078479255));
#3854=CARTESIAN_POINT('',(-0.0386891455471221,-0.000664800517566967,-0.0130514041131336));
#3855=CARTESIAN_POINT('',(-0.0330087273097121,-0.000615019655303753,-0.0118262773410189));
#3856=CARTESIAN_POINT('',(-0.0244652535834014,-0.000545248349158148,-0.0100056213885536));
#3857=CARTESIAN_POINT('',(-0.0129345377463167,-0.000494105939390453,-0.00787632259822076));
#3858=CARTESIAN_POINT('',(-0.00419499015394222,-0.000483316767879479,-0.00649191057506885));
#3859=CARTESIAN_POINT('',(0.00564903309584269,-0.000512673806798824,-0.00527707238441533));
#3860=CARTESIAN_POINT('',(0.0176059463354336,-0.000595329962395787,-0.00428399420718182));
#3861=CARTESIAN_POINT('',(0.0317211065205658,-0.000711410346363134,-0.0036865688263396));
#3862=CARTESIAN_POINT('',(0.0459493773917787,-0.000784942210203234,-0.00355163045400652));
#3863=CARTESIAN_POINT('',(0.0581772595035407,-0.0007645070514255,-0.00366563778232316));
#3864=CARTESIAN_POINT('',(0.0683600462082229,-0.000667099067091477,-0.0038448115019067));
#3865=CARTESIAN_POINT('',(0.0775000874116255,-0.000501220407933101,-0.00403214957261167));
#3866=CARTESIAN_POINT('',(0.0896454980472052,-0.000159273852257479,-0.00427348338719662));
#3867=CARTESIAN_POINT('',(0.0987174879793951,0.000217899138715506,-0.00444937930470741));
#3868=CARTESIAN_POINT('',(0.104752057992893,0.000511735835824313,-0.00456451589718132));
#3869=CARTESIAN_POINT('',(-0.0386899702739577,0.000621199574983672,-0.013048071192876));
#3870=CARTESIAN_POINT('',(-0.0330094585749444,0.000654110980605602,-0.0118228765999957));
#3871=CARTESIAN_POINT('',(-0.0244659730636625,0.00070302524053744,-0.0100021629146954));
#3872=CARTESIAN_POINT('',(-0.0129350687723541,0.000738580336475779,-0.00787268115738966));
#3873=CARTESIAN_POINT('',(-0.00419521885270803,0.000743383700845214,-0.0064880420315528));
#3874=CARTESIAN_POINT('',(0.00564936020093552,0.000713045830933181,-0.00527283762441722));
#3875=CARTESIAN_POINT('',(0.0176068783752235,0.000634400133183862,-0.00427926319469175));
#3876=CARTESIAN_POINT('',(0.0317222481032662,0.000526487374113187,-0.00368136398970725));
#3877=CARTESIAN_POINT('',(0.0459502313683799,0.000461987636837966,-0.00354626002641266));
#3878=CARTESIAN_POINT('',(0.0581776881164226,0.000488055130505966,-0.00366048504510898));
#3879=CARTESIAN_POINT('',(0.0683600663738854,0.00058674423979344,-0.0038401180932289));
#3880=CARTESIAN_POINT('',(0.0774996701974735,0.000749727487595897,-0.00402810494020202));
#3881=CARTESIAN_POINT('',(0.089644348940405,0.00108094491943842,-0.00427062825482822));
#3882=CARTESIAN_POINT('',(0.0987155145501841,0.00144340304635276,-0.00444770397523793));
#3883=CARTESIAN_POINT('',(0.10474933298911,0.00172555015334325,-0.00456369083050128));
#3884=CARTESIAN_POINT('',(-0.0387293059158348,0.00172089802156233,-0.0129766358596954));
#3885=CARTESIAN_POINT('',(-0.0330409597106911,0.00173475316978168,-0.0117631977432586));
#3886=CARTESIAN_POINT('',(-0.0244860254997442,0.00175880482663226,-0.00996051512182173));
#3887=CARTESIAN_POINT('',(-0.0129423399368703,0.00177353854719685,-0.00785317271261051));
#3888=CARTESIAN_POINT('',(-0.00419472832470552,0.00176920735727074,-0.00648324274506646));
#3889=CARTESIAN_POINT('',(0.0056555774543021,0.00173657572291728,-0.00528069505510373));
#3890=CARTESIAN_POINT('',(0.0176163813681213,0.00166371274138689,-0.00429620387895367));
#3891=CARTESIAN_POINT('',(0.031731366181884,0.00156768905759726,-0.00370099543397258));
#3892=CARTESIAN_POINT('',(0.0459561474991783,0.0015123683901863,-0.00356216817790697));
#3893=CARTESIAN_POINT('',(0.0581802170037593,0.00153746384098627,-0.0036704917344511));
#3894=CARTESIAN_POINT('',(0.06836016135481,0.00162576581588295,-0.00384457656519705));
#3895=CARTESIAN_POINT('',(0.0774984189857902,0.00176946936162032,-0.00402772979342298));
#3896=CARTESIAN_POINT('',(0.0896428599496605,0.00205880146659978,-0.00426469406553205));
#3897=CARTESIAN_POINT('',(0.0987154297931653,0.00237283919864763,-0.00443847887894077));
#3898=CARTESIAN_POINT('',(0.104750849161267,0.00261566036817857,-0.00455264530061479));
#3899=CARTESIAN_POINT('',(-0.050442081940461,-0.000698321693269287,0.0136930579844443));
#3900=CARTESIAN_POINT('',(-0.0504172159923777,-0.00236996625829094,0.0136380570307138));
#3901=CARTESIAN_POINT('',(-0.050190359081575,-0.00563558197824751,0.0131484698473968));
#3902=CARTESIAN_POINT('',(-0.04956348996555,-0.00882808360357085,0.0117358652586276));
#3903=CARTESIAN_POINT('',(-0.0490964415618154,-0.0102636610101805,0.0107031476634984));
#3904=CARTESIAN_POINT('',(-0.0504420819771789,-0.000698321848651326,0.0136930579787873));
#3905=CARTESIAN_POINT('',(-0.0490964411201349,-0.0102636623666984,0.0107031466876665));
#3906=CARTESIAN_POINT('',(-0.0404862730153024,0.0125149888473648,-0.00770266366562855));
#3907=CARTESIAN_POINT('',(-0.0409645001184014,0.0134301028625192,-0.00662367665559175));
#3908=CARTESIAN_POINT('',(-0.0417490487334539,0.0144851119542458,-0.00479193458644723));
#3909=CARTESIAN_POINT('',(-0.0428727187991678,0.0152189515468826,-0.00227502479755966));
#3910=CARTESIAN_POINT('',(-0.0440697255986478,0.0155596028172494,0.000314875723926857));
#3911=CARTESIAN_POINT('',(-0.0456107964295303,0.0152884128123501,0.0034605234474119));
#3912=CARTESIAN_POINT('',(-0.0474453464144361,0.0138530854253449,0.00715533652811449));
#3913=CARTESIAN_POINT('',(-0.0489618992383466,0.0110829085876993,0.0103825325776172));
#3914=CARTESIAN_POINT('',(-0.0499038701564146,0.00730615599982759,0.0125173980457369));
#3915=CARTESIAN_POINT('',(-0.0503846475849421,0.00332159447976189,0.0135676813280177));
#3916=CARTESIAN_POINT('',(-0.0504622643743469,0.000658506164999044,0.0137376994939649));
#3917=CARTESIAN_POINT('',(-0.0504420822254937,-0.000698302531316198,0.0136930586149079));
#3918=CARTESIAN_POINT('',(-0.0404862711060911,0.0125149852010814,-0.00770266796414934));
#3919=CARTESIAN_POINT('',(-0.0378732216413034,0.000906079907264367,-0.0128462682241052));
#3920=CARTESIAN_POINT('',(-0.037932419126819,0.00307699862958151,-0.0127523143586294));
#3921=CARTESIAN_POINT('',(-0.0384787441595452,0.00738461058994116,-0.0118739820983129));
#3922=CARTESIAN_POINT('',(-0.0397377059743908,0.0110825632370292,-0.00939159768068645));
#3923=CARTESIAN_POINT('',(-0.0404862711095861,0.0125149852006701,-0.00770266796534897));
#3924=CARTESIAN_POINT('',(-0.0378732216413085,0.000906079907260366,-0.0128462682241065));
#3925=CARTESIAN_POINT('',(-0.0378732216413086,0.000906079907263805,-0.0128462682241064));
#3926=CARTESIAN_POINT('',(-0.0322231518058194,0.000933628601643077,-0.011633702869002));
#3927=CARTESIAN_POINT('',(-0.0208901100795728,0.000987848287704955,-0.00924275045783554));
#3928=CARTESIAN_POINT('',(-0.00360918847796106,0.00101834838398852,-0.006248076469289));
#3929=CARTESIAN_POINT('',(0.0141324325735555,0.000924080162364669,-0.00443748043976076));
#3930=CARTESIAN_POINT('',(0.0381690113913822,0.000738754640621509,-0.00337891720349424));
#3931=CARTESIAN_POINT('',(0.062549682168949,0.000684663414181603,-0.00370873024285609));
#3932=CARTESIAN_POINT('',(0.0867320065372976,0.00121009413620377,-0.00421660762968299));
#3933=CARTESIAN_POINT('',(0.0987522730431265,0.00167317403057723,-0.004445405128463));
#3934=CARTESIAN_POINT('',(0.104750020046747,0.00194133260378709,-0.0045600639916511));
#3935=CARTESIAN_POINT('',(0.104750020046747,0.00194133260378702,-0.0045600639916511));
#3936=CARTESIAN_POINT('',(0.104750020046747,0.0019413326037872,-0.0045600639916511));
#3937=CARTESIAN_POINT('',(0.104749763794731,0.00283469473921593,-0.00455570055125239));
#3938=CARTESIAN_POINT('',(0.104756777443461,0.00378137133439435,-0.00451774592157203));
#3939=CARTESIAN_POINT('',(0.104759688600261,0.00463445001688754,-0.00443774120848455));
#3940=CARTESIAN_POINT('',(0.104759688600261,0.00463445001688754,-0.00443774120848456));
#3941=CARTESIAN_POINT('',(0.104759688600261,0.00463445001688754,-0.00443774120848456));
#3942=CARTESIAN_POINT('',(0.104760711136755,0.00493409175543072,-0.00440963975452357));
#3943=CARTESIAN_POINT('',(0.104761761846932,0.00545599666067498,-0.0043458853813175));
#3944=CARTESIAN_POINT('',(0.104761819255266,0.00594789602351199,-0.00426551935038427));
#3945=CARTESIAN_POINT('',(0.104761143476363,0.00634202258965619,-0.00418332729511959));
#3946=CARTESIAN_POINT('',(0.10476012174292,0.00669943620906918,-0.0040959396958844));
#3947=CARTESIAN_POINT('',(0.10475844437523,0.00708076307643683,-0.00397750317579565));
#3948=CARTESIAN_POINT('',(0.104756419442515,0.00746558748149315,-0.00381953388241063));
#3949=CARTESIAN_POINT('',(0.104756883883287,0.00772390908991531,-0.00365709947687394));
#3950=CARTESIAN_POINT('',(0.104764950783287,0.00783152004220216,-0.00355495278178688));
#3951=CARTESIAN_POINT('',(0.104777245505014,0.007858261062465,-0.00352265915595975));
#3952=CARTESIAN_POINT('',(0.104807568316164,0.00801568340899671,-0.00326241042064028));
#3953=CARTESIAN_POINT('',(0.104818396806146,0.00806038186272859,-0.00317421077086958));
#3954=CARTESIAN_POINT('',(0.104818396806146,0.00806038186272859,-0.00317421077086959));
#3955=CARTESIAN_POINT('',(0.104818396806146,0.00806038186272857,-0.00317421077086963));
#3956=CARTESIAN_POINT('',(0.104850684335991,0.00819366015558236,-0.00291122407289005));
#3957=CARTESIAN_POINT('',(0.10494008201379,0.00848784191486162,-0.0021709690382205));
#3958=CARTESIAN_POINT('',(0.105109670524655,0.00885958866681175,-0.000620705036306771));
#3959=CARTESIAN_POINT('',(0.105272121007085,0.00913453423780331,0.00123414694271283));
#3960=CARTESIAN_POINT('',(0.105355871863509,0.00926235491347181,0.00279992550374703));
#3961=CARTESIAN_POINT('',(0.105382360086653,0.00932078878812109,0.0039263385737787));
#3962=CARTESIAN_POINT('',(0.10539122650235,0.00934065224323343,0.00463483211332297));
#3963=CARTESIAN_POINT('',(0.105381417428272,0.00933399985156028,0.00605268967286873));
#3964=CARTESIAN_POINT('',(0.105330463709445,0.00921356119895545,0.00741532959032174));
#3965=CARTESIAN_POINT('',(0.105268619037371,0.00898282453265694,0.00823647098035873));
#3966=CARTESIAN_POINT('',(0.105222821141571,0.00881527390503928,0.00857178136358402));
#3967=CARTESIAN_POINT('',(0.10518895166127,0.00870472502946623,0.0087141795336943));
#3968=CARTESIAN_POINT('',(0.105163341747664,0.00859864768935109,0.00881515851376221));
#3969=CARTESIAN_POINT('',(0.105136801531812,0.00849966141361459,0.00889448279666836));
#3970=CARTESIAN_POINT('',(0.105101323181766,0.00818452822365492,0.00908536524018312));
#3971=CARTESIAN_POINT('',(0.105057971030321,0.00749849861580895,0.00939439815076019));
#3972=CARTESIAN_POINT('',(0.105016702057767,0.00619950242950204,0.00980526106126675));
#3973=CARTESIAN_POINT('',(0.104983248458802,0.00431881744901347,0.0101763016801151));
#3974=CARTESIAN_POINT('',(0.10496326049328,0.00221433121304106,0.0104375562126135));
#3975=CARTESIAN_POINT('',(0.104953275711406,-9.52814167887442E-5,0.0105719070507569));
#3976=CARTESIAN_POINT('',(0.104969508135374,-0.00259729774741431,0.0105600460259531));
#3977=CARTESIAN_POINT('',(0.104960765969004,-0.00517241300872388,0.0102504954190744));
#3978=CARTESIAN_POINT('',(0.104954733319104,-0.00705453836642042,0.00975089823928412));
#3979=CARTESIAN_POINT('',(0.104952024706469,-0.00809226972215567,0.00929734011977319));
#3980=CARTESIAN_POINT('',(0.104949457743908,-0.00853045151934956,0.00902056457448832));
#3981=CARTESIAN_POINT('',(0.104944616938007,-0.00873204898404344,0.00883233202637694));
#3982=CARTESIAN_POINT('',(0.104935262244406,-0.00881160960013327,0.00872272476467963));
#3983=CARTESIAN_POINT('',(0.104924396662794,-0.00885087533466654,0.00865337062665647));
#3984=CARTESIAN_POINT('',(0.104903608530731,-0.00892880754066769,0.00848125199655376));
#3985=CARTESIAN_POINT('',(0.104847718764036,-0.0090714386155513,0.0080573769115748));
#3986=CARTESIAN_POINT('',(0.104725050077639,-0.00925936865312039,0.00703824835812348));
#3987=CARTESIAN_POINT('',(0.104552987002779,-0.00935267580544194,0.00532700526323077));
#3988=CARTESIAN_POINT('',(0.104420329573289,-0.00934787350372644,0.00351017939526314));
#3989=CARTESIAN_POINT('',(0.104348095853156,-0.00930686283594389,0.0020442435513432));
#3990=CARTESIAN_POINT('',(0.104315257076212,-0.0092455903294648,0.000929843616771276));
#3991=CARTESIAN_POINT('',(0.104315092048073,-0.00914320700526678,-8.52838946607944E-5));
#3992=CARTESIAN_POINT('',(0.10433541749082,-0.00888996957995927,-0.00147626578593337));
#3993=CARTESIAN_POINT('',(0.104384675708133,-0.00849367032030684,-0.00267121911319409));
#3994=CARTESIAN_POINT('',(0.104441276688139,-0.0080834332622598,-0.00337120312414157));
#3995=CARTESIAN_POINT('',(0.104485098310417,-0.00785668268400444,-0.00362800360829273));
#3996=CARTESIAN_POINT('',(0.104526304834003,-0.00769947083499814,-0.00374529828848103));
#3997=CARTESIAN_POINT('',(0.104571425798975,-0.00744836471073613,-0.00388062330064767));
#3998=CARTESIAN_POINT('',(0.104608919748052,-0.00691602328893759,-0.00405966233031385));
#3999=CARTESIAN_POINT('',(0.10465012222728,-0.00603676160245842,-0.00426207322710724));
#4000=CARTESIAN_POINT('',(0.104690225954083,-0.00464116507616416,-0.0044449469033691));
#4001=CARTESIAN_POINT('',(0.104725679178606,-0.00269333697393993,-0.0045492940212914));
#4002=CARTESIAN_POINT('',(0.104749091999526,-0.000532064191867141,-0.00457212645885038));
#4003=CARTESIAN_POINT('',(0.104751995294451,0.00112051261232654,-0.00456410675443615));
#4004=CARTESIAN_POINT('',(0.104750020046747,0.001941332603787,-0.0045600639916511));
#4005=CARTESIAN_POINT('',(-0.0490964411204663,-0.0102636623667649,0.0107031466876062));
#4006=CARTESIAN_POINT('',(-0.0488887595241748,-0.0109020178770955,0.0102439299696729));
#4007=CARTESIAN_POINT('',(-0.0484233405842425,-0.0120725149666641,0.00922710446523586));
#4008=CARTESIAN_POINT('',(-0.0475703311206464,-0.013485650319371,0.00743462104828063));
#4009=CARTESIAN_POINT('',(-0.046605901130733,-0.0145103784529652,0.00546633967255589));
#4010=CARTESIAN_POINT('',(-0.0452838908222704,-0.015355155539797,0.00280899090183694));
#4011=CARTESIAN_POINT('',(-0.0439224689823834,-0.0155713389425989,1.82652099524226E-5));
#4012=CARTESIAN_POINT('',(-0.0426395477003836,-0.0151111781936601,-0.00278495756210967));
#4013=CARTESIAN_POINT('',(-0.0413991117588368,-0.0141363037483004,-0.00559647816708895));
#4014=CARTESIAN_POINT('',(-0.0403126368938806,-0.0123511606460361,-0.00814339092937357));
#4015=CARTESIAN_POINT('',(-0.0393829814681037,-0.00993240006949667,-0.010081386681397));
#4016=CARTESIAN_POINT('',(-0.0386092259274901,-0.0072969349371366,-0.0115764739080074));
#4017=CARTESIAN_POINT('',(-0.0379509912024195,-0.00359238630999964,-0.0127216772101347));
#4018=CARTESIAN_POINT('',(-0.0378317836066685,-0.000613555672206299,-0.0129120356042187));
#4019=CARTESIAN_POINT('',(-0.0378732216413034,0.000906079907264236,-0.0128462682241052));
#4020=CARTESIAN_POINT('',(0.03735,-0.0102839889483102,0.002995));
#4021=CARTESIAN_POINT('',(0.0347830992917378,-0.0103367120323372,0.002995));
#4022=CARTESIAN_POINT('',(0.0322164173614494,-0.0103984402730044,0.00299499999999995));
#4023=CARTESIAN_POINT('',(0.02965,-0.0104710584757575,0.00299499999999995));
#4024=CARTESIAN_POINT('',(0.03735,-0.0102839889483102,0.002995));
#4025=CARTESIAN_POINT('',(0.02965,-0.0104710584757575,0.002995));
#4026=CARTESIAN_POINT('',(0.03735,-0.0102839889483102,0.002995));
#4027=CARTESIAN_POINT('',(0.03735,-0.0103906676479848,0.00396018845644872));
#4028=CARTESIAN_POINT('',(0.03735,-0.0104728398805816,0.00492768316870895));
#4029=CARTESIAN_POINT('',(0.03735,-0.0105569022912294,0.005895));
#4030=CARTESIAN_POINT('',(0.03735,-0.0105569022912294,0.005895));
#4031=CARTESIAN_POINT('',(0.02965,-0.0107460195028469,0.005895));
#4032=CARTESIAN_POINT('',(0.0322164511309622,-0.0106742047904181,0.005895));
#4033=CARTESIAN_POINT('',(0.0347831302758792,-0.0106116737779596,0.005895));
#4034=CARTESIAN_POINT('',(0.03735,-0.0105569022912294,0.005895));
#4035=CARTESIAN_POINT('',(0.02965,-0.0107460195028469,0.005895));
#4036=CARTESIAN_POINT('',(0.02965,-0.0104710584757575,0.002995));
#4037=CARTESIAN_POINT('',(0.02965,-0.0105776551552093,0.00396024985850792));
#4038=CARTESIAN_POINT('',(0.02965,-0.0106600902350152,0.004927790578483));
#4039=CARTESIAN_POINT('',(0.02965,-0.0107460195028469,0.005895));
#4040=CARTESIAN_POINT('',(0.013676525947064,-0.0112871285775777,0.010855000014901));
#4041=CARTESIAN_POINT('',(0.013676525947064,-0.0111711818449775,0.011206563037028));
#4042=CARTESIAN_POINT('',(0.013891859087592,-0.010881982899968,0.0116612370295868));
#4043=CARTESIAN_POINT('',(0.0143890133225888,-0.0104651914758663,0.0120184835642186));
#4044=CARTESIAN_POINT('',(0.0147407577099384,-0.0103401329427797,0.012105000014901));
#4045=CARTESIAN_POINT('',(0.014926525947064,-0.0103387058388949,0.012105000014901));
#4046=CARTESIAN_POINT('',(0.013676525947064,-0.0112871285775777,0.010855000014901));
#4047=CARTESIAN_POINT('',(0.014926525947064,-0.0103387058388946,0.0121050000149011));
#4048=CARTESIAN_POINT('',(0.013676525947064,-0.0114433672604321,0.0101450000149009));
#4049=CARTESIAN_POINT('',(0.013676525947064,-0.0114110126260541,0.0103860072400848));
#4050=CARTESIAN_POINT('',(0.013676525947064,-0.0113634245819932,0.0106236622851783));
#4051=CARTESIAN_POINT('',(0.013676525947064,-0.0112871285775777,0.010855000014901));
#4052=CARTESIAN_POINT('',(0.013676525947064,-0.0114433672604321,0.010145000014901));
#4053=CARTESIAN_POINT('',(0.014926525947064,-0.011462688589708,0.00889500001490101));
#4054=CARTESIAN_POINT('',(0.0145961277528645,-0.011473586639442,0.00889500001490101));
#4055=CARTESIAN_POINT('',(0.0139484090177662,-0.0115042739283137,0.00916663021901447));
#4056=CARTESIAN_POINT('',(0.013676525947064,-0.0114873596288463,0.00981730418879715));
#4057=CARTESIAN_POINT('',(0.013676525947064,-0.0114433672604321,0.0101450000149009));
#4058=CARTESIAN_POINT('',(0.014926525947064,-0.011462688589708,0.00889500001490099));
#4059=CARTESIAN_POINT('',(0.021366525947064,-0.0112564332121571,0.00889500001490099));
#4060=CARTESIAN_POINT('',(0.019219781075559,-0.0113227431815097,0.00889500001490099));
#4061=CARTESIAN_POINT('',(0.0170731268629901,-0.0113918838336548,0.00889500001490104));
#4062=CARTESIAN_POINT('',(0.014926525947064,-0.011462688589708,0.00889500001490104));
#4063=CARTESIAN_POINT('',(0.021366525947064,-0.0112564332121571,0.00889500001490099));
#4064=CARTESIAN_POINT('',(0.022616525947064,-0.011219023916686,0.0101450000149009));
#4065=CARTESIAN_POINT('',(0.022616525947064,-0.0112429566132073,0.00981559650870231));
#4066=CARTESIAN_POINT('',(0.0223451440964325,-0.0112427541833911,0.00916782706323953));
#4067=CARTESIAN_POINT('',(0.0216966071504334,-0.0112462374619449,0.00889500001490099));
#4068=CARTESIAN_POINT('',(0.021366525947064,-0.0112564332121571,0.00889500001490099));
#4069=CARTESIAN_POINT('',(0.022616525947064,-0.011219023916686,0.010145000014901));
#4070=CARTESIAN_POINT('',(0.022616525947064,-0.0111127707748039,0.0108550000149009));
#4071=CARTESIAN_POINT('',(0.022616525947064,-0.0111712372728441,0.0106217826520723));
#4072=CARTESIAN_POINT('',(0.022616525947064,-0.0112016329788123,0.0103843644302959));
#4073=CARTESIAN_POINT('',(0.022616525947064,-0.011219023916686,0.0101450000149008));
#4074=CARTESIAN_POINT('',(0.022616525947064,-0.0111127707748039,0.010855000014901));
#4075=CARTESIAN_POINT('',(0.021366525947064,-0.0102511653531899,0.012105000014901));
#4076=CARTESIAN_POINT('',(0.0215498772501021,-0.0102475542782064,0.012105000014901));
#4077=CARTESIAN_POINT('',(0.0218976144496899,-0.0103635221966054,0.0120205678521655));
#4078=CARTESIAN_POINT('',(0.022394220895396,-0.010771245366209,0.0116703985170218));
#4079=CARTESIAN_POINT('',(0.022616525947064,-0.0110239304290048,0.0112093758002576));
#4080=CARTESIAN_POINT('',(0.022616525947064,-0.0111127707748038,0.0108550000149009));
#4081=CARTESIAN_POINT('',(0.021366525947064,-0.0102511653531899,0.012105000014901));
#4082=CARTESIAN_POINT('',(0.014926525947064,-0.0103387058388946,0.0121050000149011));
#4083=CARTESIAN_POINT('',(0.0170733650816803,-0.0103222134475339,0.0121050000149011));
#4084=CARTESIAN_POINT('',(0.0192200372783937,-0.0102934401088386,0.0121050000149009));
#4085=CARTESIAN_POINT('',(0.021366525947064,-0.01025116535319,0.0121050000149009));
#4086=CARTESIAN_POINT('',(0.176,2.50077736296816E-14,-1.38777878078145E-17));
#4087=CARTESIAN_POINT('',(0.173653692561663,0.00699977602153656,-0.00406392369337654));
#4088=CARTESIAN_POINT('',(0.173570731412839,0.00699977602153656,-0.00420761661819386));
#4089=CARTESIAN_POINT('',(0.173405240150634,0.00699807035086119,-0.00449425589254129));
#4090=CARTESIAN_POINT('',(0.173217122822792,0.00700398031054729,-0.00482008466214786));
#4091=CARTESIAN_POINT('',(0.173104755179159,0.00699713395638592,-0.00501471113004669));
#4092=CARTESIAN_POINT('',(0.173061388800709,0.00700475662621869,-0.0050898239008637));
#4093=CARTESIAN_POINT('',(0.173028188879342,0.00694564656997885,-0.00514732785147825));
#4094=CARTESIAN_POINT('',(0.172969688696429,0.006959218585367,-0.00524865314053524));
#4095=CARTESIAN_POINT('',(0.172909937864672,0.00689280543865522,-0.00535214461693216));
#4096=CARTESIAN_POINT('',(0.172837091344963,0.00689877960950511,-0.00547831849022269));
#4097=CARTESIAN_POINT('',(0.172771590585444,0.00676677619569328,-0.00559176913364588));
#4098=CARTESIAN_POINT('',(0.17273001662701,0.00666840915689346,-0.00566377734192464));
#4099=CARTESIAN_POINT('',(0.172708538721144,0.00659042335882323,-0.00570097816612436));
#4100=CARTESIAN_POINT('',(0.172708497967322,0.00659046825452417,-0.00570104875381426));
#4101=CARTESIAN_POINT('',(0.173653692561663,0.00699977602153656,-0.00406392369337653));
#4102=CARTESIAN_POINT('',(0.172642903939992,0.00607635991551568,-0.00581466094182318));
#4103=CARTESIAN_POINT('',(0.172642879254756,0.00625570635977308,-0.00581470369790611));
#4104=CARTESIAN_POINT('',(0.172664089918823,0.00643453304904055,-0.00577796575008042));
#4105=CARTESIAN_POINT('',(0.172708457213501,0.00659051315022431,-0.00570111934150458));
#4106=CARTESIAN_POINT('',(0.172642903939992,0.00607635991551576,-0.00581466094182319));
#4107=CARTESIAN_POINT('',(0.173653692561668,0.00699977605108995,-0.00406392369336824));
#4108=CARTESIAN_POINT('',(0.174174392796959,0.0069996211251071,-0.00316204443033138));
#4109=CARTESIAN_POINT('',(0.174955445064755,0.00699935046452386,-0.00180922221914068));
#4110=CARTESIAN_POINT('',(0.175996840441448,0.00699902888655268,-5.47251594175437E-6));
#4111=CARTESIAN_POINT('',(0.176777906079992,0.00699879553540312,0.00134737285406246));
#4112=CARTESIAN_POINT('',(0.177428733603644,0.00699866787751588,0.00247463919199309));
#4113=CARTESIAN_POINT('',(0.177949531294505,0.00699848954870271,0.00337668725302874));
#4114=CARTESIAN_POINT('',(0.178339758856551,0.00699862872694228,0.00405258121700511));
#4115=CARTESIAN_POINT('',(0.178666127651584,0.00699792728863144,0.00461786855200679));
#4116=CARTESIAN_POINT('',(0.178924578058708,0.00699923937208418,0.00506551778838329));
#4117=CARTESIAN_POINT('',(0.179125642256171,0.00699514268722982,0.00541377119397262));
#4118=CARTESIAN_POINT('',(0.179276429060518,0.00669924397988975,0.00567494160021267));
#4119=CARTESIAN_POINT('',(0.179361645951976,0.00634129361800227,0.00582254158588056));
#4120=CARTESIAN_POINT('',(0.179370213082263,0.00594190362603913,0.00583738029081271));
#4121=CARTESIAN_POINT('',(0.179369581777539,0.0054134070065459,0.00583628683895562));
#4122=CARTESIAN_POINT('',(0.179372529692443,0.00475140334936635,0.00584139277734656));
#4123=CARTESIAN_POINT('',(0.179374670033021,0.00369296345391559,0.00584509995597242));
#4124=CARTESIAN_POINT('',(0.179377554327001,0.00236964948316091,0.00585009569969055));
#4125=CARTESIAN_POINT('',(0.179379952433222,0.000781762847437878,0.00585424934150643));
#4126=CARTESIAN_POINT('',(0.179381844455879,-0.000806093504170384,0.00585752642087712));
#4127=CARTESIAN_POINT('',(0.179383526464963,-0.00239418320567061,0.00586043974607075));
#4128=CARTESIAN_POINT('',(0.179383821556996,-0.00371684598877906,0.00586095086046293));
#4129=CARTESIAN_POINT('',(0.179385449062393,-0.00477665190041764,0.00586376978250039));
#4130=CARTESIAN_POINT('',(0.179381761930207,-0.00556693017060658,0.00585738348222117));
#4131=CARTESIAN_POINT('',(0.179393158976093,-0.00624005455039967,0.00587712374475059));
#4132=CARTESIAN_POINT('',(0.179268342997171,-0.00672683415970741,0.00566093612766178));
#4133=CARTESIAN_POINT('',(0.179111058002974,-0.00701522664087909,0.00538851052644485));
#4134=CARTESIAN_POINT('',(0.178902463814112,-0.00699526054362646,0.00502721479317144));
#4135=CARTESIAN_POINT('',(0.178638978143947,-0.00700164068768854,0.00457084422538044));
#4136=CARTESIAN_POINT('',(0.178304598259411,-0.00699832170268869,0.00399168127633611));
#4137=CARTESIAN_POINT('',(0.177905492288078,-0.0069992042025951,0.0033004094563816));
#4138=CARTESIAN_POINT('',(0.177372600197715,-0.00699871255608564,0.0023774132809225));
#4139=CARTESIAN_POINT('',(0.176706741303093,-0.00699872045427399,0.0012241118447654));
#4140=CARTESIAN_POINT('',(0.175907606953379,-0.00699852518274982,-0.000160029451013386));
#4141=CARTESIAN_POINT('',(0.17510847734111,-0.00699847821597521,-0.00154416254129579));
#4142=CARTESIAN_POINT('',(0.174442606596159,-0.00699834506126857,-0.00269748450282438));
#4143=CARTESIAN_POINT('',(0.173909738192829,-0.00699850385825082,-0.00362043965114214));
#4144=CARTESIAN_POINT('',(0.173577089658367,-0.00699807261242039,-0.00419660381389198));
#4145=CARTESIAN_POINT('',(0.173310067659627,-0.00699899438021318,-0.00465909948244946));
#4146=CARTESIAN_POINT('',(0.173112274144723,-0.00699627394307731,-0.00500168789967056));
#4147=CARTESIAN_POINT('',(0.172905040280546,-0.00700663968435042,-0.00536062748147252));
#4148=CARTESIAN_POINT('',(0.172746391769401,-0.00673100662306227,-0.00563541476332194));
#4149=CARTESIAN_POINT('',(0.172652263683896,-0.00637460624858583,-0.00579844938983442));
#4150=CARTESIAN_POINT('',(0.172627115121861,-0.00597615754844619,-0.0058420079770178));
#4151=CARTESIAN_POINT('',(0.172635423178475,-0.00557356599308326,-0.00582761800084956));
#4152=CARTESIAN_POINT('',(0.172634499053916,-0.00503821933276721,-0.00582921863153903));
#4153=CARTESIAN_POINT('',(0.172637040248707,-0.0043685379503043,-0.00582481715304898));
#4154=CARTESIAN_POINT('',(0.172638380515375,-0.00329732074791886,-0.00582249574308364));
#4155=CARTESIAN_POINT('',(0.172640189601836,-0.00195820274143937,-0.00581936231341863));
#4156=CARTESIAN_POINT('',(0.172641406220363,-0.000351299346883302,-0.00581725506831514));
#4157=CARTESIAN_POINT('',(0.172642275934549,0.00125561635039241,-0.00581574867915761));
#4158=CARTESIAN_POINT('',(0.172642937469388,0.00339816864982659,-0.00581460286720508));
#4159=CARTESIAN_POINT('',(0.172643051390416,0.00500508357633948,-0.00581440555019734));
#4160=CARTESIAN_POINT('',(0.172642903939992,0.00607635991551581,-0.00581466094182318));
#4161=CARTESIAN_POINT('',(-0.05,2.50077736296816E-14,-1.04083408558608E-17));
#4162=CARTESIAN_POINT('',(-0.0428324965901093,0.000802451826672057,-0.0124144800693539));
#4163=CARTESIAN_POINT('',(-0.0428080135830313,-0.000117074732116638,-0.0124568858815351));
#4164=CARTESIAN_POINT('',(-0.042843941311366,-0.00193271932602011,-0.0123946572306589));
#4165=CARTESIAN_POINT('',(-0.0431539884191817,-0.00461987415734272,-0.0118576398871821));
#4166=CARTESIAN_POINT('',(-0.0437417063464443,-0.00714335750895822,-0.0108396825766444));
#4167=CARTESIAN_POINT('',(-0.0443017525364995,-0.00858126257538661,-0.00986965412088336));
#4168=CARTESIAN_POINT('',(-0.0446293678299539,-0.009231419881033,-0.00930220778728371));
#4169=CARTESIAN_POINT('',(-0.0428324965901093,0.000802451826672057,-0.0124144800693539));
#4170=CARTESIAN_POINT('',(-0.0446293678299539,-0.00923141988103299,-0.0093022077872837));
#4171=CARTESIAN_POINT('',(-0.0446293678299541,-0.00923141988103319,-0.00930220778728355));
#4172=CARTESIAN_POINT('',(-0.0449343779398956,-0.00983671687185304,-0.00877391478004256));
#4173=CARTESIAN_POINT('',(-0.045603915796312,-0.0108749006389941,-0.0076142411951388));
#4174=CARTESIAN_POINT('',(-0.0471759243211641,-0.0122883805811976,-0.00489144256016368));
#4175=CARTESIAN_POINT('',(-0.0484668691579334,-0.0125540222046249,-0.0026554605131103));
#4176=CARTESIAN_POINT('',(-0.0493217794303296,-0.0124166799404621,-0.00117471248540751));
#4177=CARTESIAN_POINT('',(-0.0493217794303296,-0.0124166799404621,-0.00117471248540751));
#4178=CARTESIAN_POINT('',(-0.0493217794303296,-0.0124166799404621,-0.00117471248540751));
#4179=CARTESIAN_POINT('',(-0.0497058414209345,-0.012354979964369,-0.000509497604423826));
#4180=CARTESIAN_POINT('',(-0.0504562691689176,-0.0121086645596726,0.000790281382492789));
#4181=CARTESIAN_POINT('',(-0.0519088504587147,-0.0110931348401566,0.00330622597854459));
#4182=CARTESIAN_POINT('',(-0.0528458311920926,-0.00968529800991862,0.00492912421446866));
#4183=CARTESIAN_POINT('',(-0.0533385398396782,-0.00849368482863196,0.00578252062541542));
#4184=CARTESIAN_POINT('',(-0.0533385398396782,-0.00849368482863185,0.00578252062541548));
#4185=CARTESIAN_POINT('',(-0.0533385398396782,-0.00849368482863185,0.00578252062541548));
#4186=CARTESIAN_POINT('',(-0.0537962001794904,-0.00738683578884979,0.00657521158657953));
#4187=CARTESIAN_POINT('',(-0.0544552434912082,-0.00484237088085749,0.0077167080868631));
#4188=CARTESIAN_POINT('',(-0.0547042692361054,-0.00202832960133156,0.00814803332941772));
#4189=CARTESIAN_POINT('',(-0.0547313732543902,-0.00059905414511305,0.00819497886617624));
#4190=CARTESIAN_POINT('',(-0.0547313732543902,-0.000599054145113055,0.00819497886617625));
#4191=CARTESIAN_POINT('',(-0.0547313732543902,-0.000599054145113055,0.00819497886617625));
#4192=CARTESIAN_POINT('',(-0.0547585142437124,0.000832170903813738,0.00824198843865006));
#4193=CARTESIAN_POINT('',(-0.0546196482515994,0.00365192093485369,0.00800146548486698));
#4194=CARTESIAN_POINT('',(-0.0540792576109071,0.00633436028008062,0.00706548143925306));
#4195=CARTESIAN_POINT('',(-0.0536876650247822,0.00753793699808672,0.00638722318421748));
#4196=CARTESIAN_POINT('',(-0.0536876650247822,0.00753793699808668,0.00638722318421749));
#4197=CARTESIAN_POINT('',(-0.0536876650247822,0.00753793699808668,0.00638722318421749));
#4198=CARTESIAN_POINT('',(-0.0534825839160957,0.00816826263872404,0.00603201228429985));
#4199=CARTESIAN_POINT('',(-0.0530152215500898,0.00931964987901453,0.00522251692083216));
#4200=CARTESIAN_POINT('',(-0.0518288438327442,0.0111852017538049,0.00316765043742197));
#4201=CARTESIAN_POINT('',(-0.050763423931912,0.0119651457449717,0.00132228903778547));
#4202=CARTESIAN_POINT('',(-0.050024738786621,0.0122381544521157,4.28488353451196E-5));
#4203=CARTESIAN_POINT('',(-0.050024738786621,0.0122381544521157,4.28488353451189E-5));
#4204=CARTESIAN_POINT('',(-0.050024738786621,0.0122381544521157,4.28488353451189E-5));
#4205=CARTESIAN_POINT('',(-0.0496031245552343,0.0123939777510654,-0.000687408434610696));
#4206=CARTESIAN_POINT('',(-0.0487576661866373,0.0125452372163249,-0.002151785284705));
#4207=CARTESIAN_POINT('',(-0.0474719749713467,0.0122906437009797,-0.00437866779243369));
#4208=CARTESIAN_POINT('',(-0.0462641016979565,0.0115462344628366,-0.00647076567104972));
#4209=CARTESIAN_POINT('',(-0.0455122460340238,0.0106842743985386,-0.00777301788093954));
#4210=CARTESIAN_POINT('',(-0.0451687286871407,0.0101676710524443,-0.00836800737902239));
#4211=CARTESIAN_POINT('',(-0.0451687286871407,0.0101676710524443,-0.00836800737902239));
#4212=CARTESIAN_POINT('',(-0.0451687286871407,0.0101676710524443,-0.00836800737902239));
#4213=CARTESIAN_POINT('',(-0.0448057020880401,0.00962172844570768,-0.00899678789316351));
#4214=CARTESIAN_POINT('',(-0.0441663992326053,0.00836750718681744,-0.0101040929202003));
#4215=CARTESIAN_POINT('',(-0.0432027647409393,0.00527735982225459,-0.011773156819692));
#4216=CARTESIAN_POINT('',(-0.0428806737740069,0.00261187825784244,-0.0123310347390776));
#4217=CARTESIAN_POINT('',(-0.0428324965901093,0.000802451826672057,-0.0124144800693539));
#4218=CARTESIAN_POINT('',(-0.0498072978940545,0.00847231768315875,0.0139991408201701));
#4219=CARTESIAN_POINT('',(-0.057551711944973,0.0100240425791482,0.0130799487728181));
#4220=CARTESIAN_POINT('',(-0.0540019464362646,0.0064427896562806,0.00693157455677949));
#4221=CARTESIAN_POINT('',(-0.0496351626241396,0.00948544615634467,0.0135531083064658));
#4222=CARTESIAN_POINT('',(-0.0571870278933968,0.0111494660650719,0.012448297466778));
#4223=CARTESIAN_POINT('',(-0.0538190324938905,0.00716759556589166,0.00661475831517493));
#4224=CARTESIAN_POINT('',(-0.049211741456804,0.0114899254138125,0.0124466931833969));
#4225=CARTESIAN_POINT('',(-0.0563085686087764,0.0132910201378138,0.010926761353435));
#4226=CARTESIAN_POINT('',(-0.0533801858148343,0.00854207257289478,0.00585465357031678));
#4227=CARTESIAN_POINT('',(-0.0482592249056894,0.014057091548267,0.0101096891809481));
#4228=CARTESIAN_POINT('',(-0.0545995870128827,0.0157866464650769,0.00796671840014682));
#4229=CARTESIAN_POINT('',(-0.052501991361657,0.0102191146869477,0.00433357615848834));
#4230=CARTESIAN_POINT('',(-0.0470502514433896,0.0159048185168034,0.0073616411106197));
#4231=CARTESIAN_POINT('',(-0.0527825889359307,0.0173568511354873,0.00481958541361093));
#4232=CARTESIAN_POINT('',(-0.0514546158918418,0.0114438729427563,0.00251946863016704));
#4233=CARTESIAN_POINT('',(-0.0456983937346256,0.0170307075273272,0.00440107411568387));
#4234=CARTESIAN_POINT('',(-0.0509600527178922,0.0181191417094955,0.00166286008533386));
#4235=CARTESIAN_POINT('',(-0.0502920901005314,0.0122048152719938,0.000505914894508354));
#4236=CARTESIAN_POINT('',(-0.0443434937406774,0.0175090494849955,0.00142513509385893));
#4237=CARTESIAN_POINT('',(-0.0492285472046379,0.0181971415313911,-0.00133619543720847));
#4238=CARTESIAN_POINT('',(-0.0490885595467788,0.0125227368141574,-0.00157866117305308));
#4239=CARTESIAN_POINT('',(-0.0430259116137162,0.0174008821938423,-0.00167240935388468));
#4240=CARTESIAN_POINT('',(-0.0475298401086066,0.0176079933890211,-0.00427844243471226));
#4241=CARTESIAN_POINT('',(-0.0478694629154278,0.0124148698567424,-0.00369019847788889));
#4242=CARTESIAN_POINT('',(-0.0418129377352433,0.0166383265551297,-0.00475802775609175));
#4243=CARTESIAN_POINT('',(-0.0459499328841996,0.0163777726752892,-0.00701492201863013));
#4244=CARTESIAN_POINT('',(-0.0467007558218346,0.0118697212295834,-0.0057144585431582));
#4245=CARTESIAN_POINT('',(-0.0406942988302552,0.0151201462116619,-0.00777688432397448));
#4246=CARTESIAN_POINT('',(-0.0445002027390511,0.014518491197612,-0.00952592828729126));
#4247=CARTESIAN_POINT('',(-0.0455916071329858,0.0108506393504374,-0.00763556042539263));
#4248=CARTESIAN_POINT('',(-0.0396829369150629,0.0128299935678636,-0.0104172330302472));
#4249=CARTESIAN_POINT('',(-0.0432632080413403,0.0121319118614205,-0.0116684659524207));
#4250=CARTESIAN_POINT('',(-0.0446227472291024,0.00935246813016003,-0.00931367500433578));
#4251=CARTESIAN_POINT('',(-0.038796158454842,0.0101113765150487,-0.0123627336366527));
#4252=CARTESIAN_POINT('',(-0.042306240667,0.00951437187247909,-0.013325982065963));
#4253=CARTESIAN_POINT('',(-0.0438572023512926,0.00747620527885866,-0.0106396376281756));
#4254=CARTESIAN_POINT('',(-0.0380888050277126,0.00712339696300204,-0.0137270666155012));
#4255=CARTESIAN_POINT('',(-0.0416021423966139,0.00669895711997111,-0.0145455160437933));
#4256=CARTESIAN_POINT('',(-0.0432933922321737,0.00532330695297446,-0.0116161854003112));
#4257=CARTESIAN_POINT('',(-0.0376116494308826,0.00396825669380862,-0.01455445488918));
#4258=CARTESIAN_POINT('',(-0.0411536557108508,0.00373689754150437,-0.0153223177700533));
#4259=CARTESIAN_POINT('',(-0.0429395693395802,0.00299313145125326,-0.0122290246271644));
#4260=CARTESIAN_POINT('',(-0.0374009048829649,0.000745494048086303,-0.0148839378966564));
#4261=CARTESIAN_POINT('',(-0.0409652670691999,0.000704455623014889,-0.0156486164689613));
#4262=CARTESIAN_POINT('',(-0.0427942268313888,0.000572403917308888,-0.0124807652358511));
#4263=CARTESIAN_POINT('',(-0.0374744649800925,-0.00243227326118475,-0.014763388256414));
#4264=CARTESIAN_POINT('',(-0.0410326769335782,-0.00229209381531708,-0.0155318591589269));
#4265=CARTESIAN_POINT('',(-0.0428473895772891,-0.00183801224882887,-0.0123886846588819));
#4266=CARTESIAN_POINT('',(-0.0378212193693108,-0.005605415001519,-0.0141860145350896));
#4267=CARTESIAN_POINT('',(-0.0413524187469935,-0.00527493278639494,-0.0149780500927875));
#4268=CARTESIAN_POINT('',(-0.043098477983694,-0.00420570726540679,-0.0119537867817973));
#4269=CARTESIAN_POINT('',(-0.0384286299303226,-0.00871037834091357,-0.0130758838323753));
#4270=CARTESIAN_POINT('',(-0.041939174966693,-0.00819249478312888,-0.0139617585086107));
#4271=CARTESIAN_POINT('',(-0.0435652747851237,-0.00647476097462549,-0.0111452710049102));
#4272=CARTESIAN_POINT('',(-0.0392353741397424,-0.0115553684255509,-0.01143313047388));
#4273=CARTESIAN_POINT('',(-0.0427698384311107,-0.0108937001232638,-0.0125230071842481));
#4274=CARTESIAN_POINT('',(-0.0442320369087177,-0.00849030989350979,-0.00999040513028297));
#4275=CARTESIAN_POINT('',(-0.0402029418632617,-0.0141143423104349,-0.0091018887872686));
#4276=CARTESIAN_POINT('',(-0.0438817570624976,-0.0134332106343662,-0.0105971076208037));
#4277=CARTESIAN_POINT('',(-0.0451105967385158,-0.0101958687171089,-0.00846869486758373));
#4278=CARTESIAN_POINT('',(-0.0412533270066518,-0.0159999911654651,-0.00625333538293446));
#4279=CARTESIAN_POINT('',(-0.0452220427782124,-0.0155488030931321,-0.00827566466452671));
#4280=CARTESIAN_POINT('',(-0.046148259363373,-0.0114348659484519,-0.00667141048021564));
#4281=CARTESIAN_POINT('',(-0.0424455076639444,-0.0171331924971882,-0.00311188635027832));
#4282=CARTESIAN_POINT('',(-0.0467781778607109,-0.0171171169591359,-0.00558035963819929));
#4283=CARTESIAN_POINT('',(-0.0473167711536536,-0.0122160043673024,-0.0046474886902067));
#4284=CARTESIAN_POINT('',(-0.0437070441911953,-0.0175315955086347,-2.75971941862726E-5));
#4285=CARTESIAN_POINT('',(-0.0484166985890173,-0.0180042790541058,-0.0027423584875174));
#4286=CARTESIAN_POINT('',(-0.0485075370491168,-0.0125223062606084,-0.00258502165934381));
#4287=CARTESIAN_POINT('',(-0.0450525693411579,-0.0173140229065811,0.00302102178176094));
#4288=CARTESIAN_POINT('',(-0.0501444571732464,-0.0182366685392609,0.000250207163580229));
#4289=CARTESIAN_POINT('',(-0.0497283300929824,-0.0123974640958715,-0.000470546081842348));
#4290=CARTESIAN_POINT('',(-0.0463943974359447,-0.0165339649839457,0.00592380416792079));
#4291=CARTESIAN_POINT('',(-0.0518822208499035,-0.017817927129175,0.00326010214309876));
#4292=CARTESIAN_POINT('',(-0.0508977560611952,-0.0118637444948466,0.00155495911079345));
#4293=CARTESIAN_POINT('',(-0.0477075393285998,-0.0150337175262569,0.00883089316806513));
#4294=CARTESIAN_POINT('',(-0.0537334467550746,-0.0166451242463455,0.00646651946714218));
#4295=CARTESIAN_POINT('',(-0.0520214613223278,-0.0108581074761145,0.0035012737158069));
#4296=CARTESIAN_POINT('',(-0.0487981679367356,-0.0128037059445637,0.0113979628313589));
#4297=CARTESIAN_POINT('',(-0.0555152899054535,-0.0146059092278445,0.00955276233471702));
#4298=CARTESIAN_POINT('',(-0.0529865193571342,-0.00939801267790932,0.00517280326434412));
#4299=CARTESIAN_POINT('',(-0.0495861675715833,-0.00992946644871705,0.0134167328800947));
#4300=CARTESIAN_POINT('',(-0.057078760693301,-0.0116300718041241,0.0122607731754191));
#4301=CARTESIAN_POINT('',(-0.0537573159195185,-0.00749648778745185,0.00650786207269373));
#4302=CARTESIAN_POINT('',(-0.0500814814539771,-0.00689534957133718,0.0147016425509146));
#4303=CARTESIAN_POINT('',(-0.0581408670287432,-0.00821249814021553,0.0141003953114455));
#4304=CARTESIAN_POINT('',(-0.0542941222632854,-0.00531217433260318,0.00743763793392293));
#4305=CARTESIAN_POINT('',(-0.050376225074509,-0.00383775722952167,0.0154540288189863));
#4306=CARTESIAN_POINT('',(-0.0587829708215627,-0.00461490012880021,0.0152125517043416));
#4307=CARTESIAN_POINT('',(-0.0546243898583867,-0.00299043890319221,0.00800967818873197));
#4308=CARTESIAN_POINT('',(-0.0504970612598908,-0.000744240591822403,0.0157620751511801));
#4309=CARTESIAN_POINT('',(-0.0590510440513137,-0.000895394245654454,0.0156768681584196));
#4310=CARTESIAN_POINT('',(-0.0547630813238874,-0.000585785233539818,0.00824989885355549));
#4311=CARTESIAN_POINT('',(-0.0504528917081555,0.00234915211425083,0.0156522800257338));
#4312=CARTESIAN_POINT('',(-0.0589562635678809,0.00283447845462768,0.0155127035455478));
#4313=CARTESIAN_POINT('',(-0.0547132930605268,0.00183379596929434,0.00816366305179422));
#4314=CARTESIAN_POINT('',(-0.0502445530762935,0.00541115457469697,0.0151228882656228));
#4315=CARTESIAN_POINT('',(-0.0584998168138782,0.00648272536853342,0.0147221145766652));
#4316=CARTESIAN_POINT('',(-0.0544776694690786,0.00419323711522841,0.00775555101994416));
#4317=CARTESIAN_POINT('',(-0.0499794331639695,0.00745918920997282,0.0144451733338744));
#4318=CARTESIAN_POINT('',(-0.0579260309149492,0.00886888551040018,0.0137282882470537));
#4319=CARTESIAN_POINT('',(-0.0541848603786387,0.00571798374666954,0.00724839079838405));
#4320=CARTESIAN_POINT('',(-0.0498072978940545,0.00847231768315875,0.0139991408201701));
#4321=CARTESIAN_POINT('',(-0.057551711944973,0.0100240425791482,0.0130799487728181));
#4322=CARTESIAN_POINT('',(-0.0540019464362646,0.0064427896562806,0.00693157455677949));
#4323=CARTESIAN_POINT('',(0.104818396802231,0.0080603818391684,-0.00317421081732441));
#4324=CARTESIAN_POINT('',(0.11643526355825,0.00786008406925563,-0.00334127380437847));
#4325=CARTESIAN_POINT('',(0.139837575796557,0.00745697013766366,-0.00371017082844206));
#4326=CARTESIAN_POINT('',(0.163406644721987,0.00713259678173746,-0.00397576272574086));
#4327=CARTESIAN_POINT('',(0.175189705567928,0.00697982641821221,-0.00407747853562969));
#4328=CARTESIAN_POINT('',(0.104882523261654,0.00834138183512204,-0.00264181504625547));
#4329=CARTESIAN_POINT('',(0.116563345155299,0.00813171377869532,-0.00271979841300417));
#4330=CARTESIAN_POINT('',(0.140166621642967,0.00767020396269314,-0.0028294473347444));
#4331=CARTESIAN_POINT('',(0.164007459395974,0.00719903209674077,-0.00282062294882005));
#4332=CARTESIAN_POINT('',(0.175925692756279,0.00696945792288502,-0.00280067044211528));
#4333=CARTESIAN_POINT('',(0.105045893971791,0.00874650413110846,-0.00131307737527424));
#4334=CARTESIAN_POINT('',(0.116850964208499,0.00850395485508704,-0.0012501229697159));
#4335=CARTESIAN_POINT('',(0.140821361572706,0.00792861645820896,-0.00100078215107333));
#4336=CARTESIAN_POINT('',(0.165145693433841,0.00727992041232771,-0.000588759896814951));
#4337=CARTESIAN_POINT('',(0.177304675748346,0.0069587520094558,-0.000371272073477519));
#4338=CARTESIAN_POINT('',(0.105236093877599,0.00907374464831381,0.000814245076706873));
#4339=CARTESIAN_POINT('',(0.117188742084865,0.00879858487839996,0.000964943358777085));
#4340=CARTESIAN_POINT('',(0.14160168418911,0.00812608746509395,0.00144519061015623));
#4341=CARTESIAN_POINT('',(0.166513796984939,0.00733875785968795,0.00210166319122585));
#4342=CARTESIAN_POINT('',(0.178965677892199,0.00694858002489874,0.00242577412224588));
#4343=CARTESIAN_POINT('',(0.105319476053777,0.00920735617919678,0.00210823251182796));
#4344=CARTESIAN_POINT('',(0.11734315446212,0.0089175237156369,0.00227407244269215));
#4345=CARTESIAN_POINT('',(0.141975878610431,0.00820610745896102,0.00280211720416789));
#4346=CARTESIAN_POINT('',(0.167183573331069,0.00736588493957543,0.00352249817794797));
#4347=CARTESIAN_POINT('',(0.179782364167413,0.00694662685832,0.00388236673090806));
#4348=CARTESIAN_POINT('',(0.10536248387031,0.00927731715381861,0.00311180208215155));
#4349=CARTESIAN_POINT('',(0.117430318085748,0.00897624658831654,0.00325246720385198));
#4350=CARTESIAN_POINT('',(0.142206574278652,0.00823940622109443,0.00372265937173774));
#4351=CARTESIAN_POINT('',(0.167611952799266,0.00737220060524849,0.00436028349668388));
#4352=CARTESIAN_POINT('',(0.180309316771604,0.00694235185006824,0.00466316138671761));
#4353=CARTESIAN_POINT('',(0.105383235047218,0.00932250987396569,0.00392868543715565));
#4354=CARTESIAN_POINT('',(0.117478834769374,0.00901575613976952,0.00404961582059038));
#4355=CARTESIAN_POINT('',(0.14235024999367,0.00826866926858337,0.00447778748323708));
#4356=CARTESIAN_POINT('',(0.16788825904699,0.00738821639174838,0.00510457158202337));
#4357=CARTESIAN_POINT('',(0.18065081016281,0.00694582374378787,0.00542697144904027));
#4358=CARTESIAN_POINT('',(0.105391155146626,0.00934100289152098,0.0046958243045739));
#4359=CARTESIAN_POINT('',(0.11750985217133,0.00902107163722426,0.00472603311226919));
#4360=CARTESIAN_POINT('',(0.142467588248321,0.00824949793299054,0.00491887817232919));
#4361=CARTESIAN_POINT('',(0.16813367560865,0.00735857717419425,0.00515927079161379));
#4362=CARTESIAN_POINT('',(0.180961572760658,0.00692894298451148,0.00520797667460153));
#4363=CARTESIAN_POINT('',(0.105382625368155,0.00933165617942469,0.00571143559537767));
#4364=CARTESIAN_POINT('',(0.117520585389397,0.00898583509130313,0.00565729419901901));
#4365=CARTESIAN_POINT('',(0.142560571987058,0.0081673011887747,0.00563925083236359));
#4366=CARTESIAN_POINT('',(0.168352487347723,0.00725881623030475,0.00555674799012893));
#4367=CARTESIAN_POINT('',(0.181246259625169,0.00691317252009221,0.00536161511408921));
#4368=CARTESIAN_POINT('',(0.105352710492925,0.00927148158192503,0.006850561114215));
#4369=CARTESIAN_POINT('',(0.117507117332569,0.00888938467409413,0.00666934369311756));
#4370=CARTESIAN_POINT('',(0.142632567194848,0.00800982333932062,0.00634676943847915));
#4371=CARTESIAN_POINT('',(0.168560722303994,0.00708944839095137,0.00581767344439882));
#4372=CARTESIAN_POINT('',(0.181524973140554,0.00686558986881256,0.0053790200504282));
#4373=CARTESIAN_POINT('',(0.105300311103376,0.00910587598129209,0.00790061526889507));
#4374=CARTESIAN_POINT('',(0.117465984799958,0.00869447562236788,0.00758046530951149));
#4375=CARTESIAN_POINT('',(0.142669403263247,0.00776206201841338,0.00693293672819848));
#4376=CARTESIAN_POINT('',(0.168730321760953,0.00692139207993189,0.00601256872853896));
#4377=CARTESIAN_POINT('',(0.181760702656764,0.00675271367388136,0.00550042504969002));
#4378=CARTESIAN_POINT('',(0.105236759293629,0.00886769860773009,0.00850748085138442));
#4379=CARTESIAN_POINT('',(0.117410809862927,0.00846417155526416,0.00805517880049172));
#4380=CARTESIAN_POINT('',(0.142685498612148,0.00759986367349559,0.00708678430413276));
#4381=CARTESIAN_POINT('',(0.16887569646001,0.00689023422196338,0.00606291389139511));
#4382=CARTESIAN_POINT('',(0.181964468164549,0.00658869722068334,0.00560756306166276));
#4383=CARTESIAN_POINT('',(0.105186509184683,0.00868606535176473,0.00873600417238355));
#4384=CARTESIAN_POINT('',(0.117367040146268,0.00829379727431002,0.00821869652436757));
#4385=CARTESIAN_POINT('',(0.142698557898388,0.00748920823832061,0.00714255822343356));
#4386=CARTESIAN_POINT('',(0.168983866428074,0.00667591340719827,0.0061585905930567));
#4387=CARTESIAN_POINT('',(0.182116105451282,0.0062525446918303,0.00570318285565365));
#4388=CARTESIAN_POINT('',(0.105144029759329,0.00855236813899683,0.00886310806643211));
#4389=CARTESIAN_POINT('',(0.117325856782308,0.00819873568367307,0.00829431456171872));
#4390=CARTESIAN_POINT('',(0.142692723025486,0.00748509705335583,0.00716990635920711));
#4391=CARTESIAN_POINT('',(0.169036470934057,0.00659151473684676,0.00620552717976633));
#4392=CARTESIAN_POINT('',(0.182195127620282,0.00609988803213143,0.00574037884574556));
#4393=CARTESIAN_POINT('',(0.105096572268556,0.0081472031366562,0.00910793723463042));
#4394=CARTESIAN_POINT('',(0.117270766411339,0.00772081329690708,0.00853508168702912));
#4395=CARTESIAN_POINT('',(0.142638775204937,0.00677104444182702,0.00737502920729348));
#4396=CARTESIAN_POINT('',(0.168999708895617,0.00562136532612195,0.00626523410924193));
#4397=CARTESIAN_POINT('',(0.182167502219752,0.00502249255022785,0.0057205810179329));
#4398=CARTESIAN_POINT('',(0.105048444903375,0.00729774899807776,0.00947643433633632));
#4399=CARTESIAN_POINT('',(0.117215003707635,0.00677741009729735,0.00887607999183286));
#4400=CARTESIAN_POINT('',(0.142589901575591,0.00558822802802806,0.00761488162848892));
#4401=CARTESIAN_POINT('',(0.168982610751323,0.00420832062029089,0.00634214765964694));
#4402=CARTESIAN_POINT('',(0.182166645713682,0.00350374579916604,0.00571547492109899));
#4403=CARTESIAN_POINT('',(0.105000247072665,0.00551001123524793,0.00998289631233164));
#4404=CARTESIAN_POINT('',(0.117157350506195,0.00491541355905595,0.00932795251935464));
#4405=CARTESIAN_POINT('',(0.142533713271746,0.00349490743999686,0.00792501717466543));
#4406=CARTESIAN_POINT('',(0.168947580200401,0.00182129364629521,0.00643727789940763));
#4407=CARTESIAN_POINT('',(0.182142631542642,0.000980457225011291,0.00569667531554984));
#4408=CARTESIAN_POINT('',(0.104968139309084,0.00308286499308965,0.010358445914797));
#4409=CARTESIAN_POINT('',(0.117118731769565,0.0024343043080759,0.00966263040621663));
#4410=CARTESIAN_POINT('',(0.142497860871831,0.000856076249677364,0.00814333692693471));
#4411=CARTESIAN_POINT('',(0.16893271941681,-0.000988208013063927,0.00650481660367123));
#4412=CARTESIAN_POINT('',(0.182139252006158,-0.00189673279707261,0.00568811241174366));
#4413=CARTESIAN_POINT('',(0.104956789754569,0.000749208033690326,0.0105371118830377));
#4414=CARTESIAN_POINT('',(0.117104170469766,0.000117582029731985,0.0098214253053845));
#4415=CARTESIAN_POINT('',(0.142482438945606,-0.00145756594345385,0.0082491733048362));
#4416=CARTESIAN_POINT('',(0.168921166675607,-0.00334034253063283,0.00653889055449591));
#4417=CARTESIAN_POINT('',(0.182128855073777,-0.00428829423891938,0.00568626781578348));
#4418=CARTESIAN_POINT('',(0.104957817027166,-0.000929135413776643,0.0105637888279647));
#4419=CARTESIAN_POINT('',(0.117104900097139,-0.00147924782637293,0.00984503047854003));
#4420=CARTESIAN_POINT('',(0.142483279554837,-0.00287567776726801,0.00826390681248894));
#4421=CARTESIAN_POINT('',(0.168923294511799,-0.00454939749743265,0.00654246686238091));
#4422=CARTESIAN_POINT('',(0.182132590874187,-0.00536991976440193,0.00568268220560944));
#4423=CARTESIAN_POINT('',(0.104962119400598,-0.00198870332682896,0.0105441723455343));
#4424=CARTESIAN_POINT('',(0.117109648124313,-0.00248075939089455,0.00982832515570392));
#4425=CARTESIAN_POINT('',(0.142487481239606,-0.00375170359323012,0.00825409311756685));
#4426=CARTESIAN_POINT('',(0.168923180590519,-0.00532651122279219,0.00654037436175315));
#4427=CARTESIAN_POINT('',(0.182128527747464,-0.00613271251894096,0.00568590186881484));
#4428=CARTESIAN_POINT('',(0.104967386225816,-0.00288297142971777,0.0104993024493326));
#4429=CARTESIAN_POINT('',(0.117115905750707,-0.0032848386803933,0.0097885213734195));
#4430=CARTESIAN_POINT('',(0.142494598205182,-0.00433850016625622,0.00822692594501353));
#4431=CARTESIAN_POINT('',(0.168932707649189,-0.0056140690910679,0.00652864637998354));
#4432=CARTESIAN_POINT('',(0.182141237816188,-0.00622816716833085,0.00567981306355327));
#4433=CARTESIAN_POINT('',(0.104964670696387,-0.00409153485359306,0.0103814555616409));
#4434=CARTESIAN_POINT('',(0.117108454504707,-0.00437806112045108,0.00967435335123395));
#4435=CARTESIAN_POINT('',(0.142470663725749,-0.00515673914166112,0.00812413690345199));
#4436=CARTESIAN_POINT('',(0.168886964872938,-0.00608171656046827,0.00645009574395919));
#4437=CARTESIAN_POINT('',(0.182089021776829,-0.00645200887765558,0.00564223405342902));
#4438=CARTESIAN_POINT('',(0.104958917232712,-0.00568764017694761,0.0101201073749345));
#4439=CARTESIAN_POINT('',(0.117092952740382,-0.00580294521965375,0.00942273944892736));
#4440=CARTESIAN_POINT('',(0.142420257985366,-0.00616895693526022,0.00790636206302524));
#4441=CARTESIAN_POINT('',(0.168786262344422,-0.0065852507061911,0.00627799048893502));
#4442=CARTESIAN_POINT('',(0.181969540780423,-0.00659961697541765,0.0055750170452847));
#4443=CARTESIAN_POINT('',(0.104953872723992,-0.0073938358253332,0.00964323100731295));
#4444=CARTESIAN_POINT('',(0.117072780699767,-0.00730963199667827,0.00897293812582934));
#4445=CARTESIAN_POINT('',(0.142340596723515,-0.00721095879865774,0.00753498367396245));
#4446=CARTESIAN_POINT('',(0.168617610170481,-0.00703719405908667,0.00601906178215322));
#4447=CARTESIAN_POINT('',(0.181758062476267,-0.00675163591676573,0.00549036342981068));
#4448=CARTESIAN_POINT('',(0.104950843660795,-0.00843440390556095,0.00910916566744165));
#4449=CARTESIAN_POINT('',(0.117050808382177,-0.00819907349051615,0.00848656224523469));
#4450=CARTESIAN_POINT('',(0.142239716393815,-0.00773664326962633,0.00714364700209134));
#4451=CARTESIAN_POINT('',(0.168403963845672,-0.00715853469058416,0.00587983149280265));
#4452=CARTESIAN_POINT('',(0.181480612562906,-0.00686536320242187,0.00535644710055175));
#4453=CARTESIAN_POINT('',(0.104946257591195,-0.00870752632484936,0.00886060328671402));
#4454=CARTESIAN_POINT('',(0.117023954752457,-0.00841294918599504,0.00827704721590327));
#4455=CARTESIAN_POINT('',(0.142130030331828,-0.00779433537398401,0.00705731801344176));
#4456=CARTESIAN_POINT('',(0.168171260805098,-0.00719813457194932,0.00586877195160552));
#4457=CARTESIAN_POINT('',(0.181181883201614,-0.0069302797091442,0.00528382978001419));
#4458=CARTESIAN_POINT('',(0.104935593508015,-0.00880998580073957,0.00872384771490756));
#4459=CARTESIAN_POINT('',(0.116990169072236,-0.00848903612882638,0.00815896801081644));
#4460=CARTESIAN_POINT('',(0.142017303007072,-0.00781441448552431,0.00699571111292201));
#4461=CARTESIAN_POINT('',(0.167943348732441,-0.00722523105354817,0.00578250920681161));
#4462=CARTESIAN_POINT('',(0.180894887271458,-0.00695834335372688,0.00515528293252984));
#4463=CARTESIAN_POINT('',(0.104925284653567,-0.00884776656503327,0.00866190443110295));
#4464=CARTESIAN_POINT('',(0.116960536788212,-0.00850288964475697,0.00813259650866965));
#4465=CARTESIAN_POINT('',(0.141923997655378,-0.00780162296319913,0.00705862549627765));
#4466=CARTESIAN_POINT('',(0.167755355287345,-0.00723351348605088,0.00583665247981932));
#4467=CARTESIAN_POINT('',(0.180658129180702,-0.0069663916473612,0.00518477838141156));
#4468=CARTESIAN_POINT('',(0.104897427505816,-0.00895092531848697,0.00843008621839314));
#4469=CARTESIAN_POINT('',(0.116900462635224,-0.00861235232529043,0.00786137407419785));
#4470=CARTESIAN_POINT('',(0.1417588036668,-0.00792703763890964,0.00661281919041066));
#4471=CARTESIAN_POINT('',(0.167443561464527,-0.00727772826771028,0.00513587644017146));
#4472=CARTESIAN_POINT('',(0.180274745383741,-0.00695659855651914,0.00437837345299848));
#4473=CARTESIAN_POINT('',(0.104835819674107,-0.00908974124728461,0.00796731387548346));
#4474=CARTESIAN_POINT('',(0.116780762562604,-0.00874984510173481,0.00733698857636875));
#4475=CARTESIAN_POINT('',(0.141463268496647,-0.00802699782171334,0.00592471213023157));
#4476=CARTESIAN_POINT('',(0.166916556534355,-0.00730865307994489,0.00428135504781883));
#4477=CARTESIAN_POINT('',(0.179632864900173,-0.00695510535469398,0.0034408290735826));
#4478=CARTESIAN_POINT('',(0.104715431926237,-0.00926516904248046,0.00694036135733577));
#4479=CARTESIAN_POINT('',(0.11656002768324,-0.00892894354918543,0.0061978399344935));
#4480=CARTESIAN_POINT('',(0.14094560246792,-0.00817957139991646,0.00447661580947196));
#4481=CARTESIAN_POINT('',(0.166010687201924,-0.00735650205586023,0.00248287052183954));
#4482=CARTESIAN_POINT('',(0.17853533624815,-0.00694601352288731,0.00148192567307046));
#4483=CARTESIAN_POINT('',(0.10456268191783,-0.00934795790149838,0.00542476829430654));
#4484=CARTESIAN_POINT('',(0.116285505473943,-0.00901822419316139,0.00459419248696056));
#4485=CARTESIAN_POINT('',(0.140313034885297,-0.00825033087199734,0.00264255291859322));
#4486=CARTESIAN_POINT('',(0.16491163237929,-0.0073785605707162,0.000394701043026021));
#4487=CARTESIAN_POINT('',(0.177205143789014,-0.00694399883448564,-0.000729062127735571));
#4488=CARTESIAN_POINT('',(0.104428634708008,-0.00934780221527719,0.00363174949458037));
#4489=CARTESIAN_POINT('',(0.116043499528178,-0.00903038690610647,0.00276861428102114));
#4490=CARTESIAN_POINT('',(0.139746362059165,-0.00826841201994202,0.000722001809069037));
#4491=CARTESIAN_POINT('',(0.163914935562653,-0.00738251332690515,-0.0016422083091024));
#4492=CARTESIAN_POINT('',(0.175995153118962,-0.00694198506963045,-0.00282354820368031));
#4493=CARTESIAN_POINT('',(0.104355189708098,-0.00931601657097292,0.00223081810465459));
#4494=CARTESIAN_POINT('',(0.11590103746385,-0.00900937391002287,0.00138454876777062));
#4495=CARTESIAN_POINT('',(0.139386567063993,-0.00826252465352882,-0.000629305897787231));
#4496=CARTESIAN_POINT('',(0.163261263422754,-0.00738357994493217,-0.00294957341248756));
#4497=CARTESIAN_POINT('',(0.175195861848017,-0.00694420245829211,-0.00410407565779285));
#4498=CARTESIAN_POINT('',(0.10432176810361,-0.00925766860865832,0.00117346915348953));
#4499=CARTESIAN_POINT('',(0.115826001489066,-0.00895941939906708,0.000349273672800425));
#4500=CARTESIAN_POINT('',(0.139171441767584,-0.00822854091160868,-0.00162283683144239));
#4501=CARTESIAN_POINT('',(0.162848065523261,-0.00736848101845904,-0.00392472445296364));
#4502=CARTESIAN_POINT('',(0.174683710449149,-0.00694254093335635,-0.00507986093607147));
#4503=CARTESIAN_POINT('',(0.10431474792098,-0.00919907466631966,0.000424274993093733));
#4504=CARTESIAN_POINT('',(0.115796763969546,-0.00891194550848944,-0.000342881221070808));
#4505=CARTESIAN_POINT('',(0.139059724247581,-0.00820637366325317,-0.00217659162497401));
#4506=CARTESIAN_POINT('',(0.162616801311593,-0.00736936324679166,-0.00430880156656678));
#4507=CARTESIAN_POINT('',(0.174392535467643,-0.00694908872694249,-0.00537949187158422));
#4508=CARTESIAN_POINT('',(0.104318735058212,-0.00908589983252742,-0.000432421410225181));
#4509=CARTESIAN_POINT('',(0.115781146439048,-0.00880609773058057,-0.00110849824342895));
#4510=CARTESIAN_POINT('',(0.138962986276065,-0.00811958873119264,-0.00271467403095368));
#4511=CARTESIAN_POINT('',(0.162404515662499,-0.00732387475983641,-0.00450719249862193));
#4512=CARTESIAN_POINT('',(0.174127803855053,-0.00694141785937394,-0.00535088946569059));
#4513=CARTESIAN_POINT('',(0.10434125183722,-0.00884331568021803,-0.00164007833702072));
#4514=CARTESIAN_POINT('',(0.11578341918092,-0.0085683340578492,-0.00219785765552008));
#4515=CARTESIAN_POINT('',(0.138865659853581,-0.00790170118236985,-0.00351851483715011));
#4516=CARTESIAN_POINT('',(0.162153901097612,-0.00716920628041223,-0.00492508668811621));
#4517=CARTESIAN_POINT('',(0.173808081873402,-0.00690422663995022,-0.00550874868019306));
#4518=CARTESIAN_POINT('',(0.104397489898897,-0.00838987185279117,-0.00292629446794227));
#4519=CARTESIAN_POINT('',(0.115827057699642,-0.00812958985704467,-0.0033246309248545));
#4520=CARTESIAN_POINT('',(0.138813116332365,-0.00750455719687877,-0.00426937883777786));
#4521=CARTESIAN_POINT('',(0.161938378127457,-0.0069121028518326,-0.00518691699282787));
#4522=CARTESIAN_POINT('',(0.173508564457964,-0.00679688859977155,-0.00557213455658733));
#4523=CARTESIAN_POINT('',(0.10446671937417,-0.00792006906965709,-0.00358071811906373));
#4524=CARTESIAN_POINT('',(0.115890812118923,-0.00771443350255299,-0.00385865335698197));
#4525=CARTESIAN_POINT('',(0.13880405915073,-0.00724396449007257,-0.00451496202581111));
#4526=CARTESIAN_POINT('',(0.161781895317289,-0.00680620613473899,-0.00530264451319247));
#4527=CARTESIAN_POINT('',(0.173268036545409,-0.00660031661033131,-0.00572404442557197));
#4528=CARTESIAN_POINT('',(0.104521378253675,-0.00772668815471161,-0.00372976398486496));
#4529=CARTESIAN_POINT('',(0.11594127802684,-0.00752622270843609,-0.00398789043113179));
#4530=CARTESIAN_POINT('',(0.138800685172142,-0.00706687939423099,-0.00461262153497671));
#4531=CARTESIAN_POINT('',(0.161674512595455,-0.00653056984980617,-0.00541582525211731));
#4532=CARTESIAN_POINT('',(0.173108534708683,-0.00625192411341193,-0.00583268968765606));
#4533=CARTESIAN_POINT('',(0.104571407670094,-0.00744850051442208,-0.00388073892163685));
#4534=CARTESIAN_POINT('',(0.115997092094863,-0.00727190237888169,-0.00411122034249461));
#4535=CARTESIAN_POINT('',(0.138842828209726,-0.0068540415327818,-0.00468621131865625));
#4536=CARTESIAN_POINT('',(0.161674942912631,-0.00629389766760498,-0.00545563013105724));
#4537=CARTESIAN_POINT('',(0.173087466971457,-0.00598833938716922,-0.00585245081518933));
#4538=CARTESIAN_POINT('',(0.104613083480216,-0.00685692388645929,-0.00407951416874347));
#4539=CARTESIAN_POINT('',(0.116043800027951,-0.00661439640458525,-0.00430598196383231));
#4540=CARTESIAN_POINT('',(0.138877476550364,-0.00599132273197665,-0.0048495059731758));
#4541=CARTESIAN_POINT('',(0.161679277142481,-0.00517626721132504,-0.00550650081247534));
#4542=CARTESIAN_POINT('',(0.173078325441067,-0.00475720336503333,-0.00583749404678286));
#4543=CARTESIAN_POINT('',(0.104652876009754,-0.00594876958565146,-0.00427592507618137));
#4544=CARTESIAN_POINT('',(0.116088020792744,-0.00563641222686153,-0.00449070587037069));
#4545=CARTESIAN_POINT('',(0.138910219681043,-0.00482889097178395,-0.00498123251794043));
#4546=CARTESIAN_POINT('',(0.161681930508394,-0.00379975768793071,-0.00554858219126468));
#4547=CARTESIAN_POINT('',(0.173066629460424,-0.00327669830125789,-0.00583404539445829));
#4548=CARTESIAN_POINT('',(0.104692221228359,-0.0045318057201386,-0.00445074044759461));
#4549=CARTESIAN_POINT('',(0.116131581275382,-0.00411298166988963,-0.00466035416409012));
#4550=CARTESIAN_POINT('',(0.13894259297465,-0.00303230291551569,-0.00510831682264062));
#4551=CARTESIAN_POINT('',(0.161686182722104,-0.00169131145769659,-0.0055868737937021));
#4552=CARTESIAN_POINT('',(0.173057918170307,-0.00101903104780037,-0.00582613577138997));
#4553=CARTESIAN_POINT('',(0.10473753112279,-0.00204921689200432,-0.00458396459895759));
#4554=CARTESIAN_POINT('',(0.116181410092279,-0.00149017857444847,-0.00479384917821328));
#4555=CARTESIAN_POINT('',(0.138979966214551,-6.14706979161254E-5,-0.0052080891650671));
#4556=CARTESIAN_POINT('',(0.161692328235447,0.00167299981311816,-0.00561730235016056));
#4557=CARTESIAN_POINT('',(0.173049488122434,0.00253756388890689,-0.00582214936251192));
#4558=CARTESIAN_POINT('',(0.104754642688607,0.000245451763510646,-0.00456670689530588));
#4559=CARTESIAN_POINT('',(0.116200494796612,0.000833275823243783,-0.00478662878774035));
#4560=CARTESIAN_POINT('',(0.138995420496056,0.00233296680949783,-0.00521031952722537));
#4561=CARTESIAN_POINT('',(0.161696805330854,0.00414533211442915,-0.00561776662199806));
#4562=CARTESIAN_POINT('',(0.173048945454073,0.00504644160643575,-0.0058215633548217));
#4563=CARTESIAN_POINT('',(0.104750020046747,0.001941332603787,-0.0045600639916511));
#4564=CARTESIAN_POINT('',(0.116195737945914,0.0024530880956066,-0.00477887237247397));
#4565=CARTESIAN_POINT('',(0.138992390189885,0.00375134441607982,-0.00520362450893071));
#4566=CARTESIAN_POINT('',(0.161696321387508,0.00532102018633408,-0.00561579682252127));
#4567=CARTESIAN_POINT('',(0.173049402390658,0.00610441311974279,-0.00582204552975495));
#4568=CARTESIAN_POINT('',(0.104818396806146,0.00806038186272859,-0.00317421077086958));
#4569=CARTESIAN_POINT('',(0.116166212554361,0.00786675501751452,-0.003337070455943));
#4570=CARTESIAN_POINT('',(0.139081185079597,0.00746865108392023,-0.00369887336253432));
#4571=CARTESIAN_POINT('',(0.162127136885055,0.00714994417981989,-0.00396103772296767));
#4572=CARTESIAN_POINT('',(0.173653692561663,0.00699977602153656,-0.00406392369337656));
#4573=CARTESIAN_POINT('',(0.104750020046747,0.001941332603787,-0.0045600639916511));
#4574=CARTESIAN_POINT('',(0.127504843453652,0.00295869812033075,-0.00499506769926109));
#4575=CARTESIAN_POINT('',(0.150072344512754,0.00451876310926039,-0.00540463700710253));
#4576=CARTESIAN_POINT('',(0.172642903939992,0.00607635991551581,-0.00581466094182318));
#4577=CARTESIAN_POINT('',(0.104759530762931,0.00458819772921845,-0.00444207891036428));
#4578=CARTESIAN_POINT('',(0.106998868804545,0.00464548974765381,-0.00447879345320082));
#4579=CARTESIAN_POINT('',(0.10923957943064,0.00470799470557774,-0.00451557320449779));
#4580=CARTESIAN_POINT('',(0.113719294870888,0.00483733645927735,-0.00458917850301357));
#4581=CARTESIAN_POINT('',(0.115958299685041,0.00490417325505304,-0.00462600405023239));
#4582=CARTESIAN_POINT('',(0.120430152520498,0.00503608464333079,-0.0046996163195929));
#4583=CARTESIAN_POINT('',(0.122667912069042,0.00512183146000815,-0.0047346239727652));
#4584=CARTESIAN_POINT('',(0.127136062314178,0.00525946982280657,-0.00480877014714912));
#4585=CARTESIAN_POINT('',(0.129371353855825,0.00533114719565754,-0.00484620500304166));
#4586=CARTESIAN_POINT('',(0.133836383223559,0.00547230129828468,-0.00492135603562238));
#4587=CARTESIAN_POINT('',(0.136069813689124,0.00554489361671166,-0.00495946024484747));
#4588=CARTESIAN_POINT('',(0.140532315187065,0.00568704511180874,-0.00503630010747892));
#4589=CARTESIAN_POINT('',(0.142764131450502,0.00575906932864484,-0.0050755334900261));
#4590=CARTESIAN_POINT('',(0.147224712905198,0.00589927276282042,-0.00515509268888596));
#4591=CARTESIAN_POINT('',(0.149455133530208,0.00596921001028797,-0.00519610240891008));
#4592=CARTESIAN_POINT('',(0.153914422261731,0.00610393193376268,-0.00527999019341479));
#4593=CARTESIAN_POINT('',(0.156143696518728,0.00616958209322367,-0.0053237020629375));
#4594=CARTESIAN_POINT('',(0.160601410529787,0.00629464223715238,-0.00541497300248317));
#4595=CARTESIAN_POINT('',(0.162829770108929,0.00635421389440038,-0.00546298327165962));
#4596=CARTESIAN_POINT('',(0.167288458480197,0.00646406465630852,-0.00556505076262015));
#4597=CARTESIAN_POINT('',(0.169517413968229,0.00652041385468248,-0.00561785121375704));
#4598=CARTESIAN_POINT('',(0.171746762652285,0.00656472593595453,-0.00567816392404966));
#4599=CARTESIAN_POINT('',(0.172065660941026,0.0065710645796083,-0.00568679138562138));
#4600=CARTESIAN_POINT('',(0.172384559229768,0.00657740322326206,-0.00569541884719309));
#4601=CARTESIAN_POINT('',(0.172703457518509,0.00658374186691582,-0.00570404630876481));
#4602=CARTESIAN_POINT('',(0.172839161718818,0.00658643921775919,-0.00570771764478206));
#4603=CARTESIAN_POINT('',(0.172974865919128,0.00658913656860255,-0.00571138898079931));
#4604=CARTESIAN_POINT('',(0.173110570119438,0.00659183391944591,-0.00571506031681655));
#4605=CARTESIAN_POINT('',(0.104759583375375,0.00460361515844148,-0.00444063300973771));
#4606=CARTESIAN_POINT('',(0.106998921416988,0.00466090717687684,-0.00447734755257425));
#4607=CARTESIAN_POINT('',(0.10923968051005,0.00472257180656166,-0.00451410612579128));
#4608=CARTESIAN_POINT('',(0.11371949288423,0.00485023290378306,-0.0045876690681472));
#4609=CARTESIAN_POINT('',(0.115958546165349,0.00491622937131965,-0.00462447343728609));
#4610=CARTESIAN_POINT('',(0.120430399000806,0.0050481407595974,-0.0046980857066466));
#4611=CARTESIAN_POINT('',(0.122668116290376,0.00512788196872798,-0.00473373586790625));
#4612=CARTESIAN_POINT('',(0.127136266535512,0.0052655203315264,-0.00480788204229017));
#4613=CARTESIAN_POINT('',(0.12937163769059,0.00533665975408041,-0.00484526959856503));
#4614=CARTESIAN_POINT('',(0.133836667058323,0.00547781385670755,-0.00492042063114575));
#4615=CARTESIAN_POINT('',(0.136070194708291,0.00554995057891825,-0.00495846578255315));
#4616=CARTESIAN_POINT('',(0.140532696206232,0.00569210207401533,-0.00503530564518461));
#4617=CARTESIAN_POINT('',(0.142764643653016,0.00576379740725615,-0.00507445062518267));
#4618=CARTESIAN_POINT('',(0.147225225107712,0.00590400084143173,-0.00515400982404253));
#4619=CARTESIAN_POINT('',(0.149455837032127,0.0059737095202929,-0.00519489335928982));
#4620=CARTESIAN_POINT('',(0.153915125763649,0.00610843144376761,-0.00527878114379453));
#4621=CARTESIAN_POINT('',(0.156144666148053,0.00617404073622416,-0.00532234842561217));
#4622=CARTESIAN_POINT('',(0.160602691574901,0.0062990551375614,-0.00541346766207318));
#4623=CARTESIAN_POINT('',(0.162831407858213,0.00635857617663089,-0.00546131911278538));
#4624=CARTESIAN_POINT('',(0.167290096229482,0.00646842693853903,-0.0055633866037459));
#4625=CARTESIAN_POINT('',(0.169519196927575,0.00652279957290617,-0.00561675453956402));
#4626=CARTESIAN_POINT('',(0.171748545611631,0.00656711165417822,-0.00567706724985664));
#4627=CARTESIAN_POINT('',(0.172067443900372,0.00657345029783199,-0.00568569471142835));
#4628=CARTESIAN_POINT('',(0.172386342189113,0.00657978894148575,-0.00569432217300007));
#4629=CARTESIAN_POINT('',(0.172705240477854,0.00658612758513952,-0.00570294963457179));
#4630=CARTESIAN_POINT('',(0.172840944678164,0.00658882493598288,-0.00570662097058904));
#4631=CARTESIAN_POINT('',(0.172976648878474,0.00659152228682624,-0.00571029230660628));
#4632=CARTESIAN_POINT('',(0.173112353078783,0.0065942196376696,-0.00571396364262353));
#4633=CARTESIAN_POINT('',(0.104759635987818,0.00461903258766451,-0.00443918710911113));
#4634=CARTESIAN_POINT('',(0.106998974029431,0.00467632460609987,-0.00447590165194767));
#4635=CARTESIAN_POINT('',(0.109239781589459,0.00473714890754559,-0.00451263904708477));
#4636=CARTESIAN_POINT('',(0.113719690897572,0.00486312934828878,-0.00458615963328083));
#4637=CARTESIAN_POINT('',(0.115958792645657,0.00492828548758625,-0.00462294282433978));
#4638=CARTESIAN_POINT('',(0.120430645481114,0.00506019687586401,-0.0046965550937003));
#4639=CARTESIAN_POINT('',(0.12266832051171,0.00513393247744782,-0.0047328477630473));
#4640=CARTESIAN_POINT('',(0.127136470756846,0.00527157084024623,-0.00480699393743122));
#4641=CARTESIAN_POINT('',(0.129371921525354,0.00534217231250328,-0.00484433419408841));
#4642=CARTESIAN_POINT('',(0.133836950893088,0.00548332641513042,-0.00491948522666913));
#4643=CARTESIAN_POINT('',(0.136070575727458,0.00555500754112483,-0.00495747132025884));
#4644=CARTESIAN_POINT('',(0.140533077225398,0.00569715903622191,-0.00503431118289029));
#4645=CARTESIAN_POINT('',(0.142765155855529,0.00576852548586746,-0.00507336776033923));
#4646=CARTESIAN_POINT('',(0.147225737310225,0.00590872892004304,-0.0051529269591991));
#4647=CARTESIAN_POINT('',(0.149456540534046,0.00597820903029782,-0.00519368430966957));
#4648=CARTESIAN_POINT('',(0.153915829265568,0.00611293095377253,-0.00527757209417427));
#4649=CARTESIAN_POINT('',(0.156145635777379,0.00617849937922465,-0.00532099478828685));
#4650=CARTESIAN_POINT('',(0.160603972620016,0.00630346803797041,-0.00541196232166319));
#4651=CARTESIAN_POINT('',(0.162833045607498,0.0063629384588614,-0.00545965495391114));
#4652=CARTESIAN_POINT('',(0.167291733978766,0.00647278922076954,-0.00556172244487166));
#4653=CARTESIAN_POINT('',(0.16952097988692,0.00652518529112986,-0.005615657865371));
#4654=CARTESIAN_POINT('',(0.171750328570976,0.00656949737240192,-0.00567597057566362));
#4655=CARTESIAN_POINT('',(0.172069226859717,0.00657583601605568,-0.00568459803723533));
#4656=CARTESIAN_POINT('',(0.172388125148459,0.00658217465970944,-0.00569322549880705));
#4657=CARTESIAN_POINT('',(0.1727070234372,0.00658851330336321,-0.00570185296037877));
#4658=CARTESIAN_POINT('',(0.172842727637509,0.00659121065420657,-0.00570552429639602));
#4659=CARTESIAN_POINT('',(0.172978431837819,0.00659390800504993,-0.00570919563241326));
#4660=CARTESIAN_POINT('',(0.173114136038129,0.00659660535589329,-0.00571286696843051));
#4661=CARTESIAN_POINT('',(0.104759688600261,0.00463445001688754,-0.00443774120848456));
#4662=CARTESIAN_POINT('',(0.106999026641875,0.00469174203532291,-0.0044744557513211));
#4663=CARTESIAN_POINT('',(0.109239882668869,0.00475172600852952,-0.00451117196837827));
#4664=CARTESIAN_POINT('',(0.113719888910914,0.00487602579279449,-0.00458465019841446));
#4665=CARTESIAN_POINT('',(0.115959039125966,0.00494034160385286,-0.00462141221139348));
#4666=CARTESIAN_POINT('',(0.120430891961422,0.00507225299213062,-0.004695024480754));
#4667=CARTESIAN_POINT('',(0.122668524733044,0.00513998298616765,-0.00473195965818835));
#4668=CARTESIAN_POINT('',(0.12713667497818,0.00527762134896607,-0.00480610583257227));
#4669=CARTESIAN_POINT('',(0.129372205360118,0.00534768487092615,-0.00484339878961178));
#4670=CARTESIAN_POINT('',(0.133837234727852,0.00548883897355329,-0.00491854982219251));
#4671=CARTESIAN_POINT('',(0.136070956746625,0.00556006450333142,-0.00495647685796452));
#4672=CARTESIAN_POINT('',(0.140533458244565,0.0057022159984285,-0.00503331672059598));
#4673=CARTESIAN_POINT('',(0.142765668058043,0.00577325356447877,-0.0050722848954958));
#4674=CARTESIAN_POINT('',(0.147226249512739,0.00591345699865435,-0.00515184409435567));
#4675=CARTESIAN_POINT('',(0.149457244035964,0.00598270854030275,-0.00519247526004931));
#4676=CARTESIAN_POINT('',(0.153916532767486,0.00611743046377746,-0.00527636304455401));
#4677=CARTESIAN_POINT('',(0.156146605406705,0.00618295802222513,-0.00531964115096152));
#4678=CARTESIAN_POINT('',(0.160605253665131,0.00630788093837943,-0.0054104569812532));
#4679=CARTESIAN_POINT('',(0.162834683356783,0.00636730074109192,-0.00545799079503689));
#4680=CARTESIAN_POINT('',(0.167293371728051,0.00647715150300005,-0.00556005828599741));
#4681=CARTESIAN_POINT('',(0.169522762846265,0.00652757100935355,-0.00561456119117798));
#4682=CARTESIAN_POINT('',(0.171752111530321,0.00657188309062561,-0.0056748739014706));
#4683=CARTESIAN_POINT('',(0.172071009819063,0.00657822173427937,-0.00568350136304231));
#4684=CARTESIAN_POINT('',(0.172389908107804,0.00658456037793313,-0.00569212882461403));
#4685=CARTESIAN_POINT('',(0.172708806396545,0.0065908990215869,-0.00570075628618575));
#4686=CARTESIAN_POINT('',(0.172844510596855,0.00659359637243026,-0.005704427622203));
#4687=CARTESIAN_POINT('',(0.172980214797165,0.00659629372327362,-0.00570809895822024));
#4688=CARTESIAN_POINT('',(0.173115918997474,0.00659899107411698,-0.00571177029423749));
#4689=CARTESIAN_POINT('',(0.104761051982253,0.00503397233494511,-0.00440027260320325));
#4690=CARTESIAN_POINT('',(0.107000390023867,0.00509126435338047,-0.00443698714603979));
#4691=CARTESIAN_POINT('',(0.109242502008283,0.00512947233000814,-0.0044731545611233));
#4692=CARTESIAN_POINT('',(0.113725020165174,0.00521022012111525,-0.00454553518721217));
#4693=CARTESIAN_POINT('',(0.115965426337649,0.00525275993559468,-0.00458174839821753));
#4694=CARTESIAN_POINT('',(0.120437279173105,0.00538467132387244,-0.00465536066757804));
#4695=CARTESIAN_POINT('',(0.122673816859225,0.00529677392934024,-0.00470894559359993));
#4696=CARTESIAN_POINT('',(0.127141967104361,0.00543441229213865,-0.00478309176798384));
#4697=CARTESIAN_POINT('',(0.129379560563203,0.00549053554257007,-0.00481915901789526));
#4698=CARTESIAN_POINT('',(0.133844589930937,0.00563168964519721,-0.00489431005047598));
#4699=CARTESIAN_POINT('',(0.136080830355163,0.00569110900069076,-0.00493070668089427));
#4700=CARTESIAN_POINT('',(0.140543331853104,0.00583326049578783,-0.00500754654352573));
#4701=CARTESIAN_POINT('',(0.142778941109764,0.00589577547779023,-0.00504422388310961));
#4702=CARTESIAN_POINT('',(0.14723952256446,0.00603597891196581,-0.00512378308196947));
#4703=CARTESIAN_POINT('',(0.14947547435914,0.00609930740002738,-0.0051611443358113));
#4704=CARTESIAN_POINT('',(0.153934763090662,0.00623402932350209,-0.005245032120316));
#4705=CARTESIAN_POINT('',(0.15617173207019,0.00629849786749876,-0.00528456342728916));
#4706=CARTESIAN_POINT('',(0.160638450257524,0.00642223542480276,-0.00537144807248091));
#4707=CARTESIAN_POINT('',(0.162877123466684,0.00648034352426567,-0.00541486631549906));
#4708=CARTESIAN_POINT('',(0.167335811837952,0.0065901942861738,-0.00551693380645958));
#4709=CARTESIAN_POINT('',(0.169568965883127,0.00658939374654097,-0.0055861423277338));
#4710=CARTESIAN_POINT('',(0.171798314567183,0.00663370582781303,-0.00564645503802641));
#4711=CARTESIAN_POINT('',(0.172117212855924,0.00664004447146679,-0.00565508249959813));
#4712=CARTESIAN_POINT('',(0.172436111144665,0.00664638311512056,-0.00566370996116985));
#4713=CARTESIAN_POINT('',(0.172755009433406,0.00665272175877432,-0.00567233742274157));
#4714=CARTESIAN_POINT('',(0.172890713633716,0.00665541910961768,-0.00567600875875882));
#4715=CARTESIAN_POINT('',(0.173026417834026,0.00665811646046104,-0.00567968009477606));
#4716=CARTESIAN_POINT('',(0.173162122034335,0.00666081381130441,-0.00568335143079331));
#4717=CARTESIAN_POINT('',(0.104761838362017,0.00550586691638233,-0.00433945702001237));
#4718=CARTESIAN_POINT('',(0.107003368826096,0.00554764195250567,-0.00437396686410471));
#4719=CARTESIAN_POINT('',(0.109245959999825,0.00556806380594512,-0.00440879644660193));
#4720=CARTESIAN_POINT('',(0.113729665897684,0.00561413722806746,-0.00447925356924274));
#4721=CARTESIAN_POINT('',(0.115971719069584,0.0056325826505661,-0.00451446533641576));
#4722=CARTESIAN_POINT('',(0.120446997303809,0.005751463876155,-0.00458750840112701));
#4723=CARTESIAN_POINT('',(0.122699347194349,0.00543786163828425,-0.00463107198469537));
#4724=CARTESIAN_POINT('',(0.127172643833592,0.00556554467033511,-0.00470492659065799));
#4725=CARTESIAN_POINT('',(0.129417236425622,0.00561248634758838,-0.00474202323820699));
#4726=CARTESIAN_POINT('',(0.133887773750131,0.0057436884996737,-0.00481672955377509));
#4727=CARTESIAN_POINT('',(0.136130855180682,0.00579415872417266,-0.00485442795578663));
#4728=CARTESIAN_POINT('',(0.140599265412878,0.0059263507880812,-0.00493063088585086));
#4729=CARTESIAN_POINT('',(0.142842729239453,0.0059793813876413,-0.00496823236302762));
#4730=CARTESIAN_POINT('',(0.147309651259563,0.00610992185548382,-0.00504682306015376));
#4731=CARTESIAN_POINT('',(0.149552701099286,0.006163150681938,-0.00508609827560154));
#4732=CARTESIAN_POINT('',(0.154018561159515,0.00628845863178048,-0.00516868768273197));
#4733=CARTESIAN_POINT('',(0.156264215147771,0.00634669693560261,-0.00520838664199326));
#4734=CARTESIAN_POINT('',(0.160741306104977,0.00645834292390142,-0.00529769470149818));
#4735=CARTESIAN_POINT('',(0.162986625194663,0.00651030109731247,-0.00534095611979673));
#4736=CARTESIAN_POINT('',(0.167438011059777,0.00661187635412744,-0.00544033043968388));
#4737=CARTESIAN_POINT('',(0.169625800358541,0.00665172672893298,-0.00555215856735011));
#4738=CARTESIAN_POINT('',(0.171851414160083,0.00668960482771755,-0.00561368207274102));
#4739=CARTESIAN_POINT('',(0.172169778190702,0.00669502311915377,-0.00562248273309838));
#4740=CARTESIAN_POINT('',(0.17248814222132,0.00670044141058999,-0.00563128339345575));
#4741=CARTESIAN_POINT('',(0.172806506251938,0.00670585970202621,-0.00564008405381311));
#4742=CARTESIAN_POINT('',(0.172941983103674,0.00670816540554472,-0.00564382909296245));
#4743=CARTESIAN_POINT('',(0.17307745995541,0.00671047110906323,-0.0056475741321118));
#4744=CARTESIAN_POINT('',(0.173212936807145,0.00671277681258174,-0.00565131917126114));
#4745=CARTESIAN_POINT('',(0.104761696377461,0.0061510003290038,-0.00422869256011979));
#4746=CARTESIAN_POINT('',(0.107005638882836,0.00617737133398565,-0.00426130397371408));
#4747=CARTESIAN_POINT('',(0.109249571454469,0.00621997411726236,-0.00428784926612288));
#4748=CARTESIAN_POINT('',(0.113737405274639,0.00630439018710129,-0.00434198664854065));
#4749=CARTESIAN_POINT('',(0.115983016554929,0.00632717348689061,-0.00436839961149512));
#4750=CARTESIAN_POINT('',(0.1204673562098,0.00641481748354214,-0.00444016788319344));
#4751=CARTESIAN_POINT('',(0.122754595199961,0.00571720223519953,-0.00445740933509804));
#4752=CARTESIAN_POINT('',(0.127240742604675,0.00581969666223368,-0.00453051552997131));
#4753=CARTESIAN_POINT('',(0.129497816627627,0.00585225440494033,-0.00456873211523988));
#4754=CARTESIAN_POINT('',(0.133982229366538,0.00595824497410141,-0.00464231063260495));
#4755=CARTESIAN_POINT('',(0.136237337184159,0.00599404650081784,-0.00468170371392746));
#4756=CARTESIAN_POINT('',(0.140720679594096,0.00610105224907774,-0.00475627745711207));
#4757=CARTESIAN_POINT('',(0.142977843455254,0.00613751585109332,-0.00479473082245681));
#4758=CARTESIAN_POINT('',(0.147460769701206,0.00624357673854275,-0.00487086713232639));
#4759=CARTESIAN_POINT('',(0.149715888276732,0.00627767735941753,-0.00491300484630759));
#4760=CARTESIAN_POINT('',(0.154198375096729,0.00637920102495231,-0.00499226645899653));
#4761=CARTESIAN_POINT('',(0.156459873494591,0.00642296975823516,-0.00503200549779297));
#4762=CARTESIAN_POINT('',(0.160957812792157,0.00650559026276617,-0.00512368489062988));
#4763=CARTESIAN_POINT('',(0.163213628987,0.00654350883652023,-0.00516662668621508));
#4764=CARTESIAN_POINT('',(0.167654071242449,0.00662429565830914,-0.0052592135932765));
#4765=CARTESIAN_POINT('',(0.169748380756006,0.00676356690226488,-0.00548263337882885));
#4766=CARTESIAN_POINT('',(0.171968372110491,0.00678674170812718,-0.00554559709797052));
#4767=CARTESIAN_POINT('',(0.17228593187538,0.00679005675973138,-0.00555460377441851));
#4768=CARTESIAN_POINT('',(0.17260349164027,0.00679337181133557,-0.00556361045086651));
#4769=CARTESIAN_POINT('',(0.17292105140516,0.00679668686293977,-0.0055726171273145));
#4770=CARTESIAN_POINT('',(0.173056186009095,0.00679809755231258,-0.00557644983469481));
#4771=CARTESIAN_POINT('',(0.173191320613031,0.00679950824168538,-0.00558028254207511));
#4772=CARTESIAN_POINT('',(0.173326455216967,0.00680091893105819,-0.00558411524945541));
#4773=CARTESIAN_POINT('',(0.104760706264061,0.00653987566676071,-0.00414058963879868));
#4774=CARTESIAN_POINT('',(0.107007280429566,0.00655095559177162,-0.00417160889014112));
#4775=CARTESIAN_POINT('',(0.109252090647059,0.00657961630143065,-0.00420074623620262));
#4776=CARTESIAN_POINT('',(0.113741689502462,0.00663693315025534,-0.00426051361940412));
#4777=CARTESIAN_POINT('',(0.115988021308338,0.0066419416082437,-0.00428961694837626));
#4778=CARTESIAN_POINT('',(0.120477996985088,0.00671137853864672,-0.00436067963171091));
#4779=CARTESIAN_POINT('',(0.122784312870448,0.00585545512317079,-0.00436162029440526));
#4780=CARTESIAN_POINT('',(0.127278164646528,0.0059427162759358,-0.00443426964661047));
#4781=CARTESIAN_POINT('',(0.129540720967215,0.00597007165727396,-0.00447257677196104));
#4782=CARTESIAN_POINT('',(0.134033501163751,0.00606080259405264,-0.0045454722081357));
#4783=CARTESIAN_POINT('',(0.136293794362116,0.00609088455398112,-0.00458525819717592));
#4784=CARTESIAN_POINT('',(0.14078616021554,0.00618266341778091,-0.00465883968604815));
#4785=CARTESIAN_POINT('',(0.143049169541366,0.00621204440469425,-0.00469722080196797));
#4786=CARTESIAN_POINT('',(0.147541759447746,0.00630328867808366,-0.00477187122631474));
#4787=CARTESIAN_POINT('',(0.149801848714032,0.00632836075498644,-0.0048149574772234));
#4788=CARTESIAN_POINT('',(0.15429439096509,0.00641551410984575,-0.00489218967284511));
#4789=CARTESIAN_POINT('',(0.156563048763829,0.00645104351276386,-0.0049318011388886));
#4790=CARTESIAN_POINT('',(0.161071463631885,0.00651673010253226,-0.00502342845074431));
#4791=CARTESIAN_POINT('',(0.163331131051359,0.00654675900268117,-0.00506620744833576));
#4792=CARTESIAN_POINT('',(0.167767932203296,0.00661503289453721,-0.00515470011364481));
#4793=CARTESIAN_POINT('',(0.169814126678056,0.00681307409320476,-0.00544709195069127));
#4794=CARTESIAN_POINT('',(0.172032230467999,0.00682797958863227,-0.00551028508848542));
#4795=CARTESIAN_POINT('',(0.172349520225281,0.00683011175262199,-0.0055193245822384));
#4796=CARTESIAN_POINT('',(0.172666809982565,0.00683224391661171,-0.00552836407599138));
#4797=CARTESIAN_POINT('',(0.172984099739847,0.00683437608060143,-0.00553740356974435));
#4798=CARTESIAN_POINT('',(0.173119119444558,0.00683528340315338,-0.00554125024222352));
#4799=CARTESIAN_POINT('',(0.173254139149269,0.00683619072570534,-0.00554509691470268));
#4800=CARTESIAN_POINT('',(0.173389158853979,0.00683709804825729,-0.00554894358718185));
#4801=CARTESIAN_POINT('',(0.104759213733786,0.00690931493405162,-0.00403135955386255));
#4802=CARTESIAN_POINT('',(0.107005787899291,0.00692039485906252,-0.00406237880520499));
#4803=CARTESIAN_POINT('',(0.109253229453506,0.00692312034225339,-0.00409527389767882));
#4804=CARTESIAN_POINT('',(0.113748090982354,0.00692856673814176,-0.00416255677370499));
#4805=CARTESIAN_POINT('',(0.115993738190286,0.00691540532500144,-0.00419562242466105));
#4806=CARTESIAN_POINT('',(0.120490345736367,0.00696931154472549,-0.0042662759568525));
#4807=CARTESIAN_POINT('',(0.122804813065812,0.0060821370750114,-0.00427335290215796));
#4808=CARTESIAN_POINT('',(0.127306338773668,0.00615356439721167,-0.00434550643162286));
#4809=CARTESIAN_POINT('',(0.129567439203351,0.00617194700668583,-0.00437915842361455));
#4810=CARTESIAN_POINT('',(0.134068797902435,0.00624675489794273,-0.00445133876725584));
#4811=CARTESIAN_POINT('',(0.136327901832237,0.00626881628906425,-0.00448610255663888));
#4812=CARTESIAN_POINT('',(0.140829611813361,0.00634479279304935,-0.00455861808027565));
#4813=CARTESIAN_POINT('',(0.143091692988218,0.006368595205911,-0.00459057378216813));
#4814=CARTESIAN_POINT('',(0.14759425217964,0.00644437853611952,-0.00466367205514763));
#4815=CARTESIAN_POINT('',(0.149855395290255,0.00646377938554829,-0.00469895716424306));
#4816=CARTESIAN_POINT('',(0.154358389848377,0.00653606372927781,-0.00477399624078592));
#4817=CARTESIAN_POINT('',(0.156632815334027,0.00656397733994883,-0.00480710183255465));
#4818=CARTESIAN_POINT('',(0.161153643497301,0.00661335885416956,-0.00488540588087736));
#4819=CARTESIAN_POINT('',(0.163418792225351,0.00663620095678423,-0.00492199360249806));
#4820=CARTESIAN_POINT('',(0.16786657758521,0.00669176257412114,-0.00500628305577011));
#4821=CARTESIAN_POINT('',(0.169910165573253,0.0068673308246295,-0.00539979065226334));
#4822=CARTESIAN_POINT('',(0.172133811317113,0.00687673033621512,-0.00546003966072005));
#4823=CARTESIAN_POINT('',(0.172451893825944,0.00687807489401404,-0.00546865801003104));
#4824=CARTESIAN_POINT('',(0.172769976334774,0.00687941945181296,-0.00547727635934203));
#4825=CARTESIAN_POINT('',(0.173088058843605,0.00688076400961188,-0.00548589470865302));
#4826=CARTESIAN_POINT('',(0.173223415896363,0.00688133617367583,-0.00548956216703248));
#4827=CARTESIAN_POINT('',(0.17335877294912,0.00688190833773978,-0.00549322962541194));
#4828=CARTESIAN_POINT('',(0.173494130001878,0.00688248050180373,-0.00549689708379139));
#4829=CARTESIAN_POINT('',(0.104758512046234,0.00705632117843354,-0.0039815216575243));
#4830=CARTESIAN_POINT('',(0.107006524146673,0.00706044781680522,-0.00401275849065213));
#4831=CARTESIAN_POINT('',(0.10925490923258,0.00705911976264481,-0.00404577486683281));
#4832=CARTESIAN_POINT('',(0.11375136454784,0.00704939229857578,-0.00411539146462067));
#4833=CARTESIAN_POINT('',(0.115996994614956,0.00702880875233904,-0.00414948146933742));
#4834=CARTESIAN_POINT('',(0.120496756083848,0.00707338528166932,-0.00422057277973857));
#4835=CARTESIAN_POINT('',(0.122815308510826,0.00615727178818813,-0.00424028047789588));
#4836=CARTESIAN_POINT('',(0.127321091445652,0.00622013555637965,-0.00431216368885671));
#4837=CARTESIAN_POINT('',(0.129583329607762,0.00623856659146346,-0.00434630955560208));
#4838=CARTESIAN_POINT('',(0.134089389355697,0.00630474845787637,-0.00441810332588855));
#4839=CARTESIAN_POINT('',(0.136350055660709,0.00632653842044756,-0.00445316837318359));
#4840=CARTESIAN_POINT('',(0.140856809150077,0.00639397502175689,-0.00452509908265758));
#4841=CARTESIAN_POINT('',(0.14312052720234,0.00641714756013272,-0.00455739775873398));
#4842=CARTESIAN_POINT('',(0.14762850627083,0.00648455532732577,-0.00462965547153533));
#4843=CARTESIAN_POINT('',(0.149891236507711,0.00650332608053572,-0.00466528324037501));
#4844=CARTESIAN_POINT('',(0.154399882386493,0.00656758601027939,-0.00473911619161569));
#4845=CARTESIAN_POINT('',(0.156675971069702,0.00659334217368558,-0.00477219362598618));
#4846=CARTESIAN_POINT('',(0.161200936157013,0.00663815112593283,-0.0048500892443344));
#4847=CARTESIAN_POINT('',(0.163467842697921,0.00665912812902381,-0.00488666932246397));
#4848=CARTESIAN_POINT('',(0.167922612504126,0.00670794041379293,-0.00496868144390565));
#4849=CARTESIAN_POINT('',(0.169968315726259,0.00687672227873176,-0.00538857976491117));
#4850=CARTESIAN_POINT('',(0.172195496541959,0.00688416666251011,-0.00544663342763285));
#4851=CARTESIAN_POINT('',(0.172514084726896,0.00688523154808168,-0.00545493774262381));
#4852=CARTESIAN_POINT('',(0.172832672911833,0.00688629643365325,-0.00546324205761478));
#4853=CARTESIAN_POINT('',(0.173151261096769,0.00688736131922482,-0.00547154637260575));
#4854=CARTESIAN_POINT('',(0.173286833335289,0.006887814471374,-0.00547508019660154));
#4855=CARTESIAN_POINT('',(0.17342240557381,0.00688826762352318,-0.00547861402059732));
#4856=CARTESIAN_POINT('',(0.17355797781233,0.00688872077567235,-0.00548214784459311));
#4857=CARTESIAN_POINT('',(0.104757606822358,0.00724647041916808,-0.00390886358339855));
#4858=CARTESIAN_POINT('',(0.107006829927491,0.00724376591591759,-0.00394046732719069));
#4859=CARTESIAN_POINT('',(0.109257171626667,0.00725111264362062,-0.00396939331704422));
#4860=CARTESIAN_POINT('',(0.113757214904174,0.00724954887294116,-0.00403141786356015));
#4861=CARTESIAN_POINT('',(0.11600368689876,0.00723135545729237,-0.00406132451663885));
#4862=CARTESIAN_POINT('',(0.120509894377221,0.00725694904936261,-0.00413328285947726));
#4863=CARTESIAN_POINT('',(0.122837991804376,0.00630447355557078,-0.0041682682335725));
#4864=CARTESIAN_POINT('',(0.127352449066721,0.00634988034427472,-0.00423960047788475));
#4865=CARTESIAN_POINT('',(0.129616995048749,0.00636815246859432,-0.0042749823540503));
#4866=CARTESIAN_POINT('',(0.134132635613189,0.00641675055520419,-0.004345988079866));
#4867=CARTESIAN_POINT('',(0.136396313506831,0.00643777157114942,-0.0043820362785269));
#4868=CARTESIAN_POINT('',(0.140913348682014,0.00648779915127771,-0.00445277515206624));
#4869=CARTESIAN_POINT('',(0.143180026837405,0.0065094359606959,-0.00448642029815788));
#4870=CARTESIAN_POINT('',(0.147699053353472,0.0065597704988751,-0.00455696455411613));
#4871=CARTESIAN_POINT('',(0.149964517419021,0.00657731828073415,-0.00459387039617315));
#4872=CARTESIAN_POINT('',(0.15448468369552,0.00662521961144089,-0.00466524540682865));
#4873=CARTESIAN_POINT('',(0.156763669177322,0.00664679753155816,-0.00469873686949529));
#4874=CARTESIAN_POINT('',(0.161296349774867,0.00668275474383251,-0.00477651658813482));
#4875=CARTESIAN_POINT('',(0.163566212642097,0.0067001691518964,-0.0048135319832753));
#4876=CARTESIAN_POINT('',(0.16803518017866,0.00673521793247745,-0.00489090187413878));
#4877=CARTESIAN_POINT('',(0.170086464054472,0.00689169112863255,-0.00535212338176739));
#4878=CARTESIAN_POINT('',(0.172320830471228,0.00689511054879966,-0.00540572501699116));
#4879=CARTESIAN_POINT('',(0.172640446524033,0.00689559968145422,-0.00541339248949954));
#4880=CARTESIAN_POINT('',(0.172960062576838,0.00689608881410878,-0.00542105996200792));
#4881=CARTESIAN_POINT('',(0.173279678629643,0.00689657794676334,-0.00542872743451629));
#4882=CARTESIAN_POINT('',(0.173415688267774,0.00689678609261447,-0.00543199025611767));
#4883=CARTESIAN_POINT('',(0.173551697905904,0.00689699423846559,-0.00543525307771905));
#4884=CARTESIAN_POINT('',(0.173687707544034,0.00689720238431672,-0.00543851589932043));
#4885=CARTESIAN_POINT('',(0.104757080573376,0.00736401230816588,-0.00385735496743596));
#4886=CARTESIAN_POINT('',(0.107007287752964,0.00735459880831027,-0.00388947495077128));
#4887=CARTESIAN_POINT('',(0.109258195377545,0.00736838802587404,-0.0039157961725047));
#4888=CARTESIAN_POINT('',(0.113761017587956,0.00734706405664234,-0.00398543614955044));
#4889=CARTESIAN_POINT('',(0.116010510719621,0.00734037350565575,-0.00401800156885992));
#4890=CARTESIAN_POINT('',(0.120513234361388,0.00731656430936443,-0.00409300306673387));
#4891=CARTESIAN_POINT('',(0.122850179652912,0.00637654060977671,-0.00412932841351119));
#4892=CARTESIAN_POINT('',(0.127369054015805,0.0064130539730018,-0.00420038000967894));
#4893=CARTESIAN_POINT('',(0.129634770085325,0.00643111876094753,-0.00423650402051098));
#4894=CARTESIAN_POINT('',(0.134155290417419,0.00647075909259837,-0.00430710827521075));
#4895=CARTESIAN_POINT('',(0.136420417524482,0.00649128259046797,-0.00434383836732549));
#4896=CARTESIAN_POINT('',(0.140942690877237,0.006532441052091,-0.00441397021909297));
#4897=CARTESIAN_POINT('',(0.14321069225835,0.00655317200703737,-0.00444861886101593));
#4898=CARTESIAN_POINT('',(0.147735346344924,0.00659480887921817,-0.00451829022030922));
#4899=CARTESIAN_POINT('',(0.150001957112877,0.00661176378594514,-0.00455613147583934));
#4900=CARTESIAN_POINT('',(0.154527992466432,0.00665133093160082,-0.00462625467121184));
#4901=CARTESIAN_POINT('',(0.156808211549266,0.00667088805569398,-0.00466018831957286));
#4902=CARTESIAN_POINT('',(0.161344470733011,0.00670256608996893,-0.00473826056847819));
#4903=CARTESIAN_POINT('',(0.163615532113704,0.00671828300252939,-0.00477571892412072));
#4904=CARTESIAN_POINT('',(0.168091712934279,0.00674631761149018,-0.00485072391623639));
#4905=CARTESIAN_POINT('',(0.170146462229678,0.00689726852443108,-0.00532687788597579));
#4906=CARTESIAN_POINT('',(0.172384479175649,0.00689861810879421,-0.00537822283943668));
#4907=CARTESIAN_POINT('',(0.172704617420218,0.00689881116075911,-0.00538556750378249));
#4908=CARTESIAN_POINT('',(0.173024755664786,0.00689900421272402,-0.0053929121681283));
#4909=CARTESIAN_POINT('',(0.173344893909353,0.00689919726468892,-0.00540025683247411));
#4910=CARTESIAN_POINT('',(0.173481125761331,0.00689927941615677,-0.00540338228606474));
#4911=CARTESIAN_POINT('',(0.173617357613309,0.00689936156762462,-0.00540650773965537));
#4912=CARTESIAN_POINT('',(0.173753589465286,0.00689944371909247,-0.005409633193246));
#4913=CARTESIAN_POINT('',(0.104756723098332,0.00749934009560528,-0.00379075571289375));
#4914=CARTESIAN_POINT('',(0.10700693027792,0.00748992659574967,-0.00382287569622908));
#4915=CARTESIAN_POINT('',(0.10926126476015,0.00745280331730986,-0.00387096320056431));
#4916=CARTESIAN_POINT('',(0.11376408697056,0.00743147934807816,-0.00394060317761005));
#4917=CARTESIAN_POINT('',(0.116017526663117,0.00741981803476881,-0.00397168495316593));
#4918=CARTESIAN_POINT('',(0.120520250304883,0.00739600883847749,-0.00404668645103987));
#4919=CARTESIAN_POINT('',(0.122870616063908,0.00651539127512062,-0.00404701390214942));
#4920=CARTESIAN_POINT('',(0.127395245875634,0.00654002926542216,-0.00411769363126193));
#4921=CARTESIAN_POINT('',(0.12966012077141,0.00655108915752444,-0.00415170725950588));
#4922=CARTESIAN_POINT('',(0.134187074980415,0.00657878720503395,-0.00422177519480562));
#4923=CARTESIAN_POINT('',(0.136450956594615,0.00659305929893096,-0.00425667969598294));
#4924=CARTESIAN_POINT('',(0.140980238043144,0.00662236599069299,-0.00432601207382384));
#4925=CARTESIAN_POINT('',(0.143246366050209,0.00663827397632758,-0.00435901919298489));
#4926=CARTESIAN_POINT('',(0.147778497100565,0.00666831514112272,-0.00442752643875273));
#4927=CARTESIAN_POINT('',(0.150044048735958,0.00668163811388062,-0.0044625379479894));
#4928=CARTESIAN_POINT('',(0.154577923319812,0.00671005350118896,-0.00453101630405277));
#4929=CARTESIAN_POINT('',(0.156860269141145,0.00672508003541353,-0.00456249407526773));
#4930=CARTESIAN_POINT('',(0.161402570503683,0.00674706155521972,-0.00463448798944557));
#4931=CARTESIAN_POINT('',(0.16367504889252,0.00675865768550511,-0.00466962124374697));
#4932=CARTESIAN_POINT('',(0.168159467869037,0.00677715808857655,-0.00474147382683488));
#4933=CARTESIAN_POINT('',(0.170217880248618,0.00691818344549933,-0.00523920525326616));
#4934=CARTESIAN_POINT('',(0.172460053660025,0.00691540354198104,-0.00528834210972396));
#4935=CARTESIAN_POINT('',(0.172780786468254,0.00691500588930284,-0.00529537091573828));
#4936=CARTESIAN_POINT('',(0.173101519276483,0.00691460823662465,-0.00530239972175261));
#4937=CARTESIAN_POINT('',(0.173422252084712,0.00691421058394645,-0.00530942852776693));
#4938=CARTESIAN_POINT('',(0.173558736947725,0.0069140413665483,-0.00531241957078278));
#4939=CARTESIAN_POINT('',(0.173695221810737,0.00691387214915015,-0.00531541061379863));
#4940=CARTESIAN_POINT('',(0.17383170667375,0.006913702931752,-0.00531840165681448));
#4941=CARTESIAN_POINT('',(0.104756786866183,0.00758677291500411,-0.00374135398307217));
#4942=CARTESIAN_POINT('',(0.107007749390536,0.0075738090523425,-0.00377416589968868));
#4943=CARTESIAN_POINT('',(0.109268969542542,0.00748161327193313,-0.00383232973404146));
#4944=CARTESIAN_POINT('',(0.113774287479023,0.00745764674593494,-0.00390186606804541));
#4945=CARTESIAN_POINT('',(0.11603115141019,0.00744343022042623,-0.00393360318339037));
#4946=CARTESIAN_POINT('',(0.120536590167489,0.00741712269733875,-0.00400828450004276));
#4947=CARTESIAN_POINT('',(0.1228791263489,0.0065959746574099,-0.00402020554169172));
#4948=CARTESIAN_POINT('',(0.12740817318178,0.00661171825569618,-0.00409060458270049));
#4949=CARTESIAN_POINT('',(0.129674095863382,0.00662344571079269,-0.00412421367511587));
#4950=CARTESIAN_POINT('',(0.134205809146354,0.00664218578430081,-0.00419387829877691));
#4951=CARTESIAN_POINT('',(0.136471339183052,0.00665659238792944,-0.00422807004275293));
#4952=CARTESIAN_POINT('',(0.141005859289965,0.00667703066198941,-0.00429679546143854));
#4953=CARTESIAN_POINT('',(0.14327378162395,0.00669245537046562,-0.00432913812194931));
#4954=CARTESIAN_POINT('',(0.147811476680115,0.00671379895548532,-0.00439677156587858));
#4955=CARTESIAN_POINT('',(0.150078876856281,0.00672642203397446,-0.00443122704746624));
#4956=CARTESIAN_POINT('',(0.154618620973768,0.00674650363136115,-0.00449845366018957));
#4957=CARTESIAN_POINT('',(0.156902747680601,0.0067590210685644,-0.00452970569532812));
#4958=CARTESIAN_POINT('',(0.161449889867151,0.00677583871151971,-0.00460049288480013));
#4959=CARTESIAN_POINT('',(0.16372407623405,0.00678526431782877,-0.0046353498907818));
#4960=CARTESIAN_POINT('',(0.168215826404289,0.0067967367338945,-0.00470483419131353));
#4961=CARTESIAN_POINT('',(0.170278749383998,0.0069305237491425,-0.00523052292490118));
#4962=CARTESIAN_POINT('',(0.172524632457658,0.00692567360333844,-0.0052773981860905));
#4963=CARTESIAN_POINT('',(0.172845895916365,0.0069249798118252,-0.00528410348108741));
#4964=CARTESIAN_POINT('',(0.173167159375072,0.00692428602031196,-0.00529080877608432));
#4965=CARTESIAN_POINT('',(0.173488422833779,0.00692359222879872,-0.00529751407108123));
#4966=CARTESIAN_POINT('',(0.173625133510166,0.00692329699227406,-0.00530036744699299));
#4967=CARTESIAN_POINT('',(0.173761844186553,0.00692300175574941,-0.00530322082290476));
#4968=CARTESIAN_POINT('',(0.173898554862941,0.00692270651922475,-0.00530607419881652));
#4969=CARTESIAN_POINT('',(0.104757450564268,0.00767226348317959,-0.00368726461233384));
#4970=CARTESIAN_POINT('',(0.107009538253349,0.00765749143427896,-0.00372010342775965));
#4971=CARTESIAN_POINT('',(0.109285072276383,0.00753661834656318,-0.00375045379299156));
#4972=CARTESIAN_POINT('',(0.113796540461236,0.00750595962629693,-0.00381972497983703));
#4973=CARTESIAN_POINT('',(0.116059251911182,0.00748723621510493,-0.0038526230122113));
#4974=CARTESIAN_POINT('',(0.120571569280525,0.00745460008757088,-0.00392649328076761));
#4975=CARTESIAN_POINT('',(0.122898132118604,0.00675169323614411,-0.00396032477695157));
#4976=CARTESIAN_POINT('',(0.127435853120213,0.00674997792186997,-0.00403017277139326));
#4977=CARTESIAN_POINT('',(0.129704021706608,0.00676242195835975,-0.00406387214297479));
#4978=CARTESIAN_POINT('',(0.134245074418711,0.00676357781398012,-0.00413274504111951));
#4979=CARTESIAN_POINT('',(0.136513875359555,0.00677784725790964,-0.00416652617475936));
#4980=CARTESIAN_POINT('',(0.141058678113908,0.00678087791239497,-0.00423405988274345));
#4981=CARTESIAN_POINT('',(0.14333006319416,0.00679518907571389,-0.00426608148006638));
#4982=CARTESIAN_POINT('',(0.147878678568507,0.00679945960416565,-0.00433199965680533));
#4983=CARTESIAN_POINT('',(0.150149545965771,0.00681075245149103,-0.00436624218710356));
#4984=CARTESIAN_POINT('',(0.154700811394129,0.00681447624009962,-0.00443101100312762));
#4985=CARTESIAN_POINT('',(0.156988299364758,0.00682224487616959,-0.00446216971869765));
#4986=CARTESIAN_POINT('',(0.161544697940906,0.00682944438129252,-0.0045311743948871));
#4987=CARTESIAN_POINT('',(0.163822095093294,0.00683480503008475,-0.00456575594968673));
#4988=CARTESIAN_POINT('',(0.168328278813312,0.00683248631119153,-0.00463059125202353));
#4989=CARTESIAN_POINT('',(0.170397709539346,0.00695225591336971,-0.00521063462268961));
#4990=CARTESIAN_POINT('',(0.172650896480139,0.00694337999099084,-0.00525304802936984));
#4991=CARTESIAN_POINT('',(0.172973204724144,0.00694211033026981,-0.00525911507617447));
#4992=CARTESIAN_POINT('',(0.173295512968149,0.00694084066954878,-0.00526518212297909));
#4993=CARTESIAN_POINT('',(0.173617821212153,0.00693957100882775,-0.00527124916978372));
#4994=CARTESIAN_POINT('',(0.173754976487206,0.00693903071651859,-0.00527383094511439));
#4995=CARTESIAN_POINT('',(0.173892131762258,0.00693849042420943,-0.00527641272044506));
#4996=CARTESIAN_POINT('',(0.17402928703731,0.00693795013190027,-0.00527899449577573));
#4997=CARTESIAN_POINT('',(0.104758677317018,0.00773030185375972,-0.00364492668214721));
#4998=CARTESIAN_POINT('',(0.107012559142405,0.00771156596242431,-0.00367888141191081));
#4999=CARTESIAN_POINT('',(0.109293470227833,0.00756281346656997,-0.0037072113184645));
#5000=CARTESIAN_POINT('',(0.113808592934987,0.00752810510880214,-0.00377632100119329));
#5001=CARTESIAN_POINT('',(0.116073727665101,0.0075074300241262,-0.00380972461080781));
#5002=CARTESIAN_POINT('',(0.120590208530957,0.00747096361894174,-0.00388310401248957));
#5003=CARTESIAN_POINT('',(0.122908627603315,0.00682682843258904,-0.00392725237266912));
#5004=CARTESIAN_POINT('',(0.1274506057525,0.00681654859776974,-0.00399683000864747));
#5005=CARTESIAN_POINT('',(0.129719972457862,0.00682904165265857,-0.00403102419522371));
#5006=CARTESIAN_POINT('',(0.134265605525129,0.00682157126439258,-0.00409950867949084));
#5007=CARTESIAN_POINT('',(0.136536028947619,0.00683556903889135,-0.0041335919599958));
#5008=CARTESIAN_POINT('',(0.14108587569103,0.00683006049150411,-0.00420054091643367));
#5009=CARTESIAN_POINT('',(0.14335892919063,0.00684374138682412,-0.00423290590921902));
#5010=CARTESIAN_POINT('',(0.147912900877349,0.00683963643848338,-0.00429798262060623));
#5011=CARTESIAN_POINT('',(0.150185386954938,0.00685029894891376,-0.00433256822726404));
#5012=CARTESIAN_POINT('',(0.154742304160533,0.00684599871866589,-0.00439613098992887));
#5013=CARTESIAN_POINT('',(0.157031372509461,0.00685152765062391,-0.00442742212200679));
#5014=CARTESIAN_POINT('',(0.161592186651193,0.00685427289476533,-0.00449585100961951));
#5015=CARTESIAN_POINT('',(0.163871086611007,0.00685773911001705,-0.00453043336155683));
#5016=CARTESIAN_POINT('',(0.168384372687083,0.0068486572431706,-0.00459298794825487));
#5017=CARTESIAN_POINT('',(0.170455800559313,0.00696164777395375,-0.00519942864884303));
#5018=CARTESIAN_POINT('',(0.172712581704986,0.00695081631728582,-0.00523964179628263));
#5019=CARTESIAN_POINT('',(0.173035404083811,0.00694926692619206,-0.00524539410591239));
#5020=CARTESIAN_POINT('',(0.173358226462637,0.00694771753509829,-0.00525114641554215));
#5021=CARTESIAN_POINT('',(0.173681048841462,0.00694616814400453,-0.00525689872517191));
#5022=CARTESIAN_POINT('',(0.173818422901804,0.00694550881503736,-0.00525934656702557));
#5023=CARTESIAN_POINT('',(0.173955796962147,0.0069448494860702,-0.00526179440887923));
#5024=CARTESIAN_POINT('',(0.174093171022489,0.00694419015710303,-0.00526424225073289));
#5025=CARTESIAN_POINT('',(0.104760733322013,0.00777592008203815,-0.00360766581340928));
#5026=CARTESIAN_POINT('',(0.107016415410964,0.00775429109272031,-0.00364166358126778));
#5027=CARTESIAN_POINT('',(0.109299312286669,0.0076367694195399,-0.00364394231450729));
#5028=CARTESIAN_POINT('',(0.113819070178749,0.00759643273883173,-0.00371282055293648));
#5029=CARTESIAN_POINT('',(0.11608414763598,0.00757320104669467,-0.00374414146860206));
#5030=CARTESIAN_POINT('',(0.120606422025753,0.00753140683809322,-0.00381683812767181));
#5031=CARTESIAN_POINT('',(0.122937004813187,0.00694388635455555,-0.00381988168600832));
#5032=CARTESIAN_POINT('',(0.12748409891689,0.00692305063269309,-0.00388912877349314));
#5033=CARTESIAN_POINT('',(0.129753225781078,0.00692606461335772,-0.00392480998077435));
#5034=CARTESIAN_POINT('',(0.134304577850043,0.00690797886141055,-0.00399281773668589));
#5035=CARTESIAN_POINT('',(0.136573652016264,0.00691410051528731,-0.00402913504251901));
#5036=CARTESIAN_POINT('',(0.141129728178141,0.00689805706135695,-0.00409537335546658));
#5037=CARTESIAN_POINT('',(0.143400404673409,0.0069063270240031,-0.00413012824194089));
#5038=CARTESIAN_POINT('',(0.147961022550155,0.00689191478020844,-0.00419417018574992));
#5039=CARTESIAN_POINT('',(0.150231530053396,0.00689922358616478,-0.00422952246214863));
#5040=CARTESIAN_POINT('',(0.1547954154637,0.0068850106818304,-0.00429162314542756));
#5041=CARTESIAN_POINT('',(0.157085808522325,0.00688708659555727,-0.00432189101069666));
#5042=CARTESIAN_POINT('',(0.161650963809146,0.00688297378870737,-0.00438676530809823));
#5043=CARTESIAN_POINT('',(0.163930460094557,0.0068834235834273,-0.00442013074052411));
#5044=CARTESIAN_POINT('',(0.168451068975914,0.00686586686690143,-0.00447988318586415));
#5045=CARTESIAN_POINT('',(0.170516106116598,0.0069707689227855,-0.00510166143420698));
#5046=CARTESIAN_POINT('',(0.172776581898214,0.00695626681022298,-0.00513991182875497));
#5047=CARTESIAN_POINT('',(0.173099932778071,0.00695419234833535,-0.0051453833754234));
#5048=CARTESIAN_POINT('',(0.173423283657929,0.00695211788644772,-0.00515085492209183));
#5049=CARTESIAN_POINT('',(0.173746634537786,0.00695004342456008,-0.00515632646876027));
#5050=CARTESIAN_POINT('',(0.173884233496827,0.00694916065660092,-0.00515865483454746));
#5051=CARTESIAN_POINT('',(0.174021832455867,0.00694827788864175,-0.00516098320033465));
#5052=CARTESIAN_POINT('',(0.174159431414907,0.00694739512068258,-0.00516331156612183));
#5053=CARTESIAN_POINT('',(0.104762794680578,0.00780291594084273,-0.00358274126343754));
#5054=CARTESIAN_POINT('',(0.107019763133066,0.00777731131108948,-0.00361830129809611));
#5055=CARTESIAN_POINT('',(0.109305061341915,0.00767072879522315,-0.00360885394447703));
#5056=CARTESIAN_POINT('',(0.113829053116712,0.00762563765333593,-0.00367754167827199));
#5057=CARTESIAN_POINT('',(0.116095622170298,0.00760198761447914,-0.00370914205129603));
#5058=CARTESIAN_POINT('',(0.120622784844814,0.00755569807837218,-0.00378126264724334));
#5059=CARTESIAN_POINT('',(0.122944035419433,0.00703140426828953,-0.0037986269962352));
#5060=CARTESIAN_POINT('',(0.127495066822659,0.0070026628156061,-0.00386762434478055));
#5061=CARTESIAN_POINT('',(0.129765987525575,0.00700476696352599,-0.00390144326675311));
#5062=CARTESIAN_POINT('',(0.134321561913141,0.00697872005436495,-0.0039690924815534));
#5063=CARTESIAN_POINT('',(0.136593200796082,0.00698317810543072,-0.00400339482627755));
#5064=CARTESIAN_POINT('',(0.141153932098811,0.00695925456104375,-0.00406909286399039));
#5065=CARTESIAN_POINT('',(0.143427357569291,0.00696518190979282,-0.00410213143459992));
#5066=CARTESIAN_POINT('',(0.147992916879657,0.00694303945769499,-0.004165396709869));
#5067=CARTESIAN_POINT('',(0.150266268316324,0.00694780563436115,-0.00419936760081584));
#5068=CARTESIAN_POINT('',(0.154835370449379,0.00692618863237348,-0.00426035368000416));
#5069=CARTESIAN_POINT('',(0.1571278823989,0.00692499669166112,-0.00429023428188942));
#5070=CARTESIAN_POINT('',(0.161698372010603,0.00691461549907072,-0.00435348418649021));
#5071=CARTESIAN_POINT('',(0.16397999600006,0.00691213325138873,-0.00438621789116768));
#5072=CARTESIAN_POINT('',(0.168507364131428,0.00688832733035114,-0.00444386060859576));
#5073=CARTESIAN_POINT('',(0.17057878270449,0.00698412472406745,-0.00509374859314409));
#5074=CARTESIAN_POINT('',(0.172842679277866,0.00696789610468828,-0.00512991541636947));
#5075=CARTESIAN_POINT('',(0.173166519486578,0.00696557467377635,-0.00513508891754417));
#5076=CARTESIAN_POINT('',(0.173490359695291,0.00696325324286441,-0.00514026241871886));
#5077=CARTESIAN_POINT('',(0.173814199904002,0.00696093181195248,-0.00514543591989356));
#5078=CARTESIAN_POINT('',(0.173952007092385,0.00695994394862238,-0.00514763745519338));
#5079=CARTESIAN_POINT('',(0.174089814280768,0.00695895608529228,-0.00514983899049319));
#5080=CARTESIAN_POINT('',(0.17422762146915,0.00695796822196218,-0.00515204052579301));
#5081=CARTESIAN_POINT('',(0.104768516159905,0.00783316749955358,-0.00355044865655619));
#5082=CARTESIAN_POINT('',(0.107027509908903,0.00780430813457009,-0.00358605710907152));
#5083=CARTESIAN_POINT('',(0.109317646101228,0.00773455407773593,-0.00353517553872013));
#5084=CARTESIAN_POINT('',(0.113850105641461,0.00767995401349064,-0.00360348226324665));
#5085=CARTESIAN_POINT('',(0.116119634867084,0.0076553848682757,-0.00363618880516489));
#5086=CARTESIAN_POINT('',(0.120656574111086,0.00760010467715771,-0.00370715727486732));
#5087=CARTESIAN_POINT('',(0.122960055981854,0.00719851642651051,-0.00375053297696159));
#5088=CARTESIAN_POINT('',(0.127518482363392,0.00715495312659541,-0.0038190618365493));
#5089=CARTESIAN_POINT('',(0.129793260817933,0.00715482986339621,-0.00385053823643648));
#5090=CARTESIAN_POINT('',(0.13435674368629,0.00711385583015252,-0.00391751506229757));
#5091=CARTESIAN_POINT('',(0.136633715927093,0.00711480079720567,-0.0039489783034322));
#5092=CARTESIAN_POINT('',(0.141203173503547,0.00707610471939391,-0.00401366241350279));
#5093=CARTESIAN_POINT('',(0.143482348865165,0.00707725134951004,-0.00404415648484384));
#5094=CARTESIAN_POINT('',(0.148057167962458,0.00704061478975469,-0.00410596543249347));
#5095=CARTESIAN_POINT('',(0.150336487739614,0.00704024209991938,-0.00413776473436395));
#5096=CARTESIAN_POINT('',(0.154915370048976,0.00700474621582074,-0.0041966586753135));
#5097=CARTESIAN_POINT('',(0.157212184781146,0.00699716971905327,-0.00422591735788741));
#5098=CARTESIAN_POINT('',(0.16179312370105,0.00697487563923722,-0.00428629267966518));
#5099=CARTESIAN_POINT('',(0.164079188475448,0.0069666629018481,-0.0043177730611478));
#5100=CARTESIAN_POINT('',(0.16861938859384,0.00693115308894453,-0.0043714590235043));
#5101=CARTESIAN_POINT('',(0.170702963670378,0.00700913296953335,-0.00507679139168676));
#5102=CARTESIAN_POINT('',(0.172973355455152,0.00698979546051099,-0.00510897508035051));
#5103=CARTESIAN_POINT('',(0.173298124774602,0.00698702931693737,-0.00511357881206536));
#5104=CARTESIAN_POINT('',(0.173622894094052,0.00698426317336376,-0.00511818254378021));
#5105=CARTESIAN_POINT('',(0.173947663413502,0.00698149702979014,-0.00512278627549506));
#5106=CARTESIAN_POINT('',(0.174085865976316,0.00698031992312368,-0.00512474535070136));
#5107=CARTESIAN_POINT('',(0.17422406853913,0.00697914281645723,-0.00512670442590766));
#5108=CARTESIAN_POINT('',(0.174362271101944,0.00697796570979077,-0.00512866350111396));
#5109=CARTESIAN_POINT('',(0.104773644285895,0.00784628711893895,-0.00353289157435064));
#5110=CARTESIAN_POINT('',(0.1070345668228,0.00781429224248979,-0.00356961407711141));
#5111=CARTESIAN_POINT('',(0.109324481805296,0.00776441998456547,-0.0034965855029935));
#5112=CARTESIAN_POINT('',(0.113861175228247,0.00770506545914114,-0.00356470172288579));
#5113=CARTESIAN_POINT('',(0.116132173029552,0.0076799955542878,-0.00359823497633977));
#5114=CARTESIAN_POINT('',(0.120674000558297,0.0076202200356643,-0.00366862738291976));
#5115=CARTESIAN_POINT('',(0.122969045938029,0.00727811067099749,-0.00372369364746112));
#5116=CARTESIAN_POINT('',(0.127530929998355,0.00722763125467172,-0.00379200375703063));
#5117=CARTESIAN_POINT('',(0.129807772365792,0.00722619041309814,-0.00382299992014107));
#5118=CARTESIAN_POINT('',(0.134374941396341,0.00717825041298569,-0.00388966289817424));
#5119=CARTESIAN_POINT('',(0.136654682278286,0.00717734589883721,-0.0039203019968283));
#5120=CARTESIAN_POINT('',(0.141228210987612,0.00713175737805727,-0.00398451245449138));
#5121=CARTESIAN_POINT('',(0.143510387265158,0.00713046590343754,-0.00401417834242872));
#5122=CARTESIAN_POINT('',(0.148089524715755,0.00708706544432783,-0.00407530763099885));
#5123=CARTESIAN_POINT('',(0.150371968899974,0.00708409651728124,-0.00410631672924485));
#5124=CARTESIAN_POINT('',(0.154955414662895,0.00704212584872491,-0.00416423313604623));
#5125=CARTESIAN_POINT('',(0.157254413286815,0.00703143265034158,-0.00419325716269264));
#5126=CARTESIAN_POINT('',(0.161840467190039,0.00700349406904037,-0.00425238229444816));
#5127=CARTESIAN_POINT('',(0.164128845045331,0.00699248288434604,-0.00428324108048435));
#5128=CARTESIAN_POINT('',(0.168675117900738,0.00695151838408821,-0.00433508001568121));
#5129=CARTESIAN_POINT('',(0.170764468048371,0.00702078541371729,-0.00506774703129232));
#5130=CARTESIAN_POINT('',(0.173037934252786,0.00700006552186839,-0.00509803115671705));
#5131=CARTESIAN_POINT('',(0.173363143354118,0.0069971016346574,-0.00510236316446578));
#5132=CARTESIAN_POINT('',(0.173688352455451,0.00699413774744641,-0.00510669517221452));
#5133=CARTESIAN_POINT('',(0.174013561556784,0.00699117386023542,-0.00511102717996326));
#5134=CARTESIAN_POINT('',(0.174151951264687,0.00698991260560353,-0.00511287062556342));
#5135=CARTESIAN_POINT('',(0.174290340972591,0.00698865135097164,-0.00511471407116358));
#5136=CARTESIAN_POINT('',(0.174428730680494,0.00698739009633975,-0.00511655751676374));
#5137=CARTESIAN_POINT('',(0.104781058618697,0.00788504507414979,-0.00347883665872813));
#5138=CARTESIAN_POINT('',(0.107044681550948,0.00784871055072699,-0.00351562371863125));
#5139=CARTESIAN_POINT('',(0.109339764786488,0.00785079310089813,-0.00338067200287947));
#5140=CARTESIAN_POINT('',(0.113883410986827,0.00778299609106328,-0.00344844105632236));
#5141=CARTESIAN_POINT('',(0.116154184754771,0.00775359679750628,-0.00348213379391666));
#5142=CARTESIAN_POINT('',(0.120704702569392,0.0076858295737573,-0.00355150208657863));
#5143=CARTESIAN_POINT('',(0.123023367852417,0.00740615553846531,-0.00352912977910581));
#5144=CARTESIAN_POINT('',(0.127590048120103,0.00734577997803658,-0.00359712999946264));
#5145=CARTESIAN_POINT('',(0.129868151170788,0.00732767405134887,-0.00363864898482203));
#5146=CARTESIAN_POINT('',(0.134440681765429,0.0072697821477853,-0.00370486503002184));
#5147=CARTESIAN_POINT('',(0.136719622309505,0.00725594818235996,-0.00374600007843851));
#5148=CARTESIAN_POINT('',(0.141298991098643,0.00720048318669584,-0.00380954430782943));
#5149=CARTESIAN_POINT('',(0.14357911351399,0.0071905023680327,-0.00384812383106663));
#5150=CARTESIAN_POINT('',(0.148164481767739,0.00713743881943493,-0.00390828302503222));
#5151=CARTESIAN_POINT('',(0.150445640932253,0.00712911768815066,-0.00394398921885397));
#5152=CARTESIAN_POINT('',(0.155035619387089,0.00707785388763822,-0.00400053492623107));
#5153=CARTESIAN_POINT('',(0.157336995080673,0.00706288807884839,-0.00402893969740217));
#5154=CARTESIAN_POINT('',(0.161928244652168,0.00702840572659224,-0.00408497816051229));
#5155=CARTESIAN_POINT('',(0.164218629256936,0.00701367148168054,-0.00411407236109331));
#5156=CARTESIAN_POINT('',(0.168771767242295,0.00696476180984826,-0.00416328428876704));
#5157=CARTESIAN_POINT('',(0.170847893124903,0.00702424699437685,-0.00491430709334893));
#5158=CARTESIAN_POINT('',(0.173124823050516,0.00700008586262677,-0.00494275113793776));
#5159=CARTESIAN_POINT('',(0.173450527621565,0.00699662972154653,-0.00494681993041025));
#5160=CARTESIAN_POINT('',(0.173776232192616,0.00699317358046629,-0.00495088872288275));
#5161=CARTESIAN_POINT('',(0.174101936763665,0.00698971743938604,-0.00495495751535524));
#5162=CARTESIAN_POINT('',(0.174240537314098,0.00698824671069915,-0.00495668895214308));
#5163=CARTESIAN_POINT('',(0.174379137864531,0.00698677598201226,-0.00495842038893093));
#5164=CARTESIAN_POINT('',(0.174517738414964,0.00698530525332537,-0.00496015182571877));
#5165=CARTESIAN_POINT('',(0.104803958819504,0.00800078392441942,-0.00329181030389718));
#5166=CARTESIAN_POINT('',(0.107072393667673,0.0079620778074917,-0.00332436604794338));
#5167=CARTESIAN_POINT('',(0.109352474036817,0.0079439107264506,-0.00332630770392953));
#5168=CARTESIAN_POINT('',(0.113902227494595,0.00786559998744789,-0.0033936043074419));
#5169=CARTESIAN_POINT('',(0.11618427333856,0.00783231626564246,-0.00342557658345502));
#5170=CARTESIAN_POINT('',(0.120745656409986,0.00775456305975415,-0.00349366531238237));
#5171=CARTESIAN_POINT('',(0.123014267155603,0.00770090978669045,-0.00358865916465418));
#5172=CARTESIAN_POINT('',(0.127586015479721,0.00762479143686489,-0.00365611173204407));
#5173=CARTESIAN_POINT('',(0.129877834610174,0.00759855476653297,-0.00367775409942854));
#5174=CARTESIAN_POINT('',(0.134458673762306,0.00752474775461615,-0.00374325138280885));
#5175=CARTESIAN_POINT('',(0.136754848024008,0.00749776677169816,-0.0037651282355603));
#5176=CARTESIAN_POINT('',(0.141343495245891,0.00742658640929703,-0.00382757756751313));
#5177=CARTESIAN_POINT('',(0.143642585406777,0.00739907613551552,-0.0038501518844115));
#5178=CARTESIAN_POINT('',(0.148237752209536,0.00733055683674916,-0.00390875703981328));
#5179=CARTESIAN_POINT('',(0.15053797393239,0.00730273363642182,-0.0039331851311114));
#5180=CARTESIAN_POINT('',(0.155138368809279,0.00723672390964453,-0.00398746580805162));
#5181=CARTESIAN_POINT('',(0.157439669713988,0.00720740395310825,-0.0040139667247256));
#5182=CARTESIAN_POINT('',(0.162040862223481,0.00714667937850076,-0.00406497764496474));
#5183=CARTESIAN_POINT('',(0.164342112899562,0.00711823584939005,-0.00409077805800854));
#5184=CARTESIAN_POINT('',(0.168949088077783,0.00705647090528996,-0.00413610218646948));
#5185=CARTESIAN_POINT('',(0.171130527209838,0.00703018643274934,-0.00437033077673767));
#5186=CARTESIAN_POINT('',(0.173434692271762,0.0070001677321559,-0.00439089774097482));
#5187=CARTESIAN_POINT('',(0.173764292706399,0.00699587369223386,-0.0043938397525797));
#5188=CARTESIAN_POINT('',(0.174093893141038,0.00699157965231182,-0.00439678176418459));
#5189=CARTESIAN_POINT('',(0.174423493575676,0.00698728561238978,-0.00439972377578947));
#5190=CARTESIAN_POINT('',(0.174563751974618,0.00698545832364509,-0.00440097572146068));
#5191=CARTESIAN_POINT('',(0.174704010373561,0.0069836310349004,-0.00440222766713188));
#5192=CARTESIAN_POINT('',(0.174844268772503,0.0069818037461557,-0.00440347961280308));
#5193=CARTESIAN_POINT('',(0.104818396806146,0.00806038186272859,-0.00317421077086958));
#5194=CARTESIAN_POINT('',(0.107086831654315,0.00802167574580087,-0.00320676651491579));
#5195=CARTESIAN_POINT('',(0.109368175144185,0.00798237854585696,-0.00324017373845522));
#5196=CARTESIAN_POINT('',(0.113917928601963,0.00790406780685425,-0.0033074703419676));
#5197=CARTESIAN_POINT('',(0.116204426833126,0.00786474540470279,-0.00334162378031497));
#5198=CARTESIAN_POINT('',(0.120765809904552,0.00778699219881447,-0.00340971250924231));
#5199=CARTESIAN_POINT('',(0.123056830848231,0.0077482871264577,-0.00344388536861786));
#5200=CARTESIAN_POINT('',(0.127628579172349,0.00767216877663214,-0.00351133793600775));
#5201=CARTESIAN_POINT('',(0.129923488507234,0.00763451869177083,-0.00354482442742431));
#5202=CARTESIAN_POINT('',(0.134504327659366,0.00756071167985401,-0.00361032171080462));
#5203=CARTESIAN_POINT('',(0.13680248849411,0.00752435604538889,-0.00364250611172226));
#5204=CARTESIAN_POINT('',(0.141391135715993,0.00745317568298776,-0.00370495544367509));
#5205=CARTESIAN_POINT('',(0.143691908690253,0.00741818936966954,-0.00373536028390477));
#5206=CARTESIAN_POINT('',(0.148287075493013,0.00734967007090318,-0.00379396543930654));
#5207=CARTESIAN_POINT('',(0.15058981921844,0.00731601064876199,-0.00382227308056002));
#5208=CARTESIAN_POINT('',(0.155190214095329,0.00725000092198471,-0.00387655375750024));
#5209=CARTESIAN_POINT('',(0.157494285808229,0.00721755691431373,-0.00390260393719536));
#5210=CARTESIAN_POINT('',(0.162098616516699,0.00715380784600841,-0.00395237465743213));
#5211=CARTESIAN_POINT('',(0.164403372782539,0.00712243938063672,-0.00397614540745003));
#5212=CARTESIAN_POINT('',(0.169010347960761,0.00706067443653663,-0.00402146953591098));
#5213=CARTESIAN_POINT('',(0.171315145297788,0.00703024265402654,-0.00404304983380034));
#5214=CARTESIAN_POINT('',(0.173619310359712,0.00700022395343309,-0.0040636167980375));
#5215=CARTESIAN_POINT('',(0.17394891079435,0.00699592991351105,-0.00406655880964238));
#5216=CARTESIAN_POINT('',(0.174278511228988,0.00699163587358901,-0.00406950082124727));
#5217=CARTESIAN_POINT('',(0.174608111663626,0.00698734183366697,-0.00407244283285216));
#5218=CARTESIAN_POINT('',(0.174748370062568,0.00698551454492228,-0.00407369477852336));
#5219=CARTESIAN_POINT('',(0.174888628461511,0.00698368725617759,-0.00407494672419456));
#5220=CARTESIAN_POINT('',(0.175028886860453,0.0069818599674329,-0.00407619866986576));
#5221=CARTESIAN_POINT('',(0.104759688600261,0.00463445001688754,-0.00443774120848456));
#5222=CARTESIAN_POINT('',(0.116116484386774,0.00492500630695027,-0.00462393889621255));
#5223=CARTESIAN_POINT('',(0.138802201802496,0.00564718389043589,-0.00499688696393988));
#5224=CARTESIAN_POINT('',(0.161402324965113,0.00636616355168284,-0.00539487118894626));
#5225=CARTESIAN_POINT('',(0.172708459756401,0.00659089213152688,-0.00570074690819713));
#5226=CARTESIAN_POINT('',(0.104750020046747,0.0019413326037872,-0.0045600639916511));
#5227=CARTESIAN_POINT('',(0.116195699563487,0.0024530863794742,-0.00477887163870118));
#5228=CARTESIAN_POINT('',(0.138992275679148,0.00375133742474757,-0.0052036223940115));
#5229=CARTESIAN_POINT('',(0.161696131043517,0.0053210070331745,-0.00561579336645225));
#5230=CARTESIAN_POINT('',(0.173049173961754,0.00610439735504929,-0.00582204138003379));
#5231=CARTESIAN_POINT('',(0.104749944428346,0.00238811474339569,-0.00455775772700781));
#5232=CARTESIAN_POINT('',(0.116196360395461,0.0028669797082309,-0.00477633520944476));
#5233=CARTESIAN_POINT('',(0.138995955714226,0.00407773635618064,-0.00520189163729927));
#5234=CARTESIAN_POINT('',(0.161705804158395,0.00551739118384459,-0.00561583367912292));
#5235=CARTESIAN_POINT('',(0.173062445602931,0.00622290550562144,-0.00582199585054997));
#5236=CARTESIAN_POINT('',(0.104753769115877,0.00330892014007213,-0.00453595387160982));
#5237=CARTESIAN_POINT('',(0.116205047884107,0.00371857932110012,-0.00474609414897682));
#5238=CARTESIAN_POINT('',(0.13902020280909,0.00474626705096685,-0.00515612859297831));
#5239=CARTESIAN_POINT('',(0.161754456244153,0.00590546272064399,-0.00556962490917424));
#5240=CARTESIAN_POINT('',(0.173125893193818,0.00641843942225412,-0.00579245865835501));
#5241=CARTESIAN_POINT('',(0.10475827744836,0.0042077808224726,-0.00447775915705867));
#5242=CARTESIAN_POINT('',(0.116217371927855,0.00454026589448382,-0.00467264220461135));
#5243=CARTESIAN_POINT('',(0.139058466295573,0.00536876134355213,-0.00505804414925578));
#5244=CARTESIAN_POINT('',(0.161829803148793,0.00624000943421812,-0.00546382645964074));
#5245=CARTESIAN_POINT('',(0.173220854727203,0.00654666387162336,-0.00574268922845938));
#5246=CARTESIAN_POINT('',(0.104759688600261,0.00463445001688754,-0.00443774120848455));
#5247=CARTESIAN_POINT('',(0.116222922493818,0.00492717206089487,-0.00462531723918372));
#5248=CARTESIAN_POINT('',(0.139078492655631,0.00565483982914133,-0.00500048693887185));
#5249=CARTESIAN_POINT('',(0.161870401798536,0.00638457782373125,-0.00540575276757618));
#5250=CARTESIAN_POINT('',(0.173271313972039,0.0066011176353359,-0.00571692842772592));
#5251=CARTESIAN_POINT('',(-0.0482679491924311,2.50077736296816E-14,0.000999999999999989));
#5252=CARTESIAN_POINT('',(-0.0526635595511129,-0.00501483540169451,0.00861342047151281));
#5253=CARTESIAN_POINT('',(-0.0519364706611488,-0.00799892999584829,0.00735406557247617));
#5254=CARTESIAN_POINT('',(-0.0507647535515393,-0.0102292181427376,0.00532459200653485));
#5255=CARTESIAN_POINT('',(-0.0493457984295819,-0.0118650303768603,0.00286688964164438));
#5256=CARTESIAN_POINT('',(-0.0477459464267994,-0.0125492249108179,9.58646882350129E-5));
#5257=CARTESIAN_POINT('',(-0.0461403113539451,-0.0124144519100775,-0.00268517683636459));
#5258=CARTESIAN_POINT('',(-0.0449523612360221,-0.0118607969670449,-0.00474276679746338));
#5259=CARTESIAN_POINT('',(-0.0438432087114111,-0.0108294235415402,-0.00666387532343376));
#5260=CARTESIAN_POINT('',(-0.042568132482353,-0.00884241911409615,-0.00887237213568523));
#5261=CARTESIAN_POINT('',(-0.0416745576741609,-0.00606863705106024,-0.0104200891038382));
#5262=CARTESIAN_POINT('',(-0.0412065733913144,-0.00294622963936281,-0.0112306616588713));
#5263=CARTESIAN_POINT('',(-0.0410153706889439,0.000230537915412325,-0.0115618344539218));
#5264=CARTESIAN_POINT('',(-0.0412631588240798,0.00431862913371659,-0.0111326528143536));
#5265=CARTESIAN_POINT('',(-0.0422202273716337,0.00795946440470333,-0.00947496146366378));
#5266=CARTESIAN_POINT('',(-0.0433796954162813,0.0102010402179227,-0.00746670390058239));
#5267=CARTESIAN_POINT('',(-0.0444437969188364,0.0114590013017652,-0.00562362603374532));
#5268=CARTESIAN_POINT('',(-0.0455793347770005,0.0122128476448772,-0.00365681676948887));
#5269=CARTESIAN_POINT('',(-0.0467900700411121,0.0125277547145144,-0.00155976177753086));
#5270=CARTESIAN_POINT('',(-0.0479961502825835,0.0124054896391684,0.00052923047870165));
#5271=CARTESIAN_POINT('',(-0.049587001103599,0.0116762594942849,0.0032846649279645));
#5272=CARTESIAN_POINT('',(-0.0513696416877341,0.00959959636209837,0.00637228899131957));
#5273=CARTESIAN_POINT('',(-0.0524582164930555,0.00605431059146649,0.00825775586197593));
#5274=CARTESIAN_POINT('',(-0.0528911280462369,0.00297643387146037,0.00900758066726956));
#5275=CARTESIAN_POINT('',(-0.0530319772924688,0.000552861291846369,0.00925153871795114));
#5276=CARTESIAN_POINT('',(-0.0529796467127425,-0.00188310389780803,0.00916089949507563));
#5277=CARTESIAN_POINT('',(-0.0526635595511129,-0.00501483540169451,0.00861342047151281));
#5278=CARTESIAN_POINT('',(-0.0519364706611488,-0.00799892999584829,0.00735406557247617));
#5279=CARTESIAN_POINT('',(-0.0507647535515393,-0.0102292181427376,0.00532459200653485));
#5280=CARTESIAN_POINT('',(-0.0516064890321093,-0.00849368482863186,0.00678252062541549));
#5281=CARTESIAN_POINT('',(-0.0497531065033697,0.00766050647240749,0.0121721143148138));
#5282=CARTESIAN_POINT('',(-0.0543997549339208,0.00859154141000116,0.0116205990864027));
#5283=CARTESIAN_POINT('',(-0.0522698956286957,0.0064427896562806,0.00793157455677949));
#5284=CARTESIAN_POINT('',(-0.0495766530365927,0.00855830597162268,0.0117777451698659));
#5285=CARTESIAN_POINT('',(-0.0541086363702187,0.0095532290186702,0.0111163669430441));
#5286=CARTESIAN_POINT('',(-0.0520869810805234,0.00716758608101683,0.00761475726590164));
#5287=CARTESIAN_POINT('',(-0.0491470715148664,0.0103107842535631,0.010809888077515));
#5288=CARTESIAN_POINT('',(-0.053410587996729,0.0113780850947246,0.00990731169401937));
#5289=CARTESIAN_POINT('',(-0.0516481352884173,0.00854207697484051,0.0068546540572862));
#5290=CARTESIAN_POINT('',(-0.0482242798438578,0.0125219008101385,0.00879924109436403));
#5291=CARTESIAN_POINT('',(-0.0520349433737076,0.0135499936169951,0.00752462531378715));
#5292=CARTESIAN_POINT('',(-0.0507699404787537,0.0102191135074499,0.00533357602800528));
#5293=CARTESIAN_POINT('',(-0.0470799466393812,0.0141204402854699,0.00642477288948928));
#5294=CARTESIAN_POINT('',(-0.050525610764342,0.0149862033262694,0.00491038454884543));
#5295=CARTESIAN_POINT('',(-0.0497225651044587,0.0114438732588018,0.00351946866512988));
#5296=CARTESIAN_POINT('',(-0.0458038214133503,0.0151003506256533,0.00384301022061127));
#5297=CARTESIAN_POINT('',(-0.0489666746535025,0.0157507335470925,0.00221022799911761));
#5298=CARTESIAN_POINT('',(-0.0485600392875538,0.0122048151873097,0.00150591488514009));
#5299=CARTESIAN_POINT('',(-0.0445094692716444,0.0155145244165372,0.00122361664245307));
#5300=CARTESIAN_POINT('',(-0.0474470512960682,0.0159267836969446,-0.000421836864327245));
#5301=CARTESIAN_POINT('',(-0.0473565087406592,0.0125227368368485,-0.000578661170542863));
#5302=CARTESIAN_POINT('',(-0.0432312813225192,0.0154064772590353,-0.00147952501831975));
#5303=CARTESIAN_POINT('',(-0.0459412348293898,0.015532680941047,-0.00302998749148789));
#5304=CARTESIAN_POINT('',(-0.0461374121074706,0.0124148698506624,-0.0026901984785615));
#5305=CARTESIAN_POINT('',(-0.0420360141634665,0.0147308844249024,-0.00414060006694374));
#5306=CARTESIAN_POINT('',(-0.0445258628498286,0.01457973072627,-0.00548148367169703));
#5307=CARTESIAN_POINT('',(-0.0449687050143697,0.0118697212312126,-0.00471445854297798));
#5308=CARTESIAN_POINT('',(-0.0409211713434689,0.0134123434671744,-0.00672035476560673));
#5309=CARTESIAN_POINT('',(-0.0432109645185644,0.0130590406296069,-0.00775895438823395));
#5310=CARTESIAN_POINT('',(-0.043859556325389,0.0108506393500008,-0.00663556042544091));
#5311=CARTESIAN_POINT('',(-0.0399268102331928,0.0114389833927816,-0.00897580981959724));
#5312=CARTESIAN_POINT('',(-0.0420779199167172,0.0110261519344919,-0.0097214452058759));
#5313=CARTESIAN_POINT('',(-0.042890696421541,0.00935246813027699,-0.00831367500432284));
#5314=CARTESIAN_POINT('',(-0.0390885252058311,0.00905730802057285,-0.0106734952333383));
#5315=CARTESIAN_POINT('',(-0.0411952987550121,0.00870163330014412,-0.0112501899017839));
#5316=CARTESIAN_POINT('',(-0.0421251515437217,0.00747620527882731,-0.0096396376281791));
#5317=CARTESIAN_POINT('',(-0.0384385891019342,0.00640336095899096,-0.0118827141294046));
#5318=CARTESIAN_POINT('',(-0.0405467074890018,0.00614934225896548,-0.0123735829278594));
#5319=CARTESIAN_POINT('',(-0.0415613414246054,0.0053233069529829,-0.0106161854003103));
#5320=CARTESIAN_POINT('',(-0.038010766586791,0.00357820659678649,-0.0126242827843796));
#5321=CARTESIAN_POINT('',(-0.040135917195496,0.00343897310676293,-0.0130850925874675));
#5322=CARTESIAN_POINT('',(-0.0412075185320111,0.00299313145125085,-0.0112290246271646));
#5323=CARTESIAN_POINT('',(-0.0378261828547664,0.00067625799577533,-0.0129226688323314));
#5324=CARTESIAN_POINT('',(-0.0399648034046098,0.000651387274100319,-0.0133814703671579));
#5325=CARTESIAN_POINT('',(-0.04106217602382,0.000572403917310093,-0.011480765235851));
#5326=CARTESIAN_POINT('',(-0.0378915840114006,-0.00219456885624238,-0.0128135068174071));
#5327=CARTESIAN_POINT('',(-0.0400264883404237,-0.0021101138987912,-0.0132746289242666));
#5328=CARTESIAN_POINT('',(-0.0411153387697201,-0.00183801224883128,-0.0113886846588821));
#5329=CARTESIAN_POINT('',(-0.0382000720075011,-0.00504553190707416,-0.0122931234337521));
#5330=CARTESIAN_POINT('',(-0.0403187932291066,-0.00484728812026746,-0.0127683420057673));
#5331=CARTESIAN_POINT('',(-0.0413664271761256,-0.00420570726539835,-0.0109537867817964));
#5332=CARTESIAN_POINT('',(-0.0387512370646519,-0.00781613139439817,-0.0113036387014657));
#5333=CARTESIAN_POINT('',(-0.0408578617438157,-0.00750676315869447,-0.0118346479495302));
#5334=CARTESIAN_POINT('',(-0.0418332239775528,-0.00647476097465684,-0.0101452710049137));
#5335=CARTESIAN_POINT('',(-0.0395019884398466,-0.0103293450127351,-0.00985604033615583));
#5336=CARTESIAN_POINT('',(-0.0416243228036185,-0.00993662830982222,-0.0105070984519289));
#5337=CARTESIAN_POINT('',(-0.0424999861011563,-0.00849030989339282,-0.00899040513027002));
#5338=CARTESIAN_POINT('',(-0.0404339530054848,-0.0125469528731021,-0.00784861122045965));
#5339=CARTESIAN_POINT('',(-0.0426458077603257,-0.0121455519832713,-0.00873783460774481));
#5340=CARTESIAN_POINT('',(-0.043378545930919,-0.0101958687175454,-0.00746869486763202));
#5341=CARTESIAN_POINT('',(-0.041479249142927,-0.0141739410786687,-0.00542056541787234));
#5342=CARTESIAN_POINT('',(-0.0438678786862916,-0.0139099828986216,-0.00662114567351895));
#5343=CARTESIAN_POINT('',(-0.0444162085559082,-0.0114348659468228,-0.00567141048003542));
#5344=CARTESIAN_POINT('',(-0.0426619622479465,-0.0151663172452009,-0.00272612730108304));
#5345=CARTESIAN_POINT('',(-0.0452695030409005,-0.0151602522211267,-0.00419346107821069));
#5346=CARTESIAN_POINT('',(-0.0455847203456964,-0.0122160043733825,-0.0036474886908793));
#5347=CARTESIAN_POINT('',(-0.0438951905428904,-0.0155278798095473,-5.0566924890392E-5));
#5348=CARTESIAN_POINT('',(-0.046728129368718,-0.015811854419939,-0.00166704616917285));
#5349=CARTESIAN_POINT('',(-0.0467754862429973,-0.0125223062379173,-0.00158502165683363));
#5350=CARTESIAN_POINT('',(-0.04519082277425,-0.0153473993818378,0.00262439442971742));
#5351=CARTESIAN_POINT('',(-0.048251908697624,-0.0158993787089777,0.000972217048015674));
#5352=CARTESIAN_POINT('',(-0.0479962792800046,-0.0123974641805556,0.000529453908789558));
#5353=CARTESIAN_POINT('',(-0.0464636903026556,-0.0146658767900207,0.00517626691612046));
#5354=CARTESIAN_POINT('',(-0.0497621516787417,-0.0154324156757848,0.00358803462308608));
#5355=CARTESIAN_POINT('',(-0.0491657052738121,-0.0118637441788011,0.00255495914575625));
#5356=CARTESIAN_POINT('',(-0.0477010564818724,-0.0133634734998007,0.00769904250956163));
#5357=CARTESIAN_POINT('',(-0.0513231062573562,-0.0143228921860392,0.00629168726155298));
#5358=CARTESIAN_POINT('',(-0.0502894104394245,-0.0108581086556123,0.00450127358532378));
#5359=CARTESIAN_POINT('',(-0.0487414608197454,-0.0114414286617842,0.00990790974390323));
#5360=CARTESIAN_POINT('',(-0.052777919077782,-0.0125106565707246,0.00881149698203339));
#5361=CARTESIAN_POINT('',(-0.0512544688307172,-0.00939800827596337,0.00617280375131379));
#5362=CARTESIAN_POINT('',(-0.0495225644501613,-0.00895627489508103,0.011653144477334));
#5363=CARTESIAN_POINT('',(-0.05402218720913,-0.00996340898793444,0.010966632603767));
#5364=CARTESIAN_POINT('',(-0.0520252640626763,-0.00749650421573703,0.00750786025529902));
#5365=CARTESIAN_POINT('',(-0.0500345304598209,-0.00626207980848111,0.012796190283969));
#5366=CARTESIAN_POINT('',(-0.0548719531786642,-0.00704341358536227,0.0124384704375431));
#5367=CARTESIAN_POINT('',(-0.0525620753716577,-0.00531211302140844,0.00843764471653208));
#5368=CARTESIAN_POINT('',(-0.0504461936797409,-0.0025777449405992,0.0137022436750513));
#5369=CARTESIAN_POINT('',(-0.0555639961125658,-0.00289987104497489,0.0136371239600798));
#5370=CARTESIAN_POINT('',(-0.0530024074578824,-0.00221685261911184,0.00920032226207605));
#5371=CARTESIAN_POINT('',(-0.0504978547425638,0.00121601877749391,0.013816332346338));
#5372=CARTESIAN_POINT('',(-0.0556509147248326,0.00136557205237856,0.0137876714126491));
#5373=CARTESIAN_POINT('',(-0.0530597626588048,0.00104699006159302,0.00929966438415197));
#5374=CARTESIAN_POINT('',(-0.050205792315528,0.00492398725827201,0.0131761029472024));
#5375=CARTESIAN_POINT('',(-0.0551600762652071,0.00555987249894653,0.012937514262269));
#5376=CARTESIAN_POINT('',(-0.0527456225774509,0.00419329842642313,0.00875555780255329));
#5377=CARTESIAN_POINT('',(-0.0499295599701466,0.0067627069731923,0.0125664834597617));
#5378=CARTESIAN_POINT('',(-0.0546985654721584,0.00760444395970989,0.0121381541204672));
#5379=CARTESIAN_POINT('',(-0.052452810176868,0.00571799323154437,0.00824839184765734));
#5380=CARTESIAN_POINT('',(-0.0497531065033697,0.00766050647240749,0.0121721143148138));
#5381=CARTESIAN_POINT('',(-0.0543997549339208,0.00859154141000116,0.0116205990864027));
#5382=CARTESIAN_POINT('',(-0.0522698956286957,0.0064427896562806,0.00793157455677949));
#5383=CARTESIAN_POINT('',(0.03735,-0.025,0.004445));
#5384=CARTESIAN_POINT('',(0.03735,-0.025,0.005895));
#5385=CARTESIAN_POINT('',(0.03735,-0.025,0.002995));
#5386=CARTESIAN_POINT('',(0.0335,-0.025,0.005895));
#5387=CARTESIAN_POINT('',(0.02965,-0.025,0.005895));
#5388=CARTESIAN_POINT('',(0.02965,-0.025,0.004445));
#5389=CARTESIAN_POINT('',(0.02965,-0.025,0.002995));
#5390=CARTESIAN_POINT('',(0.0335,-0.025,0.002995));
#5391=CARTESIAN_POINT('',(0.014926525947064,-0.025,0.010855000014901));
#5392=CARTESIAN_POINT('',(0.013676525947064,-0.025,0.010855000014901));
#5393=CARTESIAN_POINT('',(0.014926525947064,-0.025,0.012105000014901));
#5394=CARTESIAN_POINT('',(0.013676525947064,-0.025,0.010500000014901));
#5395=CARTESIAN_POINT('',(0.013676525947064,-0.025,0.010145000014901));
#5396=CARTESIAN_POINT('',(0.014926525947064,-0.025,0.010145000014901));
#5397=CARTESIAN_POINT('',(0.014926525947064,-0.025,0.00889500001490099));
#5398=CARTESIAN_POINT('',(0.018146525947064,-0.025,0.00889500001490099));
#5399=CARTESIAN_POINT('',(0.021366525947064,-0.025,0.00889500001490099));
#5400=CARTESIAN_POINT('',(0.021366525947064,-0.025,0.010145000014901));
#5401=CARTESIAN_POINT('',(0.022616525947064,-0.025,0.010145000014901));
#5402=CARTESIAN_POINT('',(0.022616525947064,-0.025,0.010500000014901));
#5403=CARTESIAN_POINT('',(0.022616525947064,-0.025,0.010855000014901));
#5404=CARTESIAN_POINT('',(0.021366525947064,-0.025,0.010855000014901));
#5405=CARTESIAN_POINT('',(0.021366525947064,-0.025,0.012105000014901));
#5406=CARTESIAN_POINT('',(0.018146525947064,-0.025,0.012105000014901));
#5407=MECHANICAL_DESIGN_GEOMETRIC_PRESENTATION_REPRESENTATION('',(#492),
#5408);
#5408=(
GEOMETRIC_REPRESENTATION_CONTEXT(3)
GLOBAL_UNCERTAINTY_ASSIGNED_CONTEXT((#5409))
GLOBAL_UNIT_ASSIGNED_CONTEXT((#5412,#5411,#5410))
REPRESENTATION_CONTEXT('iWand_Enclosure','TOP_LEVEL_ASSEMBLY_PART')
);
#5409=UNCERTAINTY_MEASURE_WITH_UNIT(LENGTH_MEASURE(2.E-5),#5412,
'DISTANCE_ACCURACY_VALUE','Maximum Tolerance applied to model');
#5410=(
NAMED_UNIT(*)
SI_UNIT($,.STERADIAN.)
SOLID_ANGLE_UNIT()
);
#5411=(
NAMED_UNIT(*)
PLANE_ANGLE_UNIT()
SI_UNIT($,.RADIAN.)
);
#5412=(
LENGTH_UNIT()
NAMED_UNIT(*)
SI_UNIT($,.METRE.)
);
#5413=PRODUCT_DEFINITION_SHAPE('','',#5414);
#5414=PRODUCT_DEFINITION('','',#5416,#5415);
#5415=PRODUCT_DEFINITION_CONTEXT('',#5422,'design');
#5416=PRODUCT_DEFINITION_FORMATION_WITH_SPECIFIED_SOURCE('','',#5418,
 .NOT_KNOWN.);
#5417=PRODUCT_RELATED_PRODUCT_CATEGORY('','',(#5418));
#5418=PRODUCT('iWand_Enclosure','iWand_Enclosure','iWand_Enclosure',(#5420));
#5419=PRODUCT_CATEGORY('','');
#5420=PRODUCT_CONTEXT('',#5422,'mechanical');
#5421=APPLICATION_PROTOCOL_DEFINITION('international standard',
'ap242_managed_model_based_3d_engineering',2020,#5422);
#5422=APPLICATION_CONTEXT('managed model based 3d engineering');
ENDSEC;
END-ISO-10303-21;
